camera,vaga,estado,confianca,cobertura,instante
PUCPR,1,livre,0.0,0.0,2026-09-24T02:21:07.355-03:00
PUCPR,10,livre,0.0,0.0,2026-09-24T02:21:07.355-03:00
PUCPR,100,livre,0.0,0.0,2026-09-24T02:21:07.355-03:00
PUCPR,11,livre,0.0,0.0,2026-09-24T02:21:07.355-03:00
PUCPR,12,livre,0.0,0.0,2026-09-24T02:21:07.355-03:00
PUCPR,13,livre,0.0,0.0,2026-09-24T02:21:07.355-03:00
PUCPR,14,livre,0.0,0.0,2026-09-24T02:21:07.355-03:00
PUCPR,15,livre,0.0,0.0,2026-09-24T02:21:07.355-03:00
PUCPR,16,livre,0.0,0.0,2026-09-24T02:21:07.355-03:00
PUCPR,17,livre,0.0,0.0,2026-09-24T02:21:07.355-03:00
PUCPR,18,livre,0.0,0.0,2026-09-24T02:21:07.355-03:00
PUCPR,19,livre,0.0,0.0,2026-09-24T02:21:07.355-03:00
PUCPR,2,livre,0.0,0.0,2026-09-24T02:21:07.355-03:00
PUCPR,20,livre,0.0,0.0,2026-09-24T02:21:07.355-03:00
PUCPR,21,livre,0.0,0.0,2026-09-24T02:21:07.355-03:00
PUCPR,22,livre,0.0,0.0,2026-09-24T02:21:07.355-03:00
PUCPR,23,livre,0.0,0.0,2026-09-24T02:21:07.355-03:00
PUCPR,24,livre,0.0,0.0,2026-09-24T02:21:07.355-03:00
PUCPR,25,livre,0.0,0.0,2026-09-24T02:21:07.355-03:00
PUCPR,26,livre,0.0,0.0,2026-09-24T02:21:07.355-03:00
PUCPR,27,livre,0.0,0.0,2026-09-24T02:21:07.355-03:00
PUCPR,28,livre,0.0,0.0,2026-09-24T02:21:07.355-03:00
PUCPR,29,livre,0.0,0.0,2026-09-24T02:21:07.355-03:00
PUCPR,3,livre,0.0,0.0,2026-09-24T02:21:07.355-03:00
PUCPR,30,livre,0.0,0.0,2026-09-24T02:21:07.355-03:00
PUCPR,31,livre,0.0,0.0,2026-09-24T02:21:07.355-03:00
PUCPR,32,livre,0.0,0.0,2026-09-24T02:21:07.355-03:00
PUCPR,33,livre,0.0,0.0,2026-09-24T02:21:07.355-03:00
PUCPR,34,livre,0.0,0.0,2026-09-24T02:21:07.355-03:00
PUCPR,35,livre,0.0,0.0,2026-09-24T02:21:07.355-03:00
PUCPR,36,livre,0.0,0.0,2026-09-24T02:21:07.355-03:00
PUCPR,37,livre,0.0,0.0,2026-09-24T02:21:07.355-03:00
PUCPR,38,livre,0.0,0.0,2026-09-24T02:21:07.355-03:00
PUCPR,39,livre,0.0,0.0,2026-09-24T02:21:07.355-03:00
PUCPR,4,livre,0.0,0.0,2026-09-24T02:21:07.355-03:00
PUCPR,40,livre,0.0,0.0,2026-09-24T02:21:07.355-03:00
PUCPR,41,livre,0.0,0.0,2026-09-24T02:21:07.355-03:00
PUCPR,42,livre,0.0,0.0,2026-09-24T02:21:07.355-03:00
PUCPR,43,livre,0.0,0.0,2026-09-24T02:21:07.355-03:00
PUCPR,44,livre,0.0,0.0,2026-09-24T02:21:07.355-03:00
PUCPR,45,livre,0.0,0.0,2026-09-24T02:21:07.355-03:00
PUCPR,46,livre,0.0,0.0,2026-09-24T02:21:07.355-03:00
PUCPR,47,livre,0.0,0.0,2026-09-24T02:21:07.355-03:00
PUCPR,48,livre,0.0,0.0,2026-09-24T02:21:07.355-03:00
PUCPR,49,livre,0.0,0.0,2026-09-24T02:21:07.355-03:00
PUCPR,5,livre,0.0,0.0,2026-09-24T02:21:07.355-03:00
PUCPR,50,livre,0.0,0.0,2026-09-24T02:21:07.355-03:00
PUCPR,51,livre,0.0,0.0,2026-09-24T02:21:07.355-03:00
PUCPR,52,livre,0.0,0.0,2026-09-24T02:21:07.355-03:00
PUCPR,53,livre,0.0,0.0,2026-09-24T02:21:07.355-03:00
PUCPR,54,livre,0.0,0.0,2026-09-24T02:21:07.355-03:00
PUCPR,55,livre,0.0,0.0,2026-09-24T02:21:07.355-03:00
PUCPR,56,livre,0.0,0.0,2026-09-24T02:21:07.355-03:00
PUCPR,57,livre,0.0,0.0,2026-09-24T02:21:07.355-03:00
PUCPR,58,livre,0.0,0.0,2026-09-24T02:21:07.355-03:00
PUCPR,59,livre,0.0,0.0,2026-09-24T02:21:07.355-03:00
PUCPR,6,livre,0.0,0.0,2026-09-24T02:21:07.355-03:00
PUCPR,60,livre,0.0,0.0,2026-09-24T02:21:07.355-03:00
PUCPR,61,livre,0.0,0.0,2026-09-24T02:21:07.355-03:00
PUCPR,62,livre,0.0,0.0,2026-09-24T02:21:07.355-03:00
PUCPR,63,livre,0.0,0.0,2026-09-24T02:21:07.355-03:00
PUCPR,64,livre,0.0,0.0,2026-09-24T02:21:07.355-03:00
PUCPR,65,livre,0.0,0.0,2026-09-24T02:21:07.355-03:00
PUCPR,66,livre,0.0,0.0,2026-09-24T02:21:07.355-03:00
PUCPR,67,livre,0.0,0.0,2026-09-24T02:21:07.355-03:00
PUCPR,68,livre,0.0,0.0,2026-09-24T02:21:07.355-03:00
PUCPR,69,livre,0.0,0.0,2026-09-24T02:21:07.355-03:00
PUCPR,7,livre,0.0,0.0,2026-09-24T02:21:07.355-03:00
PUCPR,70,livre,0.0,0.0,2026-09-24T02:21:07.355-03:00
PUCPR,71,livre,0.0,0.0,2026-09-24T02:21:07.355-03:00
PUCPR,72,livre,0.0,0.0,2026-09-24T02:21:07.355-03:00
PUCPR,73,livre,0.0,0.0,2026-09-24T02:21:07.355-03:00
PUCPR,74,livre,0.0,0.0,2026-09-24T02:21:07.355-03:00
PUCPR,75,livre,0.0,0.0,2026-09-24T02:21:07.355-03:00
PUCPR,76,livre,0.0,0.0,2026-09-24T02:21:07.355-03:00
PUCPR,77,livre,0.0,0.0,2026-09-24T02:21:07.355-03:00
PUCPR,78,livre,0.0,0.0,2026-09-24T02:21:07.355-03:00
PUCPR,79,livre,0.0,0.0,2026-09-24T02:21:07.355-03:00
PUCPR,8,livre,0.0,0.0,2026-09-24T02:21:07.355-03:00
PUCPR,80,livre,0.0,0.0,2026-09-24T02:21:07.355-03:00
PUCPR,81,livre,0.0,0.0,2026-09-24T02:21:07.355-03:00
PUCPR,82,livre,0.0,0.0,2026-09-24T02:21:07.355-03:00
PUCPR,83,livre,0.0,0.0,2026-09-24T02:21:07.355-03:00
PUCPR,84,livre,0.0,0.0,2026-09-24T02:21:07.355-03:00
PUCPR,85,livre,0.0,0.0,2026-09-24T02:21:07.355-03:00
PUCPR,86,livre,0.0,0.0,2026-09-24T02:21:07.355-03:00
PUCPR,87,livre,0.0,0.0,2026-09-24T02:21:07.355-03:00
PUCPR,88,livre,0.0,0.0,2026-09-24T02:21:07.355-03:00
PUCPR,89,livre,0.0,0.0,2026-09-24T02:21:07.355-03:00
PUCPR,9,livre,0.0,0.0,2026-09-24T02:21:07.355-03:00
PUCPR,90,livre,0.0,0.0,2026-09-24T02:21:07.355-03:00
PUCPR,91,livre,0.0,0.0,2026-09-24T02:21:07.355-03:00
PUCPR,92,livre,0.0,0.0,2026-09-24T02:21:07.355-03:00
PUCPR,93,livre,0.0,0.0,2026-09-24T02:21:07.355-03:00
PUCPR,94,livre,0.0,0.0,2026-09-24T02:21:07.355-03:00
PUCPR,95,livre,0.0,0.0,2026-09-24T02:21:07.355-03:00
PUCPR,96,livre,0.0,0.0,2026-09-24T02:21:07.355-03:00
PUCPR,97,livre,0.0,0.0,2026-09-24T02:21:07.355-03:00
PUCPR,98,livre,0.0,0.0,2026-09-24T02:21:07.355-03:00
PUCPR,99,livre,0.0,0.0,2026-09-24T02:21:07.355-03:00
PUCPR,1,livre,0.0,0.0,2026-09-24T02:21:07.438-03:00
PUCPR,10,livre,0.0,0.0,2026-09-24T02:21:07.438-03:00
PUCPR,100,livre,0.0,0.0,2026-09-24T02:21:07.438-03:00
PUCPR,11,livre,0.0,0.0,2026-09-24T02:21:07.438-03:00
PUCPR,12,livre,0.0,0.0,2026-09-24T02:21:07.438-03:00
PUCPR,13,livre,0.0,0.0,2026-09-24T02:21:07.438-03:00
PUCPR,14,livre,0.0,0.0,2026-09-24T02:21:07.438-03:00
PUCPR,15,livre,0.0,0.0,2026-09-24T02:21:07.438-03:00
PUCPR,16,livre,0.0,0.0,2026-09-24T02:21:07.438-03:00
PUCPR,17,livre,0.0,0.0,2026-09-24T02:21:07.438-03:00
PUCPR,18,livre,0.0,0.0,2026-09-24T02:21:07.438-03:00
PUCPR,19,livre,0.0,0.0,2026-09-24T02:21:07.438-03:00
PUCPR,2,livre,0.0,0.0,2026-09-24T02:21:07.438-03:00
PUCPR,20,livre,0.0,0.0,2026-09-24T02:21:07.438-03:00
PUCPR,21,livre,0.0,0.0,2026-09-24T02:21:07.438-03:00
PUCPR,22,livre,0.0,0.0,2026-09-24T02:21:07.438-03:00
PUCPR,23,livre,0.0,0.0,2026-09-24T02:21:07.438-03:00
PUCPR,24,livre,0.0,0.0,2026-09-24T02:21:07.438-03:00
PUCPR,25,livre,0.0,0.0,2026-09-24T02:21:07.438-03:00
PUCPR,26,livre,0.0,0.0,2026-09-24T02:21:07.438-03:00
PUCPR,27,livre,0.0,0.0,2026-09-24T02:21:07.438-03:00
PUCPR,28,livre,0.0,0.0,2026-09-24T02:21:07.438-03:00
PUCPR,29,livre,0.0,0.0,2026-09-24T02:21:07.438-03:00
PUCPR,3,livre,0.0,0.0,2026-09-24T02:21:07.438-03:00
PUCPR,30,livre,0.0,0.0,2026-09-24T02:21:07.438-03:00
PUCPR,31,livre,0.0,0.0,2026-09-24T02:21:07.438-03:00
PUCPR,32,livre,0.0,0.0,2026-09-24T02:21:07.438-03:00
PUCPR,33,livre,0.0,0.0,2026-09-24T02:21:07.438-03:00
PUCPR,34,livre,0.0,0.0,2026-09-24T02:21:07.438-03:00
PUCPR,35,livre,0.0,0.0,2026-09-24T02:21:07.438-03:00
PUCPR,36,livre,0.0,0.0,2026-09-24T02:21:07.438-03:00
PUCPR,37,livre,0.0,0.0,2026-09-24T02:21:07.438-03:00
PUCPR,38,livre,0.0,0.0,2026-09-24T02:21:07.438-03:00
PUCPR,39,livre,0.0,0.0,2026-09-24T02:21:07.438-03:00
PUCPR,4,livre,0.0,0.0,2026-09-24T02:21:07.438-03:00
PUCPR,40,livre,0.0,0.0,2026-09-24T02:21:07.438-03:00
PUCPR,41,livre,0.0,0.0,2026-09-24T02:21:07.438-03:00
PUCPR,42,livre,0.0,0.0,2026-09-24T02:21:07.438-03:00
PUCPR,43,livre,0.0,0.0,2026-09-24T02:21:07.438-03:00
PUCPR,44,livre,0.0,0.0,2026-09-24T02:21:07.438-03:00
PUCPR,45,livre,0.0,0.0,2026-09-24T02:21:07.438-03:00
PUCPR,46,livre,0.0,0.0,2026-09-24T02:21:07.438-03:00
PUCPR,47,livre,0.0,0.0,2026-09-24T02:21:07.438-03:00
PUCPR,48,livre,0.0,0.0,2026-09-24T02:21:07.438-03:00
PUCPR,49,livre,0.0,0.0,2026-09-24T02:21:07.438-03:00
PUCPR,5,livre,0.0,0.0,2026-09-24T02:21:07.438-03:00
PUCPR,50,livre,0.0,0.0,2026-09-24T02:21:07.438-03:00
PUCPR,51,livre,0.0,0.0,2026-09-24T02:21:07.438-03:00
PUCPR,52,livre,0.0,0.0,2026-09-24T02:21:07.438-03:00
PUCPR,53,livre,0.0,0.0,2026-09-24T02:21:07.438-03:00
PUCPR,54,livre,0.0,0.0,2026-09-24T02:21:07.438-03:00
PUCPR,55,livre,0.0,0.0,2026-09-24T02:21:07.438-03:00
PUCPR,56,livre,0.0,0.0,2026-09-24T02:21:07.438-03:00
PUCPR,57,livre,0.0,0.0,2026-09-24T02:21:07.438-03:00
PUCPR,58,livre,0.0,0.0,2026-09-24T02:21:07.438-03:00
PUCPR,59,livre,0.0,0.0,2026-09-24T02:21:07.438-03:00
PUCPR,6,livre,0.0,0.0,2026-09-24T02:21:07.438-03:00
PUCPR,60,livre,0.0,0.0,2026-09-24T02:21:07.438-03:00
PUCPR,61,livre,0.0,0.0,2026-09-24T02:21:07.438-03:00
PUCPR,62,livre,0.0,0.0,2026-09-24T02:21:07.438-03:00
PUCPR,63,livre,0.0,0.0,2026-09-24T02:21:07.438-03:00
PUCPR,64,livre,0.0,0.0,2026-09-24T02:21:07.438-03:00
PUCPR,65,livre,0.0,0.0,2026-09-24T02:21:07.438-03:00
PUCPR,66,livre,0.0,0.0,2026-09-24T02:21:07.438-03:00
PUCPR,67,livre,0.0,0.0,2026-09-24T02:21:07.438-03:00
PUCPR,68,livre,0.0,0.0,2026-09-24T02:21:07.438-03:00
PUCPR,69,livre,0.0,0.0,2026-09-24T02:21:07.438-03:00
PUCPR,7,livre,0.0,0.0,2026-09-24T02:21:07.438-03:00
PUCPR,70,livre,0.0,0.0,2026-09-24T02:21:07.438-03:00
PUCPR,71,livre,0.0,0.0,2026-09-24T02:21:07.438-03:00
PUCPR,72,livre,0.0,0.0,2026-09-24T02:21:07.438-03:00
PUCPR,73,livre,0.0,0.0,2026-09-24T02:21:07.438-03:00
PUCPR,74,livre,0.0,0.0,2026-09-24T02:21:07.438-03:00
PUCPR,75,livre,0.0,0.0,2026-09-24T02:21:07.438-03:00
PUCPR,76,livre,0.0,0.0,2026-09-24T02:21:07.438-03:00
PUCPR,77,livre,0.0,0.0,2026-09-24T02:21:07.438-03:00
PUCPR,78,livre,0.0,0.0,2026-09-24T02:21:07.438-03:00
PUCPR,79,livre,0.0,0.0,2026-09-24T02:21:07.438-03:00
PUCPR,8,livre,0.0,0.0,2026-09-24T02:21:07.438-03:00
PUCPR,80,livre,0.0,0.0,2026-09-24T02:21:07.438-03:00
PUCPR,81,livre,0.0,0.0,2026-09-24T02:21:07.438-03:00
PUCPR,82,livre,0.0,0.0,2026-09-24T02:21:07.438-03:00
PUCPR,83,livre,0.0,0.0,2026-09-24T02:21:07.438-03:00
PUCPR,84,livre,0.0,0.0,2026-09-24T02:21:07.438-03:00
PUCPR,85,livre,0.0,0.0,2026-09-24T02:21:07.438-03:00
PUCPR,86,livre,0.0,0.0,2026-09-24T02:21:07.438-03:00
PUCPR,87,livre,0.0,0.0,2026-09-24T02:21:07.438-03:00
PUCPR,88,livre,0.0,0.0,2026-09-24T02:21:07.438-03:00
PUCPR,89,livre,0.0,0.0,2026-09-24T02:21:07.438-03:00
PUCPR,9,livre,0.0,0.0,2026-09-24T02:21:07.438-03:00
PUCPR,90,livre,0.0,0.0,2026-09-24T02:21:07.438-03:00
PUCPR,91,livre,0.0,0.0,2026-09-24T02:21:07.438-03:00
PUCPR,92,livre,0.0,0.0,2026-09-24T02:21:07.438-03:00
PUCPR,93,livre,0.0,0.0,2026-09-24T02:21:07.438-03:00
PUCPR,94,livre,0.0,0.0,2026-09-24T02:21:07.438-03:00
PUCPR,95,livre,0.0,0.0,2026-09-24T02:21:07.438-03:00
PUCPR,96,livre,0.0,0.0,2026-09-24T02:21:07.438-03:00
PUCPR,97,livre,0.0,0.0,2026-09-24T02:21:07.438-03:00
PUCPR,98,livre,0.0,0.0,2026-09-24T02:21:07.438-03:00
PUCPR,99,livre,0.0,0.0,2026-09-24T02:21:07.438-03:00
PUCPR,1,livre,0.0,0.0,2026-09-24T02:21:07.487-03:00
PUCPR,10,livre,0.0,0.0,2026-09-24T02:21:07.487-03:00
PUCPR,100,livre,0.0,0.0,2026-09-24T02:21:07.487-03:00
PUCPR,11,livre,0.0,0.0,2026-09-24T02:21:07.487-03:00
PUCPR,12,livre,0.0,0.0,2026-09-24T02:21:07.487-03:00
PUCPR,13,livre,0.0,0.0,2026-09-24T02:21:07.487-03:00
PUCPR,14,livre,0.0,0.0,2026-09-24T02:21:07.487-03:00
PUCPR,15,livre,0.0,0.0,2026-09-24T02:21:07.487-03:00
PUCPR,16,livre,0.0,0.0,2026-09-24T02:21:07.487-03:00
PUCPR,17,livre,0.0,0.0,2026-09-24T02:21:07.487-03:00
PUCPR,18,livre,0.0,0.0,2026-09-24T02:21:07.487-03:00
PUCPR,19,livre,0.0,0.0,2026-09-24T02:21:07.487-03:00
PUCPR,2,livre,0.0,0.0,2026-09-24T02:21:07.487-03:00
PUCPR,20,livre,0.0,0.0,2026-09-24T02:21:07.487-03:00
PUCPR,21,livre,0.0,0.0,2026-09-24T02:21:07.487-03:00
PUCPR,22,livre,0.0,0.0,2026-09-24T02:21:07.487-03:00
PUCPR,23,livre,0.0,0.0,2026-09-24T02:21:07.487-03:00
PUCPR,24,livre,0.0,0.0,2026-09-24T02:21:07.487-03:00
PUCPR,25,livre,0.0,0.0,2026-09-24T02:21:07.487-03:00
PUCPR,26,livre,0.0,0.0,2026-09-24T02:21:07.487-03:00
PUCPR,27,livre,0.0,0.0,2026-09-24T02:21:07.487-03:00
PUCPR,28,livre,0.0,0.0,2026-09-24T02:21:07.487-03:00
PUCPR,29,livre,0.0,0.0,2026-09-24T02:21:07.487-03:00
PUCPR,3,livre,0.0,0.0,2026-09-24T02:21:07.487-03:00
PUCPR,30,livre,0.0,0.0,2026-09-24T02:21:07.487-03:00
PUCPR,31,livre,0.0,0.0,2026-09-24T02:21:07.487-03:00
PUCPR,32,livre,0.0,0.0,2026-09-24T02:21:07.487-03:00
PUCPR,33,livre,0.0,0.0,2026-09-24T02:21:07.487-03:00
PUCPR,34,livre,0.0,0.0,2026-09-24T02:21:07.487-03:00
PUCPR,35,livre,0.0,0.0,2026-09-24T02:21:07.487-03:00
PUCPR,36,livre,0.0,0.0,2026-09-24T02:21:07.487-03:00
PUCPR,37,livre,0.0,0.0,2026-09-24T02:21:07.487-03:00
PUCPR,38,livre,0.0,0.0,2026-09-24T02:21:07.487-03:00
PUCPR,39,livre,0.0,0.0,2026-09-24T02:21:07.487-03:00
PUCPR,4,livre,0.0,0.0,2026-09-24T02:21:07.487-03:00
PUCPR,40,livre,0.0,0.0,2026-09-24T02:21:07.487-03:00
PUCPR,41,livre,0.0,0.0,2026-09-24T02:21:07.487-03:00
PUCPR,42,livre,0.0,0.0,2026-09-24T02:21:07.487-03:00
PUCPR,43,livre,0.0,0.0,2026-09-24T02:21:07.487-03:00
PUCPR,44,livre,0.0,0.0,2026-09-24T02:21:07.487-03:00
PUCPR,45,livre,0.0,0.0,2026-09-24T02:21:07.487-03:00
PUCPR,46,livre,0.0,0.0,2026-09-24T02:21:07.487-03:00
PUCPR,47,livre,0.0,0.0,2026-09-24T02:21:07.487-03:00
PUCPR,48,livre,0.0,0.0,2026-09-24T02:21:07.487-03:00
PUCPR,49,livre,0.0,0.0,2026-09-24T02:21:07.487-03:00
PUCPR,5,livre,0.0,0.0,2026-09-24T02:21:07.487-03:00
PUCPR,50,livre,0.0,0.0,2026-09-24T02:21:07.487-03:00
PUCPR,51,livre,0.0,0.0,2026-09-24T02:21:07.487-03:00
PUCPR,52,livre,0.0,0.0,2026-09-24T02:21:07.487-03:00
PUCPR,53,livre,0.0,0.0,2026-09-24T02:21:07.487-03:00
PUCPR,54,livre,0.0,0.0,2026-09-24T02:21:07.487-03:00
PUCPR,55,livre,0.0,0.0,2026-09-24T02:21:07.487-03:00
PUCPR,56,livre,0.0,0.0,2026-09-24T02:21:07.487-03:00
PUCPR,57,livre,0.0,0.0,2026-09-24T02:21:07.487-03:00
PUCPR,58,livre,0.0,0.0,2026-09-24T02:21:07.487-03:00
PUCPR,59,livre,0.0,0.0,2026-09-24T02:21:07.487-03:00
PUCPR,6,livre,0.0,0.0,2026-09-24T02:21:07.487-03:00
PUCPR,60,livre,0.0,0.0,2026-09-24T02:21:07.487-03:00
PUCPR,61,livre,0.0,0.0,2026-09-24T02:21:07.487-03:00
PUCPR,62,livre,0.0,0.0,2026-09-24T02:21:07.487-03:00
PUCPR,63,livre,0.0,0.0,2026-09-24T02:21:07.487-03:00
PUCPR,64,livre,0.0,0.0,2026-09-24T02:21:07.487-03:00
PUCPR,65,livre,0.0,0.0,2026-09-24T02:21:07.487-03:00
PUCPR,66,livre,0.0,0.0,2026-09-24T02:21:07.487-03:00
PUCPR,67,livre,0.0,0.0,2026-09-24T02:21:07.487-03:00
PUCPR,68,livre,0.0,0.0,2026-09-24T02:21:07.487-03:00
PUCPR,69,livre,0.0,0.0,2026-09-24T02:21:07.487-03:00
PUCPR,7,livre,0.0,0.0,2026-09-24T02:21:07.487-03:00
PUCPR,70,livre,0.0,0.0,2026-09-24T02:21:07.487-03:00
PUCPR,71,livre,0.0,0.0,2026-09-24T02:21:07.487-03:00
PUCPR,72,livre,0.0,0.0,2026-09-24T02:21:07.487-03:00
PUCPR,73,livre,0.0,0.0,2026-09-24T02:21:07.487-03:00
PUCPR,74,livre,0.0,0.0,2026-09-24T02:21:07.487-03:00
PUCPR,75,livre,0.0,0.0,2026-09-24T02:21:07.487-03:00
PUCPR,76,livre,0.0,0.0,2026-09-24T02:21:07.487-03:00
PUCPR,77,livre,0.0,0.0,2026-09-24T02:21:07.487-03:00
PUCPR,78,livre,0.0,0.0,2026-09-24T02:21:07.487-03:00
PUCPR,79,livre,0.0,0.0,2026-09-24T02:21:07.487-03:00
PUCPR,8,livre,0.0,0.0,2026-09-24T02:21:07.487-03:00
PUCPR,80,livre,0.0,0.0,2026-09-24T02:21:07.487-03:00
PUCPR,81,livre,0.0,0.0,2026-09-24T02:21:07.487-03:00
PUCPR,82,livre,0.0,0.0,2026-09-24T02:21:07.487-03:00
PUCPR,83,livre,0.0,0.0,2026-09-24T02:21:07.487-03:00
PUCPR,84,livre,0.0,0.0,2026-09-24T02:21:07.487-03:00
PUCPR,85,livre,0.0,0.0,2026-09-24T02:21:07.487-03:00
PUCPR,86,livre,0.0,0.0,2026-09-24T02:21:07.487-03:00
PUCPR,87,livre,0.0,0.0,2026-09-24T02:21:07.487-03:00
PUCPR,88,livre,0.0,0.0,2026-09-24T02:21:07.487-03:00
PUCPR,89,livre,0.0,0.0,2026-09-24T02:21:07.487-03:00
PUCPR,9,livre,0.0,0.0,2026-09-24T02:21:07.487-03:00
PUCPR,90,livre,0.0,0.0,2026-09-24T02:21:07.487-03:00
PUCPR,91,livre,0.0,0.0,2026-09-24T02:21:07.487-03:00
PUCPR,92,livre,0.0,0.0,2026-09-24T02:21:07.487-03:00
PUCPR,93,livre,0.0,0.0,2026-09-24T02:21:07.487-03:00
PUCPR,94,livre,0.0,0.0,2026-09-24T02:21:07.487-03:00
PUCPR,95,livre,0.0,0.0,2026-09-24T02:21:07.487-03:00
PUCPR,96,livre,0.0,0.0,2026-09-24T02:21:07.487-03:00
PUCPR,97,livre,0.0,0.0,2026-09-24T02:21:07.487-03:00
PUCPR,98,livre,0.0,0.0,2026-09-24T02:21:07.487-03:00
PUCPR,99,livre,0.0,0.0,2026-09-24T02:21:07.487-03:00
PUCPR,1,livre,0.0,0.0,2026-09-24T02:21:07.532-03:00
PUCPR,10,livre,0.0,0.0,2026-09-24T02:21:07.532-03:00
PUCPR,100,livre,0.0,0.0,2026-09-24T02:21:07.532-03:00
PUCPR,11,livre,0.0,0.0,2026-09-24T02:21:07.532-03:00
PUCPR,12,livre,0.0,0.0,2026-09-24T02:21:07.532-03:00
PUCPR,13,livre,0.0,0.0,2026-09-24T02:21:07.532-03:00
PUCPR,14,livre,0.0,0.0,2026-09-24T02:21:07.532-03:00
PUCPR,15,livre,0.0,0.0,2026-09-24T02:21:07.532-03:00
PUCPR,16,livre,0.0,0.0,2026-09-24T02:21:07.532-03:00
PUCPR,17,livre,0.0,0.0,2026-09-24T02:21:07.532-03:00
PUCPR,18,livre,0.0,0.0,2026-09-24T02:21:07.532-03:00
PUCPR,19,livre,0.0,0.0,2026-09-24T02:21:07.532-03:00
PUCPR,2,livre,0.0,0.0,2026-09-24T02:21:07.532-03:00
PUCPR,20,livre,0.0,0.0,2026-09-24T02:21:07.532-03:00
PUCPR,21,livre,0.0,0.0,2026-09-24T02:21:07.532-03:00
PUCPR,22,livre,0.0,0.0,2026-09-24T02:21:07.532-03:00
PUCPR,23,livre,0.0,0.0,2026-09-24T02:21:07.532-03:00
PUCPR,24,livre,0.0,0.0,2026-09-24T02:21:07.532-03:00
PUCPR,25,livre,0.0,0.0,2026-09-24T02:21:07.532-03:00
PUCPR,26,livre,0.0,0.0,2026-09-24T02:21:07.532-03:00
PUCPR,27,livre,0.0,0.0,2026-09-24T02:21:07.532-03:00
PUCPR,28,livre,0.0,0.0,2026-09-24T02:21:07.532-03:00
PUCPR,29,livre,0.0,0.0,2026-09-24T02:21:07.532-03:00
PUCPR,3,livre,0.0,0.0,2026-09-24T02:21:07.532-03:00
PUCPR,30,livre,0.0,0.0,2026-09-24T02:21:07.532-03:00
PUCPR,31,livre,0.0,0.0,2026-09-24T02:21:07.532-03:00
PUCPR,32,livre,0.0,0.0,2026-09-24T02:21:07.532-03:00
PUCPR,33,livre,0.0,0.0,2026-09-24T02:21:07.532-03:00
PUCPR,34,livre,0.0,0.0,2026-09-24T02:21:07.532-03:00
PUCPR,35,livre,0.0,0.0,2026-09-24T02:21:07.532-03:00
PUCPR,36,livre,0.0,0.0,2026-09-24T02:21:07.532-03:00
PUCPR,37,livre,0.0,0.0,2026-09-24T02:21:07.532-03:00
PUCPR,38,livre,0.0,0.0,2026-09-24T02:21:07.532-03:00
PUCPR,39,livre,0.0,0.0,2026-09-24T02:21:07.532-03:00
PUCPR,4,livre,0.0,0.0,2026-09-24T02:21:07.532-03:00
PUCPR,40,livre,0.0,0.0,2026-09-24T02:21:07.532-03:00
PUCPR,41,livre,0.0,0.0,2026-09-24T02:21:07.532-03:00
PUCPR,42,livre,0.0,0.0,2026-09-24T02:21:07.532-03:00
PUCPR,43,livre,0.0,0.0,2026-09-24T02:21:07.532-03:00
PUCPR,44,livre,0.0,0.0,2026-09-24T02:21:07.532-03:00
PUCPR,45,livre,0.0,0.0,2026-09-24T02:21:07.532-03:00
PUCPR,46,livre,0.0,0.0,2026-09-24T02:21:07.532-03:00
PUCPR,47,livre,0.0,0.0,2026-09-24T02:21:07.532-03:00
PUCPR,48,livre,0.0,0.0,2026-09-24T02:21:07.532-03:00
PUCPR,49,livre,0.0,0.0,2026-09-24T02:21:07.532-03:00
PUCPR,5,livre,0.0,0.0,2026-09-24T02:21:07.532-03:00
PUCPR,50,livre,0.0,0.0,2026-09-24T02:21:07.532-03:00
PUCPR,51,livre,0.0,0.0,2026-09-24T02:21:07.532-03:00
PUCPR,52,livre,0.0,0.0,2026-09-24T02:21:07.532-03:00
PUCPR,53,livre,0.0,0.0,2026-09-24T02:21:07.532-03:00
PUCPR,54,livre,0.0,0.0,2026-09-24T02:21:07.532-03:00
PUCPR,55,livre,0.0,0.0,2026-09-24T02:21:07.532-03:00
PUCPR,56,livre,0.0,0.0,2026-09-24T02:21:07.532-03:00
PUCPR,57,livre,0.0,0.0,2026-09-24T02:21:07.532-03:00
PUCPR,58,livre,0.0,0.0,2026-09-24T02:21:07.532-03:00
PUCPR,59,livre,0.0,0.0,2026-09-24T02:21:07.532-03:00
PUCPR,6,livre,0.0,0.0,2026-09-24T02:21:07.532-03:00
PUCPR,60,livre,0.0,0.0,2026-09-24T02:21:07.532-03:00
PUCPR,61,livre,0.0,0.0,2026-09-24T02:21:07.532-03:00
PUCPR,62,livre,0.0,0.0,2026-09-24T02:21:07.532-03:00
PUCPR,63,livre,0.0,0.0,2026-09-24T02:21:07.532-03:00
PUCPR,64,livre,0.0,0.0,2026-09-24T02:21:07.532-03:00
PUCPR,65,livre,0.0,0.0,2026-09-24T02:21:07.532-03:00
PUCPR,66,livre,0.0,0.0,2026-09-24T02:21:07.532-03:00
PUCPR,67,livre,0.0,0.0,2026-09-24T02:21:07.532-03:00
PUCPR,68,livre,0.0,0.0,2026-09-24T02:21:07.532-03:00
PUCPR,69,livre,0.0,0.0,2026-09-24T02:21:07.532-03:00
PUCPR,7,livre,0.0,0.0,2026-09-24T02:21:07.532-03:00
PUCPR,70,livre,0.0,0.0,2026-09-24T02:21:07.532-03:00
PUCPR,71,livre,0.0,0.0,2026-09-24T02:21:07.532-03:00
PUCPR,72,livre,0.0,0.0,2026-09-24T02:21:07.532-03:00
PUCPR,73,livre,0.0,0.0,2026-09-24T02:21:07.532-03:00
PUCPR,74,livre,0.0,0.0,2026-09-24T02:21:07.532-03:00
PUCPR,75,livre,0.0,0.0,2026-09-24T02:21:07.532-03:00
PUCPR,76,livre,0.0,0.0,2026-09-24T02:21:07.532-03:00
PUCPR,77,livre,0.0,0.0,2026-09-24T02:21:07.532-03:00
PUCPR,78,livre,0.0,0.0,2026-09-24T02:21:07.532-03:00
PUCPR,79,livre,0.0,0.0,2026-09-24T02:21:07.532-03:00
PUCPR,8,livre,0.0,0.0,2026-09-24T02:21:07.532-03:00
PUCPR,80,livre,0.0,0.0,2026-09-24T02:21:07.532-03:00
PUCPR,81,livre,0.0,0.0,2026-09-24T02:21:07.532-03:00
PUCPR,82,livre,0.0,0.0,2026-09-24T02:21:07.532-03:00
PUCPR,83,livre,0.0,0.0,2026-09-24T02:21:07.532-03:00
PUCPR,84,livre,0.0,0.0,2026-09-24T02:21:07.532-03:00
PUCPR,85,livre,0.0,0.0,2026-09-24T02:21:07.532-03:00
PUCPR,86,livre,0.0,0.0,2026-09-24T02:21:07.532-03:00
PUCPR,87,livre,0.0,0.0,2026-09-24T02:21:07.532-03:00
PUCPR,88,livre,0.0,0.0,2026-09-24T02:21:07.532-03:00
PUCPR,89,livre,0.0,0.0,2026-09-24T02:21:07.532-03:00
PUCPR,9,livre,0.0,0.0,2026-09-24T02:21:07.532-03:00
PUCPR,90,livre,0.0,0.0,2026-09-24T02:21:07.532-03:00
PUCPR,91,livre,0.0,0.0,2026-09-24T02:21:07.532-03:00
PUCPR,92,livre,0.0,0.0,2026-09-24T02:21:07.532-03:00
PUCPR,93,livre,0.0,0.0,2026-09-24T02:21:07.532-03:00
PUCPR,94,livre,0.0,0.0,2026-09-24T02:21:07.532-03:00
PUCPR,95,livre,0.0,0.0,2026-09-24T02:21:07.532-03:00
PUCPR,96,livre,0.0,0.0,2026-09-24T02:21:07.532-03:00
PUCPR,97,livre,0.0,0.0,2026-09-24T02:21:07.532-03:00
PUCPR,98,livre,0.0,0.0,2026-09-24T02:21:07.532-03:00
PUCPR,99,livre,0.0,0.0,2026-09-24T02:21:07.532-03:00
PUCPR,1,livre,0.0,0.0,2026-09-24T02:21:07.580-03:00
PUCPR,10,livre,0.0,0.0,2026-09-24T02:21:07.580-03:00
PUCPR,100,livre,0.0,0.0,2026-09-24T02:21:07.580-03:00
PUCPR,11,livre,0.0,0.0,2026-09-24T02:21:07.580-03:00
PUCPR,12,livre,0.0,0.0,2026-09-24T02:21:07.580-03:00
PUCPR,13,livre,0.0,0.0,2026-09-24T02:21:07.580-03:00
PUCPR,14,livre,0.0,0.0,2026-09-24T02:21:07.580-03:00
PUCPR,15,livre,0.0,0.0,2026-09-24T02:21:07.580-03:00
PUCPR,16,livre,0.0,0.0,2026-09-24T02:21:07.580-03:00
PUCPR,17,livre,0.0,0.0,2026-09-24T02:21:07.580-03:00
PUCPR,18,livre,0.0,0.0,2026-09-24T02:21:07.580-03:00
PUCPR,19,livre,0.0,0.0,2026-09-24T02:21:07.580-03:00
PUCPR,2,livre,0.0,0.0,2026-09-24T02:21:07.580-03:00
PUCPR,20,livre,0.0,0.0,2026-09-24T02:21:07.580-03:00
PUCPR,21,livre,0.0,0.0,2026-09-24T02:21:07.580-03:00
PUCPR,22,livre,0.0,0.0,2026-09-24T02:21:07.580-03:00
PUCPR,23,livre,0.0,0.0,2026-09-24T02:21:07.580-03:00
PUCPR,24,livre,0.0,0.0,2026-09-24T02:21:07.580-03:00
PUCPR,25,livre,0.0,0.0,2026-09-24T02:21:07.580-03:00
PUCPR,26,livre,0.0,0.0,2026-09-24T02:21:07.580-03:00
PUCPR,27,livre,0.0,0.0,2026-09-24T02:21:07.580-03:00
PUCPR,28,livre,0.0,0.0,2026-09-24T02:21:07.580-03:00
PUCPR,29,livre,0.0,0.0,2026-09-24T02:21:07.580-03:00
PUCPR,3,livre,0.0,0.0,2026-09-24T02:21:07.580-03:00
PUCPR,30,livre,0.0,0.0,2026-09-24T02:21:07.580-03:00
PUCPR,31,livre,0.0,0.0,2026-09-24T02:21:07.580-03:00
PUCPR,32,livre,0.0,0.0,2026-09-24T02:21:07.580-03:00
PUCPR,33,livre,0.0,0.0,2026-09-24T02:21:07.580-03:00
PUCPR,34,livre,0.0,0.0,2026-09-24T02:21:07.580-03:00
PUCPR,35,livre,0.0,0.0,2026-09-24T02:21:07.580-03:00
PUCPR,36,livre,0.0,0.0,2026-09-24T02:21:07.580-03:00
PUCPR,37,livre,0.0,0.0,2026-09-24T02:21:07.580-03:00
PUCPR,38,livre,0.0,0.0,2026-09-24T02:21:07.580-03:00
PUCPR,39,livre,0.0,0.0,2026-09-24T02:21:07.580-03:00
PUCPR,4,livre,0.0,0.0,2026-09-24T02:21:07.580-03:00
PUCPR,40,livre,0.0,0.0,2026-09-24T02:21:07.580-03:00
PUCPR,41,livre,0.0,0.0,2026-09-24T02:21:07.580-03:00
PUCPR,42,livre,0.0,0.0,2026-09-24T02:21:07.580-03:00
PUCPR,43,livre,0.0,0.0,2026-09-24T02:21:07.580-03:00
PUCPR,44,livre,0.0,0.0,2026-09-24T02:21:07.580-03:00
PUCPR,45,livre,0.0,0.0,2026-09-24T02:21:07.580-03:00
PUCPR,46,livre,0.0,0.0,2026-09-24T02:21:07.580-03:00
PUCPR,47,livre,0.0,0.0,2026-09-24T02:21:07.580-03:00
PUCPR,48,livre,0.0,0.0,2026-09-24T02:21:07.580-03:00
PUCPR,49,livre,0.0,0.0,2026-09-24T02:21:07.580-03:00
PUCPR,5,livre,0.0,0.0,2026-09-24T02:21:07.580-03:00
PUCPR,50,livre,0.0,0.0,2026-09-24T02:21:07.580-03:00
PUCPR,51,livre,0.0,0.0,2026-09-24T02:21:07.580-03:00
PUCPR,52,livre,0.0,0.0,2026-09-24T02:21:07.580-03:00
PUCPR,53,livre,0.0,0.0,2026-09-24T02:21:07.580-03:00
PUCPR,54,livre,0.0,0.0,2026-09-24T02:21:07.580-03:00
PUCPR,55,livre,0.0,0.0,2026-09-24T02:21:07.580-03:00
PUCPR,56,livre,0.0,0.0,2026-09-24T02:21:07.580-03:00
PUCPR,57,livre,0.0,0.0,2026-09-24T02:21:07.580-03:00
PUCPR,58,livre,0.0,0.0,2026-09-24T02:21:07.580-03:00
PUCPR,59,livre,0.0,0.0,2026-09-24T02:21:07.580-03:00
PUCPR,6,livre,0.0,0.0,2026-09-24T02:21:07.580-03:00
PUCPR,60,livre,0.0,0.0,2026-09-24T02:21:07.580-03:00
PUCPR,61,livre,0.0,0.0,2026-09-24T02:21:07.580-03:00
PUCPR,62,livre,0.0,0.0,2026-09-24T02:21:07.580-03:00
PUCPR,63,livre,0.0,0.0,2026-09-24T02:21:07.580-03:00
PUCPR,64,livre,0.0,0.0,2026-09-24T02:21:07.580-03:00
PUCPR,65,livre,0.0,0.0,2026-09-24T02:21:07.580-03:00
PUCPR,66,livre,0.0,0.0,2026-09-24T02:21:07.580-03:00
PUCPR,67,livre,0.0,0.0,2026-09-24T02:21:07.580-03:00
PUCPR,68,livre,0.0,0.0,2026-09-24T02:21:07.580-03:00
PUCPR,69,livre,0.0,0.0,2026-09-24T02:21:07.580-03:00
PUCPR,7,livre,0.0,0.0,2026-09-24T02:21:07.580-03:00
PUCPR,70,livre,0.0,0.0,2026-09-24T02:21:07.580-03:00
PUCPR,71,livre,0.0,0.0,2026-09-24T02:21:07.580-03:00
PUCPR,72,livre,0.0,0.0,2026-09-24T02:21:07.580-03:00
PUCPR,73,livre,0.0,0.0,2026-09-24T02:21:07.580-03:00
PUCPR,74,livre,0.0,0.0,2026-09-24T02:21:07.580-03:00
PUCPR,75,livre,0.0,0.0,2026-09-24T02:21:07.580-03:00
PUCPR,76,livre,0.0,0.0,2026-09-24T02:21:07.580-03:00
PUCPR,77,livre,0.0,0.0,2026-09-24T02:21:07.580-03:00
PUCPR,78,livre,0.0,0.0,2026-09-24T02:21:07.580-03:00
PUCPR,79,livre,0.0,0.0,2026-09-24T02:21:07.580-03:00
PUCPR,8,livre,0.0,0.0,2026-09-24T02:21:07.580-03:00
PUCPR,80,livre,0.0,0.0,2026-09-24T02:21:07.580-03:00
PUCPR,81,livre,0.0,0.0,2026-09-24T02:21:07.580-03:00
PUCPR,82,livre,0.0,0.0,2026-09-24T02:21:07.580-03:00
PUCPR,83,livre,0.0,0.0,2026-09-24T02:21:07.580-03:00
PUCPR,84,livre,0.0,0.0,2026-09-24T02:21:07.580-03:00
PUCPR,85,livre,0.0,0.0,2026-09-24T02:21:07.580-03:00
PUCPR,86,livre,0.0,0.0,2026-09-24T02:21:07.580-03:00
PUCPR,87,livre,0.0,0.0,2026-09-24T02:21:07.580-03:00
PUCPR,88,livre,0.0,0.0,2026-09-24T02:21:07.580-03:00
PUCPR,89,livre,0.0,0.0,2026-09-24T02:21:07.580-03:00
PUCPR,9,livre,0.0,0.0,2026-09-24T02:21:07.580-03:00
PUCPR,90,livre,0.0,0.0,2026-09-24T02:21:07.580-03:00
PUCPR,91,livre,0.0,0.0,2026-09-24T02:21:07.580-03:00
PUCPR,92,livre,0.0,0.0,2026-09-24T02:21:07.580-03:00
PUCPR,93,livre,0.0,0.0,2026-09-24T02:21:07.580-03:00
PUCPR,94,livre,0.0,0.0,2026-09-24T02:21:07.580-03:00
PUCPR,95,livre,0.0,0.0,2026-09-24T02:21:07.580-03:00
PUCPR,96,livre,0.0,0.0,2026-09-24T02:21:07.580-03:00
PUCPR,97,livre,0.0,0.0,2026-09-24T02:21:07.580-03:00
PUCPR,98,livre,0.0,0.0,2026-09-24T02:21:07.580-03:00
PUCPR,99,livre,0.0,0.0,2026-09-24T02:21:07.580-03:00
PUCPR,1,livre,0.0,0.0,2026-09-24T02:21:07.628-03:00
PUCPR,10,livre,0.0,0.0,2026-09-24T02:21:07.628-03:00
PUCPR,100,livre,0.0,0.0,2026-09-24T02:21:07.628-03:00
PUCPR,11,livre,0.0,0.0,2026-09-24T02:21:07.628-03:00
PUCPR,12,livre,0.0,0.0,2026-09-24T02:21:07.628-03:00
PUCPR,13,livre,0.0,0.0,2026-09-24T02:21:07.628-03:00
PUCPR,14,livre,0.0,0.0,2026-09-24T02:21:07.628-03:00
PUCPR,15,livre,0.0,0.0,2026-09-24T02:21:07.628-03:00
PUCPR,16,livre,0.0,0.0,2026-09-24T02:21:07.628-03:00
PUCPR,17,livre,0.0,0.0,2026-09-24T02:21:07.628-03:00
PUCPR,18,livre,0.0,0.0,2026-09-24T02:21:07.628-03:00
PUCPR,19,livre,0.0,0.0,2026-09-24T02:21:07.628-03:00
PUCPR,2,livre,0.0,0.0,2026-09-24T02:21:07.628-03:00
PUCPR,20,livre,0.0,0.0,2026-09-24T02:21:07.628-03:00
PUCPR,21,livre,0.0,0.0,2026-09-24T02:21:07.628-03:00
PUCPR,22,livre,0.0,0.0,2026-09-24T02:21:07.628-03:00
PUCPR,23,livre,0.0,0.0,2026-09-24T02:21:07.628-03:00
PUCPR,24,livre,0.0,0.0,2026-09-24T02:21:07.628-03:00
PUCPR,25,livre,0.0,0.0,2026-09-24T02:21:07.628-03:00
PUCPR,26,livre,0.0,0.0,2026-09-24T02:21:07.628-03:00
PUCPR,27,livre,0.0,0.0,2026-09-24T02:21:07.628-03:00
PUCPR,28,livre,0.0,0.0,2026-09-24T02:21:07.628-03:00
PUCPR,29,livre,0.0,0.0,2026-09-24T02:21:07.628-03:00
PUCPR,3,livre,0.0,0.0,2026-09-24T02:21:07.628-03:00
PUCPR,30,livre,0.0,0.0,2026-09-24T02:21:07.628-03:00
PUCPR,31,livre,0.0,0.0,2026-09-24T02:21:07.628-03:00
PUCPR,32,livre,0.0,0.0,2026-09-24T02:21:07.628-03:00
PUCPR,33,livre,0.0,0.0,2026-09-24T02:21:07.628-03:00
PUCPR,34,livre,0.0,0.0,2026-09-24T02:21:07.628-03:00
PUCPR,35,livre,0.0,0.0,2026-09-24T02:21:07.628-03:00
PUCPR,36,livre,0.0,0.0,2026-09-24T02:21:07.628-03:00
PUCPR,37,livre,0.0,0.0,2026-09-24T02:21:07.628-03:00
PUCPR,38,livre,0.0,0.0,2026-09-24T02:21:07.628-03:00
PUCPR,39,livre,0.0,0.0,2026-09-24T02:21:07.628-03:00
PUCPR,4,livre,0.0,0.0,2026-09-24T02:21:07.628-03:00
PUCPR,40,livre,0.0,0.0,2026-09-24T02:21:07.628-03:00
PUCPR,41,livre,0.0,0.0,2026-09-24T02:21:07.628-03:00
PUCPR,42,livre,0.0,0.0,2026-09-24T02:21:07.628-03:00
PUCPR,43,livre,0.0,0.0,2026-09-24T02:21:07.628-03:00
PUCPR,44,livre,0.0,0.0,2026-09-24T02:21:07.628-03:00
PUCPR,45,livre,0.0,0.0,2026-09-24T02:21:07.628-03:00
PUCPR,46,livre,0.0,0.0,2026-09-24T02:21:07.628-03:00
PUCPR,47,livre,0.0,0.0,2026-09-24T02:21:07.628-03:00
PUCPR,48,livre,0.0,0.0,2026-09-24T02:21:07.628-03:00
PUCPR,49,livre,0.0,0.0,2026-09-24T02:21:07.628-03:00
PUCPR,5,livre,0.0,0.0,2026-09-24T02:21:07.628-03:00
PUCPR,50,livre,0.0,0.0,2026-09-24T02:21:07.628-03:00
PUCPR,51,livre,0.0,0.0,2026-09-24T02:21:07.628-03:00
PUCPR,52,livre,0.0,0.0,2026-09-24T02:21:07.628-03:00
PUCPR,53,livre,0.0,0.0,2026-09-24T02:21:07.628-03:00
PUCPR,54,livre,0.0,0.0,2026-09-24T02:21:07.628-03:00
PUCPR,55,livre,0.0,0.0,2026-09-24T02:21:07.628-03:00
PUCPR,56,livre,0.0,0.0,2026-09-24T02:21:07.628-03:00
PUCPR,57,livre,0.0,0.0,2026-09-24T02:21:07.628-03:00
PUCPR,58,livre,0.0,0.0,2026-09-24T02:21:07.628-03:00
PUCPR,59,livre,0.0,0.0,2026-09-24T02:21:07.628-03:00
PUCPR,6,livre,0.0,0.0,2026-09-24T02:21:07.628-03:00
PUCPR,60,livre,0.0,0.0,2026-09-24T02:21:07.628-03:00
PUCPR,61,livre,0.0,0.0,2026-09-24T02:21:07.628-03:00
PUCPR,62,livre,0.0,0.0,2026-09-24T02:21:07.628-03:00
PUCPR,63,livre,0.0,0.0,2026-09-24T02:21:07.628-03:00
PUCPR,64,livre,0.0,0.0,2026-09-24T02:21:07.628-03:00
PUCPR,65,livre,0.0,0.0,2026-09-24T02:21:07.628-03:00
PUCPR,66,livre,0.0,0.0,2026-09-24T02:21:07.628-03:00
PUCPR,67,livre,0.0,0.0,2026-09-24T02:21:07.628-03:00
PUCPR,68,livre,0.0,0.0,2026-09-24T02:21:07.628-03:00
PUCPR,69,livre,0.0,0.0,2026-09-24T02:21:07.628-03:00
PUCPR,7,livre,0.0,0.0,2026-09-24T02:21:07.628-03:00
PUCPR,70,livre,0.0,0.0,2026-09-24T02:21:07.628-03:00
PUCPR,71,livre,0.0,0.0,2026-09-24T02:21:07.628-03:00
PUCPR,72,livre,0.0,0.0,2026-09-24T02:21:07.628-03:00
PUCPR,73,livre,0.0,0.0,2026-09-24T02:21:07.628-03:00
PUCPR,74,livre,0.0,0.0,2026-09-24T02:21:07.628-03:00
PUCPR,75,livre,0.0,0.0,2026-09-24T02:21:07.628-03:00
PUCPR,76,livre,0.0,0.0,2026-09-24T02:21:07.628-03:00
PUCPR,77,livre,0.0,0.0,2026-09-24T02:21:07.628-03:00
PUCPR,78,livre,0.0,0.0,2026-09-24T02:21:07.628-03:00
PUCPR,79,livre,0.0,0.0,2026-09-24T02:21:07.628-03:00
PUCPR,8,livre,0.0,0.0,2026-09-24T02:21:07.628-03:00
PUCPR,80,livre,0.0,0.0,2026-09-24T02:21:07.628-03:00
PUCPR,81,livre,0.0,0.0,2026-09-24T02:21:07.628-03:00
PUCPR,82,livre,0.0,0.0,2026-09-24T02:21:07.628-03:00
PUCPR,83,livre,0.0,0.0,2026-09-24T02:21:07.628-03:00
PUCPR,84,livre,0.0,0.0,2026-09-24T02:21:07.628-03:00
PUCPR,85,livre,0.0,0.0,2026-09-24T02:21:07.628-03:00
PUCPR,86,livre,0.0,0.0,2026-09-24T02:21:07.628-03:00
PUCPR,87,livre,0.0,0.0,2026-09-24T02:21:07.628-03:00
PUCPR,88,livre,0.0,0.0,2026-09-24T02:21:07.628-03:00
PUCPR,89,livre,0.0,0.0,2026-09-24T02:21:07.628-03:00
PUCPR,9,livre,0.0,0.0,2026-09-24T02:21:07.628-03:00
PUCPR,90,livre,0.0,0.0,2026-09-24T02:21:07.628-03:00
PUCPR,91,livre,0.0,0.0,2026-09-24T02:21:07.628-03:00
PUCPR,92,livre,0.0,0.0,2026-09-24T02:21:07.628-03:00
PUCPR,93,livre,0.0,0.0,2026-09-24T02:21:07.628-03:00
PUCPR,94,livre,0.0,0.0,2026-09-24T02:21:07.628-03:00
PUCPR,95,livre,0.0,0.0,2026-09-24T02:21:07.628-03:00
PUCPR,96,livre,0.0,0.0,2026-09-24T02:21:07.628-03:00
PUCPR,97,livre,0.0,0.0,2026-09-24T02:21:07.628-03:00
PUCPR,98,livre,0.0,0.0,2026-09-24T02:21:07.628-03:00
PUCPR,99,livre,0.0,0.0,2026-09-24T02:21:07.628-03:00
PUCPR,1,livre,0.0,0.0,2026-09-24T02:21:07.675-03:00
PUCPR,10,livre,0.0,0.0,2026-09-24T02:21:07.675-03:00
PUCPR,100,livre,0.0,0.0,2026-09-24T02:21:07.675-03:00
PUCPR,11,livre,0.0,0.0,2026-09-24T02:21:07.675-03:00
PUCPR,12,livre,0.0,0.0,2026-09-24T02:21:07.675-03:00
PUCPR,13,livre,0.0,0.0,2026-09-24T02:21:07.675-03:00
PUCPR,14,livre,0.0,0.0,2026-09-24T02:21:07.675-03:00
PUCPR,15,livre,0.0,0.0,2026-09-24T02:21:07.675-03:00
PUCPR,16,livre,0.0,0.0,2026-09-24T02:21:07.675-03:00
PUCPR,17,livre,0.0,0.0,2026-09-24T02:21:07.675-03:00
PUCPR,18,livre,0.0,0.0,2026-09-24T02:21:07.675-03:00
PUCPR,19,livre,0.0,0.0,2026-09-24T02:21:07.675-03:00
PUCPR,2,livre,0.0,0.0,2026-09-24T02:21:07.675-03:00
PUCPR,20,livre,0.0,0.0,2026-09-24T02:21:07.675-03:00
PUCPR,21,livre,0.0,0.0,2026-09-24T02:21:07.675-03:00
PUCPR,22,livre,0.0,0.0,2026-09-24T02:21:07.675-03:00
PUCPR,23,livre,0.0,0.0,2026-09-24T02:21:07.675-03:00
PUCPR,24,livre,0.0,0.0,2026-09-24T02:21:07.675-03:00
PUCPR,25,livre,0.0,0.0,2026-09-24T02:21:07.675-03:00
PUCPR,26,livre,0.0,0.0,2026-09-24T02:21:07.675-03:00
PUCPR,27,livre,0.0,0.0,2026-09-24T02:21:07.675-03:00
PUCPR,28,livre,0.0,0.0,2026-09-24T02:21:07.675-03:00
PUCPR,29,livre,0.0,0.0,2026-09-24T02:21:07.675-03:00
PUCPR,3,livre,0.0,0.0,2026-09-24T02:21:07.675-03:00
PUCPR,30,livre,0.0,0.0,2026-09-24T02:21:07.675-03:00
PUCPR,31,livre,0.0,0.0,2026-09-24T02:21:07.675-03:00
PUCPR,32,livre,0.0,0.0,2026-09-24T02:21:07.675-03:00
PUCPR,33,livre,0.0,0.0,2026-09-24T02:21:07.675-03:00
PUCPR,34,livre,0.0,0.0,2026-09-24T02:21:07.675-03:00
PUCPR,35,livre,0.0,0.0,2026-09-24T02:21:07.675-03:00
PUCPR,36,livre,0.0,0.0,2026-09-24T02:21:07.675-03:00
PUCPR,37,livre,0.0,0.0,2026-09-24T02:21:07.675-03:00
PUCPR,38,livre,0.0,0.0,2026-09-24T02:21:07.675-03:00
PUCPR,39,livre,0.0,0.0,2026-09-24T02:21:07.675-03:00
PUCPR,4,livre,0.0,0.0,2026-09-24T02:21:07.675-03:00
PUCPR,40,livre,0.0,0.0,2026-09-24T02:21:07.675-03:00
PUCPR,41,livre,0.0,0.0,2026-09-24T02:21:07.675-03:00
PUCPR,42,livre,0.0,0.0,2026-09-24T02:21:07.675-03:00
PUCPR,43,livre,0.0,0.0,2026-09-24T02:21:07.675-03:00
PUCPR,44,livre,0.0,0.0,2026-09-24T02:21:07.675-03:00
PUCPR,45,livre,0.0,0.0,2026-09-24T02:21:07.675-03:00
PUCPR,46,livre,0.0,0.0,2026-09-24T02:21:07.675-03:00
PUCPR,47,livre,0.0,0.0,2026-09-24T02:21:07.675-03:00
PUCPR,48,livre,0.0,0.0,2026-09-24T02:21:07.675-03:00
PUCPR,49,livre,0.0,0.0,2026-09-24T02:21:07.675-03:00
PUCPR,5,livre,0.0,0.0,2026-09-24T02:21:07.675-03:00
PUCPR,50,livre,0.0,0.0,2026-09-24T02:21:07.675-03:00
PUCPR,51,livre,0.0,0.0,2026-09-24T02:21:07.675-03:00
PUCPR,52,livre,0.0,0.0,2026-09-24T02:21:07.675-03:00
PUCPR,53,livre,0.0,0.0,2026-09-24T02:21:07.675-03:00
PUCPR,54,livre,0.0,0.0,2026-09-24T02:21:07.675-03:00
PUCPR,55,livre,0.0,0.0,2026-09-24T02:21:07.675-03:00
PUCPR,56,livre,0.0,0.0,2026-09-24T02:21:07.675-03:00
PUCPR,57,livre,0.0,0.0,2026-09-24T02:21:07.675-03:00
PUCPR,58,livre,0.0,0.0,2026-09-24T02:21:07.675-03:00
PUCPR,59,livre,0.0,0.0,2026-09-24T02:21:07.675-03:00
PUCPR,6,livre,0.0,0.0,2026-09-24T02:21:07.675-03:00
PUCPR,60,livre,0.0,0.0,2026-09-24T02:21:07.675-03:00
PUCPR,61,livre,0.0,0.0,2026-09-24T02:21:07.675-03:00
PUCPR,62,livre,0.0,0.0,2026-09-24T02:21:07.675-03:00
PUCPR,63,livre,0.0,0.0,2026-09-24T02:21:07.675-03:00
PUCPR,64,livre,0.0,0.0,2026-09-24T02:21:07.675-03:00
PUCPR,65,livre,0.0,0.0,2026-09-24T02:21:07.675-03:00
PUCPR,66,livre,0.0,0.0,2026-09-24T02:21:07.675-03:00
PUCPR,67,livre,0.0,0.0,2026-09-24T02:21:07.675-03:00
PUCPR,68,livre,0.0,0.0,2026-09-24T02:21:07.675-03:00
PUCPR,69,livre,0.0,0.0,2026-09-24T02:21:07.675-03:00
PUCPR,7,livre,0.0,0.0,2026-09-24T02:21:07.675-03:00
PUCPR,70,livre,0.0,0.0,2026-09-24T02:21:07.675-03:00
PUCPR,71,livre,0.0,0.0,2026-09-24T02:21:07.675-03:00
PUCPR,72,livre,0.0,0.0,2026-09-24T02:21:07.675-03:00
PUCPR,73,livre,0.0,0.0,2026-09-24T02:21:07.675-03:00
PUCPR,74,livre,0.0,0.0,2026-09-24T02:21:07.675-03:00
PUCPR,75,livre,0.0,0.0,2026-09-24T02:21:07.675-03:00
PUCPR,76,livre,0.0,0.0,2026-09-24T02:21:07.675-03:00
PUCPR,77,livre,0.0,0.0,2026-09-24T02:21:07.675-03:00
PUCPR,78,livre,0.0,0.0,2026-09-24T02:21:07.675-03:00
PUCPR,79,livre,0.0,0.0,2026-09-24T02:21:07.675-03:00
PUCPR,8,livre,0.0,0.0,2026-09-24T02:21:07.675-03:00
PUCPR,80,livre,0.0,0.0,2026-09-24T02:21:07.675-03:00
PUCPR,81,livre,0.0,0.0,2026-09-24T02:21:07.675-03:00
PUCPR,82,livre,0.0,0.0,2026-09-24T02:21:07.675-03:00
PUCPR,83,livre,0.0,0.0,2026-09-24T02:21:07.675-03:00
PUCPR,84,livre,0.0,0.0,2026-09-24T02:21:07.675-03:00
PUCPR,85,livre,0.0,0.0,2026-09-24T02:21:07.675-03:00
PUCPR,86,livre,0.0,0.0,2026-09-24T02:21:07.675-03:00
PUCPR,87,livre,0.0,0.0,2026-09-24T02:21:07.675-03:00
PUCPR,88,livre,0.0,0.0,2026-09-24T02:21:07.675-03:00
PUCPR,89,livre,0.0,0.0,2026-09-24T02:21:07.675-03:00
PUCPR,9,livre,0.0,0.0,2026-09-24T02:21:07.675-03:00
PUCPR,90,livre,0.0,0.0,2026-09-24T02:21:07.675-03:00
PUCPR,91,livre,0.0,0.0,2026-09-24T02:21:07.675-03:00
PUCPR,92,livre,0.0,0.0,2026-09-24T02:21:07.675-03:00
PUCPR,93,livre,0.0,0.0,2026-09-24T02:21:07.675-03:00
PUCPR,94,livre,0.0,0.0,2026-09-24T02:21:07.675-03:00
PUCPR,95,livre,0.0,0.0,2026-09-24T02:21:07.675-03:00
PUCPR,96,livre,0.0,0.0,2026-09-24T02:21:07.675-03:00
PUCPR,97,livre,0.0,0.0,2026-09-24T02:21:07.675-03:00
PUCPR,98,livre,0.0,0.0,2026-09-24T02:21:07.675-03:00
PUCPR,99,livre,0.0,0.0,2026-09-24T02:21:07.675-03:00
PUCPR,1,livre,0.0,0.0,2026-09-24T02:21:07.721-03:00
PUCPR,10,livre,0.0,0.0,2026-09-24T02:21:07.721-03:00
PUCPR,100,livre,0.0,0.0,2026-09-24T02:21:07.721-03:00
PUCPR,11,livre,0.0,0.0,2026-09-24T02:21:07.721-03:00
PUCPR,12,livre,0.0,0.0,2026-09-24T02:21:07.721-03:00
PUCPR,13,livre,0.0,0.0,2026-09-24T02:21:07.721-03:00
PUCPR,14,livre,0.0,0.0,2026-09-24T02:21:07.721-03:00
PUCPR,15,livre,0.0,0.0,2026-09-24T02:21:07.721-03:00
PUCPR,16,livre,0.0,0.0,2026-09-24T02:21:07.721-03:00
PUCPR,17,livre,0.0,0.0,2026-09-24T02:21:07.721-03:00
PUCPR,18,livre,0.0,0.0,2026-09-24T02:21:07.721-03:00
PUCPR,19,livre,0.0,0.0,2026-09-24T02:21:07.721-03:00
PUCPR,2,livre,0.0,0.0,2026-09-24T02:21:07.721-03:00
PUCPR,20,livre,0.0,0.0,2026-09-24T02:21:07.721-03:00
PUCPR,21,livre,0.0,0.0,2026-09-24T02:21:07.721-03:00
PUCPR,22,livre,0.0,0.0,2026-09-24T02:21:07.721-03:00
PUCPR,23,livre,0.0,0.0,2026-09-24T02:21:07.721-03:00
PUCPR,24,livre,0.0,0.0,2026-09-24T02:21:07.721-03:00
PUCPR,25,livre,0.0,0.0,2026-09-24T02:21:07.721-03:00
PUCPR,26,livre,0.0,0.0,2026-09-24T02:21:07.721-03:00
PUCPR,27,livre,0.0,0.0,2026-09-24T02:21:07.721-03:00
PUCPR,28,livre,0.0,0.0,2026-09-24T02:21:07.721-03:00
PUCPR,29,livre,0.0,0.0,2026-09-24T02:21:07.721-03:00
PUCPR,3,livre,0.0,0.0,2026-09-24T02:21:07.721-03:00
PUCPR,30,livre,0.0,0.0,2026-09-24T02:21:07.721-03:00
PUCPR,31,livre,0.0,0.0,2026-09-24T02:21:07.721-03:00
PUCPR,32,livre,0.0,0.0,2026-09-24T02:21:07.721-03:00
PUCPR,33,livre,0.0,0.0,2026-09-24T02:21:07.721-03:00
PUCPR,34,livre,0.0,0.0,2026-09-24T02:21:07.721-03:00
PUCPR,35,livre,0.0,0.0,2026-09-24T02:21:07.721-03:00
PUCPR,36,livre,0.0,0.0,2026-09-24T02:21:07.721-03:00
PUCPR,37,livre,0.0,0.0,2026-09-24T02:21:07.721-03:00
PUCPR,38,livre,0.0,0.0,2026-09-24T02:21:07.721-03:00
PUCPR,39,livre,0.0,0.0,2026-09-24T02:21:07.721-03:00
PUCPR,4,livre,0.0,0.0,2026-09-24T02:21:07.721-03:00
PUCPR,40,livre,0.0,0.0,2026-09-24T02:21:07.721-03:00
PUCPR,41,livre,0.0,0.0,2026-09-24T02:21:07.721-03:00
PUCPR,42,livre,0.0,0.0,2026-09-24T02:21:07.721-03:00
PUCPR,43,livre,0.0,0.0,2026-09-24T02:21:07.721-03:00
PUCPR,44,livre,0.0,0.0,2026-09-24T02:21:07.721-03:00
PUCPR,45,livre,0.0,0.0,2026-09-24T02:21:07.721-03:00
PUCPR,46,livre,0.0,0.0,2026-09-24T02:21:07.721-03:00
PUCPR,47,livre,0.0,0.0,2026-09-24T02:21:07.721-03:00
PUCPR,48,livre,0.0,0.0,2026-09-24T02:21:07.721-03:00
PUCPR,49,livre,0.0,0.0,2026-09-24T02:21:07.721-03:00
PUCPR,5,livre,0.0,0.0,2026-09-24T02:21:07.721-03:00
PUCPR,50,livre,0.0,0.0,2026-09-24T02:21:07.721-03:00
PUCPR,51,livre,0.0,0.0,2026-09-24T02:21:07.721-03:00
PUCPR,52,livre,0.0,0.0,2026-09-24T02:21:07.721-03:00
PUCPR,53,livre,0.0,0.0,2026-09-24T02:21:07.721-03:00
PUCPR,54,livre,0.0,0.0,2026-09-24T02:21:07.721-03:00
PUCPR,55,livre,0.0,0.0,2026-09-24T02:21:07.721-03:00
PUCPR,56,livre,0.0,0.0,2026-09-24T02:21:07.721-03:00
PUCPR,57,livre,0.0,0.0,2026-09-24T02:21:07.721-03:00
PUCPR,58,livre,0.0,0.0,2026-09-24T02:21:07.721-03:00
PUCPR,59,livre,0.0,0.0,2026-09-24T02:21:07.721-03:00
PUCPR,6,livre,0.0,0.0,2026-09-24T02:21:07.721-03:00
PUCPR,60,livre,0.0,0.0,2026-09-24T02:21:07.721-03:00
PUCPR,61,livre,0.0,0.0,2026-09-24T02:21:07.721-03:00
PUCPR,62,livre,0.0,0.0,2026-09-24T02:21:07.721-03:00
PUCPR,63,livre,0.0,0.0,2026-09-24T02:21:07.721-03:00
PUCPR,64,livre,0.0,0.0,2026-09-24T02:21:07.721-03:00
PUCPR,65,livre,0.0,0.0,2026-09-24T02:21:07.721-03:00
PUCPR,66,livre,0.0,0.0,2026-09-24T02:21:07.721-03:00
PUCPR,67,livre,0.0,0.0,2026-09-24T02:21:07.721-03:00
PUCPR,68,livre,0.0,0.0,2026-09-24T02:21:07.721-03:00
PUCPR,69,livre,0.0,0.0,2026-09-24T02:21:07.721-03:00
PUCPR,7,livre,0.0,0.0,2026-09-24T02:21:07.721-03:00
PUCPR,70,livre,0.0,0.0,2026-09-24T02:21:07.721-03:00
PUCPR,71,livre,0.0,0.0,2026-09-24T02:21:07.721-03:00
PUCPR,72,livre,0.2925114333629608,0.9854132155671653,2026-09-24T02:21:07.721-03:00
PUCPR,73,livre,0.0,0.04354485006209467,2026-09-24T02:21:07.721-03:00
PUCPR,74,livre,0.0,0.0,2026-09-24T02:21:07.721-03:00
PUCPR,75,livre,0.0,0.0,2026-09-24T02:21:07.721-03:00
PUCPR,76,livre,0.0,0.0,2026-09-24T02:21:07.721-03:00
PUCPR,77,livre,0.0,0.0,2026-09-24T02:21:07.721-03:00
PUCPR,78,livre,0.0,0.0,2026-09-24T02:21:07.721-03:00
PUCPR,79,livre,0.0,0.0,2026-09-24T02:21:07.721-03:00
PUCPR,8,livre,0.0,0.0,2026-09-24T02:21:07.721-03:00
PUCPR,80,livre,0.0,0.0,2026-09-24T02:21:07.721-03:00
PUCPR,81,livre,0.0,0.0,2026-09-24T02:21:07.721-03:00
PUCPR,82,livre,0.0,0.0,2026-09-24T02:21:07.721-03:00
PUCPR,83,livre,0.0,0.0,2026-09-24T02:21:07.721-03:00
PUCPR,84,livre,0.0,0.0,2026-09-24T02:21:07.721-03:00
PUCPR,85,livre,0.0,0.0,2026-09-24T02:21:07.721-03:00
PUCPR,86,livre,0.0,0.0,2026-09-24T02:21:07.721-03:00
PUCPR,87,livre,0.0,0.0,2026-09-24T02:21:07.721-03:00
PUCPR,88,livre,0.0,0.0,2026-09-24T02:21:07.721-03:00
PUCPR,89,livre,0.0,0.0,2026-09-24T02:21:07.721-03:00
PUCPR,9,livre,0.0,0.0,2026-09-24T02:21:07.721-03:00
PUCPR,90,livre,0.0,0.0,2026-09-24T02:21:07.721-03:00
PUCPR,91,livre,0.0,0.0,2026-09-24T02:21:07.721-03:00
PUCPR,92,livre,0.0,0.0,2026-09-24T02:21:07.721-03:00
PUCPR,93,livre,0.0,0.0,2026-09-24T02:21:07.721-03:00
PUCPR,94,livre,0.0,0.0,2026-09-24T02:21:07.721-03:00
PUCPR,95,livre,0.0,0.0,2026-09-24T02:21:07.721-03:00
PUCPR,96,livre,0.0,0.0,2026-09-24T02:21:07.721-03:00
PUCPR,97,livre,0.0,0.0,2026-09-24T02:21:07.721-03:00
PUCPR,98,livre,0.0,0.0,2026-09-24T02:21:07.721-03:00
PUCPR,99,livre,0.0,0.0,2026-09-24T02:21:07.721-03:00
PUCPR,1,livre,0.0,0.0,2026-09-24T02:21:07.769-03:00
PUCPR,10,livre,0.0,0.0,2026-09-24T02:21:07.769-03:00
PUCPR,100,livre,0.0,0.0,2026-09-24T02:21:07.769-03:00
PUCPR,11,livre,0.0,0.0,2026-09-24T02:21:07.769-03:00
PUCPR,12,livre,0.0,0.0,2026-09-24T02:21:07.769-03:00
PUCPR,13,livre,0.0,0.0,2026-09-24T02:21:07.769-03:00
PUCPR,14,livre,0.0,0.0,2026-09-24T02:21:07.769-03:00
PUCPR,15,livre,0.0,0.0,2026-09-24T02:21:07.769-03:00
PUCPR,16,livre,0.0,0.0,2026-09-24T02:21:07.769-03:00
PUCPR,17,livre,0.0,0.0,2026-09-24T02:21:07.769-03:00
PUCPR,18,livre,0.0,0.0,2026-09-24T02:21:07.769-03:00
PUCPR,19,livre,0.0,0.0,2026-09-24T02:21:07.769-03:00
PUCPR,2,livre,0.0,0.0,2026-09-24T02:21:07.769-03:00
PUCPR,20,livre,0.0,0.0,2026-09-24T02:21:07.769-03:00
PUCPR,21,livre,0.0,0.0,2026-09-24T02:21:07.769-03:00
PUCPR,22,livre,0.0,0.0,2026-09-24T02:21:07.769-03:00
PUCPR,23,livre,0.0,0.0,2026-09-24T02:21:07.769-03:00
PUCPR,24,livre,0.0,0.0,2026-09-24T02:21:07.769-03:00
PUCPR,25,livre,0.0,0.0,2026-09-24T02:21:07.769-03:00
PUCPR,26,livre,0.0,0.0,2026-09-24T02:21:07.769-03:00
PUCPR,27,livre,0.0,0.0,2026-09-24T02:21:07.769-03:00
PUCPR,28,livre,0.0,0.0,2026-09-24T02:21:07.769-03:00
PUCPR,29,livre,0.0,0.0,2026-09-24T02:21:07.769-03:00
PUCPR,3,livre,0.0,0.0,2026-09-24T02:21:07.769-03:00
PUCPR,30,livre,0.0,0.0,2026-09-24T02:21:07.769-03:00
PUCPR,31,livre,0.0,0.0,2026-09-24T02:21:07.769-03:00
PUCPR,32,livre,0.0,0.0,2026-09-24T02:21:07.769-03:00
PUCPR,33,livre,0.0,0.0,2026-09-24T02:21:07.769-03:00
PUCPR,34,livre,0.0,0.0,2026-09-24T02:21:07.769-03:00
PUCPR,35,livre,0.0,0.0,2026-09-24T02:21:07.769-03:00
PUCPR,36,livre,0.0,0.0,2026-09-24T02:21:07.769-03:00
PUCPR,37,livre,0.0,0.0,2026-09-24T02:21:07.769-03:00
PUCPR,38,livre,0.0,0.0,2026-09-24T02:21:07.769-03:00
PUCPR,39,livre,0.0,0.0,2026-09-24T02:21:07.769-03:00
PUCPR,4,livre,0.0,0.0,2026-09-24T02:21:07.769-03:00
PUCPR,40,livre,0.0,0.0,2026-09-24T02:21:07.769-03:00
PUCPR,41,livre,0.0,0.0,2026-09-24T02:21:07.769-03:00
PUCPR,42,livre,0.0,0.0,2026-09-24T02:21:07.769-03:00
PUCPR,43,livre,0.0,0.0,2026-09-24T02:21:07.769-03:00
PUCPR,44,livre,0.0,0.0,2026-09-24T02:21:07.769-03:00
PUCPR,45,livre,0.0,0.0,2026-09-24T02:21:07.769-03:00
PUCPR,46,livre,0.0,0.0,2026-09-24T02:21:07.769-03:00
PUCPR,47,livre,0.0,0.0,2026-09-24T02:21:07.769-03:00
PUCPR,48,livre,0.0,0.0,2026-09-24T02:21:07.769-03:00
PUCPR,49,livre,0.0,0.0,2026-09-24T02:21:07.769-03:00
PUCPR,5,livre,0.0,0.0,2026-09-24T02:21:07.769-03:00
PUCPR,50,livre,0.0,0.0,2026-09-24T02:21:07.769-03:00
PUCPR,51,livre,0.0,0.0,2026-09-24T02:21:07.769-03:00
PUCPR,52,livre,0.0,0.0,2026-09-24T02:21:07.769-03:00
PUCPR,53,livre,0.0,0.0,2026-09-24T02:21:07.769-03:00
PUCPR,54,livre,0.0,0.0,2026-09-24T02:21:07.769-03:00
PUCPR,55,livre,0.0,0.0,2026-09-24T02:21:07.769-03:00
PUCPR,56,livre,0.0,0.0,2026-09-24T02:21:07.769-03:00
PUCPR,57,livre,0.0,0.0,2026-09-24T02:21:07.769-03:00
PUCPR,58,livre,0.0,0.0,2026-09-24T02:21:07.769-03:00
PUCPR,59,livre,0.0,0.0,2026-09-24T02:21:07.769-03:00
PUCPR,6,livre,0.0,0.0,2026-09-24T02:21:07.769-03:00
PUCPR,60,livre,0.0,0.0,2026-09-24T02:21:07.769-03:00
PUCPR,61,livre,0.0,0.0,2026-09-24T02:21:07.769-03:00
PUCPR,62,livre,0.0,0.0,2026-09-24T02:21:07.769-03:00
PUCPR,63,livre,0.0,0.0,2026-09-24T02:21:07.769-03:00
PUCPR,64,livre,0.0,0.0,2026-09-24T02:21:07.769-03:00
PUCPR,65,livre,0.0,0.0,2026-09-24T02:21:07.769-03:00
PUCPR,66,livre,0.0,0.0,2026-09-24T02:21:07.769-03:00
PUCPR,67,livre,0.0,0.0,2026-09-24T02:21:07.769-03:00
PUCPR,68,livre,0.0,0.0,2026-09-24T02:21:07.769-03:00
PUCPR,69,livre,0.0,0.0,2026-09-24T02:21:07.769-03:00
PUCPR,7,livre,0.0,0.0,2026-09-24T02:21:07.769-03:00
PUCPR,70,livre,0.0,0.0,2026-09-24T02:21:07.769-03:00
PUCPR,71,livre,0.0,0.0,2026-09-24T02:21:07.769-03:00
PUCPR,72,livre,0.3192233443260193,0.9880790729730633,2026-09-24T02:21:07.769-03:00
PUCPR,73,livre,0.0,0.04662199357493918,2026-09-24T02:21:07.769-03:00
PUCPR,74,livre,0.0,0.0,2026-09-24T02:21:07.769-03:00
PUCPR,75,livre,0.0,0.0,2026-09-24T02:21:07.769-03:00
PUCPR,76,livre,0.0,0.0,2026-09-24T02:21:07.769-03:00
PUCPR,77,livre,0.0,0.0,2026-09-24T02:21:07.769-03:00
PUCPR,78,livre,0.0,0.0,2026-09-24T02:21:07.769-03:00
PUCPR,79,livre,0.0,0.0,2026-09-24T02:21:07.769-03:00
PUCPR,8,livre,0.0,0.0,2026-09-24T02:21:07.769-03:00
PUCPR,80,livre,0.0,0.0,2026-09-24T02:21:07.769-03:00
PUCPR,81,livre,0.0,0.0,2026-09-24T02:21:07.769-03:00
PUCPR,82,livre,0.0,0.0,2026-09-24T02:21:07.769-03:00
PUCPR,83,livre,0.0,0.0,2026-09-24T02:21:07.769-03:00
PUCPR,84,livre,0.0,0.0,2026-09-24T02:21:07.769-03:00
PUCPR,85,livre,0.0,0.0,2026-09-24T02:21:07.769-03:00
PUCPR,86,livre,0.0,0.0,2026-09-24T02:21:07.769-03:00
PUCPR,87,livre,0.0,0.0,2026-09-24T02:21:07.769-03:00
PUCPR,88,livre,0.0,0.0,2026-09-24T02:21:07.769-03:00
PUCPR,89,livre,0.0,0.0,2026-09-24T02:21:07.769-03:00
PUCPR,9,livre,0.0,0.0,2026-09-24T02:21:07.769-03:00
PUCPR,90,livre,0.0,0.0,2026-09-24T02:21:07.769-03:00
PUCPR,91,livre,0.0,0.0,2026-09-24T02:21:07.769-03:00
PUCPR,92,livre,0.0,0.0,2026-09-24T02:21:07.769-03:00
PUCPR,93,livre,0.0,0.0,2026-09-24T02:21:07.769-03:00
PUCPR,94,livre,0.0,0.0,2026-09-24T02:21:07.769-03:00
PUCPR,95,livre,0.0,0.0,2026-09-24T02:21:07.769-03:00
PUCPR,96,livre,0.0,0.0,2026-09-24T02:21:07.769-03:00
PUCPR,97,livre,0.0,0.0,2026-09-24T02:21:07.769-03:00
PUCPR,98,livre,0.0,0.0,2026-09-24T02:21:07.769-03:00
PUCPR,99,livre,0.0,0.0,2026-09-24T02:21:07.769-03:00
PUCPR,1,livre,0.0,0.0,2026-09-24T02:21:07.835-03:00
PUCPR,10,livre,0.0,0.0,2026-09-24T02:21:07.835-03:00
PUCPR,100,livre,0.0,0.0,2026-09-24T02:21:07.835-03:00
PUCPR,11,livre,0.0,0.0,2026-09-24T02:21:07.835-03:00
PUCPR,12,livre,0.0,0.0,2026-09-24T02:21:07.835-03:00
PUCPR,13,livre,0.0,0.0,2026-09-24T02:21:07.835-03:00
PUCPR,14,livre,0.0,0.0,2026-09-24T02:21:07.835-03:00
PUCPR,15,livre,0.0,0.0,2026-09-24T02:21:07.835-03:00
PUCPR,16,livre,0.0,0.0,2026-09-24T02:21:07.835-03:00
PUCPR,17,livre,0.0,0.0,2026-09-24T02:21:07.835-03:00
PUCPR,18,livre,0.0,0.0,2026-09-24T02:21:07.835-03:00
PUCPR,19,livre,0.0,0.0,2026-09-24T02:21:07.835-03:00
PUCPR,2,livre,0.0,0.07302194165149463,2026-09-24T02:21:07.835-03:00
PUCPR,20,livre,0.0,0.0,2026-09-24T02:21:07.835-03:00
PUCPR,21,livre,0.0,0.0,2026-09-24T02:21:07.835-03:00
PUCPR,22,livre,0.0,0.0,2026-09-24T02:21:07.835-03:00
PUCPR,23,livre,0.0,0.0,2026-09-24T02:21:07.835-03:00
PUCPR,24,livre,0.0,0.0,2026-09-24T02:21:07.835-03:00
PUCPR,25,livre,0.0,0.0,2026-09-24T02:21:07.835-03:00
PUCPR,26,livre,0.0,0.0,2026-09-24T02:21:07.835-03:00
PUCPR,27,livre,0.0,0.0,2026-09-24T02:21:07.835-03:00
PUCPR,28,livre,0.0,0.0,2026-09-24T02:21:07.835-03:00
PUCPR,29,livre,0.0,0.0,2026-09-24T02:21:07.835-03:00
PUCPR,3,livre,0.3374471962451935,0.7566591945674084,2026-09-24T02:21:07.835-03:00
PUCPR,30,livre,0.0,0.0,2026-09-24T02:21:07.835-03:00
PUCPR,31,livre,0.0,0.0,2026-09-24T02:21:07.835-03:00
PUCPR,32,livre,0.0,0.0,2026-09-24T02:21:07.835-03:00
PUCPR,33,livre,0.0,0.0,2026-09-24T02:21:07.835-03:00
PUCPR,34,livre,0.0,0.0,2026-09-24T02:21:07.835-03:00
PUCPR,35,livre,0.0,0.0,2026-09-24T02:21:07.835-03:00
PUCPR,36,livre,0.0,0.0,2026-09-24T02:21:07.835-03:00
PUCPR,37,livre,0.0,0.0,2026-09-24T02:21:07.835-03:00
PUCPR,38,livre,0.0,0.0,2026-09-24T02:21:07.835-03:00
PUCPR,39,livre,0.0,0.0,2026-09-24T02:21:07.835-03:00
PUCPR,4,livre,0.0,0.00297763982789595,2026-09-24T02:21:07.835-03:00
PUCPR,40,livre,0.0,0.0,2026-09-24T02:21:07.835-03:00
PUCPR,41,livre,0.0,0.0,2026-09-24T02:21:07.835-03:00
PUCPR,42,livre,0.0,0.0,2026-09-24T02:21:07.835-03:00
PUCPR,43,livre,0.0,0.0,2026-09-24T02:21:07.835-03:00
PUCPR,44,livre,0.0,0.0,2026-09-24T02:21:07.835-03:00
PUCPR,45,livre,0.0,0.0,2026-09-24T02:21:07.835-03:00
PUCPR,46,livre,0.0,0.0,2026-09-24T02:21:07.835-03:00
PUCPR,47,livre,0.0,0.0,2026-09-24T02:21:07.835-03:00
PUCPR,48,livre,0.0,0.0,2026-09-24T02:21:07.835-03:00
PUCPR,49,livre,0.0,0.0,2026-09-24T02:21:07.835-03:00
PUCPR,5,livre,0.0,0.0,2026-09-24T02:21:07.835-03:00
PUCPR,50,livre,0.0,0.0,2026-09-24T02:21:07.835-03:00
PUCPR,51,livre,0.0,0.0,2026-09-24T02:21:07.835-03:00
PUCPR,52,livre,0.0,0.0,2026-09-24T02:21:07.835-03:00
PUCPR,53,livre,0.0,0.0,2026-09-24T02:21:07.835-03:00
PUCPR,54,livre,0.0,0.0,2026-09-24T02:21:07.835-03:00
PUCPR,55,livre,0.0,0.0,2026-09-24T02:21:07.835-03:00
PUCPR,56,livre,0.0,0.0,2026-09-24T02:21:07.835-03:00
PUCPR,57,livre,0.0,0.0,2026-09-24T02:21:07.835-03:00
PUCPR,58,livre,0.0,0.0,2026-09-24T02:21:07.835-03:00
PUCPR,59,livre,0.0,0.0,2026-09-24T02:21:07.835-03:00
PUCPR,6,livre,0.0,0.0,2026-09-24T02:21:07.835-03:00
PUCPR,60,livre,0.0,0.0,2026-09-24T02:21:07.835-03:00
PUCPR,61,livre,0.0,0.0,2026-09-24T02:21:07.835-03:00
PUCPR,62,livre,0.0,0.0,2026-09-24T02:21:07.835-03:00
PUCPR,63,livre,0.0,0.0,2026-09-24T02:21:07.835-03:00
PUCPR,64,livre,0.0,0.0,2026-09-24T02:21:07.835-03:00
PUCPR,65,livre,0.0,0.0,2026-09-24T02:21:07.835-03:00
PUCPR,66,livre,0.0,0.0,2026-09-24T02:21:07.835-03:00
PUCPR,67,livre,0.0,0.0,2026-09-24T02:21:07.835-03:00
PUCPR,68,livre,0.0,0.0,2026-09-24T02:21:07.835-03:00
PUCPR,69,livre,0.0,0.0,2026-09-24T02:21:07.835-03:00
PUCPR,7,livre,0.0,0.0,2026-09-24T02:21:07.835-03:00
PUCPR,70,livre,0.0,0.014141945295992308,2026-09-24T02:21:07.835-03:00
PUCPR,71,livre,0.3122190535068512,0.9391135698333871,2026-09-24T02:21:07.835-03:00
PUCPR,72,ocupada,0.27449682354927063,0.9877250953348254,2026-09-24T02:21:07.835-03:00
PUCPR,73,livre,0.33899906277656555,0.9153656623912483,2026-09-24T02:21:07.835-03:00
PUCPR,74,livre,0.0,0.020053239169995508,2026-09-24T02:21:07.835-03:00
PUCPR,75,livre,0.0,0.0,2026-09-24T02:21:07.835-03:00
PUCPR,76,livre,0.0,0.0,2026-09-24T02:21:07.835-03:00
PUCPR,77,livre,0.0,0.0,2026-09-24T02:21:07.835-03:00
PUCPR,78,livre,0.0,0.0,2026-09-24T02:21:07.835-03:00
PUCPR,79,livre,0.0,0.0,2026-09-24T02:21:07.835-03:00
PUCPR,8,livre,0.0,0.0,2026-09-24T02:21:07.835-03:00
PUCPR,80,livre,0.0,0.0,2026-09-24T02:21:07.835-03:00
PUCPR,81,livre,0.0,0.0,2026-09-24T02:21:07.835-03:00
PUCPR,82,livre,0.2880425453186035,0.8064436163511036,2026-09-24T02:21:07.835-03:00
PUCPR,83,livre,0.0,0.0,2026-09-24T02:21:07.835-03:00
PUCPR,84,livre,0.0,0.0,2026-09-24T02:21:07.835-03:00
PUCPR,85,livre,0.0,0.0,2026-09-24T02:21:07.835-03:00
PUCPR,86,livre,0.0,0.0,2026-09-24T02:21:07.835-03:00
PUCPR,87,livre,0.0,0.0,2026-09-24T02:21:07.835-03:00
PUCPR,88,livre,0.0,0.0,2026-09-24T02:21:07.835-03:00
PUCPR,89,livre,0.0,0.0,2026-09-24T02:21:07.835-03:00
PUCPR,9,livre,0.0,0.0,2026-09-24T02:21:07.835-03:00
PUCPR,90,livre,0.0,0.0,2026-09-24T02:21:07.835-03:00
PUCPR,91,livre,0.0,0.0,2026-09-24T02:21:07.835-03:00
PUCPR,92,livre,0.0,0.0,2026-09-24T02:21:07.835-03:00
PUCPR,93,livre,0.0,0.0,2026-09-24T02:21:07.835-03:00
PUCPR,94,livre,0.0,0.0,2026-09-24T02:21:07.835-03:00
PUCPR,95,livre,0.0,0.0,2026-09-24T02:21:07.835-03:00
PUCPR,96,livre,0.0,0.0,2026-09-24T02:21:07.835-03:00
PUCPR,97,livre,0.0,0.0,2026-09-24T02:21:07.835-03:00
PUCPR,98,livre,0.0,0.0,2026-09-24T02:21:07.835-03:00
PUCPR,99,livre,0.0,0.0,2026-09-24T02:21:07.835-03:00
PUCPR,1,livre,0.0,0.0,2026-09-24T02:21:07.891-03:00
PUCPR,10,livre,0.0,0.0,2026-09-24T02:21:07.891-03:00
PUCPR,100,livre,0.0,0.0,2026-09-24T02:21:07.891-03:00
PUCPR,11,livre,0.0,0.0,2026-09-24T02:21:07.891-03:00
PUCPR,12,livre,0.0,0.0,2026-09-24T02:21:07.891-03:00
PUCPR,13,livre,0.0,0.0,2026-09-24T02:21:07.891-03:00
PUCPR,14,livre,0.0,0.0,2026-09-24T02:21:07.891-03:00
PUCPR,15,livre,0.0,0.0,2026-09-24T02:21:07.891-03:00
PUCPR,16,livre,0.0,0.0,2026-09-24T02:21:07.891-03:00
PUCPR,17,livre,0.0,0.0,2026-09-24T02:21:07.891-03:00
PUCPR,18,livre,0.0,0.0,2026-09-24T02:21:07.891-03:00
PUCPR,19,livre,0.0,0.0,2026-09-24T02:21:07.891-03:00
PUCPR,2,livre,0.0,0.07818396829593628,2026-09-24T02:21:07.891-03:00
PUCPR,20,livre,0.0,0.0,2026-09-24T02:21:07.891-03:00
PUCPR,21,livre,0.0,0.0,2026-09-24T02:21:07.891-03:00
PUCPR,22,livre,0.0,0.0,2026-09-24T02:21:07.891-03:00
PUCPR,23,livre,0.0,0.0,2026-09-24T02:21:07.891-03:00
PUCPR,24,livre,0.0,0.0,2026-09-24T02:21:07.891-03:00
PUCPR,25,livre,0.0,0.0,2026-09-24T02:21:07.891-03:00
PUCPR,26,livre,0.0,0.004222309103378288,2026-09-24T02:21:07.891-03:00
PUCPR,27,livre,0.3313981890678406,0.8474367314227884,2026-09-24T02:21:07.891-03:00
PUCPR,28,livre,0.0,0.29715787948200695,2026-09-24T02:21:07.891-03:00
PUCPR,29,livre,0.0,0.0,2026-09-24T02:21:07.891-03:00
PUCPR,3,livre,0.25311046838760376,0.8982604623629846,2026-09-24T02:21:07.891-03:00
PUCPR,30,livre,0.0,0.0,2026-09-24T02:21:07.891-03:00
PUCPR,31,livre,0.0,0.0,2026-09-24T02:21:07.891-03:00
PUCPR,32,livre,0.0,0.0,2026-09-24T02:21:07.891-03:00
PUCPR,33,livre,0.0,0.0,2026-09-24T02:21:07.891-03:00
PUCPR,34,livre,0.0,0.0,2026-09-24T02:21:07.891-03:00
PUCPR,35,livre,0.0,0.0,2026-09-24T02:21:07.891-03:00
PUCPR,36,livre,0.0,0.0,2026-09-24T02:21:07.891-03:00
PUCPR,37,livre,0.0,0.0,2026-09-24T02:21:07.891-03:00
PUCPR,38,livre,0.0,0.0,2026-09-24T02:21:07.891-03:00
PUCPR,39,livre,0.0,0.0,2026-09-24T02:21:07.891-03:00
PUCPR,4,livre,0.0,0.13933012584922136,2026-09-24T02:21:07.891-03:00
PUCPR,40,livre,0.0,0.0,2026-09-24T02:21:07.891-03:00
PUCPR,41,livre,0.0,0.0,2026-09-24T02:21:07.891-03:00
PUCPR,42,livre,0.0,0.0,2026-09-24T02:21:07.891-03:00
PUCPR,43,livre,0.0,0.0,2026-09-24T02:21:07.891-03:00
PUCPR,44,livre,0.0,0.0,2026-09-24T02:21:07.891-03:00
PUCPR,45,livre,0.0,0.0,2026-09-24T02:21:07.891-03:00
PUCPR,46,livre,0.0,0.0,2026-09-24T02:21:07.891-03:00
PUCPR,47,livre,0.0,0.0,2026-09-24T02:21:07.891-03:00
PUCPR,48,livre,0.0,0.0,2026-09-24T02:21:07.891-03:00
PUCPR,49,livre,0.0,0.1890988557722771,2026-09-24T02:21:07.891-03:00
PUCPR,5,livre,0.577917218208313,0.9551210134628947,2026-09-24T02:21:07.891-03:00
PUCPR,50,livre,0.3313981890678406,0.8536515993257384,2026-09-24T02:21:07.891-03:00
PUCPR,51,livre,0.0,0.0,2026-09-24T02:21:07.891-03:00
PUCPR,52,livre,0.0,0.0,2026-09-24T02:21:07.891-03:00
PUCPR,53,livre,0.0,0.0,2026-09-24T02:21:07.891-03:00
PUCPR,54,livre,0.0,0.0,2026-09-24T02:21:07.891-03:00
PUCPR,55,livre,0.0,0.0,2026-09-24T02:21:07.891-03:00
PUCPR,56,livre,0.0,0.0,2026-09-24T02:21:07.891-03:00
PUCPR,57,livre,0.0,0.0,2026-09-24T02:21:07.891-03:00
PUCPR,58,livre,0.0,0.0,2026-09-24T02:21:07.891-03:00
PUCPR,59,livre,0.0,0.0,2026-09-24T02:21:07.891-03:00
PUCPR,6,livre,0.0,0.0,2026-09-24T02:21:07.891-03:00
PUCPR,60,livre,0.0,0.0,2026-09-24T02:21:07.891-03:00
PUCPR,61,livre,0.0,0.0,2026-09-24T02:21:07.891-03:00
PUCPR,62,livre,0.0,0.0,2026-09-24T02:21:07.891-03:00
PUCPR,63,livre,0.0,0.0,2026-09-24T02:21:07.891-03:00
PUCPR,64,livre,0.0,0.0,2026-09-24T02:21:07.891-03:00
PUCPR,65,livre,0.0,0.0,2026-09-24T02:21:07.891-03:00
PUCPR,66,livre,0.0,0.0,2026-09-24T02:21:07.891-03:00
PUCPR,67,livre,0.0,0.0,2026-09-24T02:21:07.891-03:00
PUCPR,68,livre,0.0,0.0,2026-09-24T02:21:07.891-03:00
PUCPR,69,livre,0.0,0.0,2026-09-24T02:21:07.891-03:00
PUCPR,7,livre,0.0,0.0,2026-09-24T02:21:07.891-03:00
PUCPR,70,livre,0.0,0.01709916019798654,2026-09-24T02:21:07.891-03:00
PUCPR,71,livre,0.385006308555603,0.9438077095752225,2026-09-24T02:21:07.891-03:00
PUCPR,72,ocupada,0.2728523313999176,0.9898322693304108,2026-09-24T02:21:07.891-03:00
PUCPR,73,livre,0.3481718599796295,0.9091124660059428,2026-09-24T02:21:07.891-03:00
PUCPR,74,livre,0.0,0.020697655660721164,2026-09-24T02:21:07.891-03:00
PUCPR,75,livre,0.0,0.0,2026-09-24T02:21:07.891-03:00
PUCPR,76,livre,0.0,0.0,2026-09-24T02:21:07.891-03:00
PUCPR,77,livre,0.0,0.0,2026-09-24T02:21:07.891-03:00
PUCPR,78,livre,0.0,0.0,2026-09-24T02:21:07.891-03:00
PUCPR,79,livre,0.0,0.0,2026-09-24T02:21:07.891-03:00
PUCPR,8,livre,0.0,0.0,2026-09-24T02:21:07.891-03:00
PUCPR,80,livre,0.0,0.0,2026-09-24T02:21:07.891-03:00
PUCPR,81,livre,0.0,0.0,2026-09-24T02:21:07.891-03:00
PUCPR,82,livre,0.32793956995010376,0.809726017264954,2026-09-24T02:21:07.891-03:00
PUCPR,83,livre,0.0,0.0,2026-09-24T02:21:07.891-03:00
PUCPR,84,livre,0.0,0.0,2026-09-24T02:21:07.891-03:00
PUCPR,85,livre,0.0,0.0,2026-09-24T02:21:07.891-03:00
PUCPR,86,livre,0.0,0.0,2026-09-24T02:21:07.891-03:00
PUCPR,87,livre,0.0,0.0,2026-09-24T02:21:07.891-03:00
PUCPR,88,livre,0.0,0.0,2026-09-24T02:21:07.891-03:00
PUCPR,89,livre,0.0,0.0,2026-09-24T02:21:07.891-03:00
PUCPR,9,livre,0.0,0.0,2026-09-24T02:21:07.891-03:00
PUCPR,90,livre,0.0,0.0,2026-09-24T02:21:07.891-03:00
PUCPR,91,livre,0.0,0.0,2026-09-24T02:21:07.891-03:00
PUCPR,92,livre,0.0,0.0,2026-09-24T02:21:07.891-03:00
PUCPR,93,livre,0.0,0.0,2026-09-24T02:21:07.891-03:00
PUCPR,94,livre,0.0,0.0,2026-09-24T02:21:07.891-03:00
PUCPR,95,livre,0.0,0.0,2026-09-24T02:21:07.891-03:00
PUCPR,96,livre,0.0,0.0,2026-09-24T02:21:07.891-03:00
PUCPR,97,livre,0.0,0.0,2026-09-24T02:21:07.891-03:00
PUCPR,98,livre,0.0,0.0,2026-09-24T02:21:07.891-03:00
PUCPR,99,livre,0.0,0.0,2026-09-24T02:21:07.891-03:00
PUCPR,1,livre,0.0,0.0,2026-09-24T02:21:07.959-03:00
PUCPR,10,livre,0.0,0.0,2026-09-24T02:21:07.959-03:00
PUCPR,100,livre,0.0,0.0,2026-09-24T02:21:07.959-03:00
PUCPR,11,livre,0.0,0.0,2026-09-24T02:21:07.959-03:00
PUCPR,12,livre,0.0,0.0,2026-09-24T02:21:07.959-03:00
PUCPR,13,livre,0.0,0.0,2026-09-24T02:21:07.959-03:00
PUCPR,14,livre,0.0,0.0,2026-09-24T02:21:07.959-03:00
PUCPR,15,livre,0.0,0.0,2026-09-24T02:21:07.959-03:00
PUCPR,16,livre,0.0,0.0,2026-09-24T02:21:07.959-03:00
PUCPR,17,livre,0.0,0.0,2026-09-24T02:21:07.959-03:00
PUCPR,18,livre,0.0,0.0,2026-09-24T02:21:07.959-03:00
PUCPR,19,livre,0.0,0.0,2026-09-24T02:21:07.959-03:00
PUCPR,2,livre,0.0,0.08531334953207192,2026-09-24T02:21:07.959-03:00
PUCPR,20,livre,0.0,0.0,2026-09-24T02:21:07.959-03:00
PUCPR,21,livre,0.0,0.0,2026-09-24T02:21:07.959-03:00
PUCPR,22,livre,0.0,0.0,2026-09-24T02:21:07.959-03:00
PUCPR,23,livre,0.0,0.0,2026-09-24T02:21:07.959-03:00
PUCPR,24,livre,0.0,0.0,2026-09-24T02:21:07.959-03:00
PUCPR,25,livre,0.0,0.0,2026-09-24T02:21:07.959-03:00
PUCPR,26,livre,0.0,0.013909605211625747,2026-09-24T02:21:07.959-03:00
PUCPR,27,livre,0.0,0.0008621332179954215,2026-09-24T02:21:07.959-03:00
PUCPR,28,livre,0.0,0.0,2026-09-24T02:21:07.959-03:00
PUCPR,29,livre,0.0,0.0,2026-09-24T02:21:07.959-03:00
PUCPR,3,ocupada,0.3251282870769501,0.7896440015125122,2026-09-24T02:21:07.959-03:00
PUCPR,30,livre,0.0,0.0,2026-09-24T02:21:07.959-03:00
PUCPR,31,livre,0.0,0.0,2026-09-24T02:21:07.959-03:00
PUCPR,32,livre,0.0,0.0,2026-09-24T02:21:07.959-03:00
PUCPR,33,livre,0.0,0.0,2026-09-24T02:21:07.959-03:00
PUCPR,34,livre,0.0,0.0,2026-09-24T02:21:07.959-03:00
PUCPR,35,livre,0.0,0.0,2026-09-24T02:21:07.959-03:00
PUCPR,36,livre,0.0,0.0,2026-09-24T02:21:07.959-03:00
PUCPR,37,livre,0.0,0.0,2026-09-24T02:21:07.959-03:00
PUCPR,38,livre,0.0,0.0,2026-09-24T02:21:07.959-03:00
PUCPR,39,livre,0.0,0.0,2026-09-24T02:21:07.959-03:00
PUCPR,4,livre,0.0,0.14695358068478068,2026-09-24T02:21:07.959-03:00
PUCPR,40,livre,0.0,0.0,2026-09-24T02:21:07.959-03:00
PUCPR,41,livre,0.0,0.0,2026-09-24T02:21:07.959-03:00
PUCPR,42,livre,0.0,0.0,2026-09-24T02:21:07.959-03:00
PUCPR,43,livre,0.0,0.0,2026-09-24T02:21:07.959-03:00
PUCPR,44,livre,0.0,0.0,2026-09-24T02:21:07.959-03:00
PUCPR,45,livre,0.0,0.0,2026-09-24T02:21:07.959-03:00
PUCPR,46,livre,0.0,0.0,2026-09-24T02:21:07.959-03:00
PUCPR,47,livre,0.0,0.0,2026-09-24T02:21:07.959-03:00
PUCPR,48,livre,0.0,0.07020988571986601,2026-09-24T02:21:07.959-03:00
PUCPR,49,livre,0.25821828842163086,0.9018953321885228,2026-09-24T02:21:07.959-03:00
PUCPR,5,livre,0.4121442139148712,0.9648260742512332,2026-09-24T02:21:07.959-03:00
PUCPR,50,livre,0.0,0.0,2026-09-24T02:21:07.959-03:00
PUCPR,51,livre,0.0,0.0,2026-09-24T02:21:07.959-03:00
PUCPR,52,livre,0.0,0.0,2026-09-24T02:21:07.959-03:00
PUCPR,53,livre,0.0,0.0,2026-09-24T02:21:07.959-03:00
PUCPR,54,livre,0.0,0.0,2026-09-24T02:21:07.959-03:00
PUCPR,55,livre,0.0,0.0,2026-09-24T02:21:07.959-03:00
PUCPR,56,livre,0.0,0.0,2026-09-24T02:21:07.959-03:00
PUCPR,57,livre,0.0,0.0,2026-09-24T02:21:07.959-03:00
PUCPR,58,livre,0.0,0.0,2026-09-24T02:21:07.959-03:00
PUCPR,59,livre,0.0,0.0,2026-09-24T02:21:07.959-03:00
PUCPR,6,livre,0.0,0.07677979635767826,2026-09-24T02:21:07.959-03:00
PUCPR,60,livre,0.0,0.0,2026-09-24T02:21:07.959-03:00
PUCPR,61,livre,0.0,0.0,2026-09-24T02:21:07.959-03:00
PUCPR,62,livre,0.0,0.0,2026-09-24T02:21:07.959-03:00
PUCPR,63,livre,0.0,0.0,2026-09-24T02:21:07.959-03:00
PUCPR,64,livre,0.0,0.0,2026-09-24T02:21:07.959-03:00
PUCPR,65,livre,0.0,0.0,2026-09-24T02:21:07.959-03:00
PUCPR,66,livre,0.0,0.0,2026-09-24T02:21:07.959-03:00
PUCPR,67,livre,0.0,0.0,2026-09-24T02:21:07.959-03:00
PUCPR,68,livre,0.0,0.0,2026-09-24T02:21:07.959-03:00
PUCPR,69,livre,0.0,0.0,2026-09-24T02:21:07.959-03:00
PUCPR,7,livre,0.0,0.03111206975287666,2026-09-24T02:21:07.959-03:00
PUCPR,70,livre,0.0,0.017701383384107056,2026-09-24T02:21:07.959-03:00
PUCPR,71,ocupada,0.2890699803829193,0.9437778462631804,2026-09-24T02:21:07.959-03:00
PUCPR,72,ocupada,0.2553403973579407,0.9840491260775219,2026-09-24T02:21:07.959-03:00
PUCPR,73,ocupada,0.3134429454803467,0.8851131723477327,2026-09-24T02:21:07.959-03:00
PUCPR,74,livre,0.0,0.015768903866757715,2026-09-24T02:21:07.959-03:00
PUCPR,75,livre,0.0,0.0,2026-09-24T02:21:07.959-03:00
PUCPR,76,livre,0.0,0.0,2026-09-24T02:21:07.959-03:00
PUCPR,77,livre,0.0,0.0,2026-09-24T02:21:07.959-03:00
PUCPR,78,livre,0.0,0.0,2026-09-24T02:21:07.959-03:00
PUCPR,79,livre,0.0,0.0,2026-09-24T02:21:07.959-03:00
PUCPR,8,livre,0.0,0.0,2026-09-24T02:21:07.959-03:00
PUCPR,80,livre,0.0,0.0,2026-09-24T02:21:07.959-03:00
PUCPR,81,livre,0.0,0.0,2026-09-24T02:21:07.959-03:00
PUCPR,82,ocupada,0.35268497467041016,0.7633136097241529,2026-09-24T02:21:07.959-03:00
PUCPR,83,livre,0.0,0.0,2026-09-24T02:21:07.959-03:00
PUCPR,84,livre,0.0,0.0,2026-09-24T02:21:07.959-03:00
PUCPR,85,livre,0.0,0.0,2026-09-24T02:21:07.959-03:00
PUCPR,86,livre,0.0,0.0,2026-09-24T02:21:07.959-03:00
PUCPR,87,livre,0.0,0.0,2026-09-24T02:21:07.959-03:00
PUCPR,88,livre,0.0,0.0,2026-09-24T02:21:07.959-03:00
PUCPR,89,livre,0.0,0.0,2026-09-24T02:21:07.959-03:00
PUCPR,9,livre,0.0,0.0,2026-09-24T02:21:07.959-03:00
PUCPR,90,livre,0.0,0.0,2026-09-24T02:21:07.959-03:00
PUCPR,91,livre,0.0,0.0,2026-09-24T02:21:07.959-03:00
PUCPR,92,livre,0.0,0.0,2026-09-24T02:21:07.959-03:00
PUCPR,93,livre,0.0,0.0,2026-09-24T02:21:07.959-03:00
PUCPR,94,livre,0.0,0.0,2026-09-24T02:21:07.959-03:00
PUCPR,95,livre,0.0,0.0,2026-09-24T02:21:07.959-03:00
PUCPR,96,livre,0.0,0.0,2026-09-24T02:21:07.959-03:00
PUCPR,97,livre,0.0,0.0,2026-09-24T02:21:07.959-03:00
PUCPR,98,livre,0.0,0.0,2026-09-24T02:21:07.959-03:00
PUCPR,99,livre,0.0,0.0,2026-09-24T02:21:07.959-03:00
PUCPR,1,livre,0.0,0.0,2026-09-24T02:21:08.025-03:00
PUCPR,10,livre,0.0,0.0,2026-09-24T02:21:08.025-03:00
PUCPR,100,livre,0.0,0.0,2026-09-24T02:21:08.025-03:00
PUCPR,11,livre,0.0,0.0,2026-09-24T02:21:08.025-03:00
PUCPR,12,livre,0.0,0.0,2026-09-24T02:21:08.025-03:00
PUCPR,13,livre,0.0,0.0,2026-09-24T02:21:08.025-03:00
PUCPR,14,livre,0.0,0.0,2026-09-24T02:21:08.025-03:00
PUCPR,15,livre,0.0,0.0,2026-09-24T02:21:08.025-03:00
PUCPR,16,livre,0.0,0.0,2026-09-24T02:21:08.025-03:00
PUCPR,17,livre,0.0,0.0,2026-09-24T02:21:08.025-03:00
PUCPR,18,livre,0.0,0.0,2026-09-24T02:21:08.025-03:00
PUCPR,19,livre,0.0,0.0,2026-09-24T02:21:08.025-03:00
PUCPR,2,livre,0.0,0.07482079496827036,2026-09-24T02:21:08.025-03:00
PUCPR,20,livre,0.0,0.0,2026-09-24T02:21:08.025-03:00
PUCPR,21,livre,0.0,0.0,2026-09-24T02:21:08.025-03:00
PUCPR,22,livre,0.0,0.0,2026-09-24T02:21:08.025-03:00
PUCPR,23,livre,0.0,0.0,2026-09-24T02:21:08.025-03:00
PUCPR,24,livre,0.0,0.0,2026-09-24T02:21:08.025-03:00
PUCPR,25,livre,0.0,0.0,2026-09-24T02:21:08.025-03:00
PUCPR,26,livre,0.0,0.03722936343665875,2026-09-24T02:21:08.025-03:00
PUCPR,27,livre,0.0,0.012091749718925966,2026-09-24T02:21:08.025-03:00
PUCPR,28,livre,0.0,0.0,2026-09-24T02:21:08.025-03:00
PUCPR,29,livre,0.0,0.0,2026-09-24T02:21:08.025-03:00
PUCPR,3,ocupada,0.31193792819976807,0.8697787257707387,2026-09-24T02:21:08.025-03:00
PUCPR,30,livre,0.0,0.0,2026-09-24T02:21:08.025-03:00
PUCPR,31,livre,0.0,0.0,2026-09-24T02:21:08.025-03:00
PUCPR,32,livre,0.0,0.0,2026-09-24T02:21:08.025-03:00
PUCPR,33,livre,0.0,0.0,2026-09-24T02:21:08.025-03:00
PUCPR,34,livre,0.0,0.0,2026-09-24T02:21:08.025-03:00
PUCPR,35,livre,0.0,0.0,2026-09-24T02:21:08.025-03:00
PUCPR,36,livre,0.0,0.0,2026-09-24T02:21:08.025-03:00
PUCPR,37,livre,0.0,0.0,2026-09-24T02:21:08.025-03:00
PUCPR,38,livre,0.0,0.0,2026-09-24T02:21:08.025-03:00
PUCPR,39,livre,0.0,0.0,2026-09-24T02:21:08.025-03:00
PUCPR,4,livre,0.0,0.10857667063595225,2026-09-24T02:21:08.025-03:00
PUCPR,40,livre,0.0,0.0,2026-09-24T02:21:08.025-03:00
PUCPR,41,livre,0.0,0.0,2026-09-24T02:21:08.025-03:00
PUCPR,42,livre,0.0,0.0,2026-09-24T02:21:08.025-03:00
PUCPR,43,livre,0.0,0.0,2026-09-24T02:21:08.025-03:00
PUCPR,44,livre,0.0,0.0,2026-09-24T02:21:08.025-03:00
PUCPR,45,livre,0.0,0.0,2026-09-24T02:21:08.025-03:00
PUCPR,46,livre,0.0,0.0,2026-09-24T02:21:08.025-03:00
PUCPR,47,livre,0.0,0.0,2026-09-24T02:21:08.025-03:00
PUCPR,48,livre,0.0,0.06061213744481469,2026-09-24T02:21:08.025-03:00
PUCPR,49,livre,0.3922829329967499,0.9263357713448395,2026-09-24T02:21:08.025-03:00
PUCPR,5,ocupada,0.4454028308391571,0.9498498917262563,2026-09-24T02:21:08.025-03:00
PUCPR,50,livre,0.0,0.0,2026-09-24T02:21:08.025-03:00
PUCPR,51,livre,0.0,0.0,2026-09-24T02:21:08.025-03:00
PUCPR,52,livre,0.0,0.0,2026-09-24T02:21:08.025-03:00
PUCPR,53,livre,0.0,0.0,2026-09-24T02:21:08.025-03:00
PUCPR,54,livre,0.0,0.0,2026-09-24T02:21:08.025-03:00
PUCPR,55,livre,0.0,0.0,2026-09-24T02:21:08.025-03:00
PUCPR,56,livre,0.0,0.0,2026-09-24T02:21:08.025-03:00
PUCPR,57,livre,0.0,0.0,2026-09-24T02:21:08.025-03:00
PUCPR,58,livre,0.0,0.0,2026-09-24T02:21:08.025-03:00
PUCPR,59,livre,0.0,0.0,2026-09-24T02:21:08.025-03:00
PUCPR,6,livre,0.0,0.09245047242390482,2026-09-24T02:21:08.025-03:00
PUCPR,60,livre,0.0,0.0,2026-09-24T02:21:08.025-03:00
PUCPR,61,livre,0.0,0.0,2026-09-24T02:21:08.025-03:00
PUCPR,62,livre,0.0,0.0,2026-09-24T02:21:08.025-03:00
PUCPR,63,livre,0.0,0.0,2026-09-24T02:21:08.025-03:00
PUCPR,64,livre,0.0,0.0,2026-09-24T02:21:08.025-03:00
PUCPR,65,livre,0.0,0.0,2026-09-24T02:21:08.025-03:00
PUCPR,66,livre,0.0,0.0,2026-09-24T02:21:08.025-03:00
PUCPR,67,livre,0.0,0.0,2026-09-24T02:21:08.025-03:00
PUCPR,68,livre,0.0,0.0,2026-09-24T02:21:08.025-03:00
PUCPR,69,livre,0.0,0.0,2026-09-24T02:21:08.025-03:00
PUCPR,7,livre,0.0,0.03826653300578303,2026-09-24T02:21:08.025-03:00
PUCPR,70,livre,0.0,0.023655031808178045,2026-09-24T02:21:08.025-03:00
PUCPR,71,ocupada,0.3179391324520111,0.9569950092291412,2026-09-24T02:21:08.025-03:00
PUCPR,72,ocupada,0.39166882634162903,0.993115598417077,2026-09-24T02:21:08.025-03:00
PUCPR,73,ocupada,0.3137451410293579,0.9058921999347734,2026-09-24T02:21:08.025-03:00
PUCPR,74,livre,0.0,0.022016264613198708,2026-09-24T02:21:08.025-03:00
PUCPR,75,livre,0.0,0.0,2026-09-24T02:21:08.025-03:00
PUCPR,76,livre,0.0,0.0,2026-09-24T02:21:08.025-03:00
PUCPR,77,livre,0.0,0.0,2026-09-24T02:21:08.025-03:00
PUCPR,78,livre,0.0,0.0,2026-09-24T02:21:08.025-03:00
PUCPR,79,livre,0.0,0.0,2026-09-24T02:21:08.025-03:00
PUCPR,8,livre,0.0,0.0,2026-09-24T02:21:08.025-03:00
PUCPR,80,livre,0.0,0.0,2026-09-24T02:21:08.025-03:00
PUCPR,81,livre,0.0,0.0,2026-09-24T02:21:08.025-03:00
PUCPR,82,ocupada,0.445025235414505,0.835157280120638,2026-09-24T02:21:08.025-03:00
PUCPR,83,livre,0.0,0.0,2026-09-24T02:21:08.025-03:00
PUCPR,84,livre,0.0,0.0,2026-09-24T02:21:08.025-03:00
PUCPR,85,livre,0.0,0.0,2026-09-24T02:21:08.025-03:00
PUCPR,86,livre,0.0,0.0,2026-09-24T02:21:08.025-03:00
PUCPR,87,livre,0.0,0.0,2026-09-24T02:21:08.025-03:00
PUCPR,88,livre,0.0,0.0,2026-09-24T02:21:08.025-03:00
PUCPR,89,livre,0.0,0.0,2026-09-24T02:21:08.025-03:00
PUCPR,9,livre,0.0,0.0,2026-09-24T02:21:08.025-03:00
PUCPR,90,livre,0.0,0.0,2026-09-24T02:21:08.025-03:00
PUCPR,91,livre,0.0,0.0,2026-09-24T02:21:08.025-03:00
PUCPR,92,livre,0.0,0.0,2026-09-24T02:21:08.025-03:00
PUCPR,93,livre,0.0,0.0,2026-09-24T02:21:08.025-03:00
PUCPR,94,livre,0.0,0.0,2026-09-24T02:21:08.025-03:00
PUCPR,95,livre,0.0,0.0,2026-09-24T02:21:08.025-03:00
PUCPR,96,livre,0.0,0.0,2026-09-24T02:21:08.025-03:00
PUCPR,97,livre,0.0,0.0,2026-09-24T02:21:08.025-03:00
PUCPR,98,livre,0.0,0.0,2026-09-24T02:21:08.025-03:00
PUCPR,99,livre,0.0,0.0,2026-09-24T02:21:08.025-03:00
PUCPR,1,livre,0.0,0.0,2026-09-24T02:21:08.079-03:00
PUCPR,10,livre,0.0,0.014204407433586246,2026-09-24T02:21:08.079-03:00
PUCPR,100,livre,0.0,0.0,2026-09-24T02:21:08.079-03:00
PUCPR,11,livre,0.0,0.0,2026-09-24T02:21:08.079-03:00
PUCPR,12,livre,0.0,0.0,2026-09-24T02:21:08.079-03:00
PUCPR,13,livre,0.0,0.0,2026-09-24T02:21:08.079-03:00
PUCPR,14,livre,0.0,0.0,2026-09-24T02:21:08.079-03:00
PUCPR,15,livre,0.0,0.0,2026-09-24T02:21:08.079-03:00
PUCPR,16,livre,0.0,0.0,2026-09-24T02:21:08.079-03:00
PUCPR,17,livre,0.0,0.0,2026-09-24T02:21:08.079-03:00
PUCPR,18,livre,0.0,0.0,2026-09-24T02:21:08.079-03:00
PUCPR,19,livre,0.0,0.0,2026-09-24T02:21:08.079-03:00
PUCPR,2,livre,0.0,0.0,2026-09-24T02:21:08.079-03:00
PUCPR,20,livre,0.0,0.0,2026-09-24T02:21:08.079-03:00
PUCPR,21,livre,0.0,0.0,2026-09-24T02:21:08.079-03:00
PUCPR,22,livre,0.0,0.0,2026-09-24T02:21:08.079-03:00
PUCPR,23,livre,0.0,0.07474829963855645,2026-09-24T02:21:08.079-03:00
PUCPR,24,livre,0.5322206616401672,0.8716943009722533,2026-09-24T02:21:08.079-03:00
PUCPR,25,livre,0.0,0.25062087997740795,2026-09-24T02:21:08.079-03:00
PUCPR,26,livre,0.0,0.03613542695529759,2026-09-24T02:21:08.079-03:00
PUCPR,27,livre,0.0,0.010024714460684642,2026-09-24T02:21:08.079-03:00
PUCPR,28,livre,0.0,0.0,2026-09-24T02:21:08.079-03:00
PUCPR,29,livre,0.0,0.0,2026-09-24T02:21:08.079-03:00
PUCPR,3,ocupada,0.0,0.0,2026-09-24T02:21:08.079-03:00
PUCPR,30,livre,0.0,0.0,2026-09-24T02:21:08.079-03:00
PUCPR,31,livre,0.0,0.0,2026-09-24T02:21:08.079-03:00
PUCPR,32,livre,0.0,0.0,2026-09-24T02:21:08.079-03:00
PUCPR,33,livre,0.0,0.0,2026-09-24T02:21:08.079-03:00
PUCPR,34,livre,0.0,0.0,2026-09-24T02:21:08.079-03:00
PUCPR,35,livre,0.0,0.0,2026-09-24T02:21:08.079-03:00
PUCPR,36,livre,0.0,0.0,2026-09-24T02:21:08.079-03:00
PUCPR,37,livre,0.0,0.0,2026-09-24T02:21:08.079-03:00
PUCPR,38,livre,0.0,0.0,2026-09-24T02:21:08.079-03:00
PUCPR,39,livre,0.0,0.0,2026-09-24T02:21:08.079-03:00
PUCPR,4,livre,0.0,0.10774676367954095,2026-09-24T02:21:08.079-03:00
PUCPR,40,livre,0.0,0.0,2026-09-24T02:21:08.079-03:00
PUCPR,41,livre,0.0,0.0,2026-09-24T02:21:08.079-03:00
PUCPR,42,livre,0.0,0.0,2026-09-24T02:21:08.079-03:00
PUCPR,43,livre,0.0,0.0,2026-09-24T02:21:08.079-03:00
PUCPR,44,livre,0.0,0.0,2026-09-24T02:21:08.079-03:00
PUCPR,45,livre,0.0,0.0,2026-09-24T02:21:08.079-03:00
PUCPR,46,livre,0.0,0.033360824570359236,2026-09-24T02:21:08.079-03:00
PUCPR,47,livre,0.0,0.09703542117577954,2026-09-24T02:21:08.079-03:00
PUCPR,48,livre,0.0,0.07631735417530976,2026-09-24T02:21:08.079-03:00
PUCPR,49,ocupada,0.3304347097873688,0.9314046166148278,2026-09-24T02:21:08.079-03:00
PUCPR,5,ocupada,0.38765639066696167,0.9488425238454544,2026-09-24T02:21:08.079-03:00
PUCPR,50,livre,0.0,0.03926906535577915,2026-09-24T02:21:08.079-03:00
PUCPR,51,livre,0.0,0.22947887783548937,2026-09-24T02:21:08.079-03:00
PUCPR,52,livre,0.0,0.0010630870515345888,2026-09-24T02:21:08.079-03:00
PUCPR,53,livre,0.3704996407032013,0.8611710269999214,2026-09-24T02:21:08.079-03:00
PUCPR,54,livre,0.0,0.006422429246720644,2026-09-24T02:21:08.079-03:00
PUCPR,55,livre,0.0,0.0,2026-09-24T02:21:08.079-03:00
PUCPR,56,livre,0.0,0.0,2026-09-24T02:21:08.079-03:00
PUCPR,57,livre,0.0,0.0,2026-09-24T02:21:08.079-03:00
PUCPR,58,livre,0.0,0.0,2026-09-24T02:21:08.079-03:00
PUCPR,59,livre,0.0,0.0,2026-09-24T02:21:08.079-03:00
PUCPR,6,livre,0.0,0.09270741592700389,2026-09-24T02:21:08.079-03:00
PUCPR,60,livre,0.0,0.0,2026-09-24T02:21:08.079-03:00
PUCPR,61,livre,0.0,0.0,2026-09-24T02:21:08.079-03:00
PUCPR,62,livre,0.0,0.0,2026-09-24T02:21:08.079-03:00
PUCPR,63,livre,0.0,0.0,2026-09-24T02:21:08.079-03:00
PUCPR,64,livre,0.0,0.0,2026-09-24T02:21:08.079-03:00
PUCPR,65,livre,0.0,0.0,2026-09-24T02:21:08.079-03:00
PUCPR,66,livre,0.0,0.0,2026-09-24T02:21:08.079-03:00
PUCPR,67,livre,0.0,0.0,2026-09-24T02:21:08.079-03:00
PUCPR,68,livre,0.0,0.0,2026-09-24T02:21:08.079-03:00
PUCPR,69,livre,0.0,0.0,2026-09-24T02:21:08.079-03:00
PUCPR,7,livre,0.0,0.0353252327103856,2026-09-24T02:21:08.079-03:00
PUCPR,70,livre,0.0,0.01569415154810548,2026-09-24T02:21:08.079-03:00
PUCPR,71,ocupada,0.27297836542129517,0.9420458967317022,2026-09-24T02:21:08.079-03:00
PUCPR,72,ocupada,0.2622374892234802,0.9943127424790876,2026-09-24T02:21:08.079-03:00
PUCPR,73,ocupada,0.2791505753993988,0.8889999768605346,2026-09-24T02:21:08.079-03:00
PUCPR,74,livre,0.0,0.016279151150100316,2026-09-24T02:21:08.079-03:00
PUCPR,75,livre,0.0,0.0,2026-09-24T02:21:08.079-03:00
PUCPR,76,livre,0.0,0.0,2026-09-24T02:21:08.079-03:00
PUCPR,77,livre,0.0,0.0,2026-09-24T02:21:08.079-03:00
PUCPR,78,livre,0.29565057158470154,0.8416405466816947,2026-09-24T02:21:08.079-03:00
PUCPR,79,livre,0.0,0.0,2026-09-24T02:21:08.079-03:00
PUCPR,8,livre,0.0,0.0,2026-09-24T02:21:08.079-03:00
PUCPR,80,livre,0.0,0.0,2026-09-24T02:21:08.079-03:00
PUCPR,81,livre,0.0,0.0,2026-09-24T02:21:08.079-03:00
PUCPR,82,ocupada,0.3686067461967468,0.8497070585973442,2026-09-24T02:21:08.079-03:00
PUCPR,83,livre,0.0,0.0,2026-09-24T02:21:08.079-03:00
PUCPR,84,livre,0.0,0.0,2026-09-24T02:21:08.079-03:00
PUCPR,85,livre,0.0,0.0,2026-09-24T02:21:08.079-03:00
PUCPR,86,livre,0.0,0.0,2026-09-24T02:21:08.079-03:00
PUCPR,87,livre,0.0,0.0,2026-09-24T02:21:08.079-03:00
PUCPR,88,livre,0.0,0.0,2026-09-24T02:21:08.079-03:00
PUCPR,89,livre,0.0,0.0,2026-09-24T02:21:08.079-03:00
PUCPR,9,livre,0.0,0.12067743236227174,2026-09-24T02:21:08.079-03:00
PUCPR,90,livre,0.0,0.0,2026-09-24T02:21:08.079-03:00
PUCPR,91,livre,0.0,0.0,2026-09-24T02:21:08.079-03:00
PUCPR,92,livre,0.0,0.0,2026-09-24T02:21:08.079-03:00
PUCPR,93,livre,0.0,0.0,2026-09-24T02:21:08.079-03:00
PUCPR,94,livre,0.0,0.0,2026-09-24T02:21:08.079-03:00
PUCPR,95,livre,0.0,0.0,2026-09-24T02:21:08.079-03:00
PUCPR,96,livre,0.0,0.0,2026-09-24T02:21:08.079-03:00
PUCPR,97,livre,0.0,0.0,2026-09-24T02:21:08.079-03:00
PUCPR,98,livre,0.0,0.0,2026-09-24T02:21:08.079-03:00
PUCPR,99,livre,0.0,0.0,2026-09-24T02:21:08.079-03:00
PUCPR,1,livre,0.2590743601322174,0.6215770235224136,2026-09-24T02:21:08.139-03:00
PUCPR,10,livre,0.0,0.0,2026-09-24T02:21:08.139-03:00
PUCPR,100,livre,0.0,0.0,2026-09-24T02:21:08.139-03:00
PUCPR,11,livre,0.0,0.0,2026-09-24T02:21:08.139-03:00
PUCPR,12,livre,0.0,0.0,2026-09-24T02:21:08.139-03:00
PUCPR,13,livre,0.0,0.0,2026-09-24T02:21:08.139-03:00
PUCPR,14,livre,0.0,0.0,2026-09-24T02:21:08.139-03:00
PUCPR,15,livre,0.0,0.0,2026-09-24T02:21:08.139-03:00
PUCPR,16,livre,0.0,0.0,2026-09-24T02:21:08.139-03:00
PUCPR,17,livre,0.0,0.0,2026-09-24T02:21:08.139-03:00
PUCPR,18,livre,0.0,0.0,2026-09-24T02:21:08.139-03:00
PUCPR,19,livre,0.0,0.0,2026-09-24T02:21:08.139-03:00
PUCPR,2,livre,0.0,0.08657332173622952,2026-09-24T02:21:08.139-03:00
PUCPR,20,livre,0.0,0.0,2026-09-24T02:21:08.139-03:00
PUCPR,21,livre,0.0,0.0,2026-09-24T02:21:08.139-03:00
PUCPR,22,livre,0.0,0.0,2026-09-24T02:21:08.139-03:00
PUCPR,23,livre,0.0,0.09381807690139796,2026-09-24T02:21:08.139-03:00
PUCPR,24,livre,0.45074179768562317,0.7738117925625899,2026-09-24T02:21:08.139-03:00
PUCPR,25,livre,0.0,0.06699623959995456,2026-09-24T02:21:08.139-03:00
PUCPR,26,livre,0.0,0.052107671269129775,2026-09-24T02:21:08.139-03:00
PUCPR,27,livre,0.0,0.022473261714414845,2026-09-24T02:21:08.139-03:00
PUCPR,28,livre,0.0,0.0019450563817550396,2026-09-24T02:21:08.139-03:00
PUCPR,29,livre,0.0,0.00714782661695185,2026-09-24T02:21:08.139-03:00
PUCPR,3,ocupada,0.30138495564460754,0.7355603256993747,2026-09-24T02:21:08.139-03:00
PUCPR,30,livre,0.0,0.0,2026-09-24T02:21:08.139-03:00
PUCPR,31,livre,0.0,0.0,2026-09-24T02:21:08.139-03:00
PUCPR,32,livre,0.0,0.0,2026-09-24T02:21:08.139-03:00
PUCPR,33,livre,0.0,0.0,2026-09-24T02:21:08.139-03:00
PUCPR,34,livre,0.0,0.0,2026-09-24T02:21:08.139-03:00
PUCPR,35,livre,0.0,0.0,2026-09-24T02:21:08.139-03:00
PUCPR,36,livre,0.0,0.0,2026-09-24T02:21:08.139-03:00
PUCPR,37,livre,0.0,0.0,2026-09-24T02:21:08.139-03:00
PUCPR,38,livre,0.0,0.0,2026-09-24T02:21:08.139-03:00
PUCPR,39,livre,0.0,0.0,2026-09-24T02:21:08.139-03:00
PUCPR,4,livre,0.0,0.08842741510173681,2026-09-24T02:21:08.139-03:00
PUCPR,40,livre,0.0,0.0,2026-09-24T02:21:08.139-03:00
PUCPR,41,livre,0.0,0.0,2026-09-24T02:21:08.139-03:00
PUCPR,42,livre,0.0,0.0,2026-09-24T02:21:08.139-03:00
PUCPR,43,livre,0.0,0.0,2026-09-24T02:21:08.139-03:00
PUCPR,44,livre,0.0,0.0,2026-09-24T02:21:08.139-03:00
PUCPR,45,livre,0.31766825914382935,0.8625211660606853,2026-09-24T02:21:08.139-03:00
PUCPR,46,livre,0.0,0.11775440428609088,2026-09-24T02:21:08.139-03:00
PUCPR,47,livre,0.0,0.11679801813335852,2026-09-24T02:21:08.139-03:00
PUCPR,48,livre,0.0,0.06356670388926534,2026-09-24T02:21:08.139-03:00
PUCPR,49,ocupada,0.31729692220687866,0.9408761688171808,2026-09-24T02:21:08.139-03:00
PUCPR,5,ocupada,0.3005356788635254,0.9237679313120458,2026-09-24T02:21:08.139-03:00
PUCPR,50,livre,0.0,0.0,2026-09-24T02:21:08.139-03:00
PUCPR,51,livre,0.26023703813552856,0.8842721479048538,2026-09-24T02:21:08.139-03:00
PUCPR,52,livre,0.0,0.0778247840973449,2026-09-24T02:21:08.139-03:00
PUCPR,53,livre,0.4680611193180084,0.8388106029458882,2026-09-24T02:21:08.139-03:00
PUCPR,54,livre,0.0,0.008339700630911176,2026-09-24T02:21:08.139-03:00
PUCPR,55,livre,0.0,0.0,2026-09-24T02:21:08.139-03:00
PUCPR,56,livre,0.0,0.0,2026-09-24T02:21:08.139-03:00
PUCPR,57,livre,0.0,0.0,2026-09-24T02:21:08.139-03:00
PUCPR,58,livre,0.0,0.0,2026-09-24T02:21:08.139-03:00
PUCPR,59,livre,0.0,0.0,2026-09-24T02:21:08.139-03:00
PUCPR,6,livre,0.49852555990219116,0.7499863453306892,2026-09-24T02:21:08.139-03:00
PUCPR,60,livre,0.0,0.0,2026-09-24T02:21:08.139-03:00
PUCPR,61,livre,0.0,0.0,2026-09-24T02:21:08.139-03:00
PUCPR,62,livre,0.0,0.0,2026-09-24T02:21:08.139-03:00
PUCPR,63,livre,0.0,0.0,2026-09-24T02:21:08.139-03:00
PUCPR,64,livre,0.0,0.0,2026-09-24T02:21:08.139-03:00
PUCPR,65,livre,0.0,0.0,2026-09-24T02:21:08.139-03:00
PUCPR,66,livre,0.0,0.0,2026-09-24T02:21:08.139-03:00
PUCPR,67,livre,0.0,0.0,2026-09-24T02:21:08.139-03:00
PUCPR,68,livre,0.0,0.0,2026-09-24T02:21:08.139-03:00
PUCPR,69,livre,0.0,0.1329907543136496,2026-09-24T02:21:08.139-03:00
PUCPR,7,livre,0.0,0.04937251635985482,2026-09-24T02:21:08.139-03:00
PUCPR,70,livre,0.38967084884643555,0.9363998511400137,2026-09-24T02:21:08.139-03:00
PUCPR,71,ocupada,0.4854593873023987,0.9367533209050022,2026-09-24T02:21:08.139-03:00
PUCPR,72,ocupada,0.3051045835018158,0.9952470746818726,2026-09-24T02:21:08.139-03:00
PUCPR,73,ocupada,0.37246084213256836,0.8901277982098709,2026-09-24T02:21:08.139-03:00
PUCPR,74,livre,0.0,0.015992411754680434,2026-09-24T02:21:08.139-03:00
PUCPR,75,livre,0.0,0.0,2026-09-24T02:21:08.139-03:00
PUCPR,76,livre,0.0,0.0,2026-09-24T02:21:08.139-03:00
PUCPR,77,livre,0.0,0.0,2026-09-24T02:21:08.139-03:00
PUCPR,78,livre,0.268164724111557,0.847650452896374,2026-09-24T02:21:08.139-03:00
PUCPR,79,livre,0.0,0.0,2026-09-24T02:21:08.139-03:00
PUCPR,8,livre,0.36167076230049133,0.766443165467822,2026-09-24T02:21:08.139-03:00
PUCPR,80,livre,0.0,0.0,2026-09-24T02:21:08.139-03:00
PUCPR,81,livre,0.0,0.0,2026-09-24T02:21:08.139-03:00
PUCPR,82,ocupada,0.32305967807769775,0.8360257235326514,2026-09-24T02:21:08.139-03:00
PUCPR,83,livre,0.0,0.0,2026-09-24T02:21:08.139-03:00
PUCPR,84,livre,0.0,0.0,2026-09-24T02:21:08.139-03:00
PUCPR,85,livre,0.0,0.0,2026-09-24T02:21:08.139-03:00
PUCPR,86,livre,0.0,0.0,2026-09-24T02:21:08.139-03:00
PUCPR,87,livre,0.0,0.0,2026-09-24T02:21:08.139-03:00
PUCPR,88,livre,0.0,0.0,2026-09-24T02:21:08.139-03:00
PUCPR,89,livre,0.0,0.0,2026-09-24T02:21:08.139-03:00
PUCPR,9,livre,0.0,0.0,2026-09-24T02:21:08.139-03:00
PUCPR,90,livre,0.0,0.0,2026-09-24T02:21:08.139-03:00
PUCPR,91,livre,0.0,0.0,2026-09-24T02:21:08.139-03:00
PUCPR,92,livre,0.0,0.0,2026-09-24T02:21:08.139-03:00
PUCPR,93,livre,0.0,0.0,2026-09-24T02:21:08.139-03:00
PUCPR,94,livre,0.0,0.0,2026-09-24T02:21:08.139-03:00
PUCPR,95,livre,0.0,0.0,2026-09-24T02:21:08.139-03:00
PUCPR,96,livre,0.0,0.0,2026-09-24T02:21:08.139-03:00
PUCPR,97,livre,0.0,0.0,2026-09-24T02:21:08.139-03:00
PUCPR,98,livre,0.0,0.0,2026-09-24T02:21:08.139-03:00
PUCPR,99,livre,0.0,0.0,2026-09-24T02:21:08.139-03:00
PUCPR,1,livre,0.0,0.0,2026-09-24T02:21:08.194-03:00
PUCPR,10,livre,0.0,0.0,2026-09-24T02:21:08.194-03:00
PUCPR,100,livre,0.0,0.0,2026-09-24T02:21:08.194-03:00
PUCPR,11,livre,0.0,0.0,2026-09-24T02:21:08.194-03:00
PUCPR,12,livre,0.0,0.0,2026-09-24T02:21:08.194-03:00
PUCPR,13,livre,0.0,0.0,2026-09-24T02:21:08.194-03:00
PUCPR,14,livre,0.0,0.0,2026-09-24T02:21:08.194-03:00
PUCPR,15,livre,0.0,0.0,2026-09-24T02:21:08.194-03:00
PUCPR,16,livre,0.0,0.0,2026-09-24T02:21:08.194-03:00
PUCPR,17,livre,0.0,0.0,2026-09-24T02:21:08.194-03:00
PUCPR,18,livre,0.0,0.0,2026-09-24T02:21:08.194-03:00
PUCPR,19,livre,0.0,0.0,2026-09-24T02:21:08.194-03:00
PUCPR,2,livre,0.0,0.0,2026-09-24T02:21:08.194-03:00
PUCPR,20,livre,0.0,0.0,2026-09-24T02:21:08.194-03:00
PUCPR,21,livre,0.0,0.0,2026-09-24T02:21:08.194-03:00
PUCPR,22,livre,0.0,0.0,2026-09-24T02:21:08.194-03:00
PUCPR,23,livre,0.0,0.0,2026-09-24T02:21:08.194-03:00
PUCPR,24,livre,0.0,0.0,2026-09-24T02:21:08.194-03:00
PUCPR,25,livre,0.0,0.0,2026-09-24T02:21:08.194-03:00
PUCPR,26,livre,0.0,0.0,2026-09-24T02:21:08.194-03:00
PUCPR,27,livre,0.0,0.0,2026-09-24T02:21:08.194-03:00
PUCPR,28,livre,0.0,0.005054687534074683,2026-09-24T02:21:08.194-03:00
PUCPR,29,livre,0.0,0.03041066341827848,2026-09-24T02:21:08.194-03:00
PUCPR,3,ocupada,0.0,0.0,2026-09-24T02:21:08.194-03:00
PUCPR,30,livre,0.0,0.0820842041839978,2026-09-24T02:21:08.194-03:00
PUCPR,31,livre,0.2872944176197052,0.9151216554140409,2026-09-24T02:21:08.194-03:00
PUCPR,32,livre,0.0,0.19271159506360375,2026-09-24T02:21:08.194-03:00
PUCPR,33,livre,0.3509036898612976,0.8890055056649511,2026-09-24T02:21:08.194-03:00
PUCPR,34,livre,0.0,0.07024330644838891,2026-09-24T02:21:08.194-03:00
PUCPR,35,livre,0.0,0.0,2026-09-24T02:21:08.194-03:00
PUCPR,36,livre,0.0,0.0,2026-09-24T02:21:08.194-03:00
PUCPR,37,livre,0.0,0.0,2026-09-24T02:21:08.194-03:00
PUCPR,38,livre,0.0,0.0,2026-09-24T02:21:08.194-03:00
PUCPR,39,livre,0.0,0.0,2026-09-24T02:21:08.194-03:00
PUCPR,4,livre,0.0,0.0,2026-09-24T02:21:08.194-03:00
PUCPR,40,livre,0.0,0.0,2026-09-24T02:21:08.194-03:00
PUCPR,41,livre,0.0,0.0,2026-09-24T02:21:08.194-03:00
PUCPR,42,livre,0.0,0.0,2026-09-24T02:21:08.194-03:00
PUCPR,43,livre,0.0,0.0,2026-09-24T02:21:08.194-03:00
PUCPR,44,livre,0.0,0.0,2026-09-24T02:21:08.194-03:00
PUCPR,45,livre,0.37423354387283325,0.8186269375882919,2026-09-24T02:21:08.194-03:00
PUCPR,46,livre,0.3304975628852844,0.5698648009895854,2026-09-24T02:21:08.194-03:00
PUCPR,47,livre,0.0,0.0,2026-09-24T02:21:08.194-03:00
PUCPR,48,livre,0.0,0.0,2026-09-24T02:21:08.194-03:00
PUCPR,49,ocupada,0.0,0.0,2026-09-24T02:21:08.194-03:00
PUCPR,5,ocupada,0.0,0.0,2026-09-24T02:21:08.194-03:00
PUCPR,50,livre,0.0,0.0,2026-09-24T02:21:08.194-03:00
PUCPR,51,livre,0.27773478627204895,0.8792562411840839,2026-09-24T02:21:08.194-03:00
PUCPR,52,livre,0.0,0.0668695792734233,2026-09-24T02:21:08.194-03:00
PUCPR,53,ocupada,0.4603767693042755,0.7964854052567569,2026-09-24T02:21:08.194-03:00
PUCPR,54,livre,0.0,0.005768898023042019,2026-09-24T02:21:08.194-03:00
PUCPR,55,livre,0.36456233263015747,0.7758339796930973,2026-09-24T02:21:08.194-03:00
PUCPR,56,livre,0.0,0.0,2026-09-24T02:21:08.194-03:00
PUCPR,57,livre,0.0,0.0,2026-09-24T02:21:08.194-03:00
PUCPR,58,livre,0.0,0.0,2026-09-24T02:21:08.194-03:00
PUCPR,59,livre,0.0,0.0,2026-09-24T02:21:08.194-03:00
PUCPR,6,livre,0.2604182958602905,0.7723571245289798,2026-09-24T02:21:08.194-03:00
PUCPR,60,livre,0.0,0.0,2026-09-24T02:21:08.194-03:00
PUCPR,61,livre,0.0,0.0,2026-09-24T02:21:08.194-03:00
PUCPR,62,livre,0.0,0.0,2026-09-24T02:21:08.194-03:00
PUCPR,63,livre,0.0,0.0,2026-09-24T02:21:08.194-03:00
PUCPR,64,livre,0.0,0.0,2026-09-24T02:21:08.194-03:00
PUCPR,65,livre,0.0,0.0,2026-09-24T02:21:08.194-03:00
PUCPR,66,livre,0.0,0.0,2026-09-24T02:21:08.194-03:00
PUCPR,67,livre,0.0,0.0,2026-09-24T02:21:08.194-03:00
PUCPR,68,livre,0.0,0.0,2026-09-24T02:21:08.194-03:00
PUCPR,69,livre,0.0,0.12948205639423416,2026-09-24T02:21:08.194-03:00
PUCPR,7,livre,0.0,0.024052315311143435,2026-09-24T02:21:08.194-03:00
PUCPR,70,livre,0.3380594253540039,0.8954741609479772,2026-09-24T02:21:08.194-03:00
PUCPR,71,ocupada,0.36358749866485596,0.9245781314049403,2026-09-24T02:21:08.194-03:00
PUCPR,72,ocupada,0.29426309466362,0.987843264564979,2026-09-24T02:21:08.194-03:00
PUCPR,73,ocupada,0.3700697422027588,0.8863754265805693,2026-09-24T02:21:08.194-03:00
PUCPR,74,livre,0.0,0.012061504868580925,2026-09-24T02:21:08.194-03:00
PUCPR,75,livre,0.0,0.0,2026-09-24T02:21:08.194-03:00
PUCPR,76,livre,0.0,0.0,2026-09-24T02:21:08.194-03:00
PUCPR,77,livre,0.0,0.0,2026-09-24T02:21:08.194-03:00
PUCPR,78,ocupada,0.4110713601112366,0.8960157997330832,2026-09-24T02:21:08.194-03:00
PUCPR,79,livre,0.0,0.0,2026-09-24T02:21:08.194-03:00
PUCPR,8,livre,0.27787333726882935,0.6985147275559144,2026-09-24T02:21:08.194-03:00
PUCPR,80,livre,0.0,0.0,2026-09-24T02:21:08.194-03:00
PUCPR,81,livre,0.0,0.0,2026-09-24T02:21:08.194-03:00
PUCPR,82,ocupada,0.49409130215644836,0.809521720931256,2026-09-24T02:21:08.194-03:00
PUCPR,83,livre,0.0,0.0,2026-09-24T02:21:08.194-03:00
PUCPR,84,livre,0.0,0.0,2026-09-24T02:21:08.194-03:00
PUCPR,85,livre,0.0,0.0,2026-09-24T02:21:08.194-03:00
PUCPR,86,livre,0.0,0.0,2026-09-24T02:21:08.194-03:00
PUCPR,87,livre,0.0,0.0,2026-09-24T02:21:08.194-03:00
PUCPR,88,livre,0.0,0.0,2026-09-24T02:21:08.194-03:00
PUCPR,89,livre,0.0,0.0,2026-09-24T02:21:08.194-03:00
PUCPR,9,livre,0.0,0.0,2026-09-24T02:21:08.194-03:00
PUCPR,90,livre,0.0,0.0,2026-09-24T02:21:08.194-03:00
PUCPR,91,livre,0.0,0.0,2026-09-24T02:21:08.194-03:00
PUCPR,92,livre,0.0,0.0,2026-09-24T02:21:08.194-03:00
PUCPR,93,livre,0.0,0.0,2026-09-24T02:21:08.194-03:00
PUCPR,94,livre,0.0,0.0,2026-09-24T02:21:08.194-03:00
PUCPR,95,livre,0.0,0.0,2026-09-24T02:21:08.194-03:00
PUCPR,96,livre,0.0,0.0,2026-09-24T02:21:08.194-03:00
PUCPR,97,livre,0.0,0.0,2026-09-24T02:21:08.194-03:00
PUCPR,98,livre,0.0,0.0,2026-09-24T02:21:08.194-03:00
PUCPR,99,livre,0.0,0.0,2026-09-24T02:21:08.194-03:00
PUCPR,1,livre,0.0,0.0,2026-09-24T02:21:08.254-03:00
PUCPR,10,livre,0.0,0.0,2026-09-24T02:21:08.254-03:00
PUCPR,100,livre,0.0,0.0,2026-09-24T02:21:08.254-03:00
PUCPR,11,livre,0.0,0.0,2026-09-24T02:21:08.254-03:00
PUCPR,12,livre,0.0,0.0,2026-09-24T02:21:08.254-03:00
PUCPR,13,livre,0.0,0.0,2026-09-24T02:21:08.254-03:00
PUCPR,14,livre,0.0,0.0,2026-09-24T02:21:08.254-03:00
PUCPR,15,livre,0.0,0.0,2026-09-24T02:21:08.254-03:00
PUCPR,16,livre,0.0,0.0,2026-09-24T02:21:08.254-03:00
PUCPR,17,livre,0.0,0.0,2026-09-24T02:21:08.254-03:00
PUCPR,18,livre,0.0,0.0,2026-09-24T02:21:08.254-03:00
PUCPR,19,livre,0.0,0.0,2026-09-24T02:21:08.254-03:00
PUCPR,2,livre,0.0,0.05795393903894327,2026-09-24T02:21:08.254-03:00
PUCPR,20,livre,0.0,0.0,2026-09-24T02:21:08.254-03:00
PUCPR,21,livre,0.0,0.0,2026-09-24T02:21:08.254-03:00
PUCPR,22,livre,0.0,0.0,2026-09-24T02:21:08.254-03:00
PUCPR,23,livre,0.0,0.0,2026-09-24T02:21:08.254-03:00
PUCPR,24,livre,0.0,0.0,2026-09-24T02:21:08.254-03:00
PUCPR,25,livre,0.0,0.17678164766489665,2026-09-24T02:21:08.254-03:00
PUCPR,26,livre,0.45029163360595703,0.9785992339672006,2026-09-24T02:21:08.254-03:00
PUCPR,27,livre,0.0,0.02397475090809928,2026-09-24T02:21:08.254-03:00
PUCPR,28,livre,0.0,0.0022709584167069216,2026-09-24T02:21:08.254-03:00
PUCPR,29,livre,0.0,0.009745638320106427,2026-09-24T02:21:08.254-03:00
PUCPR,3,ocupada,0.40672871470451355,0.7234058142295519,2026-09-24T02:21:08.254-03:00
PUCPR,30,livre,0.0,0.0002538563355603989,2026-09-24T02:21:08.254-03:00
PUCPR,31,livre,0.25747835636138916,0.8246202696801016,2026-09-24T02:21:08.254-03:00
PUCPR,32,livre,0.0,0.19771042898013486,2026-09-24T02:21:08.254-03:00
PUCPR,33,livre,0.3519468307495117,0.8926952700718006,2026-09-24T02:21:08.254-03:00
PUCPR,34,livre,0.0,0.08460823906615447,2026-09-24T02:21:08.254-03:00
PUCPR,35,livre,0.0,0.0,2026-09-24T02:21:08.254-03:00
PUCPR,36,livre,0.0,0.0,2026-09-24T02:21:08.254-03:00
PUCPR,37,livre,0.0,0.0,2026-09-24T02:21:08.254-03:00
PUCPR,38,livre,0.0,0.0,2026-09-24T02:21:08.254-03:00
PUCPR,39,livre,0.0,0.0,2026-09-24T02:21:08.254-03:00
PUCPR,4,livre,0.3422887325286865,0.6102996320793111,2026-09-24T02:21:08.254-03:00
PUCPR,40,livre,0.0,0.0,2026-09-24T02:21:08.254-03:00
PUCPR,41,livre,0.0,0.0,2026-09-24T02:21:08.254-03:00
PUCPR,42,livre,0.0,0.0,2026-09-24T02:21:08.254-03:00
PUCPR,43,livre,0.0,0.0,2026-09-24T02:21:08.254-03:00
PUCPR,44,livre,0.0,0.0,2026-09-24T02:21:08.254-03:00
PUCPR,45,livre,0.0,0.05173581248313191,2026-09-24T02:21:08.254-03:00
PUCPR,46,livre,0.0,0.0,2026-09-24T02:21:08.254-03:00
PUCPR,47,livre,0.0,0.0,2026-09-24T02:21:08.254-03:00
PUCPR,48,livre,0.0,0.1070546489163343,2026-09-24T02:21:08.254-03:00
PUCPR,49,ocupada,0.3931809067726135,0.8691017408822496,2026-09-24T02:21:08.254-03:00
PUCPR,5,ocupada,0.2934485673904419,0.9063272746773914,2026-09-24T02:21:08.254-03:00
PUCPR,50,livre,0.0,0.0,2026-09-24T02:21:08.254-03:00
PUCPR,51,ocupada,0.3616183400154114,0.9053544942591224,2026-09-24T02:21:08.254-03:00
PUCPR,52,livre,0.0,0.11481557604789712,2026-09-24T02:21:08.254-03:00
PUCPR,53,ocupada,0.5356802940368652,0.8173205544126645,2026-09-24T02:21:08.254-03:00
PUCPR,54,livre,0.0,0.00888129559220342,2026-09-24T02:21:08.254-03:00
PUCPR,55,livre,0.47858357429504395,0.8020921180119639,2026-09-24T02:21:08.254-03:00
PUCPR,56,livre,0.0,0.0,2026-09-24T02:21:08.254-03:00
PUCPR,57,livre,0.0,0.0,2026-09-24T02:21:08.254-03:00
PUCPR,58,livre,0.0,0.0,2026-09-24T02:21:08.254-03:00
PUCPR,59,livre,0.0,0.0,2026-09-24T02:21:08.254-03:00
PUCPR,6,ocupada,0.3617180585861206,0.7811067061869101,2026-09-24T02:21:08.254-03:00
PUCPR,60,livre,0.0,0.0,2026-09-24T02:21:08.254-03:00
PUCPR,61,livre,0.0,0.0,2026-09-24T02:21:08.254-03:00
PUCPR,62,livre,0.0,0.0,2026-09-24T02:21:08.254-03:00
PUCPR,63,livre,0.0,0.0,2026-09-24T02:21:08.254-03:00
PUCPR,64,livre,0.0,0.0,2026-09-24T02:21:08.254-03:00
PUCPR,65,livre,0.0,0.0,2026-09-24T02:21:08.254-03:00
PUCPR,66,livre,0.0,0.0,2026-09-24T02:21:08.254-03:00
PUCPR,67,livre,0.0,0.0,2026-09-24T02:21:08.254-03:00
PUCPR,68,livre,0.0,0.0,2026-09-24T02:21:08.254-03:00
PUCPR,69,livre,0.0,0.13347457260233878,2026-09-24T02:21:08.254-03:00
PUCPR,7,livre,0.33323001861572266,0.9816683484477741,2026-09-24T02:21:08.254-03:00
PUCPR,70,ocupada,0.4221702814102173,0.9345035672141088,2026-09-24T02:21:08.254-03:00
PUCPR,71,ocupada,0.4545941650867462,0.9415765592707612,2026-09-24T02:21:08.254-03:00
PUCPR,72,ocupada,0.4080701470375061,0.9933874116039477,2026-09-24T02:21:08.254-03:00
PUCPR,73,ocupada,0.4941590130329132,0.9027058794241223,2026-09-24T02:21:08.254-03:00
PUCPR,74,livre,0.0,0.020437129403594725,2026-09-24T02:21:08.254-03:00
PUCPR,75,livre,0.0,0.0,2026-09-24T02:21:08.254-03:00
PUCPR,76,livre,0.0,0.0,2026-09-24T02:21:08.254-03:00
PUCPR,77,livre,0.0,0.0,2026-09-24T02:21:08.254-03:00
PUCPR,78,ocupada,0.3468855917453766,0.9150593677654696,2026-09-24T02:21:08.254-03:00
PUCPR,79,livre,0.5265662670135498,0.818910603645721,2026-09-24T02:21:08.254-03:00
PUCPR,8,ocupada,0.2962751090526581,0.8040813065336917,2026-09-24T02:21:08.254-03:00
PUCPR,80,livre,0.0,0.0,2026-09-24T02:21:08.254-03:00
PUCPR,81,livre,0.0,0.0,2026-09-24T02:21:08.254-03:00
PUCPR,82,ocupada,0.0,0.0,2026-09-24T02:21:08.254-03:00
PUCPR,83,livre,0.0,0.0,2026-09-24T02:21:08.254-03:00
PUCPR,84,livre,0.0,0.0,2026-09-24T02:21:08.254-03:00
PUCPR,85,livre,0.0,0.0,2026-09-24T02:21:08.254-03:00
PUCPR,86,livre,0.0,0.0,2026-09-24T02:21:08.254-03:00
PUCPR,87,livre,0.0,0.0,2026-09-24T02:21:08.254-03:00
PUCPR,88,livre,0.0,0.0,2026-09-24T02:21:08.254-03:00
PUCPR,89,livre,0.0,0.0,2026-09-24T02:21:08.254-03:00
PUCPR,9,livre,0.0,0.0,2026-09-24T02:21:08.254-03:00
PUCPR,90,livre,0.0,0.0,2026-09-24T02:21:08.254-03:00
PUCPR,91,livre,0.0,0.0,2026-09-24T02:21:08.254-03:00
PUCPR,92,livre,0.0,0.0,2026-09-24T02:21:08.254-03:00
PUCPR,93,livre,0.0,0.0,2026-09-24T02:21:08.254-03:00
PUCPR,94,livre,0.0,0.0,2026-09-24T02:21:08.254-03:00
PUCPR,95,livre,0.0,0.0,2026-09-24T02:21:08.254-03:00
PUCPR,96,livre,0.0,0.0,2026-09-24T02:21:08.254-03:00
PUCPR,97,livre,0.0,0.0,2026-09-24T02:21:08.254-03:00
PUCPR,98,livre,0.0,0.0,2026-09-24T02:21:08.254-03:00
PUCPR,99,livre,0.0,0.0,2026-09-24T02:21:08.254-03:00
PUCPR,1,livre,0.0,0.0,2026-09-24T02:21:08.309-03:00
PUCPR,10,livre,0.0,0.0,2026-09-24T02:21:08.309-03:00
PUCPR,100,livre,0.0,0.0,2026-09-24T02:21:08.309-03:00
PUCPR,11,livre,0.0,0.0,2026-09-24T02:21:08.309-03:00
PUCPR,12,livre,0.0,0.0,2026-09-24T02:21:08.309-03:00
PUCPR,13,livre,0.0,0.0,2026-09-24T02:21:08.309-03:00
PUCPR,14,livre,0.0,0.0,2026-09-24T02:21:08.309-03:00
PUCPR,15,livre,0.0,0.0,2026-09-24T02:21:08.309-03:00
PUCPR,16,livre,0.0,0.0,2026-09-24T02:21:08.309-03:00
PUCPR,17,livre,0.0,0.0,2026-09-24T02:21:08.309-03:00
PUCPR,18,livre,0.0,0.0,2026-09-24T02:21:08.309-03:00
PUCPR,19,livre,0.0,0.0,2026-09-24T02:21:08.309-03:00
PUCPR,2,livre,0.0,0.0,2026-09-24T02:21:08.309-03:00
PUCPR,20,livre,0.0,0.0,2026-09-24T02:21:08.309-03:00
PUCPR,21,livre,0.0,0.0,2026-09-24T02:21:08.309-03:00
PUCPR,22,livre,0.0,0.0,2026-09-24T02:21:08.309-03:00
PUCPR,23,livre,0.0,0.0,2026-09-24T02:21:08.309-03:00
PUCPR,24,livre,0.0,0.0,2026-09-24T02:21:08.309-03:00
PUCPR,25,livre,0.0,0.004127971182399319,2026-09-24T02:21:08.309-03:00
PUCPR,26,livre,0.0,0.0,2026-09-24T02:21:08.309-03:00
PUCPR,27,livre,0.0,0.0,2026-09-24T02:21:08.309-03:00
PUCPR,28,livre,0.0,0.0022287692225532495,2026-09-24T02:21:08.309-03:00
PUCPR,29,livre,0.0,0.006715554291039059,2026-09-24T02:21:08.309-03:00
PUCPR,3,livre,0.0,0.0,2026-09-24T02:21:08.309-03:00
PUCPR,30,livre,0.0,0.0,2026-09-24T02:21:08.309-03:00
PUCPR,31,livre,0.0,0.0,2026-09-24T02:21:08.309-03:00
PUCPR,32,livre,0.0,0.0,2026-09-24T02:21:08.309-03:00
PUCPR,33,livre,0.0,0.0,2026-09-24T02:21:08.309-03:00
PUCPR,34,livre,0.0,0.0,2026-09-24T02:21:08.309-03:00
PUCPR,35,livre,0.0,0.0,2026-09-24T02:21:08.309-03:00
PUCPR,36,livre,0.0,0.0002886304743280385,2026-09-24T02:21:08.309-03:00
PUCPR,37,livre,0.0,0.0,2026-09-24T02:21:08.309-03:00
PUCPR,38,livre,0.0,0.0,2026-09-24T02:21:08.309-03:00
PUCPR,39,livre,0.0,0.14029902098552574,2026-09-24T02:21:08.309-03:00
PUCPR,4,livre,0.0,0.0,2026-09-24T02:21:08.309-03:00
PUCPR,40,livre,0.0,0.0,2026-09-24T02:21:08.309-03:00
PUCPR,41,livre,0.0,0.02401572694584255,2026-09-24T02:21:08.309-03:00
PUCPR,42,livre,0.0,0.007037953018181332,2026-09-24T02:21:08.309-03:00
PUCPR,43,livre,0.0,0.0,2026-09-24T02:21:08.309-03:00
PUCPR,44,livre,0.0,0.0003441303163226417,2026-09-24T02:21:08.309-03:00
PUCPR,45,livre,0.0,0.0,2026-09-24T02:21:08.309-03:00
PUCPR,46,livre,0.0,0.22858344168327452,2026-09-24T02:21:08.309-03:00
PUCPR,47,livre,0.33670878410339355,0.800189795242669,2026-09-24T02:21:08.309-03:00
PUCPR,48,livre,0.25123125314712524,0.8605208656739434,2026-09-24T02:21:08.309-03:00
PUCPR,49,ocupada,0.0,0.03205365375275943,2026-09-24T02:21:08.309-03:00
PUCPR,5,ocupada,0.0,0.0,2026-09-24T02:21:08.309-03:00
PUCPR,50,livre,0.0,0.0003078488918653388,2026-09-24T02:21:08.309-03:00
PUCPR,51,ocupada,0.25490689277648926,0.8844690140443019,2026-09-24T02:21:08.309-03:00
PUCPR,52,livre,0.0,0.055807070586558795,2026-09-24T02:21:08.309-03:00
PUCPR,53,ocupada,0.4827660620212555,0.8395482109284892,2026-09-24T02:21:08.309-03:00
PUCPR,54,livre,0.0,0.013234008066378148,2026-09-24T02:21:08.309-03:00
PUCPR,55,ocupada,0.5074331164360046,0.8817685584312274,2026-09-24T02:21:08.309-03:00
PUCPR,56,livre,0.0,0.010823009096638567,2026-09-24T02:21:08.309-03:00
PUCPR,57,livre,0.0,0.0,2026-09-24T02:21:08.309-03:00
PUCPR,58,livre,0.2690201997756958,0.7640282513311712,2026-09-24T02:21:08.309-03:00
PUCPR,59,livre,0.0,0.0,2026-09-24T02:21:08.309-03:00
PUCPR,6,ocupada,0.2632439434528351,0.8101735002695301,2026-09-24T02:21:08.309-03:00
PUCPR,60,livre,0.0,0.0,2026-09-24T02:21:08.309-03:00
PUCPR,61,livre,0.30856916308403015,0.8637263679913035,2026-09-24T02:21:08.309-03:00
PUCPR,62,livre,0.0,0.0,2026-09-24T02:21:08.309-03:00
PUCPR,63,livre,0.3259933292865753,0.9239280894960217,2026-09-24T02:21:08.309-03:00
PUCPR,64,livre,0.0,0.005753826763988169,2026-09-24T02:21:08.309-03:00
PUCPR,65,livre,0.0,0.0,2026-09-24T02:21:08.309-03:00
PUCPR,66,livre,0.2916339337825775,0.7836125091836604,2026-09-24T02:21:08.309-03:00
PUCPR,67,livre,0.0,0.20848342909652698,2026-09-24T02:21:08.309-03:00
PUCPR,68,livre,0.0,0.0,2026-09-24T02:21:08.309-03:00
PUCPR,69,livre,0.0,0.134362494567906,2026-09-24T02:21:08.309-03:00
PUCPR,7,livre,0.2766439616680145,0.9415561468283178,2026-09-24T02:21:08.309-03:00
PUCPR,70,ocupada,0.4733024835586548,0.9306532988196908,2026-09-24T02:21:08.309-03:00
PUCPR,71,ocupada,0.38687044382095337,0.9445335570236731,2026-09-24T02:21:08.309-03:00
PUCPR,72,ocupada,0.2662607431411743,0.9955643874497482,2026-09-24T02:21:08.309-03:00
PUCPR,73,ocupada,0.3179817199707031,0.8786385206608109,2026-09-24T02:21:08.309-03:00
PUCPR,74,livre,0.0,0.015321284113017248,2026-09-24T02:21:08.309-03:00
PUCPR,75,livre,0.0,0.0,2026-09-24T02:21:08.309-03:00
PUCPR,76,livre,0.0,0.0,2026-09-24T02:21:08.309-03:00
PUCPR,77,livre,0.27405548095703125,0.46683798738465826,2026-09-24T02:21:08.309-03:00
PUCPR,78,ocupada,0.3412006199359894,0.8750626767040798,2026-09-24T02:21:08.309-03:00
PUCPR,79,livre,0.6170924305915833,0.7829643635181239,2026-09-24T02:21:08.309-03:00
PUCPR,8,ocupada,0.344280868768692,0.8275826066372449,2026-09-24T02:21:08.309-03:00
PUCPR,80,livre,0.0,0.0,2026-09-24T02:21:08.309-03:00
PUCPR,81,livre,0.0,0.0,2026-09-24T02:21:08.309-03:00
PUCPR,82,ocupada,0.2682974636554718,0.8162546704566904,2026-09-24T02:21:08.309-03:00
PUCPR,83,livre,0.0,0.0,2026-09-24T02:21:08.309-03:00
PUCPR,84,livre,0.0,0.0,2026-09-24T02:21:08.309-03:00
PUCPR,85,livre,0.0,0.0,2026-09-24T02:21:08.309-03:00
PUCPR,86,livre,0.0,0.0,2026-09-24T02:21:08.309-03:00
PUCPR,87,livre,0.0,0.0,2026-09-24T02:21:08.309-03:00
PUCPR,88,livre,0.0,0.055556706431550376,2026-09-24T02:21:08.309-03:00
PUCPR,89,livre,0.0,0.0,2026-09-24T02:21:08.309-03:00
PUCPR,9,livre,0.0,0.0018992484249294383,2026-09-24T02:21:08.309-03:00
PUCPR,90,livre,0.0,0.0,2026-09-24T02:21:08.309-03:00
PUCPR,91,livre,0.0,0.0,2026-09-24T02:21:08.309-03:00
PUCPR,92,livre,0.0,0.0,2026-09-24T02:21:08.309-03:00
PUCPR,93,livre,0.0,0.0,2026-09-24T02:21:08.309-03:00
PUCPR,94,livre,0.0,0.0,2026-09-24T02:21:08.309-03:00
PUCPR,95,livre,0.0,0.0,2026-09-24T02:21:08.309-03:00
PUCPR,96,livre,0.0,0.0,2026-09-24T02:21:08.309-03:00
PUCPR,97,livre,0.0,0.0,2026-09-24T02:21:08.309-03:00
PUCPR,98,livre,0.0,0.0,2026-09-24T02:21:08.309-03:00
PUCPR,99,livre,0.0,0.0,2026-09-24T02:21:08.309-03:00
PUCPR,1,livre,0.0,0.0,2026-09-24T02:21:08.368-03:00
PUCPR,10,livre,0.0,0.0,2026-09-24T02:21:08.368-03:00
PUCPR,100,livre,0.0,0.0,2026-09-24T02:21:08.368-03:00
PUCPR,11,livre,0.0,0.0,2026-09-24T02:21:08.368-03:00
PUCPR,12,livre,0.0,0.0,2026-09-24T02:21:08.368-03:00
PUCPR,13,livre,0.0,0.0,2026-09-24T02:21:08.368-03:00
PUCPR,14,livre,0.0,0.0,2026-09-24T02:21:08.368-03:00
PUCPR,15,livre,0.0,0.0,2026-09-24T02:21:08.368-03:00
PUCPR,16,livre,0.0,0.0,2026-09-24T02:21:08.368-03:00
PUCPR,17,livre,0.0,0.0,2026-09-24T02:21:08.368-03:00
PUCPR,18,livre,0.0,0.0,2026-09-24T02:21:08.368-03:00
PUCPR,19,livre,0.0,0.0,2026-09-24T02:21:08.368-03:00
PUCPR,2,livre,0.0,0.0,2026-09-24T02:21:08.368-03:00
PUCPR,20,livre,0.0,0.0,2026-09-24T02:21:08.368-03:00
PUCPR,21,livre,0.0,0.0,2026-09-24T02:21:08.368-03:00
PUCPR,22,livre,0.0,0.0,2026-09-24T02:21:08.368-03:00
PUCPR,23,livre,0.0,0.0,2026-09-24T02:21:08.368-03:00
PUCPR,24,livre,0.0,0.0,2026-09-24T02:21:08.368-03:00
PUCPR,25,livre,0.0,0.0,2026-09-24T02:21:08.368-03:00
PUCPR,26,livre,0.0,0.0,2026-09-24T02:21:08.368-03:00
PUCPR,27,livre,0.0,0.0,2026-09-24T02:21:08.368-03:00
PUCPR,28,livre,0.0,0.0,2026-09-24T02:21:08.368-03:00
PUCPR,29,livre,0.0,0.0,2026-09-24T02:21:08.368-03:00
PUCPR,3,livre,0.0,0.0,2026-09-24T02:21:08.368-03:00
PUCPR,30,livre,0.0,0.0,2026-09-24T02:21:08.368-03:00
PUCPR,31,livre,0.0,0.0,2026-09-24T02:21:08.368-03:00
PUCPR,32,livre,0.0,0.0,2026-09-24T02:21:08.368-03:00
PUCPR,33,livre,0.0,0.0,2026-09-24T02:21:08.368-03:00
PUCPR,34,livre,0.0,0.0,2026-09-24T02:21:08.368-03:00
PUCPR,35,livre,0.0,0.0,2026-09-24T02:21:08.368-03:00
PUCPR,36,livre,0.0,0.0,2026-09-24T02:21:08.368-03:00
PUCPR,37,livre,0.0,0.0202965473909916,2026-09-24T02:21:08.368-03:00
PUCPR,38,livre,0.29371458292007446,0.723339887519262,2026-09-24T02:21:08.368-03:00
PUCPR,39,livre,0.0,0.1520064300014936,2026-09-24T02:21:08.368-03:00
PUCPR,4,livre,0.0,0.0,2026-09-24T02:21:08.368-03:00
PUCPR,40,livre,0.0,0.0,2026-09-24T02:21:08.368-03:00
PUCPR,41,livre,0.0,0.03702953993603528,2026-09-24T02:21:08.368-03:00
PUCPR,42,livre,0.0,0.008563459315690839,2026-09-24T02:21:08.368-03:00
PUCPR,43,livre,0.0,0.0,2026-09-24T02:21:08.368-03:00
PUCPR,44,livre,0.0,0.00015038412464489436,2026-09-24T02:21:08.368-03:00
PUCPR,45,livre,0.0,0.0,2026-09-24T02:21:08.368-03:00
PUCPR,46,livre,0.0,0.22559593401159586,2026-09-24T02:21:08.368-03:00
PUCPR,47,livre,0.30953875184059143,0.8041250768377506,2026-09-24T02:21:08.368-03:00
PUCPR,48,livre,0.0,0.026120655673285257,2026-09-24T02:21:08.368-03:00
PUCPR,49,livre,0.0,0.0,2026-09-24T02:21:08.368-03:00
PUCPR,5,livre,0.0,0.0,2026-09-24T02:21:08.368-03:00
PUCPR,50,livre,0.0,0.0,2026-09-24T02:21:08.368-03:00
PUCPR,51,ocupada,0.0,0.0,2026-09-24T02:21:08.368-03:00
PUCPR,52,livre,0.0,0.0,2026-09-24T02:21:08.368-03:00
PUCPR,53,ocupada,0.47500690817832947,0.8486985886611164,2026-09-24T02:21:08.368-03:00
PUCPR,54,livre,0.0,0.027916395010869396,2026-09-24T02:21:08.368-03:00
PUCPR,55,ocupada,0.46987584233283997,0.8286693932893532,2026-09-24T02:21:08.368-03:00
PUCPR,56,livre,0.0,0.000997360249880936,2026-09-24T02:21:08.368-03:00
PUCPR,57,livre,0.0,0.0,2026-09-24T02:21:08.368-03:00
PUCPR,58,livre,0.3289206624031067,0.7420404918339788,2026-09-24T02:21:08.368-03:00
PUCPR,59,livre,0.0,0.0,2026-09-24T02:21:08.368-03:00
PUCPR,6,ocupada,0.2935620844364166,0.8859068636879185,2026-09-24T02:21:08.368-03:00
PUCPR,60,livre,0.0,0.04104647663142507,2026-09-24T02:21:08.368-03:00
PUCPR,61,livre,0.3117711544036865,0.9424408167497244,2026-09-24T02:21:08.368-03:00
PUCPR,62,livre,0.0,0.0,2026-09-24T02:21:08.368-03:00
PUCPR,63,livre,0.413494735956192,0.9089189077865354,2026-09-24T02:21:08.368-03:00
PUCPR,64,livre,0.0,0.006190480045904378,2026-09-24T02:21:08.368-03:00
PUCPR,65,livre,0.4196031093597412,0.5604226868310193,2026-09-24T02:21:08.368-03:00
PUCPR,66,livre,0.3938097655773163,0.7959496564900087,2026-09-24T02:21:08.368-03:00
PUCPR,67,livre,0.0,0.1344585049971125,2026-09-24T02:21:08.368-03:00
PUCPR,68,livre,0.28312861919403076,0.9533826837113895,2026-09-24T02:21:08.368-03:00
PUCPR,69,livre,0.0,0.08170782074679726,2026-09-24T02:21:08.368-03:00
PUCPR,7,livre,0.0,0.0,2026-09-24T02:21:08.368-03:00
PUCPR,70,ocupada,0.311761736869812,0.8090205996332521,2026-09-24T02:21:08.368-03:00
PUCPR,71,ocupada,0.2985822558403015,0.949557826019324,2026-09-24T02:21:08.368-03:00
PUCPR,72,ocupada,0.26278215646743774,0.9976716596811994,2026-09-24T02:21:08.368-03:00
PUCPR,73,ocupada,0.2871300280094147,0.8859442532281965,2026-09-24T02:21:08.368-03:00
PUCPR,74,livre,0.0,0.023084785948302326,2026-09-24T02:21:08.368-03:00
PUCPR,75,livre,0.0,0.0,2026-09-24T02:21:08.368-03:00
PUCPR,76,livre,0.0,0.0,2026-09-24T02:21:08.368-03:00
PUCPR,77,livre,0.2583477199077606,0.834906942218137,2026-09-24T02:21:08.368-03:00
PUCPR,78,ocupada,0.0,0.0034368473521126834,2026-09-24T02:21:08.368-03:00
PUCPR,79,ocupada,0.5783572196960449,0.781449224021165,2026-09-24T02:21:08.368-03:00
PUCPR,8,ocupada,0.0,0.0,2026-09-24T02:21:08.368-03:00
PUCPR,80,livre,0.4541948437690735,0.7910420337647028,2026-09-24T02:21:08.368-03:00
PUCPR,81,livre,0.350807249546051,0.7331333596357845,2026-09-24T02:21:08.368-03:00
PUCPR,82,ocupada,0.47979217767715454,0.864911741342301,2026-09-24T02:21:08.368-03:00
PUCPR,83,livre,0.0,0.0,2026-09-24T02:21:08.368-03:00
PUCPR,84,livre,0.0,0.0,2026-09-24T02:21:08.368-03:00
PUCPR,85,livre,0.0,0.0,2026-09-24T02:21:08.368-03:00
PUCPR,86,livre,0.0,0.0,2026-09-24T02:21:08.368-03:00
PUCPR,87,livre,0.0,0.0,2026-09-24T02:21:08.368-03:00
PUCPR,88,livre,0.0,0.0,2026-09-24T02:21:08.368-03:00
PUCPR,89,livre,0.0,0.0,2026-09-24T02:21:08.368-03:00
PUCPR,9,livre,0.0,0.0,2026-09-24T02:21:08.368-03:00
PUCPR,90,livre,0.0,0.0,2026-09-24T02:21:08.368-03:00
PUCPR,91,livre,0.0,0.0,2026-09-24T02:21:08.368-03:00
PUCPR,92,livre,0.0,0.0,2026-09-24T02:21:08.368-03:00
PUCPR,93,livre,0.0,0.0,2026-09-24T02:21:08.368-03:00
PUCPR,94,livre,0.0,0.0,2026-09-24T02:21:08.368-03:00
PUCPR,95,livre,0.0,0.0,2026-09-24T02:21:08.368-03:00
PUCPR,96,livre,0.0,0.0,2026-09-24T02:21:08.368-03:00
PUCPR,97,livre,0.0,0.0,2026-09-24T02:21:08.368-03:00
PUCPR,98,livre,0.0,0.0,2026-09-24T02:21:08.368-03:00
PUCPR,99,livre,0.0,0.0,2026-09-24T02:21:08.368-03:00
PUCPR,1,livre,0.0,0.0,2026-09-24T02:21:08.420-03:00
PUCPR,10,livre,0.0,0.0,2026-09-24T02:21:08.420-03:00
PUCPR,100,livre,0.0,0.0,2026-09-24T02:21:08.420-03:00
PUCPR,11,livre,0.0,0.0,2026-09-24T02:21:08.420-03:00
PUCPR,12,livre,0.0,0.0,2026-09-24T02:21:08.420-03:00
PUCPR,13,livre,0.0,0.0,2026-09-24T02:21:08.420-03:00
PUCPR,14,livre,0.0,0.0,2026-09-24T02:21:08.420-03:00
PUCPR,15,livre,0.0,0.0,2026-09-24T02:21:08.420-03:00
PUCPR,16,livre,0.0,0.0,2026-09-24T02:21:08.420-03:00
PUCPR,17,livre,0.0,0.0,2026-09-24T02:21:08.420-03:00
PUCPR,18,livre,0.0,0.0,2026-09-24T02:21:08.420-03:00
PUCPR,19,livre,0.0,0.0,2026-09-24T02:21:08.420-03:00
PUCPR,2,livre,0.0,0.0,2026-09-24T02:21:08.420-03:00
PUCPR,20,livre,0.0,0.0,2026-09-24T02:21:08.420-03:00
PUCPR,21,livre,0.0,0.0,2026-09-24T02:21:08.420-03:00
PUCPR,22,livre,0.0,0.0,2026-09-24T02:21:08.420-03:00
PUCPR,23,livre,0.0,0.0,2026-09-24T02:21:08.420-03:00
PUCPR,24,livre,0.0,0.0,2026-09-24T02:21:08.420-03:00
PUCPR,25,livre,0.0,0.0,2026-09-24T02:21:08.420-03:00
PUCPR,26,livre,0.0,0.0,2026-09-24T02:21:08.420-03:00
PUCPR,27,livre,0.0,0.0,2026-09-24T02:21:08.420-03:00
PUCPR,28,livre,0.0,0.0,2026-09-24T02:21:08.420-03:00
PUCPR,29,livre,0.0,0.0,2026-09-24T02:21:08.420-03:00
PUCPR,3,livre,0.0,0.0,2026-09-24T02:21:08.420-03:00
PUCPR,30,livre,0.0,0.0,2026-09-24T02:21:08.420-03:00
PUCPR,31,livre,0.0,0.0,2026-09-24T02:21:08.420-03:00
PUCPR,32,livre,0.0,0.0,2026-09-24T02:21:08.420-03:00
PUCPR,33,livre,0.0,0.0,2026-09-24T02:21:08.420-03:00
PUCPR,34,livre,0.0,0.0,2026-09-24T02:21:08.420-03:00
PUCPR,35,livre,0.0,0.0,2026-09-24T02:21:08.420-03:00
PUCPR,36,livre,0.0,0.0,2026-09-24T02:21:08.420-03:00
PUCPR,37,livre,0.0,0.0,2026-09-24T02:21:08.420-03:00
PUCPR,38,livre,0.0,0.0,2026-09-24T02:21:08.420-03:00
PUCPR,39,livre,0.0,0.0,2026-09-24T02:21:08.420-03:00
PUCPR,4,livre,0.0,0.0,2026-09-24T02:21:08.420-03:00
PUCPR,40,livre,0.0,0.0,2026-09-24T02:21:08.420-03:00
PUCPR,41,livre,0.0,0.0,2026-09-24T02:21:08.420-03:00
PUCPR,42,livre,0.4032294452190399,0.9069044798974534,2026-09-24T02:21:08.420-03:00
PUCPR,43,livre,0.0,0.07707672593367475,2026-09-24T02:21:08.420-03:00
PUCPR,44,livre,0.0,0.021130894754650367,2026-09-24T02:21:08.420-03:00
PUCPR,45,livre,0.0,0.0,2026-09-24T02:21:08.420-03:00
PUCPR,46,livre,0.0,0.0,2026-09-24T02:21:08.420-03:00
PUCPR,47,livre,0.0,0.0,2026-09-24T02:21:08.420-03:00
PUCPR,48,livre,0.0,0.0,2026-09-24T02:21:08.420-03:00
PUCPR,49,livre,0.0,0.0,2026-09-24T02:21:08.420-03:00
PUCPR,5,livre,0.0,0.0,2026-09-24T02:21:08.420-03:00
PUCPR,50,livre,0.0,0.0,2026-09-24T02:21:08.420-03:00
PUCPR,51,ocupada,0.0,0.0,2026-09-24T02:21:08.420-03:00
PUCPR,52,livre,0.0,0.0,2026-09-24T02:21:08.420-03:00
PUCPR,53,ocupada,0.0,0.0,2026-09-24T02:21:08.420-03:00
PUCPR,54,livre,0.0,0.0,2026-09-24T02:21:08.420-03:00
PUCPR,55,ocupada,0.0,0.0,2026-09-24T02:21:08.420-03:00
PUCPR,56,livre,0.0,0.0,2026-09-24T02:21:08.420-03:00
PUCPR,57,livre,0.0,0.0,2026-09-24T02:21:08.420-03:00
PUCPR,58,livre,0.0,0.0,2026-09-24T02:21:08.420-03:00
PUCPR,59,livre,0.0,0.0,2026-09-24T02:21:08.420-03:00
PUCPR,6,ocupada,0.0,0.0,2026-09-24T02:21:08.420-03:00
PUCPR,60,livre,0.0,0.0,2026-09-24T02:21:08.420-03:00
PUCPR,61,livre,0.0,0.0,2026-09-24T02:21:08.420-03:00
PUCPR,62,livre,0.0,0.0,2026-09-24T02:21:08.420-03:00
PUCPR,63,livre,0.0,0.003988374045131306,2026-09-24T02:21:08.420-03:00
PUCPR,64,livre,0.0,0.12191112139690315,2026-09-24T02:21:08.420-03:00
PUCPR,65,livre,0.33385372161865234,0.8766734624429174,2026-09-24T02:21:08.420-03:00
PUCPR,66,ocupada,0.35363808274269104,0.7790899683590622,2026-09-24T02:21:08.420-03:00
PUCPR,67,livre,0.0,0.07043342992082882,2026-09-24T02:21:08.420-03:00
PUCPR,68,livre,0.0,0.0,2026-09-24T02:21:08.420-03:00
PUCPR,69,livre,0.0,0.0,2026-09-24T02:21:08.420-03:00
PUCPR,7,livre,0.0,0.0,2026-09-24T02:21:08.420-03:00
PUCPR,70,ocupada,0.0,0.0,2026-09-24T02:21:08.420-03:00
PUCPR,71,ocupada,0.0,0.0,2026-09-24T02:21:08.420-03:00
PUCPR,72,ocupada,0.0,0.0,2026-09-24T02:21:08.420-03:00
PUCPR,73,ocupada,0.0,0.0,2026-09-24T02:21:08.420-03:00
PUCPR,74,livre,0.0,0.14385052825897685,2026-09-24T02:21:08.420-03:00
PUCPR,75,livre,0.4534291923046112,0.7222050694977381,2026-09-24T02:21:08.420-03:00
PUCPR,76,livre,0.0,0.0,2026-09-24T02:21:08.420-03:00
PUCPR,77,livre,0.0,0.0,2026-09-24T02:21:08.420-03:00
PUCPR,78,ocupada,0.0,0.0,2026-09-24T02:21:08.420-03:00
PUCPR,79,ocupada,0.3303697109222412,0.7521445106849893,2026-09-24T02:21:08.420-03:00
PUCPR,8,ocupada,0.0,0.0,2026-09-24T02:21:08.420-03:00
PUCPR,80,livre,0.27345746755599976,0.8554075727621364,2026-09-24T02:21:08.420-03:00
PUCPR,81,livre,0.0,0.0,2026-09-24T02:21:08.420-03:00
PUCPR,82,ocupada,0.3576505482196808,0.8519469754169398,2026-09-24T02:21:08.420-03:00
PUCPR,83,livre,0.0,0.008834244880447643,2026-09-24T02:21:08.420-03:00
PUCPR,84,livre,0.4810388684272766,0.5816801708848894,2026-09-24T02:21:08.420-03:00
PUCPR,85,livre,0.0,0.0,2026-09-24T02:21:08.420-03:00
PUCPR,86,livre,0.0,0.0,2026-09-24T02:21:08.420-03:00
PUCPR,87,livre,0.0,0.0,2026-09-24T02:21:08.420-03:00
PUCPR,88,livre,0.0,0.0,2026-09-24T02:21:08.420-03:00
PUCPR,89,livre,0.0,0.0,2026-09-24T02:21:08.420-03:00
PUCPR,9,livre,0.0,0.0,2026-09-24T02:21:08.420-03:00
PUCPR,90,livre,0.0,0.0,2026-09-24T02:21:08.420-03:00
PUCPR,91,livre,0.0,0.0,2026-09-24T02:21:08.420-03:00
PUCPR,92,livre,0.0,0.0,2026-09-24T02:21:08.420-03:00
PUCPR,93,livre,0.0,0.0,2026-09-24T02:21:08.420-03:00
PUCPR,94,livre,0.0,0.0,2026-09-24T02:21:08.420-03:00
PUCPR,95,livre,0.0,0.0,2026-09-24T02:21:08.420-03:00
PUCPR,96,livre,0.0,0.0,2026-09-24T02:21:08.420-03:00
PUCPR,97,livre,0.0,0.0,2026-09-24T02:21:08.420-03:00
PUCPR,98,livre,0.0,0.0,2026-09-24T02:21:08.420-03:00
PUCPR,99,livre,0.0,0.0,2026-09-24T02:21:08.420-03:00
PUCPR,1,livre,0.0,0.0,2026-09-24T02:21:08.477-03:00
PUCPR,10,livre,0.0,0.0,2026-09-24T02:21:08.477-03:00
PUCPR,100,livre,0.0,0.0,2026-09-24T02:21:08.477-03:00
PUCPR,11,livre,0.0,0.0,2026-09-24T02:21:08.477-03:00
PUCPR,12,livre,0.0,0.0,2026-09-24T02:21:08.477-03:00
PUCPR,13,livre,0.0,0.0,2026-09-24T02:21:08.477-03:00
PUCPR,14,livre,0.0,0.0,2026-09-24T02:21:08.477-03:00
PUCPR,15,livre,0.0,0.0,2026-09-24T02:21:08.477-03:00
PUCPR,16,livre,0.0,0.0,2026-09-24T02:21:08.477-03:00
PUCPR,17,livre,0.0,0.0,2026-09-24T02:21:08.477-03:00
PUCPR,18,livre,0.0,0.0,2026-09-24T02:21:08.477-03:00
PUCPR,19,livre,0.0,0.0,2026-09-24T02:21:08.477-03:00
PUCPR,2,livre,0.0,0.0,2026-09-24T02:21:08.477-03:00
PUCPR,20,livre,0.0,0.0,2026-09-24T02:21:08.477-03:00
PUCPR,21,livre,0.0,0.0,2026-09-24T02:21:08.477-03:00
PUCPR,22,livre,0.0,0.0,2026-09-24T02:21:08.477-03:00
PUCPR,23,livre,0.0,0.0,2026-09-24T02:21:08.477-03:00
PUCPR,24,livre,0.0,0.0,2026-09-24T02:21:08.477-03:00
PUCPR,25,livre,0.0,0.0,2026-09-24T02:21:08.477-03:00
PUCPR,26,livre,0.0,0.0,2026-09-24T02:21:08.477-03:00
PUCPR,27,livre,0.0,0.0,2026-09-24T02:21:08.477-03:00
PUCPR,28,livre,0.0,0.0,2026-09-24T02:21:08.477-03:00
PUCPR,29,livre,0.0,0.0,2026-09-24T02:21:08.477-03:00
PUCPR,3,livre,0.0,0.0,2026-09-24T02:21:08.477-03:00
PUCPR,30,livre,0.0,0.0,2026-09-24T02:21:08.477-03:00
PUCPR,31,livre,0.0,0.0,2026-09-24T02:21:08.477-03:00
PUCPR,32,livre,0.0,0.0,2026-09-24T02:21:08.477-03:00
PUCPR,33,livre,0.0,0.0,2026-09-24T02:21:08.477-03:00
PUCPR,34,livre,0.0,0.0,2026-09-24T02:21:08.477-03:00
PUCPR,35,livre,0.0,0.0,2026-09-24T02:21:08.477-03:00
PUCPR,36,livre,0.0,0.0,2026-09-24T02:21:08.477-03:00
PUCPR,37,livre,0.0,0.0,2026-09-24T02:21:08.477-03:00
PUCPR,38,livre,0.0,0.0,2026-09-24T02:21:08.477-03:00
PUCPR,39,livre,0.0,0.0,2026-09-24T02:21:08.477-03:00
PUCPR,4,livre,0.0,0.0,2026-09-24T02:21:08.477-03:00
PUCPR,40,livre,0.0,0.0,2026-09-24T02:21:08.477-03:00
PUCPR,41,livre,0.0,0.0,2026-09-24T02:21:08.477-03:00
PUCPR,42,livre,0.0,0.0,2026-09-24T02:21:08.477-03:00
PUCPR,43,livre,0.0,0.07305922478312686,2026-09-24T02:21:08.477-03:00
PUCPR,44,livre,0.0,0.02041096324546597,2026-09-24T02:21:08.477-03:00
PUCPR,45,livre,0.0,0.0,2026-09-24T02:21:08.477-03:00
PUCPR,46,livre,0.0,0.0,2026-09-24T02:21:08.477-03:00
PUCPR,47,livre,0.0,0.0,2026-09-24T02:21:08.477-03:00
PUCPR,48,livre,0.0,0.0,2026-09-24T02:21:08.477-03:00
PUCPR,49,livre,0.0,0.0,2026-09-24T02:21:08.477-03:00
PUCPR,5,livre,0.0,0.0,2026-09-24T02:21:08.477-03:00
PUCPR,50,livre,0.0,0.0,2026-09-24T02:21:08.477-03:00
PUCPR,51,livre,0.0,0.0,2026-09-24T02:21:08.477-03:00
PUCPR,52,livre,0.0,0.0,2026-09-24T02:21:08.477-03:00
PUCPR,53,ocupada,0.0,0.0,2026-09-24T02:21:08.477-03:00
PUCPR,54,livre,0.0,0.0,2026-09-24T02:21:08.477-03:00
PUCPR,55,ocupada,0.0,0.0,2026-09-24T02:21:08.477-03:00
PUCPR,56,livre,0.0,0.0,2026-09-24T02:21:08.477-03:00
PUCPR,57,livre,0.0,0.0,2026-09-24T02:21:08.477-03:00
PUCPR,58,livre,0.0,0.0,2026-09-24T02:21:08.477-03:00
PUCPR,59,livre,0.0,0.0,2026-09-24T02:21:08.477-03:00
PUCPR,6,ocupada,0.0,0.0,2026-09-24T02:21:08.477-03:00
PUCPR,60,livre,0.0,0.0,2026-09-24T02:21:08.477-03:00
PUCPR,61,livre,0.0,0.0,2026-09-24T02:21:08.477-03:00
PUCPR,62,livre,0.0,0.0,2026-09-24T02:21:08.477-03:00
PUCPR,63,livre,0.0,0.0,2026-09-24T02:21:08.477-03:00
PUCPR,64,livre,0.0,0.0,2026-09-24T02:21:08.477-03:00
PUCPR,65,ocupada,0.4219290614128113,0.8746064635498139,2026-09-24T02:21:08.477-03:00
PUCPR,66,ocupada,0.28196173906326294,0.7773951697536698,2026-09-24T02:21:08.477-03:00
PUCPR,67,livre,0.0,0.0,2026-09-24T02:21:08.477-03:00
PUCPR,68,livre,0.0,0.0,2026-09-24T02:21:08.477-03:00
PUCPR,69,livre,0.0,0.0,2026-09-24T02:21:08.477-03:00
PUCPR,7,livre,0.0,0.0,2026-09-24T02:21:08.477-03:00
PUCPR,70,ocupada,0.0,0.0,2026-09-24T02:21:08.477-03:00
PUCPR,71,ocupada,0.0,0.0,2026-09-24T02:21:08.477-03:00
PUCPR,72,ocupada,0.0,0.0,2026-09-24T02:21:08.477-03:00
PUCPR,73,ocupada,0.0,0.0,2026-09-24T02:21:08.477-03:00
PUCPR,74,livre,0.0,0.1251576589646553,2026-09-24T02:21:08.477-03:00
PUCPR,75,livre,0.49809718132019043,0.7048941193258792,2026-09-24T02:21:08.477-03:00
PUCPR,76,livre,0.0,0.0,2026-09-24T02:21:08.477-03:00
PUCPR,77,ocupada,0.28261420130729675,0.7984962421335604,2026-09-24T02:21:08.477-03:00
PUCPR,78,livre,0.0,0.0018190802775825844,2026-09-24T02:21:08.477-03:00
PUCPR,79,ocupada,0.34126901626586914,0.7246732420406984,2026-09-24T02:21:08.477-03:00
PUCPR,8,livre,0.0,0.0,2026-09-24T02:21:08.477-03:00
PUCPR,80,ocupada,0.44880178570747375,0.8296856964623938,2026-09-24T02:21:08.477-03:00
PUCPR,81,livre,0.0,0.0,2026-09-24T02:21:08.477-03:00
PUCPR,82,ocupada,0.0,0.0,2026-09-24T02:21:08.477-03:00
PUCPR,83,livre,0.0,0.006970914398288957,2026-09-24T02:21:08.477-03:00
PUCPR,84,livre,0.3350735008716583,0.9141336339801309,2026-09-24T02:21:08.477-03:00
PUCPR,85,livre,0.0,0.0,2026-09-24T02:21:08.477-03:00
PUCPR,86,livre,0.0,0.0,2026-09-24T02:21:08.477-03:00
PUCPR,87,livre,0.0,0.0,2026-09-24T02:21:08.477-03:00
PUCPR,88,livre,0.0,0.0,2026-09-24T02:21:08.477-03:00
PUCPR,89,livre,0.0,0.0,2026-09-24T02:21:08.477-03:00
PUCPR,9,livre,0.0,0.0,2026-09-24T02:21:08.477-03:00
PUCPR,90,livre,0.0,0.0,2026-09-24T02:21:08.477-03:00
PUCPR,91,livre,0.0,0.0,2026-09-24T02:21:08.477-03:00
PUCPR,92,livre,0.0,0.0,2026-09-24T02:21:08.477-03:00
PUCPR,93,livre,0.0,0.0,2026-09-24T02:21:08.477-03:00
PUCPR,94,livre,0.0,0.0,2026-09-24T02:21:08.477-03:00
PUCPR,95,livre,0.0,0.0,2026-09-24T02:21:08.477-03:00
PUCPR,96,livre,0.0,0.0,2026-09-24T02:21:08.477-03:00
PUCPR,97,livre,0.0,0.0,2026-09-24T02:21:08.477-03:00
PUCPR,98,livre,0.0,0.0,2026-09-24T02:21:08.477-03:00
PUCPR,99,livre,0.0,0.0,2026-09-24T02:21:08.477-03:00
PUCPR,1,livre,0.0,0.0,2026-09-24T02:21:08.533-03:00
PUCPR,10,livre,0.0,0.0,2026-09-24T02:21:08.533-03:00
PUCPR,100,livre,0.0,0.0,2026-09-24T02:21:08.533-03:00
PUCPR,11,livre,0.0,0.0,2026-09-24T02:21:08.533-03:00
PUCPR,12,livre,0.0,0.0,2026-09-24T02:21:08.533-03:00
PUCPR,13,livre,0.0,0.0,2026-09-24T02:21:08.533-03:00
PUCPR,14,livre,0.0,0.0,2026-09-24T02:21:08.533-03:00
PUCPR,15,livre,0.0,0.0,2026-09-24T02:21:08.533-03:00
PUCPR,16,livre,0.0,0.0,2026-09-24T02:21:08.533-03:00
PUCPR,17,livre,0.0,0.0,2026-09-24T02:21:08.533-03:00
PUCPR,18,livre,0.0,0.0,2026-09-24T02:21:08.533-03:00
PUCPR,19,livre,0.0,0.0,2026-09-24T02:21:08.533-03:00
PUCPR,2,livre,0.0,0.0,2026-09-24T02:21:08.533-03:00
PUCPR,20,livre,0.0,0.0,2026-09-24T02:21:08.533-03:00
PUCPR,21,livre,0.0,0.0,2026-09-24T02:21:08.533-03:00
PUCPR,22,livre,0.0,0.0,2026-09-24T02:21:08.533-03:00
PUCPR,23,livre,0.0,0.0,2026-09-24T02:21:08.533-03:00
PUCPR,24,livre,0.0,0.0,2026-09-24T02:21:08.533-03:00
PUCPR,25,livre,0.0,0.0,2026-09-24T02:21:08.533-03:00
PUCPR,26,livre,0.0,0.0,2026-09-24T02:21:08.533-03:00
PUCPR,27,livre,0.0,0.0,2026-09-24T02:21:08.533-03:00
PUCPR,28,livre,0.0,0.0,2026-09-24T02:21:08.533-03:00
PUCPR,29,livre,0.0,0.0,2026-09-24T02:21:08.533-03:00
PUCPR,3,livre,0.0,0.0,2026-09-24T02:21:08.533-03:00
PUCPR,30,livre,0.0,0.0,2026-09-24T02:21:08.533-03:00
PUCPR,31,livre,0.0,0.0,2026-09-24T02:21:08.533-03:00
PUCPR,32,livre,0.0,0.0,2026-09-24T02:21:08.533-03:00
PUCPR,33,livre,0.0,0.0,2026-09-24T02:21:08.533-03:00
PUCPR,34,livre,0.0,0.0,2026-09-24T02:21:08.533-03:00
PUCPR,35,livre,0.0,0.0,2026-09-24T02:21:08.533-03:00
PUCPR,36,livre,0.0,0.0,2026-09-24T02:21:08.533-03:00
PUCPR,37,livre,0.0,0.0,2026-09-24T02:21:08.533-03:00
PUCPR,38,livre,0.0,0.0,2026-09-24T02:21:08.533-03:00
PUCPR,39,livre,0.0,0.0,2026-09-24T02:21:08.533-03:00
PUCPR,4,livre,0.0,0.0,2026-09-24T02:21:08.533-03:00
PUCPR,40,livre,0.0,0.0,2026-09-24T02:21:08.533-03:00
PUCPR,41,livre,0.0,0.0,2026-09-24T02:21:08.533-03:00
PUCPR,42,livre,0.0,0.0,2026-09-24T02:21:08.533-03:00
PUCPR,43,livre,0.0,0.0,2026-09-24T02:21:08.533-03:00
PUCPR,44,livre,0.0,0.0,2026-09-24T02:21:08.533-03:00
PUCPR,45,livre,0.0,0.0,2026-09-24T02:21:08.533-03:00
PUCPR,46,livre,0.0,0.0,2026-09-24T02:21:08.533-03:00
PUCPR,47,livre,0.0,0.0,2026-09-24T02:21:08.533-03:00
PUCPR,48,livre,0.0,0.0,2026-09-24T02:21:08.533-03:00
PUCPR,49,livre,0.0,0.0,2026-09-24T02:21:08.533-03:00
PUCPR,5,livre,0.0,0.0,2026-09-24T02:21:08.533-03:00
PUCPR,50,livre,0.0,0.0,2026-09-24T02:21:08.533-03:00
PUCPR,51,livre,0.0,0.0,2026-09-24T02:21:08.533-03:00
PUCPR,52,livre,0.0,0.0,2026-09-24T02:21:08.533-03:00
PUCPR,53,livre,0.0,0.0,2026-09-24T02:21:08.533-03:00
PUCPR,54,livre,0.0,0.0,2026-09-24T02:21:08.533-03:00
PUCPR,55,livre,0.0,0.0,2026-09-24T02:21:08.533-03:00
PUCPR,56,livre,0.0,0.0,2026-09-24T02:21:08.533-03:00
PUCPR,57,livre,0.0,0.0,2026-09-24T02:21:08.533-03:00
PUCPR,58,livre,0.0,0.0,2026-09-24T02:21:08.533-03:00
PUCPR,59,livre,0.0,0.0,2026-09-24T02:21:08.533-03:00
PUCPR,6,livre,0.0,0.0,2026-09-24T02:21:08.533-03:00
PUCPR,60,livre,0.0,0.0,2026-09-24T02:21:08.533-03:00
PUCPR,61,livre,0.0,0.0,2026-09-24T02:21:08.533-03:00
PUCPR,62,livre,0.0,0.0,2026-09-24T02:21:08.533-03:00
PUCPR,63,livre,0.0,0.0,2026-09-24T02:21:08.533-03:00
PUCPR,64,livre,0.0,0.0,2026-09-24T02:21:08.533-03:00
PUCPR,65,ocupada,0.0,0.0,2026-09-24T02:21:08.533-03:00
PUCPR,66,ocupada,0.0,0.0,2026-09-24T02:21:08.533-03:00
PUCPR,67,livre,0.0,0.0,2026-09-24T02:21:08.533-03:00
PUCPR,68,livre,0.0,0.0,2026-09-24T02:21:08.533-03:00
PUCPR,69,livre,0.0,0.0,2026-09-24T02:21:08.533-03:00
PUCPR,7,livre,0.0,0.0,2026-09-24T02:21:08.533-03:00
PUCPR,70,livre,0.0,0.0,2026-09-24T02:21:08.533-03:00
PUCPR,71,livre,0.0,0.0,2026-09-24T02:21:08.533-03:00
PUCPR,72,livre,0.0,0.0,2026-09-24T02:21:08.533-03:00
PUCPR,73,livre,0.0,0.0,2026-09-24T02:21:08.533-03:00
PUCPR,74,livre,0.0,0.1330193888344745,2026-09-24T02:21:08.533-03:00
PUCPR,75,ocupada,0.3544876277446747,0.7442772691331719,2026-09-24T02:21:08.533-03:00
PUCPR,76,livre,0.0,0.0,2026-09-24T02:21:08.533-03:00
PUCPR,77,ocupada,0.0,0.0,2026-09-24T02:21:08.533-03:00
PUCPR,78,livre,0.0,0.0,2026-09-24T02:21:08.533-03:00
PUCPR,79,ocupada,0.0,0.0,2026-09-24T02:21:08.533-03:00
PUCPR,8,livre,0.0,0.0,2026-09-24T02:21:08.533-03:00
PUCPR,80,ocupada,0.0,0.0,2026-09-24T02:21:08.533-03:00
PUCPR,81,livre,0.0,0.0,2026-09-24T02:21:08.533-03:00
PUCPR,82,ocupada,0.0,0.0,2026-09-24T02:21:08.533-03:00
PUCPR,83,livre,0.0,0.0,2026-09-24T02:21:08.533-03:00
PUCPR,84,livre,0.0,0.0,2026-09-24T02:21:08.533-03:00
PUCPR,85,livre,0.0,0.0,2026-09-24T02:21:08.533-03:00
PUCPR,86,livre,0.0,0.0,2026-09-24T02:21:08.533-03:00
PUCPR,87,livre,0.0,0.0,2026-09-24T02:21:08.533-03:00
PUCPR,88,livre,0.0,0.0,2026-09-24T02:21:08.533-03:00
PUCPR,89,livre,0.0,0.0,2026-09-24T02:21:08.533-03:00
PUCPR,9,livre,0.0,0.0,2026-09-24T02:21:08.533-03:00
PUCPR,90,livre,0.0,0.0,2026-09-24T02:21:08.533-03:00
PUCPR,91,livre,0.0,0.0,2026-09-24T02:21:08.533-03:00
PUCPR,92,livre,0.0,0.0,2026-09-24T02:21:08.533-03:00
PUCPR,93,livre,0.0,0.0,2026-09-24T02:21:08.533-03:00
PUCPR,94,livre,0.0,0.0,2026-09-24T02:21:08.533-03:00
PUCPR,95,livre,0.0,0.0,2026-09-24T02:21:08.533-03:00
PUCPR,96,livre,0.0,0.0,2026-09-24T02:21:08.533-03:00
PUCPR,97,livre,0.0,0.0,2026-09-24T02:21:08.533-03:00
PUCPR,98,livre,0.0,0.0,2026-09-24T02:21:08.533-03:00
PUCPR,99,livre,0.0,0.0,2026-09-24T02:21:08.533-03:00
PUCPR,1,livre,0.0,0.0,2026-09-24T02:21:08.600-03:00
PUCPR,10,livre,0.0,0.0,2026-09-24T02:21:08.600-03:00
PUCPR,100,livre,0.0,0.0,2026-09-24T02:21:08.600-03:00
PUCPR,11,livre,0.0,0.0,2026-09-24T02:21:08.600-03:00
PUCPR,12,livre,0.0,0.0,2026-09-24T02:21:08.600-03:00
PUCPR,13,livre,0.0,0.0,2026-09-24T02:21:08.600-03:00
PUCPR,14,livre,0.0,0.0,2026-09-24T02:21:08.600-03:00
PUCPR,15,livre,0.0,0.0,2026-09-24T02:21:08.600-03:00
PUCPR,16,livre,0.0,0.0,2026-09-24T02:21:08.600-03:00
PUCPR,17,livre,0.0,0.0,2026-09-24T02:21:08.600-03:00
PUCPR,18,livre,0.0,0.0,2026-09-24T02:21:08.600-03:00
PUCPR,19,livre,0.0,0.0,2026-09-24T02:21:08.600-03:00
PUCPR,2,livre,0.0,0.0,2026-09-24T02:21:08.600-03:00
PUCPR,20,livre,0.0,0.0,2026-09-24T02:21:08.600-03:00
PUCPR,21,livre,0.0,0.0,2026-09-24T02:21:08.600-03:00
PUCPR,22,livre,0.0,0.0,2026-09-24T02:21:08.600-03:00
PUCPR,23,livre,0.0,0.0,2026-09-24T02:21:08.600-03:00
PUCPR,24,livre,0.0,0.0,2026-09-24T02:21:08.600-03:00
PUCPR,25,livre,0.0,0.0,2026-09-24T02:21:08.600-03:00
PUCPR,26,livre,0.0,0.0,2026-09-24T02:21:08.600-03:00
PUCPR,27,livre,0.0,0.0,2026-09-24T02:21:08.600-03:00
PUCPR,28,livre,0.0,0.0,2026-09-24T02:21:08.600-03:00
PUCPR,29,livre,0.0,0.0,2026-09-24T02:21:08.600-03:00
PUCPR,3,livre,0.0,0.0,2026-09-24T02:21:08.600-03:00
PUCPR,30,livre,0.0,0.0,2026-09-24T02:21:08.600-03:00
PUCPR,31,livre,0.0,0.0,2026-09-24T02:21:08.600-03:00
PUCPR,32,livre,0.0,0.0,2026-09-24T02:21:08.600-03:00
PUCPR,33,livre,0.0,0.0,2026-09-24T02:21:08.600-03:00
PUCPR,34,livre,0.0,0.0,2026-09-24T02:21:08.600-03:00
PUCPR,35,livre,0.0,0.0,2026-09-24T02:21:08.600-03:00
PUCPR,36,livre,0.0,0.0,2026-09-24T02:21:08.600-03:00
PUCPR,37,livre,0.0,0.0,2026-09-24T02:21:08.600-03:00
PUCPR,38,livre,0.0,0.0,2026-09-24T02:21:08.600-03:00
PUCPR,39,livre,0.0,0.0,2026-09-24T02:21:08.600-03:00
PUCPR,4,livre,0.0,0.0,2026-09-24T02:21:08.600-03:00
PUCPR,40,livre,0.0,0.0,2026-09-24T02:21:08.600-03:00
PUCPR,41,livre,0.0,0.0,2026-09-24T02:21:08.600-03:00
PUCPR,42,livre,0.0,0.0,2026-09-24T02:21:08.600-03:00
PUCPR,43,livre,0.0,0.0,2026-09-24T02:21:08.600-03:00
PUCPR,44,livre,0.0,0.0,2026-09-24T02:21:08.600-03:00
PUCPR,45,livre,0.0,0.0,2026-09-24T02:21:08.600-03:00
PUCPR,46,livre,0.0,0.0,2026-09-24T02:21:08.600-03:00
PUCPR,47,livre,0.0,0.0,2026-09-24T02:21:08.600-03:00
PUCPR,48,livre,0.0,0.0,2026-09-24T02:21:08.600-03:00
PUCPR,49,livre,0.0,0.0,2026-09-24T02:21:08.600-03:00
PUCPR,5,livre,0.0,0.0,2026-09-24T02:21:08.600-03:00
PUCPR,50,livre,0.0,0.0,2026-09-24T02:21:08.600-03:00
PUCPR,51,livre,0.0,0.0,2026-09-24T02:21:08.600-03:00
PUCPR,52,livre,0.0,0.0,2026-09-24T02:21:08.600-03:00
PUCPR,53,livre,0.0,0.0,2026-09-24T02:21:08.600-03:00
PUCPR,54,livre,0.0,0.0,2026-09-24T02:21:08.600-03:00
PUCPR,55,livre,0.0,0.0,2026-09-24T02:21:08.600-03:00
PUCPR,56,livre,0.0,0.0,2026-09-24T02:21:08.600-03:00
PUCPR,57,livre,0.0,0.0,2026-09-24T02:21:08.600-03:00
PUCPR,58,livre,0.0,0.0,2026-09-24T02:21:08.600-03:00
PUCPR,59,livre,0.0,0.0,2026-09-24T02:21:08.600-03:00
PUCPR,6,livre,0.0,0.0,2026-09-24T02:21:08.600-03:00
PUCPR,60,livre,0.0,0.0,2026-09-24T02:21:08.600-03:00
PUCPR,61,livre,0.0,0.0,2026-09-24T02:21:08.600-03:00
PUCPR,62,livre,0.0,0.0,2026-09-24T02:21:08.600-03:00
PUCPR,63,livre,0.0,0.0,2026-09-24T02:21:08.600-03:00
PUCPR,64,livre,0.0,0.0,2026-09-24T02:21:08.600-03:00
PUCPR,65,ocupada,0.0,0.0,2026-09-24T02:21:08.600-03:00
PUCPR,66,ocupada,0.0,0.0,2026-09-24T02:21:08.600-03:00
PUCPR,67,livre,0.0,0.07168691596483716,2026-09-24T02:21:08.600-03:00
PUCPR,68,livre,0.0,0.0,2026-09-24T02:21:08.600-03:00
PUCPR,69,livre,0.0,0.0,2026-09-24T02:21:08.600-03:00
PUCPR,7,livre,0.0,0.0,2026-09-24T02:21:08.600-03:00
PUCPR,70,livre,0.0,0.0,2026-09-24T02:21:08.600-03:00
PUCPR,71,livre,0.0,0.0,2026-09-24T02:21:08.600-03:00
PUCPR,72,livre,0.0,0.0,2026-09-24T02:21:08.600-03:00
PUCPR,73,livre,0.0,0.0,2026-09-24T02:21:08.600-03:00
PUCPR,74,livre,0.0,0.14500677201757453,2026-09-24T02:21:08.600-03:00
PUCPR,75,ocupada,0.43701547384262085,0.7101694613475469,2026-09-24T02:21:08.600-03:00
PUCPR,76,livre,0.0,0.0,2026-09-24T02:21:08.600-03:00
PUCPR,77,livre,0.0,0.0,2026-09-24T02:21:08.600-03:00
PUCPR,78,livre,0.0,0.0,2026-09-24T02:21:08.600-03:00
PUCPR,79,ocupada,0.26405060291290283,0.6999415232527867,2026-09-24T02:21:08.600-03:00
PUCPR,8,livre,0.0,0.0,2026-09-24T02:21:08.600-03:00
PUCPR,80,ocupada,0.0,0.0,2026-09-24T02:21:08.600-03:00
PUCPR,81,livre,0.0,0.0,2026-09-24T02:21:08.600-03:00
PUCPR,82,livre,0.0,0.0,2026-09-24T02:21:08.600-03:00
PUCPR,83,livre,0.0,0.011344125387813759,2026-09-24T02:21:08.600-03:00
PUCPR,84,ocupada,0.3105822801589966,0.9353826001593624,2026-09-24T02:21:08.600-03:00
PUCPR,85,livre,0.0,0.0,2026-09-24T02:21:08.600-03:00
PUCPR,86,livre,0.0,0.0,2026-09-24T02:21:08.600-03:00
PUCPR,87,livre,0.0,0.0,2026-09-24T02:21:08.600-03:00
PUCPR,88,livre,0.0,0.0,2026-09-24T02:21:08.600-03:00
PUCPR,89,livre,0.0,0.0,2026-09-24T02:21:08.600-03:00
PUCPR,9,livre,0.0,0.0,2026-09-24T02:21:08.600-03:00
PUCPR,90,livre,0.0,0.0,2026-09-24T02:21:08.600-03:00
PUCPR,91,livre,0.0,0.0,2026-09-24T02:21:08.600-03:00
PUCPR,92,livre,0.0,0.0,2026-09-24T02:21:08.600-03:00
PUCPR,93,livre,0.0,0.0,2026-09-24T02:21:08.600-03:00
PUCPR,94,livre,0.0,0.0,2026-09-24T02:21:08.600-03:00
PUCPR,95,livre,0.0,0.0,2026-09-24T02:21:08.600-03:00
PUCPR,96,livre,0.0,0.0,2026-09-24T02:21:08.600-03:00
PUCPR,97,livre,0.0,0.0,2026-09-24T02:21:08.600-03:00
PUCPR,98,livre,0.0,0.0,2026-09-24T02:21:08.600-03:00
PUCPR,99,livre,0.0,0.0,2026-09-24T02:21:08.600-03:00
PUCPR,1,livre,0.0,0.0,2026-09-24T02:21:08.654-03:00
PUCPR,10,livre,0.0,0.0,2026-09-24T02:21:08.654-03:00
PUCPR,100,livre,0.0,0.0,2026-09-24T02:21:08.654-03:00
PUCPR,11,livre,0.0,0.0,2026-09-24T02:21:08.654-03:00
PUCPR,12,livre,0.0,0.0,2026-09-24T02:21:08.654-03:00
PUCPR,13,livre,0.0,0.0,2026-09-24T02:21:08.654-03:00
PUCPR,14,livre,0.0,0.0,2026-09-24T02:21:08.654-03:00
PUCPR,15,livre,0.0,0.0,2026-09-24T02:21:08.654-03:00
PUCPR,16,livre,0.0,0.0,2026-09-24T02:21:08.654-03:00
PUCPR,17,livre,0.0,0.0,2026-09-24T02:21:08.654-03:00
PUCPR,18,livre,0.0,0.0,2026-09-24T02:21:08.654-03:00
PUCPR,19,livre,0.0,0.0,2026-09-24T02:21:08.654-03:00
PUCPR,2,livre,0.0,0.0,2026-09-24T02:21:08.654-03:00
PUCPR,20,livre,0.0,0.0,2026-09-24T02:21:08.654-03:00
PUCPR,21,livre,0.0,0.0,2026-09-24T02:21:08.654-03:00
PUCPR,22,livre,0.0,0.0,2026-09-24T02:21:08.654-03:00
PUCPR,23,livre,0.0,0.0,2026-09-24T02:21:08.654-03:00
PUCPR,24,livre,0.0,0.0,2026-09-24T02:21:08.654-03:00
PUCPR,25,livre,0.0,0.0,2026-09-24T02:21:08.654-03:00
PUCPR,26,livre,0.0,0.0,2026-09-24T02:21:08.654-03:00
PUCPR,27,livre,0.0,0.0,2026-09-24T02:21:08.654-03:00
PUCPR,28,livre,0.0,0.0,2026-09-24T02:21:08.654-03:00
PUCPR,29,livre,0.0,0.0,2026-09-24T02:21:08.654-03:00
PUCPR,3,livre,0.0,0.0,2026-09-24T02:21:08.654-03:00
PUCPR,30,livre,0.0,0.0,2026-09-24T02:21:08.654-03:00
PUCPR,31,livre,0.0,0.0,2026-09-24T02:21:08.654-03:00
PUCPR,32,livre,0.0,0.0,2026-09-24T02:21:08.654-03:00
PUCPR,33,livre,0.0,0.0,2026-09-24T02:21:08.654-03:00
PUCPR,34,livre,0.0,0.0,2026-09-24T02:21:08.654-03:00
PUCPR,35,livre,0.0,0.0,2026-09-24T02:21:08.654-03:00
PUCPR,36,livre,0.0,0.0,2026-09-24T02:21:08.654-03:00
PUCPR,37,livre,0.0,0.0,2026-09-24T02:21:08.654-03:00
PUCPR,38,livre,0.0,0.0,2026-09-24T02:21:08.654-03:00
PUCPR,39,livre,0.0,0.0,2026-09-24T02:21:08.654-03:00
PUCPR,4,livre,0.0,0.0,2026-09-24T02:21:08.654-03:00
PUCPR,40,livre,0.0,0.0,2026-09-24T02:21:08.654-03:00
PUCPR,41,livre,0.0,0.0,2026-09-24T02:21:08.654-03:00
PUCPR,42,livre,0.0,0.0,2026-09-24T02:21:08.654-03:00
PUCPR,43,livre,0.0,0.0,2026-09-24T02:21:08.654-03:00
PUCPR,44,livre,0.0,0.0,2026-09-24T02:21:08.654-03:00
PUCPR,45,livre,0.0,0.0,2026-09-24T02:21:08.654-03:00
PUCPR,46,livre,0.0,0.0,2026-09-24T02:21:08.654-03:00
PUCPR,47,livre,0.0,0.0,2026-09-24T02:21:08.654-03:00
PUCPR,48,livre,0.0,0.0,2026-09-24T02:21:08.654-03:00
PUCPR,49,livre,0.0,0.0,2026-09-24T02:21:08.654-03:00
PUCPR,5,livre,0.0,0.0,2026-09-24T02:21:08.654-03:00
PUCPR,50,livre,0.0,0.0,2026-09-24T02:21:08.654-03:00
PUCPR,51,livre,0.0,0.0,2026-09-24T02:21:08.654-03:00
PUCPR,52,livre,0.0,0.0,2026-09-24T02:21:08.654-03:00
PUCPR,53,livre,0.0,0.0,2026-09-24T02:21:08.654-03:00
PUCPR,54,livre,0.0,0.0,2026-09-24T02:21:08.654-03:00
PUCPR,55,livre,0.0,0.0,2026-09-24T02:21:08.654-03:00
PUCPR,56,livre,0.0,0.0,2026-09-24T02:21:08.654-03:00
PUCPR,57,livre,0.0,0.0,2026-09-24T02:21:08.654-03:00
PUCPR,58,livre,0.0,0.0,2026-09-24T02:21:08.654-03:00
PUCPR,59,livre,0.0,0.0,2026-09-24T02:21:08.654-03:00
PUCPR,6,livre,0.0,0.0,2026-09-24T02:21:08.654-03:00
PUCPR,60,livre,0.0,0.0,2026-09-24T02:21:08.654-03:00
PUCPR,61,livre,0.0,0.0,2026-09-24T02:21:08.654-03:00
PUCPR,62,livre,0.0,0.0,2026-09-24T02:21:08.654-03:00
PUCPR,63,livre,0.0,0.0,2026-09-24T02:21:08.654-03:00
PUCPR,64,livre,0.0,0.0,2026-09-24T02:21:08.654-03:00
PUCPR,65,livre,0.0,0.0,2026-09-24T02:21:08.654-03:00
PUCPR,66,livre,0.0,0.0,2026-09-24T02:21:08.654-03:00
PUCPR,67,livre,0.0,0.0,2026-09-24T02:21:08.654-03:00
PUCPR,68,livre,0.0,0.0,2026-09-24T02:21:08.654-03:00
PUCPR,69,livre,0.0,0.08068876106385685,2026-09-24T02:21:08.654-03:00
PUCPR,7,livre,0.0,0.0,2026-09-24T02:21:08.654-03:00
PUCPR,70,livre,0.25738146901130676,0.7991015209049103,2026-09-24T02:21:08.654-03:00
PUCPR,71,livre,0.0,0.19028149504729588,2026-09-24T02:21:08.654-03:00
PUCPR,72,livre,0.0,0.0,2026-09-24T02:21:08.654-03:00
PUCPR,73,livre,0.0,0.0,2026-09-24T02:21:08.654-03:00
PUCPR,74,livre,0.0,0.15759702621901006,2026-09-24T02:21:08.654-03:00
PUCPR,75,ocupada,0.2790302336215973,0.7315592566909306,2026-09-24T02:21:08.654-03:00
PUCPR,76,livre,0.0,0.0,2026-09-24T02:21:08.654-03:00
PUCPR,77,livre,0.0,0.0,2026-09-24T02:21:08.654-03:00
PUCPR,78,livre,0.0,0.0,2026-09-24T02:21:08.654-03:00
PUCPR,79,ocupada,0.0,0.0,2026-09-24T02:21:08.654-03:00
PUCPR,8,livre,0.0,0.0,2026-09-24T02:21:08.654-03:00
PUCPR,80,livre,0.0,0.0,2026-09-24T02:21:08.654-03:00
PUCPR,81,livre,0.0,0.0,2026-09-24T02:21:08.654-03:00
PUCPR,82,livre,0.0,0.0,2026-09-24T02:21:08.654-03:00
PUCPR,83,livre,0.0,0.0,2026-09-24T02:21:08.654-03:00
PUCPR,84,ocupada,0.0,0.0,2026-09-24T02:21:08.654-03:00
PUCPR,85,livre,0.0,0.0,2026-09-24T02:21:08.654-03:00
PUCPR,86,livre,0.0,0.0,2026-09-24T02:21:08.654-03:00
PUCPR,87,livre,0.0,0.0,2026-09-24T02:21:08.654-03:00
PUCPR,88,livre,0.0,0.0,2026-09-24T02:21:08.654-03:00
PUCPR,89,livre,0.0,0.0,2026-09-24T02:21:08.654-03:00
PUCPR,9,livre,0.0,0.0,2026-09-24T02:21:08.654-03:00
PUCPR,90,livre,0.0,0.0,2026-09-24T02:21:08.654-03:00
PUCPR,91,livre,0.0,0.0,2026-09-24T02:21:08.654-03:00
PUCPR,92,livre,0.0,0.0,2026-09-24T02:21:08.654-03:00
PUCPR,93,livre,0.0,0.0,2026-09-24T02:21:08.654-03:00
PUCPR,94,livre,0.0,0.0,2026-09-24T02:21:08.654-03:00
PUCPR,95,livre,0.0,0.0,2026-09-24T02:21:08.654-03:00
PUCPR,96,livre,0.0,0.0,2026-09-24T02:21:08.654-03:00
PUCPR,97,livre,0.0,0.0,2026-09-24T02:21:08.654-03:00
PUCPR,98,livre,0.0,0.0,2026-09-24T02:21:08.654-03:00
PUCPR,99,livre,0.0,0.0,2026-09-24T02:21:08.654-03:00
PUCPR,1,livre,0.0,0.0,2026-09-24T02:21:08.708-03:00
PUCPR,10,livre,0.0,0.0,2026-09-24T02:21:08.708-03:00
PUCPR,100,livre,0.0,0.0,2026-09-24T02:21:08.708-03:00
PUCPR,11,livre,0.0,0.0,2026-09-24T02:21:08.708-03:00
PUCPR,12,livre,0.0,0.0,2026-09-24T02:21:08.708-03:00
PUCPR,13,livre,0.0,0.0,2026-09-24T02:21:08.708-03:00
PUCPR,14,livre,0.0,0.0,2026-09-24T02:21:08.708-03:00
PUCPR,15,livre,0.0,0.0,2026-09-24T02:21:08.708-03:00
PUCPR,16,livre,0.0,0.0,2026-09-24T02:21:08.708-03:00
PUCPR,17,livre,0.0,0.0,2026-09-24T02:21:08.708-03:00
PUCPR,18,livre,0.0,0.0,2026-09-24T02:21:08.708-03:00
PUCPR,19,livre,0.0,0.0,2026-09-24T02:21:08.708-03:00
PUCPR,2,livre,0.0,0.0,2026-09-24T02:21:08.708-03:00
PUCPR,20,livre,0.0,0.0,2026-09-24T02:21:08.708-03:00
PUCPR,21,livre,0.0,0.0,2026-09-24T02:21:08.708-03:00
PUCPR,22,livre,0.0,0.0,2026-09-24T02:21:08.708-03:00
PUCPR,23,livre,0.0,0.0,2026-09-24T02:21:08.708-03:00
PUCPR,24,livre,0.0,0.0,2026-09-24T02:21:08.708-03:00
PUCPR,25,livre,0.0,0.0,2026-09-24T02:21:08.708-03:00
PUCPR,26,livre,0.0,0.0,2026-09-24T02:21:08.708-03:00
PUCPR,27,livre,0.0,0.0,2026-09-24T02:21:08.708-03:00
PUCPR,28,livre,0.0,0.0,2026-09-24T02:21:08.708-03:00
PUCPR,29,livre,0.0,0.0,2026-09-24T02:21:08.708-03:00
PUCPR,3,livre,0.0,0.0,2026-09-24T02:21:08.708-03:00
PUCPR,30,livre,0.0,0.0,2026-09-24T02:21:08.708-03:00
PUCPR,31,livre,0.0,0.0,2026-09-24T02:21:08.708-03:00
PUCPR,32,livre,0.0,0.0,2026-09-24T02:21:08.708-03:00
PUCPR,33,livre,0.0,0.0,2026-09-24T02:21:08.708-03:00
PUCPR,34,livre,0.0,0.0,2026-09-24T02:21:08.708-03:00
PUCPR,35,livre,0.0,0.0,2026-09-24T02:21:08.708-03:00
PUCPR,36,livre,0.0,0.0,2026-09-24T02:21:08.708-03:00
PUCPR,37,livre,0.0,0.0,2026-09-24T02:21:08.708-03:00
PUCPR,38,livre,0.0,0.0,2026-09-24T02:21:08.708-03:00
PUCPR,39,livre,0.0,0.0,2026-09-24T02:21:08.708-03:00
PUCPR,4,livre,0.0,0.0,2026-09-24T02:21:08.708-03:00
PUCPR,40,livre,0.0,0.0,2026-09-24T02:21:08.708-03:00
PUCPR,41,livre,0.0,0.0,2026-09-24T02:21:08.708-03:00
PUCPR,42,livre,0.0,0.0,2026-09-24T02:21:08.708-03:00
PUCPR,43,livre,0.0,0.0,2026-09-24T02:21:08.708-03:00
PUCPR,44,livre,0.0,0.0,2026-09-24T02:21:08.708-03:00
PUCPR,45,livre,0.0,0.0,2026-09-24T02:21:08.708-03:00
PUCPR,46,livre,0.0,0.0,2026-09-24T02:21:08.708-03:00
PUCPR,47,livre,0.0,0.0,2026-09-24T02:21:08.708-03:00
PUCPR,48,livre,0.0,0.0,2026-09-24T02:21:08.708-03:00
PUCPR,49,livre,0.0,0.0,2026-09-24T02:21:08.708-03:00
PUCPR,5,livre,0.0,0.0,2026-09-24T02:21:08.708-03:00
PUCPR,50,livre,0.0,0.0,2026-09-24T02:21:08.708-03:00
PUCPR,51,livre,0.0,0.0,2026-09-24T02:21:08.708-03:00
PUCPR,52,livre,0.0,0.0,2026-09-24T02:21:08.708-03:00
PUCPR,53,livre,0.0,0.0,2026-09-24T02:21:08.708-03:00
PUCPR,54,livre,0.0,0.0,2026-09-24T02:21:08.708-03:00
PUCPR,55,livre,0.0,0.0,2026-09-24T02:21:08.708-03:00
PUCPR,56,livre,0.0,0.0,2026-09-24T02:21:08.708-03:00
PUCPR,57,livre,0.0,0.0,2026-09-24T02:21:08.708-03:00
PUCPR,58,livre,0.0,0.0,2026-09-24T02:21:08.708-03:00
PUCPR,59,livre,0.0,0.0,2026-09-24T02:21:08.708-03:00
PUCPR,6,livre,0.0,0.0,2026-09-24T02:21:08.708-03:00
PUCPR,60,livre,0.0,0.0,2026-09-24T02:21:08.708-03:00
PUCPR,61,livre,0.0,0.0,2026-09-24T02:21:08.708-03:00
PUCPR,62,livre,0.0,0.0,2026-09-24T02:21:08.708-03:00
PUCPR,63,livre,0.0,0.0,2026-09-24T02:21:08.708-03:00
PUCPR,64,livre,0.0,0.0,2026-09-24T02:21:08.708-03:00
PUCPR,65,livre,0.0,0.0,2026-09-24T02:21:08.708-03:00
PUCPR,66,livre,0.28453269600868225,0.7754159620516266,2026-09-24T02:21:08.708-03:00
PUCPR,67,livre,0.0,0.0,2026-09-24T02:21:08.708-03:00
PUCPR,68,livre,0.0,0.0,2026-09-24T02:21:08.708-03:00
PUCPR,69,livre,0.0,0.0,2026-09-24T02:21:08.708-03:00
PUCPR,7,livre,0.0,0.0,2026-09-24T02:21:08.708-03:00
PUCPR,70,livre,0.0,0.0,2026-09-24T02:21:08.708-03:00
PUCPR,71,livre,0.0,0.0,2026-09-24T02:21:08.708-03:00
PUCPR,72,livre,0.0,0.0,2026-09-24T02:21:08.708-03:00
PUCPR,73,livre,0.0,0.0,2026-09-24T02:21:08.708-03:00
PUCPR,74,livre,0.0,0.16224393753710328,2026-09-24T02:21:08.708-03:00
PUCPR,75,ocupada,0.37189483642578125,0.7374768897136779,2026-09-24T02:21:08.708-03:00
PUCPR,76,livre,0.0,0.0,2026-09-24T02:21:08.708-03:00
PUCPR,77,livre,0.0,0.0,2026-09-24T02:21:08.708-03:00
PUCPR,78,livre,0.0,0.0,2026-09-24T02:21:08.708-03:00
PUCPR,79,livre,0.0,0.0,2026-09-24T02:21:08.708-03:00
PUCPR,8,livre,0.0,0.0,2026-09-24T02:21:08.708-03:00
PUCPR,80,livre,0.0,0.0,2026-09-24T02:21:08.708-03:00
PUCPR,81,livre,0.0,0.0,2026-09-24T02:21:08.708-03:00
PUCPR,82,livre,0.0,0.0,2026-09-24T02:21:08.708-03:00
PUCPR,83,livre,0.0,0.0,2026-09-24T02:21:08.708-03:00
PUCPR,84,livre,0.0,0.0,2026-09-24T02:21:08.708-03:00
PUCPR,85,livre,0.0,0.0,2026-09-24T02:21:08.708-03:00
PUCPR,86,livre,0.0,0.0,2026-09-24T02:21:08.708-03:00
PUCPR,87,livre,0.0,0.0,2026-09-24T02:21:08.708-03:00
PUCPR,88,livre,0.0,0.0,2026-09-24T02:21:08.708-03:00
PUCPR,89,livre,0.0,0.15021393584605894,2026-09-24T02:21:08.708-03:00
PUCPR,9,livre,0.0,0.0,2026-09-24T02:21:08.708-03:00
PUCPR,90,livre,0.0,0.0,2026-09-24T02:21:08.708-03:00
PUCPR,91,livre,0.0,0.0,2026-09-24T02:21:08.708-03:00
PUCPR,92,livre,0.0,0.0,2026-09-24T02:21:08.708-03:00
PUCPR,93,livre,0.0,0.0,2026-09-24T02:21:08.708-03:00
PUCPR,94,livre,0.0,0.0,2026-09-24T02:21:08.708-03:00
PUCPR,95,livre,0.0,0.0,2026-09-24T02:21:08.708-03:00
PUCPR,96,livre,0.0,0.0,2026-09-24T02:21:08.708-03:00
PUCPR,97,livre,0.0,0.0,2026-09-24T02:21:08.708-03:00
PUCPR,98,livre,0.0,0.0,2026-09-24T02:21:08.708-03:00
PUCPR,99,livre,0.0,0.0,2026-09-24T02:21:08.708-03:00
PUCPR,1,livre,0.0,0.0,2026-09-24T02:21:08.767-03:00
PUCPR,10,livre,0.0,0.0,2026-09-24T02:21:08.767-03:00
PUCPR,100,livre,0.0,0.0,2026-09-24T02:21:08.767-03:00
PUCPR,11,livre,0.0,0.0,2026-09-24T02:21:08.767-03:00
PUCPR,12,livre,0.0,0.0,2026-09-24T02:21:08.767-03:00
PUCPR,13,livre,0.0,0.0,2026-09-24T02:21:08.767-03:00
PUCPR,14,livre,0.0,0.0,2026-09-24T02:21:08.767-03:00
PUCPR,15,livre,0.0,0.0,2026-09-24T02:21:08.767-03:00
PUCPR,16,livre,0.0,0.0,2026-09-24T02:21:08.767-03:00
PUCPR,17,livre,0.0,0.0,2026-09-24T02:21:08.767-03:00
PUCPR,18,livre,0.0,0.0,2026-09-24T02:21:08.767-03:00
PUCPR,19,livre,0.0,0.0,2026-09-24T02:21:08.767-03:00
PUCPR,2,livre,0.0,0.0,2026-09-24T02:21:08.767-03:00
PUCPR,20,livre,0.0,0.0,2026-09-24T02:21:08.767-03:00
PUCPR,21,livre,0.0,0.0,2026-09-24T02:21:08.767-03:00
PUCPR,22,livre,0.0,0.0,2026-09-24T02:21:08.767-03:00
PUCPR,23,livre,0.0,0.0,2026-09-24T02:21:08.767-03:00
PUCPR,24,livre,0.0,0.0,2026-09-24T02:21:08.767-03:00
PUCPR,25,livre,0.0,0.0,2026-09-24T02:21:08.767-03:00
PUCPR,26,livre,0.0,0.0,2026-09-24T02:21:08.767-03:00
PUCPR,27,livre,0.0,0.0,2026-09-24T02:21:08.767-03:00
PUCPR,28,livre,0.0,0.0,2026-09-24T02:21:08.767-03:00
PUCPR,29,livre,0.0,0.0,2026-09-24T02:21:08.767-03:00
PUCPR,3,livre,0.0,0.0,2026-09-24T02:21:08.767-03:00
PUCPR,30,livre,0.0,0.0,2026-09-24T02:21:08.767-03:00
PUCPR,31,livre,0.0,0.0,2026-09-24T02:21:08.767-03:00
PUCPR,32,livre,0.0,0.0,2026-09-24T02:21:08.767-03:00
PUCPR,33,livre,0.0,0.0,2026-09-24T02:21:08.767-03:00
PUCPR,34,livre,0.0,0.0,2026-09-24T02:21:08.767-03:00
PUCPR,35,livre,0.0,0.0,2026-09-24T02:21:08.767-03:00
PUCPR,36,livre,0.0,0.0,2026-09-24T02:21:08.767-03:00
PUCPR,37,livre,0.0,0.0,2026-09-24T02:21:08.767-03:00
PUCPR,38,livre,0.0,0.0,2026-09-24T02:21:08.767-03:00
PUCPR,39,livre,0.0,0.0,2026-09-24T02:21:08.767-03:00
PUCPR,4,livre,0.0,0.0,2026-09-24T02:21:08.767-03:00
PUCPR,40,livre,0.0,0.0,2026-09-24T02:21:08.767-03:00
PUCPR,41,livre,0.0,0.0,2026-09-24T02:21:08.767-03:00
PUCPR,42,livre,0.0,0.009240787943231807,2026-09-24T02:21:08.767-03:00
PUCPR,43,livre,0.26912784576416016,0.8513750508384439,2026-09-24T02:21:08.767-03:00
PUCPR,44,livre,0.0,1.1436525343843206e-05,2026-09-24T02:21:08.767-03:00
PUCPR,45,livre,0.0,0.0,2026-09-24T02:21:08.767-03:00
PUCPR,46,livre,0.0,0.0,2026-09-24T02:21:08.767-03:00
PUCPR,47,livre,0.0,0.0,2026-09-24T02:21:08.767-03:00
PUCPR,48,livre,0.0,0.0,2026-09-24T02:21:08.767-03:00
PUCPR,49,livre,0.0,0.0,2026-09-24T02:21:08.767-03:00
PUCPR,5,livre,0.0,0.0,2026-09-24T02:21:08.767-03:00
PUCPR,50,livre,0.0,0.0,2026-09-24T02:21:08.767-03:00
PUCPR,51,livre,0.0,0.0,2026-09-24T02:21:08.767-03:00
PUCPR,52,livre,0.0,0.0,2026-09-24T02:21:08.767-03:00
PUCPR,53,livre,0.0,0.0,2026-09-24T02:21:08.767-03:00
PUCPR,54,livre,0.0,0.0,2026-09-24T02:21:08.767-03:00
PUCPR,55,livre,0.0,0.0,2026-09-24T02:21:08.767-03:00
PUCPR,56,livre,0.0,0.0,2026-09-24T02:21:08.767-03:00
PUCPR,57,livre,0.0,0.0,2026-09-24T02:21:08.767-03:00
PUCPR,58,livre,0.0,0.0,2026-09-24T02:21:08.767-03:00
PUCPR,59,livre,0.0,0.0,2026-09-24T02:21:08.767-03:00
PUCPR,6,livre,0.0,0.0,2026-09-24T02:21:08.767-03:00
PUCPR,60,livre,0.0,0.0,2026-09-24T02:21:08.767-03:00
PUCPR,61,livre,0.0,0.0,2026-09-24T02:21:08.767-03:00
PUCPR,62,livre,0.0,0.0,2026-09-24T02:21:08.767-03:00
PUCPR,63,livre,0.0,0.0,2026-09-24T02:21:08.767-03:00
PUCPR,64,livre,0.0,0.04689220191421732,2026-09-24T02:21:08.767-03:00
PUCPR,65,livre,0.0,0.2666110903142193,2026-09-24T02:21:08.767-03:00
PUCPR,66,livre,0.0,0.0,2026-09-24T02:21:08.767-03:00
PUCPR,67,livre,0.0,0.0,2026-09-24T02:21:08.767-03:00
PUCPR,68,livre,0.0,0.0,2026-09-24T02:21:08.767-03:00
PUCPR,69,livre,0.0,0.0,2026-09-24T02:21:08.767-03:00
PUCPR,7,livre,0.0,0.0,2026-09-24T02:21:08.767-03:00
PUCPR,70,livre,0.0,0.0,2026-09-24T02:21:08.767-03:00
PUCPR,71,livre,0.0,0.0,2026-09-24T02:21:08.767-03:00
PUCPR,72,livre,0.0,0.0,2026-09-24T02:21:08.767-03:00
PUCPR,73,livre,0.0,0.0,2026-09-24T02:21:08.767-03:00
PUCPR,74,livre,0.0,0.16008387785506928,2026-09-24T02:21:08.767-03:00
PUCPR,75,ocupada,0.3193184733390808,0.7291563228513956,2026-09-24T02:21:08.767-03:00
PUCPR,76,livre,0.0,0.0,2026-09-24T02:21:08.767-03:00
PUCPR,77,livre,0.0,0.0,2026-09-24T02:21:08.767-03:00
PUCPR,78,livre,0.0,0.0,2026-09-24T02:21:08.767-03:00
PUCPR,79,livre,0.0,0.0,2026-09-24T02:21:08.767-03:00
PUCPR,8,livre,0.0,0.0,2026-09-24T02:21:08.767-03:00
PUCPR,80,livre,0.0,0.0,2026-09-24T02:21:08.767-03:00
PUCPR,81,livre,0.0,0.0,2026-09-24T02:21:08.767-03:00
PUCPR,82,livre,0.0,0.0,2026-09-24T02:21:08.767-03:00
PUCPR,83,livre,0.0,0.0,2026-09-24T02:21:08.767-03:00
PUCPR,84,livre,0.0,0.0,2026-09-24T02:21:08.767-03:00
PUCPR,85,livre,0.0,0.0,2026-09-24T02:21:08.767-03:00
PUCPR,86,livre,0.0,0.0,2026-09-24T02:21:08.767-03:00
PUCPR,87,livre,0.0,0.0,2026-09-24T02:21:08.767-03:00
PUCPR,88,livre,0.0,0.0,2026-09-24T02:21:08.767-03:00
PUCPR,89,livre,0.0,0.1518767454584946,2026-09-24T02:21:08.767-03:00
PUCPR,9,livre,0.0,0.0,2026-09-24T02:21:08.767-03:00
PUCPR,90,livre,0.0,0.0,2026-09-24T02:21:08.767-03:00
PUCPR,91,livre,0.0,0.0,2026-09-24T02:21:08.767-03:00
PUCPR,92,livre,0.0,0.0,2026-09-24T02:21:08.767-03:00
PUCPR,93,livre,0.0,0.0,2026-09-24T02:21:08.767-03:00
PUCPR,94,livre,0.0,0.0,2026-09-24T02:21:08.767-03:00
PUCPR,95,livre,0.0,0.0,2026-09-24T02:21:08.767-03:00
PUCPR,96,livre,0.0,0.0,2026-09-24T02:21:08.767-03:00
PUCPR,97,livre,0.0,0.0,2026-09-24T02:21:08.767-03:00
PUCPR,98,livre,0.0,0.0,2026-09-24T02:21:08.767-03:00
PUCPR,99,livre,0.0,0.0,2026-09-24T02:21:08.767-03:00
PUCPR,1,livre,0.0,0.0,2026-09-24T02:21:08.825-03:00
PUCPR,10,livre,0.0,0.0,2026-09-24T02:21:08.825-03:00
PUCPR,100,livre,0.0,0.0,2026-09-24T02:21:08.825-03:00
PUCPR,11,livre,0.0,0.0,2026-09-24T02:21:08.825-03:00
PUCPR,12,livre,0.0,0.0,2026-09-24T02:21:08.825-03:00
PUCPR,13,livre,0.0,0.0,2026-09-24T02:21:08.825-03:00
PUCPR,14,livre,0.0,0.0,2026-09-24T02:21:08.825-03:00
PUCPR,15,livre,0.0,0.0,2026-09-24T02:21:08.825-03:00
PUCPR,16,livre,0.0,0.0,2026-09-24T02:21:08.825-03:00
PUCPR,17,livre,0.0,0.0,2026-09-24T02:21:08.825-03:00
PUCPR,18,livre,0.0,0.0,2026-09-24T02:21:08.825-03:00
PUCPR,19,livre,0.0,0.0,2026-09-24T02:21:08.825-03:00
PUCPR,2,livre,0.0,0.0,2026-09-24T02:21:08.825-03:00
PUCPR,20,livre,0.0,0.0,2026-09-24T02:21:08.825-03:00
PUCPR,21,livre,0.0,0.0,2026-09-24T02:21:08.825-03:00
PUCPR,22,livre,0.0,0.0,2026-09-24T02:21:08.825-03:00
PUCPR,23,livre,0.0,0.0,2026-09-24T02:21:08.825-03:00
PUCPR,24,livre,0.0,0.0,2026-09-24T02:21:08.825-03:00
PUCPR,25,livre,0.0,0.0,2026-09-24T02:21:08.825-03:00
PUCPR,26,livre,0.0,0.0,2026-09-24T02:21:08.825-03:00
PUCPR,27,livre,0.0,0.0,2026-09-24T02:21:08.825-03:00
PUCPR,28,livre,0.0,0.0,2026-09-24T02:21:08.825-03:00
PUCPR,29,livre,0.0,0.0,2026-09-24T02:21:08.825-03:00
PUCPR,3,livre,0.0,0.0,2026-09-24T02:21:08.825-03:00
PUCPR,30,livre,0.0,0.0,2026-09-24T02:21:08.825-03:00
PUCPR,31,livre,0.0,0.0,2026-09-24T02:21:08.825-03:00
PUCPR,32,livre,0.0,0.0,2026-09-24T02:21:08.825-03:00
PUCPR,33,livre,0.0,0.0,2026-09-24T02:21:08.825-03:00
PUCPR,34,livre,0.0,0.0,2026-09-24T02:21:08.825-03:00
PUCPR,35,livre,0.0,0.0,2026-09-24T02:21:08.825-03:00
PUCPR,36,livre,0.0,0.0,2026-09-24T02:21:08.825-03:00
PUCPR,37,livre,0.0,0.0,2026-09-24T02:21:08.825-03:00
PUCPR,38,livre,0.0,0.0,2026-09-24T02:21:08.825-03:00
PUCPR,39,livre,0.0,0.0,2026-09-24T02:21:08.825-03:00
PUCPR,4,livre,0.0,0.0,2026-09-24T02:21:08.825-03:00
PUCPR,40,livre,0.0,0.0,2026-09-24T02:21:08.825-03:00
PUCPR,41,livre,0.0,0.0,2026-09-24T02:21:08.825-03:00
PUCPR,42,livre,0.0,0.0,2026-09-24T02:21:08.825-03:00
PUCPR,43,livre,0.0,0.0,2026-09-24T02:21:08.825-03:00
PUCPR,44,livre,0.0,0.0,2026-09-24T02:21:08.825-03:00
PUCPR,45,livre,0.0,0.0,2026-09-24T02:21:08.825-03:00
PUCPR,46,livre,0.0,0.0,2026-09-24T02:21:08.825-03:00
PUCPR,47,livre,0.0,0.0,2026-09-24T02:21:08.825-03:00
PUCPR,48,livre,0.0,0.0,2026-09-24T02:21:08.825-03:00
PUCPR,49,livre,0.0,0.0,2026-09-24T02:21:08.825-03:00
PUCPR,5,livre,0.0,0.0,2026-09-24T02:21:08.825-03:00
PUCPR,50,livre,0.0,0.0,2026-09-24T02:21:08.825-03:00
PUCPR,51,livre,0.0,0.0,2026-09-24T02:21:08.825-03:00
PUCPR,52,livre,0.0,0.0,2026-09-24T02:21:08.825-03:00
PUCPR,53,livre,0.0,0.0,2026-09-24T02:21:08.825-03:00
PUCPR,54,livre,0.0,0.0,2026-09-24T02:21:08.825-03:00
PUCPR,55,livre,0.0,0.0,2026-09-24T02:21:08.825-03:00
PUCPR,56,livre,0.0,0.0,2026-09-24T02:21:08.825-03:00
PUCPR,57,livre,0.0,0.0,2026-09-24T02:21:08.825-03:00
PUCPR,58,livre,0.0,0.0,2026-09-24T02:21:08.825-03:00
PUCPR,59,livre,0.0,0.0,2026-09-24T02:21:08.825-03:00
PUCPR,6,livre,0.0,0.0,2026-09-24T02:21:08.825-03:00
PUCPR,60,livre,0.0,0.0,2026-09-24T02:21:08.825-03:00
PUCPR,61,livre,0.0,0.0,2026-09-24T02:21:08.825-03:00
PUCPR,62,livre,0.0,0.0,2026-09-24T02:21:08.825-03:00
PUCPR,63,livre,0.0,0.0,2026-09-24T02:21:08.825-03:00
PUCPR,64,livre,0.0,0.0,2026-09-24T02:21:08.825-03:00
PUCPR,65,livre,0.0,0.0,2026-09-24T02:21:08.825-03:00
PUCPR,66,livre,0.0,0.0,2026-09-24T02:21:08.825-03:00
PUCPR,67,livre,0.0,0.0,2026-09-24T02:21:08.825-03:00
PUCPR,68,livre,0.0,0.0,2026-09-24T02:21:08.825-03:00
PUCPR,69,livre,0.0,0.0,2026-09-24T02:21:08.825-03:00
PUCPR,7,livre,0.0,0.0,2026-09-24T02:21:08.825-03:00
PUCPR,70,livre,0.0,0.0,2026-09-24T02:21:08.825-03:00
PUCPR,71,livre,0.0,0.0,2026-09-24T02:21:08.825-03:00
PUCPR,72,livre,0.0,0.0,2026-09-24T02:21:08.825-03:00
PUCPR,73,livre,0.0,0.0,2026-09-24T02:21:08.825-03:00
PUCPR,74,livre,0.0,0.16556477677166098,2026-09-24T02:21:08.825-03:00
PUCPR,75,ocupada,0.3642199635505676,0.7304893509483841,2026-09-24T02:21:08.825-03:00
PUCPR,76,livre,0.0,0.0,2026-09-24T02:21:08.825-03:00
PUCPR,77,livre,0.0,0.0,2026-09-24T02:21:08.825-03:00
PUCPR,78,livre,0.0,0.0,2026-09-24T02:21:08.825-03:00
PUCPR,79,livre,0.0,0.0,2026-09-24T02:21:08.825-03:00
PUCPR,8,livre,0.0,0.0,2026-09-24T02:21:08.825-03:00
PUCPR,80,livre,0.0,0.0,2026-09-24T02:21:08.825-03:00
PUCPR,81,livre,0.0,0.0,2026-09-24T02:21:08.825-03:00
PUCPR,82,livre,0.0,0.0,2026-09-24T02:21:08.825-03:00
PUCPR,83,livre,0.0,0.0,2026-09-24T02:21:08.825-03:00
PUCPR,84,livre,0.0,0.0,2026-09-24T02:21:08.825-03:00
PUCPR,85,livre,0.0,0.0,2026-09-24T02:21:08.825-03:00
PUCPR,86,livre,0.0,0.0,2026-09-24T02:21:08.825-03:00
PUCPR,87,livre,0.0,0.0,2026-09-24T02:21:08.825-03:00
PUCPR,88,livre,0.0,0.0,2026-09-24T02:21:08.825-03:00
PUCPR,89,livre,0.0,0.1496038855020495,2026-09-24T02:21:08.825-03:00
PUCPR,9,livre,0.0,0.0,2026-09-24T02:21:08.825-03:00
PUCPR,90,livre,0.0,0.0,2026-09-24T02:21:08.825-03:00
PUCPR,91,livre,0.0,0.0,2026-09-24T02:21:08.825-03:00
PUCPR,92,livre,0.0,0.0,2026-09-24T02:21:08.825-03:00
PUCPR,93,livre,0.0,0.0,2026-09-24T02:21:08.825-03:00
PUCPR,94,livre,0.0,0.0,2026-09-24T02:21:08.825-03:00
PUCPR,95,livre,0.0,0.0,2026-09-24T02:21:08.825-03:00
PUCPR,96,livre,0.0,0.0,2026-09-24T02:21:08.825-03:00
PUCPR,97,livre,0.0,0.0,2026-09-24T02:21:08.825-03:00
PUCPR,98,livre,0.0,0.0,2026-09-24T02:21:08.825-03:00
PUCPR,99,livre,0.0,0.0,2026-09-24T02:21:08.825-03:00
PUCPR,1,livre,0.0,0.0,2026-09-24T02:21:08.880-03:00
PUCPR,10,livre,0.0,0.0,2026-09-24T02:21:08.880-03:00
PUCPR,100,livre,0.0,0.0,2026-09-24T02:21:08.880-03:00
PUCPR,11,livre,0.0,0.0,2026-09-24T02:21:08.880-03:00
PUCPR,12,livre,0.0,0.0,2026-09-24T02:21:08.880-03:00
PUCPR,13,livre,0.0,0.0,2026-09-24T02:21:08.880-03:00
PUCPR,14,livre,0.0,0.0,2026-09-24T02:21:08.880-03:00
PUCPR,15,livre,0.0,0.0,2026-09-24T02:21:08.880-03:00
PUCPR,16,livre,0.0,0.0,2026-09-24T02:21:08.880-03:00
PUCPR,17,livre,0.0,0.0,2026-09-24T02:21:08.880-03:00
PUCPR,18,livre,0.0,0.0,2026-09-24T02:21:08.880-03:00
PUCPR,19,livre,0.0,0.0,2026-09-24T02:21:08.880-03:00
PUCPR,2,livre,0.0,0.0,2026-09-24T02:21:08.880-03:00
PUCPR,20,livre,0.0,0.0,2026-09-24T02:21:08.880-03:00
PUCPR,21,livre,0.0,0.0,2026-09-24T02:21:08.880-03:00
PUCPR,22,livre,0.0,0.0,2026-09-24T02:21:08.880-03:00
PUCPR,23,livre,0.0,0.0,2026-09-24T02:21:08.880-03:00
PUCPR,24,livre,0.0,0.0,2026-09-24T02:21:08.880-03:00
PUCPR,25,livre,0.0,0.0,2026-09-24T02:21:08.880-03:00
PUCPR,26,livre,0.0,0.0,2026-09-24T02:21:08.880-03:00
PUCPR,27,livre,0.0,0.0,2026-09-24T02:21:08.880-03:00
PUCPR,28,livre,0.0,0.0,2026-09-24T02:21:08.880-03:00
PUCPR,29,livre,0.0,0.0,2026-09-24T02:21:08.880-03:00
PUCPR,3,livre,0.0,0.0,2026-09-24T02:21:08.880-03:00
PUCPR,30,livre,0.0,0.0,2026-09-24T02:21:08.880-03:00
PUCPR,31,livre,0.0,0.0,2026-09-24T02:21:08.880-03:00
PUCPR,32,livre,0.0,0.0,2026-09-24T02:21:08.880-03:00
PUCPR,33,livre,0.0,0.0,2026-09-24T02:21:08.880-03:00
PUCPR,34,livre,0.0,0.0,2026-09-24T02:21:08.880-03:00
PUCPR,35,livre,0.0,0.0,2026-09-24T02:21:08.880-03:00
PUCPR,36,livre,0.0,0.0,2026-09-24T02:21:08.880-03:00
PUCPR,37,livre,0.0,0.0,2026-09-24T02:21:08.880-03:00
PUCPR,38,livre,0.0,0.0,2026-09-24T02:21:08.880-03:00
PUCPR,39,livre,0.0,0.0,2026-09-24T02:21:08.880-03:00
PUCPR,4,livre,0.0,0.0,2026-09-24T02:21:08.880-03:00
PUCPR,40,livre,0.0,0.0,2026-09-24T02:21:08.880-03:00
PUCPR,41,livre,0.0,0.0,2026-09-24T02:21:08.880-03:00
PUCPR,42,livre,0.0,0.0,2026-09-24T02:21:08.880-03:00
PUCPR,43,livre,0.0,0.0,2026-09-24T02:21:08.880-03:00
PUCPR,44,livre,0.0,0.0,2026-09-24T02:21:08.880-03:00
PUCPR,45,livre,0.0,0.0,2026-09-24T02:21:08.880-03:00
PUCPR,46,livre,0.0,0.0,2026-09-24T02:21:08.880-03:00
PUCPR,47,livre,0.0,0.0,2026-09-24T02:21:08.880-03:00
PUCPR,48,livre,0.0,0.0,2026-09-24T02:21:08.880-03:00
PUCPR,49,livre,0.0,0.0,2026-09-24T02:21:08.880-03:00
PUCPR,5,livre,0.0,0.0,2026-09-24T02:21:08.880-03:00
PUCPR,50,livre,0.0,0.0,2026-09-24T02:21:08.880-03:00
PUCPR,51,livre,0.0,0.0,2026-09-24T02:21:08.880-03:00
PUCPR,52,livre,0.0,0.0,2026-09-24T02:21:08.880-03:00
PUCPR,53,livre,0.0,0.0,2026-09-24T02:21:08.880-03:00
PUCPR,54,livre,0.0,0.0,2026-09-24T02:21:08.880-03:00
PUCPR,55,livre,0.0,0.0,2026-09-24T02:21:08.880-03:00
PUCPR,56,livre,0.0,0.0,2026-09-24T02:21:08.880-03:00
PUCPR,57,livre,0.0,0.0,2026-09-24T02:21:08.880-03:00
PUCPR,58,livre,0.0,0.0,2026-09-24T02:21:08.880-03:00
PUCPR,59,livre,0.0,0.0,2026-09-24T02:21:08.880-03:00
PUCPR,6,livre,0.0,0.0,2026-09-24T02:21:08.880-03:00
PUCPR,60,livre,0.0,0.0,2026-09-24T02:21:08.880-03:00
PUCPR,61,livre,0.0,0.0,2026-09-24T02:21:08.880-03:00
PUCPR,62,livre,0.0,0.0,2026-09-24T02:21:08.880-03:00
PUCPR,63,livre,0.0,0.0,2026-09-24T02:21:08.880-03:00
PUCPR,64,livre,0.0,0.0,2026-09-24T02:21:08.880-03:00
PUCPR,65,livre,0.0,0.0,2026-09-24T02:21:08.880-03:00
PUCPR,66,livre,0.0,0.0,2026-09-24T02:21:08.880-03:00
PUCPR,67,livre,0.0,0.0,2026-09-24T02:21:08.880-03:00
PUCPR,68,livre,0.0,0.0,2026-09-24T02:21:08.880-03:00
PUCPR,69,livre,0.0,0.0,2026-09-24T02:21:08.880-03:00
PUCPR,7,livre,0.0,0.0,2026-09-24T02:21:08.880-03:00
PUCPR,70,livre,0.0,0.0,2026-09-24T02:21:08.880-03:00
PUCPR,71,livre,0.0,0.0,2026-09-24T02:21:08.880-03:00
PUCPR,72,livre,0.0,0.0,2026-09-24T02:21:08.880-03:00
PUCPR,73,livre,0.0,0.0,2026-09-24T02:21:08.880-03:00
PUCPR,74,livre,0.0,0.14755759086071527,2026-09-24T02:21:08.880-03:00
PUCPR,75,ocupada,0.33768606185913086,0.7369131847046182,2026-09-24T02:21:08.880-03:00
PUCPR,76,livre,0.0,0.0,2026-09-24T02:21:08.880-03:00
PUCPR,77,livre,0.0,0.0,2026-09-24T02:21:08.880-03:00
PUCPR,78,livre,0.0,0.0,2026-09-24T02:21:08.880-03:00
PUCPR,79,livre,0.0,0.0,2026-09-24T02:21:08.880-03:00
PUCPR,8,livre,0.0,0.0,2026-09-24T02:21:08.880-03:00
PUCPR,80,livre,0.0,0.0,2026-09-24T02:21:08.880-03:00
PUCPR,81,livre,0.0,0.0,2026-09-24T02:21:08.880-03:00
PUCPR,82,livre,0.0,0.0,2026-09-24T02:21:08.880-03:00
PUCPR,83,livre,0.0,0.0,2026-09-24T02:21:08.880-03:00
PUCPR,84,livre,0.0,0.0,2026-09-24T02:21:08.880-03:00
PUCPR,85,livre,0.0,0.0,2026-09-24T02:21:08.880-03:00
PUCPR,86,livre,0.0,0.0,2026-09-24T02:21:08.880-03:00
PUCPR,87,livre,0.0,0.0,2026-09-24T02:21:08.880-03:00
PUCPR,88,livre,0.0,0.0,2026-09-24T02:21:08.880-03:00
PUCPR,89,livre,0.0,0.1452309383722717,2026-09-24T02:21:08.880-03:00
PUCPR,9,livre,0.0,0.0,2026-09-24T02:21:08.880-03:00
PUCPR,90,livre,0.0,0.0,2026-09-24T02:21:08.880-03:00
PUCPR,91,livre,0.0,0.0,2026-09-24T02:21:08.880-03:00
PUCPR,92,livre,0.0,0.0,2026-09-24T02:21:08.880-03:00
PUCPR,93,livre,0.0,0.0,2026-09-24T02:21:08.880-03:00
PUCPR,94,livre,0.0,0.0,2026-09-24T02:21:08.880-03:00
PUCPR,95,livre,0.0,0.0,2026-09-24T02:21:08.880-03:00
PUCPR,96,livre,0.0,0.0,2026-09-24T02:21:08.880-03:00
PUCPR,97,livre,0.0,0.0,2026-09-24T02:21:08.880-03:00
PUCPR,98,livre,0.0,0.0,2026-09-24T02:21:08.880-03:00
PUCPR,99,livre,0.0,0.0,2026-09-24T02:21:08.880-03:00
PUCPR,1,livre,0.0,0.0,2026-09-24T02:21:08.930-03:00
PUCPR,10,livre,0.0,0.0,2026-09-24T02:21:08.930-03:00
PUCPR,100,livre,0.0,0.0,2026-09-24T02:21:08.930-03:00
PUCPR,11,livre,0.0,0.0,2026-09-24T02:21:08.930-03:00
PUCPR,12,livre,0.0,0.0,2026-09-24T02:21:08.930-03:00
PUCPR,13,livre,0.0,0.0,2026-09-24T02:21:08.930-03:00
PUCPR,14,livre,0.0,0.0,2026-09-24T02:21:08.930-03:00
PUCPR,15,livre,0.0,0.0,2026-09-24T02:21:08.930-03:00
PUCPR,16,livre,0.0,0.0,2026-09-24T02:21:08.930-03:00
PUCPR,17,livre,0.0,0.0,2026-09-24T02:21:08.930-03:00
PUCPR,18,livre,0.0,0.0,2026-09-24T02:21:08.930-03:00
PUCPR,19,livre,0.0,0.0,2026-09-24T02:21:08.930-03:00
PUCPR,2,livre,0.0,0.0,2026-09-24T02:21:08.930-03:00
PUCPR,20,livre,0.0,0.0,2026-09-24T02:21:08.930-03:00
PUCPR,21,livre,0.0,0.0,2026-09-24T02:21:08.930-03:00
PUCPR,22,livre,0.0,0.0,2026-09-24T02:21:08.930-03:00
PUCPR,23,livre,0.0,0.0,2026-09-24T02:21:08.930-03:00
PUCPR,24,livre,0.0,0.0,2026-09-24T02:21:08.930-03:00
PUCPR,25,livre,0.0,0.0,2026-09-24T02:21:08.930-03:00
PUCPR,26,livre,0.0,0.0,2026-09-24T02:21:08.930-03:00
PUCPR,27,livre,0.0,0.0,2026-09-24T02:21:08.930-03:00
PUCPR,28,livre,0.0,0.0,2026-09-24T02:21:08.930-03:00
PUCPR,29,livre,0.0,0.0,2026-09-24T02:21:08.930-03:00
PUCPR,3,livre,0.0,0.0,2026-09-24T02:21:08.930-03:00
PUCPR,30,livre,0.0,0.0,2026-09-24T02:21:08.930-03:00
PUCPR,31,livre,0.0,0.0,2026-09-24T02:21:08.930-03:00
PUCPR,32,livre,0.0,0.0,2026-09-24T02:21:08.930-03:00
PUCPR,33,livre,0.0,0.0,2026-09-24T02:21:08.930-03:00
PUCPR,34,livre,0.0,0.0,2026-09-24T02:21:08.930-03:00
PUCPR,35,livre,0.0,0.0,2026-09-24T02:21:08.930-03:00
PUCPR,36,livre,0.0,0.0,2026-09-24T02:21:08.930-03:00
PUCPR,37,livre,0.0,0.0,2026-09-24T02:21:08.930-03:00
PUCPR,38,livre,0.0,0.0,2026-09-24T02:21:08.930-03:00
PUCPR,39,livre,0.0,0.0,2026-09-24T02:21:08.930-03:00
PUCPR,4,livre,0.0,0.0,2026-09-24T02:21:08.930-03:00
PUCPR,40,livre,0.0,0.0,2026-09-24T02:21:08.930-03:00
PUCPR,41,livre,0.0,0.0,2026-09-24T02:21:08.930-03:00
PUCPR,42,livre,0.0,0.0,2026-09-24T02:21:08.930-03:00
PUCPR,43,livre,0.0,0.0,2026-09-24T02:21:08.930-03:00
PUCPR,44,livre,0.0,0.0,2026-09-24T02:21:08.930-03:00
PUCPR,45,livre,0.0,0.0,2026-09-24T02:21:08.930-03:00
PUCPR,46,livre,0.0,0.0,2026-09-24T02:21:08.930-03:00
PUCPR,47,livre,0.0,0.0,2026-09-24T02:21:08.930-03:00
PUCPR,48,livre,0.0,0.0,2026-09-24T02:21:08.930-03:00
PUCPR,49,livre,0.0,0.0,2026-09-24T02:21:08.930-03:00
PUCPR,5,livre,0.0,0.0,2026-09-24T02:21:08.930-03:00
PUCPR,50,livre,0.0,0.0,2026-09-24T02:21:08.930-03:00
PUCPR,51,livre,0.0,0.0,2026-09-24T02:21:08.930-03:00
PUCPR,52,livre,0.0,0.0,2026-09-24T02:21:08.930-03:00
PUCPR,53,livre,0.0,0.0,2026-09-24T02:21:08.930-03:00
PUCPR,54,livre,0.0,0.0,2026-09-24T02:21:08.930-03:00
PUCPR,55,livre,0.0,0.0,2026-09-24T02:21:08.930-03:00
PUCPR,56,livre,0.0,0.0,2026-09-24T02:21:08.930-03:00
PUCPR,57,livre,0.0,0.0,2026-09-24T02:21:08.930-03:00
PUCPR,58,livre,0.0,0.0,2026-09-24T02:21:08.930-03:00
PUCPR,59,livre,0.0,0.0,2026-09-24T02:21:08.930-03:00
PUCPR,6,livre,0.0,0.0,2026-09-24T02:21:08.930-03:00
PUCPR,60,livre,0.0,0.0,2026-09-24T02:21:08.930-03:00
PUCPR,61,livre,0.0,0.0,2026-09-24T02:21:08.930-03:00
PUCPR,62,livre,0.0,0.0,2026-09-24T02:21:08.930-03:00
PUCPR,63,livre,0.0,0.0,2026-09-24T02:21:08.930-03:00
PUCPR,64,livre,0.0,0.0,2026-09-24T02:21:08.930-03:00
PUCPR,65,livre,0.0,0.0,2026-09-24T02:21:08.930-03:00
PUCPR,66,livre,0.0,0.0,2026-09-24T02:21:08.930-03:00
PUCPR,67,livre,0.0,0.0,2026-09-24T02:21:08.930-03:00
PUCPR,68,livre,0.0,0.0,2026-09-24T02:21:08.930-03:00
PUCPR,69,livre,0.0,0.0,2026-09-24T02:21:08.930-03:00
PUCPR,7,livre,0.0,0.0,2026-09-24T02:21:08.930-03:00
PUCPR,70,livre,0.0,0.0,2026-09-24T02:21:08.930-03:00
PUCPR,71,livre,0.0,0.0,2026-09-24T02:21:08.930-03:00
PUCPR,72,livre,0.0,0.0,2026-09-24T02:21:08.930-03:00
PUCPR,73,livre,0.0,0.0,2026-09-24T02:21:08.930-03:00
PUCPR,74,livre,0.0,0.14834092140910782,2026-09-24T02:21:08.930-03:00
PUCPR,75,ocupada,0.3539828062057495,0.6976773794198549,2026-09-24T02:21:08.930-03:00
PUCPR,76,livre,0.0,0.0,2026-09-24T02:21:08.930-03:00
PUCPR,77,livre,0.0,0.0,2026-09-24T02:21:08.930-03:00
PUCPR,78,livre,0.0,0.0,2026-09-24T02:21:08.930-03:00
PUCPR,79,livre,0.0,0.0,2026-09-24T02:21:08.930-03:00
PUCPR,8,livre,0.0,0.0,2026-09-24T02:21:08.930-03:00
PUCPR,80,livre,0.0,0.0,2026-09-24T02:21:08.930-03:00
PUCPR,81,livre,0.0,0.0,2026-09-24T02:21:08.930-03:00
PUCPR,82,livre,0.0,0.0,2026-09-24T02:21:08.930-03:00
PUCPR,83,livre,0.0,0.0023877696492585507,2026-09-24T02:21:08.930-03:00
PUCPR,84,livre,0.27567058801651,0.8942067240046346,2026-09-24T02:21:08.930-03:00
PUCPR,85,livre,0.0,0.0,2026-09-24T02:21:08.930-03:00
PUCPR,86,livre,0.0,0.0,2026-09-24T02:21:08.930-03:00
PUCPR,87,livre,0.0,0.0,2026-09-24T02:21:08.930-03:00
PUCPR,88,livre,0.0,0.0,2026-09-24T02:21:08.930-03:00
PUCPR,89,livre,0.0,0.14460441236350446,2026-09-24T02:21:08.930-03:00
PUCPR,9,livre,0.0,0.0,2026-09-24T02:21:08.930-03:00
PUCPR,90,livre,0.0,0.0,2026-09-24T02:21:08.930-03:00
PUCPR,91,livre,0.0,0.0,2026-09-24T02:21:08.930-03:00
PUCPR,92,livre,0.0,0.0,2026-09-24T02:21:08.930-03:00
PUCPR,93,livre,0.0,0.0,2026-09-24T02:21:08.930-03:00
PUCPR,94,livre,0.0,0.0,2026-09-24T02:21:08.930-03:00
PUCPR,95,livre,0.0,0.0,2026-09-24T02:21:08.930-03:00
PUCPR,96,livre,0.0,0.0,2026-09-24T02:21:08.930-03:00
PUCPR,97,livre,0.0,0.0,2026-09-24T02:21:08.930-03:00
PUCPR,98,livre,0.0,0.0,2026-09-24T02:21:08.930-03:00
PUCPR,99,livre,0.0,0.0,2026-09-24T02:21:08.930-03:00
PUCPR,1,livre,0.0,0.0,2026-09-24T02:21:08.981-03:00
PUCPR,10,livre,0.0,0.0,2026-09-24T02:21:08.981-03:00
PUCPR,100,livre,0.0,0.0,2026-09-24T02:21:08.981-03:00
PUCPR,11,livre,0.0,0.0,2026-09-24T02:21:08.981-03:00
PUCPR,12,livre,0.0,0.0,2026-09-24T02:21:08.981-03:00
PUCPR,13,livre,0.0,0.0,2026-09-24T02:21:08.981-03:00
PUCPR,14,livre,0.0,0.0,2026-09-24T02:21:08.981-03:00
PUCPR,15,livre,0.0,0.0,2026-09-24T02:21:08.981-03:00
PUCPR,16,livre,0.0,0.0,2026-09-24T02:21:08.981-03:00
PUCPR,17,livre,0.0,0.0,2026-09-24T02:21:08.981-03:00
PUCPR,18,livre,0.0,0.0,2026-09-24T02:21:08.981-03:00
PUCPR,19,livre,0.0,0.0,2026-09-24T02:21:08.981-03:00
PUCPR,2,livre,0.0,0.0,2026-09-24T02:21:08.981-03:00
PUCPR,20,livre,0.0,0.0,2026-09-24T02:21:08.981-03:00
PUCPR,21,livre,0.0,0.0,2026-09-24T02:21:08.981-03:00
PUCPR,22,livre,0.0,0.0,2026-09-24T02:21:08.981-03:00
PUCPR,23,livre,0.0,0.0,2026-09-24T02:21:08.981-03:00
PUCPR,24,livre,0.0,0.0,2026-09-24T02:21:08.981-03:00
PUCPR,25,livre,0.0,0.0,2026-09-24T02:21:08.981-03:00
PUCPR,26,livre,0.0,0.0,2026-09-24T02:21:08.981-03:00
PUCPR,27,livre,0.0,0.0,2026-09-24T02:21:08.981-03:00
PUCPR,28,livre,0.0,0.0,2026-09-24T02:21:08.981-03:00
PUCPR,29,livre,0.0,0.0,2026-09-24T02:21:08.981-03:00
PUCPR,3,livre,0.0,0.0,2026-09-24T02:21:08.981-03:00
PUCPR,30,livre,0.0,0.0,2026-09-24T02:21:08.981-03:00
PUCPR,31,livre,0.0,0.0,2026-09-24T02:21:08.981-03:00
PUCPR,32,livre,0.0,0.0,2026-09-24T02:21:08.981-03:00
PUCPR,33,livre,0.0,0.0,2026-09-24T02:21:08.981-03:00
PUCPR,34,livre,0.0,0.0,2026-09-24T02:21:08.981-03:00
PUCPR,35,livre,0.0,0.0,2026-09-24T02:21:08.981-03:00
PUCPR,36,livre,0.0,0.0,2026-09-24T02:21:08.981-03:00
PUCPR,37,livre,0.0,0.0,2026-09-24T02:21:08.981-03:00
PUCPR,38,livre,0.0,0.0,2026-09-24T02:21:08.981-03:00
PUCPR,39,livre,0.0,0.0,2026-09-24T02:21:08.981-03:00
PUCPR,4,livre,0.0,0.0,2026-09-24T02:21:08.981-03:00
PUCPR,40,livre,0.0,0.0,2026-09-24T02:21:08.981-03:00
PUCPR,41,livre,0.0,0.0,2026-09-24T02:21:08.981-03:00
PUCPR,42,livre,0.0,0.0,2026-09-24T02:21:08.981-03:00
PUCPR,43,livre,0.0,0.0,2026-09-24T02:21:08.981-03:00
PUCPR,44,livre,0.0,0.0,2026-09-24T02:21:08.981-03:00
PUCPR,45,livre,0.0,0.0,2026-09-24T02:21:08.981-03:00
PUCPR,46,livre,0.0,0.0,2026-09-24T02:21:08.981-03:00
PUCPR,47,livre,0.0,0.0,2026-09-24T02:21:08.981-03:00
PUCPR,48,livre,0.0,0.0,2026-09-24T02:21:08.981-03:00
PUCPR,49,livre,0.0,0.0,2026-09-24T02:21:08.981-03:00
PUCPR,5,livre,0.0,0.0,2026-09-24T02:21:08.981-03:00
PUCPR,50,livre,0.0,0.0,2026-09-24T02:21:08.981-03:00
PUCPR,51,livre,0.0,0.0,2026-09-24T02:21:08.981-03:00
PUCPR,52,livre,0.0,0.0,2026-09-24T02:21:08.981-03:00
PUCPR,53,livre,0.0,0.0,2026-09-24T02:21:08.981-03:00
PUCPR,54,livre,0.0,0.0,2026-09-24T02:21:08.981-03:00
PUCPR,55,livre,0.0,0.0,2026-09-24T02:21:08.981-03:00
PUCPR,56,livre,0.0,0.0,2026-09-24T02:21:08.981-03:00
PUCPR,57,livre,0.0,0.0,2026-09-24T02:21:08.981-03:00
PUCPR,58,livre,0.0,0.0,2026-09-24T02:21:08.981-03:00
PUCPR,59,livre,0.0,0.0,2026-09-24T02:21:08.981-03:00
PUCPR,6,livre,0.0,0.0,2026-09-24T02:21:08.981-03:00
PUCPR,60,livre,0.0,0.0,2026-09-24T02:21:08.981-03:00
PUCPR,61,livre,0.0,0.0,2026-09-24T02:21:08.981-03:00
PUCPR,62,livre,0.0,0.0,2026-09-24T02:21:08.981-03:00
PUCPR,63,livre,0.0,0.0,2026-09-24T02:21:08.981-03:00
PUCPR,64,livre,0.0,0.0,2026-09-24T02:21:08.981-03:00
PUCPR,65,livre,0.0,0.0,2026-09-24T02:21:08.981-03:00
PUCPR,66,livre,0.0,0.0,2026-09-24T02:21:08.981-03:00
PUCPR,67,livre,0.0,0.0,2026-09-24T02:21:08.981-03:00
PUCPR,68,livre,0.0,0.0,2026-09-24T02:21:08.981-03:00
PUCPR,69,livre,0.0,0.0,2026-09-24T02:21:08.981-03:00
PUCPR,7,livre,0.0,0.0,2026-09-24T02:21:08.981-03:00
PUCPR,70,livre,0.0,0.0,2026-09-24T02:21:08.981-03:00
PUCPR,71,livre,0.0,0.0,2026-09-24T02:21:08.981-03:00
PUCPR,72,livre,0.0,0.0,2026-09-24T02:21:08.981-03:00
PUCPR,73,livre,0.0,0.0,2026-09-24T02:21:08.981-03:00
PUCPR,74,livre,0.0,0.1593679092336388,2026-09-24T02:21:08.981-03:00
PUCPR,75,ocupada,0.3279135227203369,0.7056044302333809,2026-09-24T02:21:08.981-03:00
PUCPR,76,livre,0.0,0.0,2026-09-24T02:21:08.981-03:00
PUCPR,77,livre,0.0,0.0,2026-09-24T02:21:08.981-03:00
PUCPR,78,livre,0.0,0.0,2026-09-24T02:21:08.981-03:00
PUCPR,79,livre,0.0,0.0,2026-09-24T02:21:08.981-03:00
PUCPR,8,livre,0.0,0.0,2026-09-24T02:21:08.981-03:00
PUCPR,80,livre,0.0,0.0,2026-09-24T02:21:08.981-03:00
PUCPR,81,livre,0.0,0.0,2026-09-24T02:21:08.981-03:00
PUCPR,82,livre,0.0,0.0,2026-09-24T02:21:08.981-03:00
PUCPR,83,livre,0.0,0.0,2026-09-24T02:21:08.981-03:00
PUCPR,84,livre,0.0,0.0,2026-09-24T02:21:08.981-03:00
PUCPR,85,livre,0.0,0.0,2026-09-24T02:21:08.981-03:00
PUCPR,86,livre,0.0,0.0,2026-09-24T02:21:08.981-03:00
PUCPR,87,livre,0.0,0.0,2026-09-24T02:21:08.981-03:00
PUCPR,88,livre,0.0,0.0,2026-09-24T02:21:08.981-03:00
PUCPR,89,livre,0.0,0.14148963742562456,2026-09-24T02:21:08.981-03:00
PUCPR,9,livre,0.0,0.0,2026-09-24T02:21:08.981-03:00
PUCPR,90,livre,0.0,0.0,2026-09-24T02:21:08.981-03:00
PUCPR,91,livre,0.0,0.0,2026-09-24T02:21:08.981-03:00
PUCPR,92,livre,0.0,0.0,2026-09-24T02:21:08.981-03:00
PUCPR,93,livre,0.0,0.0,2026-09-24T02:21:08.981-03:00
PUCPR,94,livre,0.0,0.0,2026-09-24T02:21:08.981-03:00
PUCPR,95,livre,0.0,0.0,2026-09-24T02:21:08.981-03:00
PUCPR,96,livre,0.0,0.0,2026-09-24T02:21:08.981-03:00
PUCPR,97,livre,0.0,0.0,2026-09-24T02:21:08.981-03:00
PUCPR,98,livre,0.0,0.0,2026-09-24T02:21:08.981-03:00
PUCPR,99,livre,0.0,0.0,2026-09-24T02:21:08.981-03:00
PUCPR,1,livre,0.0,0.0,2026-09-24T02:21:09.032-03:00
PUCPR,10,livre,0.0,0.0,2026-09-24T02:21:09.032-03:00
PUCPR,100,livre,0.0,0.0,2026-09-24T02:21:09.032-03:00
PUCPR,11,livre,0.0,0.0,2026-09-24T02:21:09.032-03:00
PUCPR,12,livre,0.0,0.0,2026-09-24T02:21:09.032-03:00
PUCPR,13,livre,0.0,0.0,2026-09-24T02:21:09.032-03:00
PUCPR,14,livre,0.0,0.0,2026-09-24T02:21:09.032-03:00
PUCPR,15,livre,0.0,0.0,2026-09-24T02:21:09.032-03:00
PUCPR,16,livre,0.0,0.0,2026-09-24T02:21:09.032-03:00
PUCPR,17,livre,0.0,0.0,2026-09-24T02:21:09.032-03:00
PUCPR,18,livre,0.0,0.0,2026-09-24T02:21:09.032-03:00
PUCPR,19,livre,0.0,0.0,2026-09-24T02:21:09.032-03:00
PUCPR,2,livre,0.0,0.0,2026-09-24T02:21:09.032-03:00
PUCPR,20,livre,0.0,0.0,2026-09-24T02:21:09.032-03:00
PUCPR,21,livre,0.0,0.0,2026-09-24T02:21:09.032-03:00
PUCPR,22,livre,0.0,0.0,2026-09-24T02:21:09.032-03:00
PUCPR,23,livre,0.0,0.0,2026-09-24T02:21:09.032-03:00
PUCPR,24,livre,0.0,0.0,2026-09-24T02:21:09.032-03:00
PUCPR,25,livre,0.0,0.0,2026-09-24T02:21:09.032-03:00
PUCPR,26,livre,0.0,0.0,2026-09-24T02:21:09.032-03:00
PUCPR,27,livre,0.0,0.0,2026-09-24T02:21:09.032-03:00
PUCPR,28,livre,0.0,0.0,2026-09-24T02:21:09.032-03:00
PUCPR,29,livre,0.0,0.0,2026-09-24T02:21:09.032-03:00
PUCPR,3,livre,0.0,0.0,2026-09-24T02:21:09.032-03:00
PUCPR,30,livre,0.0,0.0,2026-09-24T02:21:09.032-03:00
PUCPR,31,livre,0.0,0.0,2026-09-24T02:21:09.032-03:00
PUCPR,32,livre,0.0,0.0,2026-09-24T02:21:09.032-03:00
PUCPR,33,livre,0.0,0.0,2026-09-24T02:21:09.032-03:00
PUCPR,34,livre,0.0,0.0,2026-09-24T02:21:09.032-03:00
PUCPR,35,livre,0.0,0.0,2026-09-24T02:21:09.032-03:00
PUCPR,36,livre,0.0,0.0,2026-09-24T02:21:09.032-03:00
PUCPR,37,livre,0.0,0.0,2026-09-24T02:21:09.032-03:00
PUCPR,38,livre,0.0,0.0,2026-09-24T02:21:09.032-03:00
PUCPR,39,livre,0.0,0.0,2026-09-24T02:21:09.032-03:00
PUCPR,4,livre,0.0,0.0,2026-09-24T02:21:09.032-03:00
PUCPR,40,livre,0.0,0.0,2026-09-24T02:21:09.032-03:00
PUCPR,41,livre,0.0,0.0,2026-09-24T02:21:09.032-03:00
PUCPR,42,livre,0.0,0.0,2026-09-24T02:21:09.032-03:00
PUCPR,43,livre,0.0,0.0,2026-09-24T02:21:09.032-03:00
PUCPR,44,livre,0.0,0.0,2026-09-24T02:21:09.032-03:00
PUCPR,45,livre,0.0,0.0,2026-09-24T02:21:09.032-03:00
PUCPR,46,livre,0.0,0.0,2026-09-24T02:21:09.032-03:00
PUCPR,47,livre,0.0,0.0,2026-09-24T02:21:09.032-03:00
PUCPR,48,livre,0.0,0.0,2026-09-24T02:21:09.032-03:00
PUCPR,49,livre,0.0,0.0,2026-09-24T02:21:09.032-03:00
PUCPR,5,livre,0.0,0.0,2026-09-24T02:21:09.032-03:00
PUCPR,50,livre,0.0,0.0,2026-09-24T02:21:09.032-03:00
PUCPR,51,livre,0.0,0.0,2026-09-24T02:21:09.032-03:00
PUCPR,52,livre,0.0,0.0,2026-09-24T02:21:09.032-03:00
PUCPR,53,livre,0.0,0.0,2026-09-24T02:21:09.032-03:00
PUCPR,54,livre,0.0,0.0,2026-09-24T02:21:09.032-03:00
PUCPR,55,livre,0.0,0.0,2026-09-24T02:21:09.032-03:00
PUCPR,56,livre,0.0,0.0,2026-09-24T02:21:09.032-03:00
PUCPR,57,livre,0.0,0.0,2026-09-24T02:21:09.032-03:00
PUCPR,58,livre,0.0,0.0,2026-09-24T02:21:09.032-03:00
PUCPR,59,livre,0.0,0.0,2026-09-24T02:21:09.032-03:00
PUCPR,6,livre,0.0,0.0,2026-09-24T02:21:09.032-03:00
PUCPR,60,livre,0.0,0.0,2026-09-24T02:21:09.032-03:00
PUCPR,61,livre,0.0,0.0,2026-09-24T02:21:09.032-03:00
PUCPR,62,livre,0.0,0.0,2026-09-24T02:21:09.032-03:00
PUCPR,63,livre,0.0,0.0,2026-09-24T02:21:09.032-03:00
PUCPR,64,livre,0.0,0.0,2026-09-24T02:21:09.032-03:00
PUCPR,65,livre,0.0,0.0,2026-09-24T02:21:09.032-03:00
PUCPR,66,livre,0.0,0.0,2026-09-24T02:21:09.032-03:00
PUCPR,67,livre,0.0,0.0,2026-09-24T02:21:09.032-03:00
PUCPR,68,livre,0.0,0.0,2026-09-24T02:21:09.032-03:00
PUCPR,69,livre,0.0,0.0,2026-09-24T02:21:09.032-03:00
PUCPR,7,livre,0.0,0.0,2026-09-24T02:21:09.032-03:00
PUCPR,70,livre,0.0,0.0,2026-09-24T02:21:09.032-03:00
PUCPR,71,livre,0.0,0.0,2026-09-24T02:21:09.032-03:00
PUCPR,72,livre,0.0,0.0,2026-09-24T02:21:09.032-03:00
PUCPR,73,livre,0.0,0.0,2026-09-24T02:21:09.032-03:00
PUCPR,74,livre,0.0,0.15166668540142372,2026-09-24T02:21:09.032-03:00
PUCPR,75,ocupada,0.3013170659542084,0.7245777542396293,2026-09-24T02:21:09.032-03:00
PUCPR,76,livre,0.0,0.0,2026-09-24T02:21:09.032-03:00
PUCPR,77,livre,0.0,0.0,2026-09-24T02:21:09.032-03:00
PUCPR,78,livre,0.0,0.0,2026-09-24T02:21:09.032-03:00
PUCPR,79,livre,0.0,0.0,2026-09-24T02:21:09.032-03:00
PUCPR,8,livre,0.0,0.0,2026-09-24T02:21:09.032-03:00
PUCPR,80,livre,0.0,0.0,2026-09-24T02:21:09.032-03:00
PUCPR,81,livre,0.0,0.0,2026-09-24T02:21:09.032-03:00
PUCPR,82,livre,0.0,0.0,2026-09-24T02:21:09.032-03:00
PUCPR,83,livre,0.0,0.0,2026-09-24T02:21:09.032-03:00
PUCPR,84,livre,0.0,0.0,2026-09-24T02:21:09.032-03:00
PUCPR,85,livre,0.0,0.0,2026-09-24T02:21:09.032-03:00
PUCPR,86,livre,0.0,0.0,2026-09-24T02:21:09.032-03:00
PUCPR,87,livre,0.0,0.0,2026-09-24T02:21:09.032-03:00
PUCPR,88,livre,0.0,0.0,2026-09-24T02:21:09.032-03:00
PUCPR,89,livre,0.0,0.1522513189809786,2026-09-24T02:21:09.032-03:00
PUCPR,9,livre,0.0,0.0,2026-09-24T02:21:09.032-03:00
PUCPR,90,livre,0.0,0.0,2026-09-24T02:21:09.032-03:00
PUCPR,91,livre,0.0,0.0,2026-09-24T02:21:09.032-03:00
PUCPR,92,livre,0.0,0.0,2026-09-24T02:21:09.032-03:00
PUCPR,93,livre,0.0,0.0,2026-09-24T02:21:09.032-03:00
PUCPR,94,livre,0.0,0.0,2026-09-24T02:21:09.032-03:00
PUCPR,95,livre,0.0,0.0,2026-09-24T02:21:09.032-03:00
PUCPR,96,livre,0.0,0.0,2026-09-24T02:21:09.032-03:00
PUCPR,97,livre,0.0,0.0,2026-09-24T02:21:09.032-03:00
PUCPR,98,livre,0.0,0.0,2026-09-24T02:21:09.032-03:00
PUCPR,99,livre,0.0,0.0,2026-09-24T02:21:09.032-03:00
PUCPR,1,livre,0.0,0.0,2026-09-24T02:21:09.089-03:00
PUCPR,10,livre,0.0,0.0,2026-09-24T02:21:09.089-03:00
PUCPR,100,livre,0.0,0.0,2026-09-24T02:21:09.089-03:00
PUCPR,11,livre,0.0,0.0,2026-09-24T02:21:09.089-03:00
PUCPR,12,livre,0.0,0.0,2026-09-24T02:21:09.089-03:00
PUCPR,13,livre,0.0,0.0,2026-09-24T02:21:09.089-03:00
PUCPR,14,livre,0.0,0.0,2026-09-24T02:21:09.089-03:00
PUCPR,15,livre,0.0,0.0,2026-09-24T02:21:09.089-03:00
PUCPR,16,livre,0.0,0.0,2026-09-24T02:21:09.089-03:00
PUCPR,17,livre,0.0,0.0,2026-09-24T02:21:09.089-03:00
PUCPR,18,livre,0.0,0.0,2026-09-24T02:21:09.089-03:00
PUCPR,19,livre,0.0,0.0,2026-09-24T02:21:09.089-03:00
PUCPR,2,livre,0.0,0.0,2026-09-24T02:21:09.089-03:00
PUCPR,20,livre,0.0,0.0,2026-09-24T02:21:09.089-03:00
PUCPR,21,livre,0.0,0.0,2026-09-24T02:21:09.089-03:00
PUCPR,22,livre,0.0,0.0,2026-09-24T02:21:09.089-03:00
PUCPR,23,livre,0.0,0.0,2026-09-24T02:21:09.089-03:00
PUCPR,24,livre,0.0,0.0,2026-09-24T02:21:09.089-03:00
PUCPR,25,livre,0.0,0.0,2026-09-24T02:21:09.089-03:00
PUCPR,26,livre,0.0,0.0,2026-09-24T02:21:09.089-03:00
PUCPR,27,livre,0.0,0.0,2026-09-24T02:21:09.089-03:00
PUCPR,28,livre,0.0,0.0,2026-09-24T02:21:09.089-03:00
PUCPR,29,livre,0.0,0.0,2026-09-24T02:21:09.089-03:00
PUCPR,3,livre,0.0,0.0,2026-09-24T02:21:09.089-03:00
PUCPR,30,livre,0.0,0.0,2026-09-24T02:21:09.089-03:00
PUCPR,31,livre,0.0,0.0,2026-09-24T02:21:09.089-03:00
PUCPR,32,livre,0.0,0.0,2026-09-24T02:21:09.089-03:00
PUCPR,33,livre,0.0,0.0,2026-09-24T02:21:09.089-03:00
PUCPR,34,livre,0.0,0.0,2026-09-24T02:21:09.089-03:00
PUCPR,35,livre,0.0,0.0,2026-09-24T02:21:09.089-03:00
PUCPR,36,livre,0.0,0.0,2026-09-24T02:21:09.089-03:00
PUCPR,37,livre,0.0,0.0,2026-09-24T02:21:09.089-03:00
PUCPR,38,livre,0.0,0.0,2026-09-24T02:21:09.089-03:00
PUCPR,39,livre,0.0,0.0,2026-09-24T02:21:09.089-03:00
PUCPR,4,livre,0.0,0.0,2026-09-24T02:21:09.089-03:00
PUCPR,40,livre,0.0,0.0,2026-09-24T02:21:09.089-03:00
PUCPR,41,livre,0.0,0.0,2026-09-24T02:21:09.089-03:00
PUCPR,42,livre,0.0,0.0,2026-09-24T02:21:09.089-03:00
PUCPR,43,livre,0.0,0.0,2026-09-24T02:21:09.089-03:00
PUCPR,44,livre,0.0,0.0,2026-09-24T02:21:09.089-03:00
PUCPR,45,livre,0.0,0.0,2026-09-24T02:21:09.089-03:00
PUCPR,46,livre,0.0,0.0,2026-09-24T02:21:09.089-03:00
PUCPR,47,livre,0.0,0.0,2026-09-24T02:21:09.089-03:00
PUCPR,48,livre,0.0,0.0,2026-09-24T02:21:09.089-03:00
PUCPR,49,livre,0.0,0.0,2026-09-24T02:21:09.089-03:00
PUCPR,5,livre,0.0,0.0,2026-09-24T02:21:09.089-03:00
PUCPR,50,livre,0.0,0.0,2026-09-24T02:21:09.089-03:00
PUCPR,51,livre,0.0,0.0,2026-09-24T02:21:09.089-03:00
PUCPR,52,livre,0.0,0.0,2026-09-24T02:21:09.089-03:00
PUCPR,53,livre,0.0,0.0,2026-09-24T02:21:09.089-03:00
PUCPR,54,livre,0.0,0.0,2026-09-24T02:21:09.089-03:00
PUCPR,55,livre,0.0,0.0,2026-09-24T02:21:09.089-03:00
PUCPR,56,livre,0.0,0.0,2026-09-24T02:21:09.089-03:00
PUCPR,57,livre,0.0,0.0,2026-09-24T02:21:09.089-03:00
PUCPR,58,livre,0.0,0.0,2026-09-24T02:21:09.089-03:00
PUCPR,59,livre,0.0,0.0,2026-09-24T02:21:09.089-03:00
PUCPR,6,livre,0.0,0.0,2026-09-24T02:21:09.089-03:00
PUCPR,60,livre,0.0,0.0,2026-09-24T02:21:09.089-03:00
PUCPR,61,livre,0.0,0.0,2026-09-24T02:21:09.089-03:00
PUCPR,62,livre,0.0,0.0,2026-09-24T02:21:09.089-03:00
PUCPR,63,livre,0.0,0.0,2026-09-24T02:21:09.089-03:00
PUCPR,64,livre,0.0,0.0,2026-09-24T02:21:09.089-03:00
PUCPR,65,livre,0.0,0.0,2026-09-24T02:21:09.089-03:00
PUCPR,66,livre,0.0,0.0,2026-09-24T02:21:09.089-03:00
PUCPR,67,livre,0.0,0.0,2026-09-24T02:21:09.089-03:00
PUCPR,68,livre,0.0,0.0,2026-09-24T02:21:09.089-03:00
PUCPR,69,livre,0.0,0.0,2026-09-24T02:21:09.089-03:00
PUCPR,7,livre,0.0,0.0,2026-09-24T02:21:09.089-03:00
PUCPR,70,livre,0.0,0.0,2026-09-24T02:21:09.089-03:00
PUCPR,71,livre,0.0,0.0,2026-09-24T02:21:09.089-03:00
PUCPR,72,livre,0.0,0.0,2026-09-24T02:21:09.089-03:00
PUCPR,73,livre,0.0,0.0,2026-09-24T02:21:09.089-03:00
PUCPR,74,livre,0.0,0.16637294653681084,2026-09-24T02:21:09.089-03:00
PUCPR,75,ocupada,0.27695074677467346,0.7084198410072927,2026-09-24T02:21:09.089-03:00
PUCPR,76,livre,0.0,0.0,2026-09-24T02:21:09.089-03:00
PUCPR,77,livre,0.0,0.0,2026-09-24T02:21:09.089-03:00
PUCPR,78,livre,0.0,0.0,2026-09-24T02:21:09.089-03:00
PUCPR,79,livre,0.0,0.0,2026-09-24T02:21:09.089-03:00
PUCPR,8,livre,0.0,0.0,2026-09-24T02:21:09.089-03:00
PUCPR,80,livre,0.0,0.0,2026-09-24T02:21:09.089-03:00
PUCPR,81,livre,0.0,0.0,2026-09-24T02:21:09.089-03:00
PUCPR,82,livre,0.0,0.0,2026-09-24T02:21:09.089-03:00
PUCPR,83,livre,0.0,0.0,2026-09-24T02:21:09.089-03:00
PUCPR,84,livre,0.0,0.0,2026-09-24T02:21:09.089-03:00
PUCPR,85,livre,0.0,0.0,2026-09-24T02:21:09.089-03:00
PUCPR,86,livre,0.0,0.0,2026-09-24T02:21:09.089-03:00
PUCPR,87,livre,0.0,0.0,2026-09-24T02:21:09.089-03:00
PUCPR,88,livre,0.0,0.0,2026-09-24T02:21:09.089-03:00
PUCPR,89,livre,0.0,0.13821758037847673,2026-09-24T02:21:09.089-03:00
PUCPR,9,livre,0.0,0.0,2026-09-24T02:21:09.089-03:00
PUCPR,90,livre,0.0,0.0,2026-09-24T02:21:09.089-03:00
PUCPR,91,livre,0.0,0.0,2026-09-24T02:21:09.089-03:00
PUCPR,92,livre,0.0,0.0,2026-09-24T02:21:09.089-03:00
PUCPR,93,livre,0.0,0.0,2026-09-24T02:21:09.089-03:00
PUCPR,94,livre,0.0,0.0,2026-09-24T02:21:09.089-03:00
PUCPR,95,livre,0.0,0.0,2026-09-24T02:21:09.089-03:00
PUCPR,96,livre,0.0,0.0,2026-09-24T02:21:09.089-03:00
PUCPR,97,livre,0.0,0.0,2026-09-24T02:21:09.089-03:00
PUCPR,98,livre,0.0,0.0,2026-09-24T02:21:09.089-03:00
PUCPR,99,livre,0.0,0.0,2026-09-24T02:21:09.089-03:00
PUCPR,1,livre,0.0,0.0,2026-09-24T02:21:09.140-03:00
PUCPR,10,livre,0.0,0.0,2026-09-24T02:21:09.140-03:00
PUCPR,100,livre,0.0,0.0,2026-09-24T02:21:09.140-03:00
PUCPR,11,livre,0.0,0.0,2026-09-24T02:21:09.140-03:00
PUCPR,12,livre,0.0,0.0,2026-09-24T02:21:09.140-03:00
PUCPR,13,livre,0.0,0.0,2026-09-24T02:21:09.140-03:00
PUCPR,14,livre,0.0,0.0,2026-09-24T02:21:09.140-03:00
PUCPR,15,livre,0.0,0.0,2026-09-24T02:21:09.140-03:00
PUCPR,16,livre,0.0,0.0,2026-09-24T02:21:09.140-03:00
PUCPR,17,livre,0.0,0.0,2026-09-24T02:21:09.140-03:00
PUCPR,18,livre,0.0,0.0,2026-09-24T02:21:09.140-03:00
PUCPR,19,livre,0.0,0.0,2026-09-24T02:21:09.140-03:00
PUCPR,2,livre,0.0,0.0,2026-09-24T02:21:09.140-03:00
PUCPR,20,livre,0.0,0.0,2026-09-24T02:21:09.140-03:00
PUCPR,21,livre,0.0,0.0,2026-09-24T02:21:09.140-03:00
PUCPR,22,livre,0.0,0.0,2026-09-24T02:21:09.140-03:00
PUCPR,23,livre,0.0,0.0,2026-09-24T02:21:09.140-03:00
PUCPR,24,livre,0.0,0.0,2026-09-24T02:21:09.140-03:00
PUCPR,25,livre,0.0,0.0,2026-09-24T02:21:09.140-03:00
PUCPR,26,livre,0.0,0.0,2026-09-24T02:21:09.140-03:00
PUCPR,27,livre,0.0,0.0,2026-09-24T02:21:09.140-03:00
PUCPR,28,livre,0.0,0.0,2026-09-24T02:21:09.140-03:00
PUCPR,29,livre,0.0,0.0,2026-09-24T02:21:09.140-03:00
PUCPR,3,livre,0.0,0.0,2026-09-24T02:21:09.140-03:00
PUCPR,30,livre,0.0,0.0,2026-09-24T02:21:09.140-03:00
PUCPR,31,livre,0.0,0.0,2026-09-24T02:21:09.140-03:00
PUCPR,32,livre,0.0,0.0,2026-09-24T02:21:09.140-03:00
PUCPR,33,livre,0.0,0.0,2026-09-24T02:21:09.140-03:00
PUCPR,34,livre,0.0,0.0,2026-09-24T02:21:09.140-03:00
PUCPR,35,livre,0.0,0.0,2026-09-24T02:21:09.140-03:00
PUCPR,36,livre,0.0,0.0,2026-09-24T02:21:09.140-03:00
PUCPR,37,livre,0.0,0.0,2026-09-24T02:21:09.140-03:00
PUCPR,38,livre,0.0,0.0,2026-09-24T02:21:09.140-03:00
PUCPR,39,livre,0.0,0.0,2026-09-24T02:21:09.140-03:00
PUCPR,4,livre,0.0,0.0,2026-09-24T02:21:09.140-03:00
PUCPR,40,livre,0.0,0.0,2026-09-24T02:21:09.140-03:00
PUCPR,41,livre,0.0,0.0,2026-09-24T02:21:09.140-03:00
PUCPR,42,livre,0.0,0.0,2026-09-24T02:21:09.140-03:00
PUCPR,43,livre,0.0,0.0,2026-09-24T02:21:09.140-03:00
PUCPR,44,livre,0.0,0.0,2026-09-24T02:21:09.140-03:00
PUCPR,45,livre,0.0,0.0,2026-09-24T02:21:09.140-03:00
PUCPR,46,livre,0.0,0.0,2026-09-24T02:21:09.140-03:00
PUCPR,47,livre,0.0,0.0,2026-09-24T02:21:09.140-03:00
PUCPR,48,livre,0.0,0.0,2026-09-24T02:21:09.140-03:00
PUCPR,49,livre,0.0,0.0,2026-09-24T02:21:09.140-03:00
PUCPR,5,livre,0.0,0.0,2026-09-24T02:21:09.140-03:00
PUCPR,50,livre,0.0,0.0,2026-09-24T02:21:09.140-03:00
PUCPR,51,livre,0.0,0.0,2026-09-24T02:21:09.140-03:00
PUCPR,52,livre,0.0,0.0,2026-09-24T02:21:09.140-03:00
PUCPR,53,livre,0.0,0.0,2026-09-24T02:21:09.140-03:00
PUCPR,54,livre,0.0,0.0,2026-09-24T02:21:09.140-03:00
PUCPR,55,livre,0.0,0.0,2026-09-24T02:21:09.140-03:00
PUCPR,56,livre,0.0,0.0,2026-09-24T02:21:09.140-03:00
PUCPR,57,livre,0.0,0.0,2026-09-24T02:21:09.140-03:00
PUCPR,58,livre,0.0,0.0,2026-09-24T02:21:09.140-03:00
PUCPR,59,livre,0.0,0.0,2026-09-24T02:21:09.140-03:00
PUCPR,6,livre,0.0,0.0,2026-09-24T02:21:09.140-03:00
PUCPR,60,livre,0.0,0.0,2026-09-24T02:21:09.140-03:00
PUCPR,61,livre,0.0,0.0,2026-09-24T02:21:09.140-03:00
PUCPR,62,livre,0.0,0.0,2026-09-24T02:21:09.140-03:00
PUCPR,63,livre,0.0,0.0,2026-09-24T02:21:09.140-03:00
PUCPR,64,livre,0.0,0.0,2026-09-24T02:21:09.140-03:00
PUCPR,65,livre,0.0,0.0,2026-09-24T02:21:09.140-03:00
PUCPR,66,livre,0.0,0.0,2026-09-24T02:21:09.140-03:00
PUCPR,67,livre,0.0,0.0,2026-09-24T02:21:09.140-03:00
PUCPR,68,livre,0.0,0.0,2026-09-24T02:21:09.140-03:00
PUCPR,69,livre,0.0,0.0,2026-09-24T02:21:09.140-03:00
PUCPR,7,livre,0.0,0.0,2026-09-24T02:21:09.140-03:00
PUCPR,70,livre,0.0,0.0,2026-09-24T02:21:09.140-03:00
PUCPR,71,livre,0.0,0.0,2026-09-24T02:21:09.140-03:00
PUCPR,72,livre,0.0,0.0,2026-09-24T02:21:09.140-03:00
PUCPR,73,livre,0.0,0.0,2026-09-24T02:21:09.140-03:00
PUCPR,74,livre,0.0,0.15123324229191099,2026-09-24T02:21:09.140-03:00
PUCPR,75,ocupada,0.31136488914489746,0.6759137258466956,2026-09-24T02:21:09.140-03:00
PUCPR,76,livre,0.0,0.0,2026-09-24T02:21:09.140-03:00
PUCPR,77,livre,0.0,0.0,2026-09-24T02:21:09.140-03:00
PUCPR,78,livre,0.0,0.0,2026-09-24T02:21:09.140-03:00
PUCPR,79,livre,0.0,0.0,2026-09-24T02:21:09.140-03:00
PUCPR,8,livre,0.0,0.0,2026-09-24T02:21:09.140-03:00
PUCPR,80,livre,0.0,0.0,2026-09-24T02:21:09.140-03:00
PUCPR,81,livre,0.0,0.0,2026-09-24T02:21:09.140-03:00
PUCPR,82,livre,0.0,0.0,2026-09-24T02:21:09.140-03:00
PUCPR,83,livre,0.0,0.0,2026-09-24T02:21:09.140-03:00
PUCPR,84,livre,0.0,0.0,2026-09-24T02:21:09.140-03:00
PUCPR,85,livre,0.0,0.0,2026-09-24T02:21:09.140-03:00
PUCPR,86,livre,0.0,0.0,2026-09-24T02:21:09.140-03:00
PUCPR,87,livre,0.0,0.0,2026-09-24T02:21:09.140-03:00
PUCPR,88,livre,0.0,0.0,2026-09-24T02:21:09.140-03:00
PUCPR,89,livre,0.0,0.0,2026-09-24T02:21:09.140-03:00
PUCPR,9,livre,0.0,0.0,2026-09-24T02:21:09.140-03:00
PUCPR,90,livre,0.0,0.0,2026-09-24T02:21:09.140-03:00
PUCPR,91,livre,0.0,0.0,2026-09-24T02:21:09.140-03:00
PUCPR,92,livre,0.0,0.0,2026-09-24T02:21:09.140-03:00
PUCPR,93,livre,0.0,0.0,2026-09-24T02:21:09.140-03:00
PUCPR,94,livre,0.0,0.0,2026-09-24T02:21:09.140-03:00
PUCPR,95,livre,0.0,0.0,2026-09-24T02:21:09.140-03:00
PUCPR,96,livre,0.0,0.0,2026-09-24T02:21:09.140-03:00
PUCPR,97,livre,0.0,0.0,2026-09-24T02:21:09.140-03:00
PUCPR,98,livre,0.0,0.0,2026-09-24T02:21:09.140-03:00
PUCPR,99,livre,0.0,0.0,2026-09-24T02:21:09.140-03:00
PUCPR,1,livre,0.0,0.0,2026-09-24T02:21:09.194-03:00
PUCPR,10,livre,0.0,0.0,2026-09-24T02:21:09.194-03:00
PUCPR,100,livre,0.0,0.0,2026-09-24T02:21:09.194-03:00
PUCPR,11,livre,0.0,0.0,2026-09-24T02:21:09.194-03:00
PUCPR,12,livre,0.0,0.0,2026-09-24T02:21:09.194-03:00
PUCPR,13,livre,0.0,0.0,2026-09-24T02:21:09.194-03:00
PUCPR,14,livre,0.0,0.0,2026-09-24T02:21:09.194-03:00
PUCPR,15,livre,0.0,0.0,2026-09-24T02:21:09.194-03:00
PUCPR,16,livre,0.0,0.0,2026-09-24T02:21:09.194-03:00
PUCPR,17,livre,0.0,0.0,2026-09-24T02:21:09.194-03:00
PUCPR,18,livre,0.0,0.0,2026-09-24T02:21:09.194-03:00
PUCPR,19,livre,0.0,0.0,2026-09-24T02:21:09.194-03:00
PUCPR,2,livre,0.0,0.0,2026-09-24T02:21:09.194-03:00
PUCPR,20,livre,0.0,0.0,2026-09-24T02:21:09.194-03:00
PUCPR,21,livre,0.0,0.0,2026-09-24T02:21:09.194-03:00
PUCPR,22,livre,0.0,0.0,2026-09-24T02:21:09.194-03:00
PUCPR,23,livre,0.0,0.0,2026-09-24T02:21:09.194-03:00
PUCPR,24,livre,0.0,0.0,2026-09-24T02:21:09.194-03:00
PUCPR,25,livre,0.0,0.0,2026-09-24T02:21:09.194-03:00
PUCPR,26,livre,0.0,0.0,2026-09-24T02:21:09.194-03:00
PUCPR,27,livre,0.0,0.0,2026-09-24T02:21:09.194-03:00
PUCPR,28,livre,0.0,0.0,2026-09-24T02:21:09.194-03:00
PUCPR,29,livre,0.0,0.0,2026-09-24T02:21:09.194-03:00
PUCPR,3,livre,0.0,0.0,2026-09-24T02:21:09.194-03:00
PUCPR,30,livre,0.0,0.0,2026-09-24T02:21:09.194-03:00
PUCPR,31,livre,0.0,0.0,2026-09-24T02:21:09.194-03:00
PUCPR,32,livre,0.0,0.0,2026-09-24T02:21:09.194-03:00
PUCPR,33,livre,0.0,0.0,2026-09-24T02:21:09.194-03:00
PUCPR,34,livre,0.0,0.0,2026-09-24T02:21:09.194-03:00
PUCPR,35,livre,0.0,0.0,2026-09-24T02:21:09.194-03:00
PUCPR,36,livre,0.0,0.0,2026-09-24T02:21:09.194-03:00
PUCPR,37,livre,0.0,0.0,2026-09-24T02:21:09.194-03:00
PUCPR,38,livre,0.0,0.0,2026-09-24T02:21:09.194-03:00
PUCPR,39,livre,0.0,0.0,2026-09-24T02:21:09.194-03:00
PUCPR,4,livre,0.0,0.0,2026-09-24T02:21:09.194-03:00
PUCPR,40,livre,0.0,0.0,2026-09-24T02:21:09.194-03:00
PUCPR,41,livre,0.0,0.0,2026-09-24T02:21:09.194-03:00
PUCPR,42,livre,0.0,0.0,2026-09-24T02:21:09.194-03:00
PUCPR,43,livre,0.0,0.0,2026-09-24T02:21:09.194-03:00
PUCPR,44,livre,0.0,0.0,2026-09-24T02:21:09.194-03:00
PUCPR,45,livre,0.0,0.0,2026-09-24T02:21:09.194-03:00
PUCPR,46,livre,0.0,0.0,2026-09-24T02:21:09.194-03:00
PUCPR,47,livre,0.0,0.0,2026-09-24T02:21:09.194-03:00
PUCPR,48,livre,0.0,0.0,2026-09-24T02:21:09.194-03:00
PUCPR,49,livre,0.0,0.0,2026-09-24T02:21:09.194-03:00
PUCPR,5,livre,0.0,0.0,2026-09-24T02:21:09.194-03:00
PUCPR,50,livre,0.0,0.0,2026-09-24T02:21:09.194-03:00
PUCPR,51,livre,0.0,0.0,2026-09-24T02:21:09.194-03:00
PUCPR,52,livre,0.0,0.0,2026-09-24T02:21:09.194-03:00
PUCPR,53,livre,0.0,0.0,2026-09-24T02:21:09.194-03:00
PUCPR,54,livre,0.0,0.0,2026-09-24T02:21:09.194-03:00
PUCPR,55,livre,0.0,0.0,2026-09-24T02:21:09.194-03:00
PUCPR,56,livre,0.0,0.0,2026-09-24T02:21:09.194-03:00
PUCPR,57,livre,0.0,0.0,2026-09-24T02:21:09.194-03:00
PUCPR,58,livre,0.0,0.0,2026-09-24T02:21:09.194-03:00
PUCPR,59,livre,0.0,0.0,2026-09-24T02:21:09.194-03:00
PUCPR,6,livre,0.0,0.0,2026-09-24T02:21:09.194-03:00
PUCPR,60,livre,0.0,0.0,2026-09-24T02:21:09.194-03:00
PUCPR,61,livre,0.0,0.0,2026-09-24T02:21:09.194-03:00
PUCPR,62,livre,0.0,0.0,2026-09-24T02:21:09.194-03:00
PUCPR,63,livre,0.0,0.0,2026-09-24T02:21:09.194-03:00
PUCPR,64,livre,0.0,0.0,2026-09-24T02:21:09.194-03:00
PUCPR,65,livre,0.0,0.0,2026-09-24T02:21:09.194-03:00
PUCPR,66,livre,0.0,0.0,2026-09-24T02:21:09.194-03:00
PUCPR,67,livre,0.0,0.0,2026-09-24T02:21:09.194-03:00
PUCPR,68,livre,0.0,0.0,2026-09-24T02:21:09.194-03:00
PUCPR,69,livre,0.0,0.0,2026-09-24T02:21:09.194-03:00
PUCPR,7,livre,0.0,0.0,2026-09-24T02:21:09.194-03:00
PUCPR,70,livre,0.0,0.0,2026-09-24T02:21:09.194-03:00
PUCPR,71,livre,0.0,0.0,2026-09-24T02:21:09.194-03:00
PUCPR,72,livre,0.0,0.0,2026-09-24T02:21:09.194-03:00
PUCPR,73,livre,0.0,0.0,2026-09-24T02:21:09.194-03:00
PUCPR,74,livre,0.0,0.14860594258173712,2026-09-24T02:21:09.194-03:00
PUCPR,75,ocupada,0.3494260609149933,0.6769106400653386,2026-09-24T02:21:09.194-03:00
PUCPR,76,livre,0.0,0.0,2026-09-24T02:21:09.194-03:00
PUCPR,77,livre,0.0,0.0,2026-09-24T02:21:09.194-03:00
PUCPR,78,livre,0.0,0.0,2026-09-24T02:21:09.194-03:00
PUCPR,79,livre,0.0,0.0,2026-09-24T02:21:09.194-03:00
PUCPR,8,livre,0.0,0.0,2026-09-24T02:21:09.194-03:00
PUCPR,80,livre,0.0,0.0,2026-09-24T02:21:09.194-03:00
PUCPR,81,livre,0.0,0.0,2026-09-24T02:21:09.194-03:00
PUCPR,82,livre,0.0,0.0,2026-09-24T02:21:09.194-03:00
PUCPR,83,livre,0.0,0.0,2026-09-24T02:21:09.194-03:00
PUCPR,84,livre,0.0,0.0,2026-09-24T02:21:09.194-03:00
PUCPR,85,livre,0.0,0.0,2026-09-24T02:21:09.194-03:00
PUCPR,86,livre,0.0,0.0,2026-09-24T02:21:09.194-03:00
PUCPR,87,livre,0.0,0.0,2026-09-24T02:21:09.194-03:00
PUCPR,88,livre,0.0,0.0,2026-09-24T02:21:09.194-03:00
PUCPR,89,livre,0.0,0.0,2026-09-24T02:21:09.194-03:00
PUCPR,9,livre,0.0,0.0,2026-09-24T02:21:09.194-03:00
PUCPR,90,livre,0.0,0.0,2026-09-24T02:21:09.194-03:00
PUCPR,91,livre,0.0,0.0,2026-09-24T02:21:09.194-03:00
PUCPR,92,livre,0.0,0.0,2026-09-24T02:21:09.194-03:00
PUCPR,93,livre,0.0,0.0,2026-09-24T02:21:09.194-03:00
PUCPR,94,livre,0.0,0.0,2026-09-24T02:21:09.194-03:00
PUCPR,95,livre,0.0,0.0,2026-09-24T02:21:09.194-03:00
PUCPR,96,livre,0.0,0.0,2026-09-24T02:21:09.194-03:00
PUCPR,97,livre,0.0,0.0,2026-09-24T02:21:09.194-03:00
PUCPR,98,livre,0.0,0.0,2026-09-24T02:21:09.194-03:00
PUCPR,99,livre,0.0,0.0,2026-09-24T02:21:09.194-03:00
PUCPR,1,livre,0.0,0.0,2026-09-24T02:21:09.249-03:00
PUCPR,10,livre,0.0,0.0,2026-09-24T02:21:09.249-03:00
PUCPR,100,livre,0.0,0.0,2026-09-24T02:21:09.249-03:00
PUCPR,11,livre,0.0,0.0,2026-09-24T02:21:09.249-03:00
PUCPR,12,livre,0.0,0.0,2026-09-24T02:21:09.249-03:00
PUCPR,13,livre,0.0,0.0,2026-09-24T02:21:09.249-03:00
PUCPR,14,livre,0.0,0.0,2026-09-24T02:21:09.249-03:00
PUCPR,15,livre,0.0,0.0,2026-09-24T02:21:09.249-03:00
PUCPR,16,livre,0.0,0.0,2026-09-24T02:21:09.249-03:00
PUCPR,17,livre,0.0,0.0,2026-09-24T02:21:09.249-03:00
PUCPR,18,livre,0.0,0.0,2026-09-24T02:21:09.249-03:00
PUCPR,19,livre,0.0,0.0,2026-09-24T02:21:09.249-03:00
PUCPR,2,livre,0.0,0.0,2026-09-24T02:21:09.249-03:00
PUCPR,20,livre,0.0,0.0,2026-09-24T02:21:09.249-03:00
PUCPR,21,livre,0.0,0.0,2026-09-24T02:21:09.249-03:00
PUCPR,22,livre,0.0,0.0,2026-09-24T02:21:09.249-03:00
PUCPR,23,livre,0.0,0.0,2026-09-24T02:21:09.249-03:00
PUCPR,24,livre,0.0,0.0,2026-09-24T02:21:09.249-03:00
PUCPR,25,livre,0.0,0.0,2026-09-24T02:21:09.249-03:00
PUCPR,26,livre,0.0,0.0,2026-09-24T02:21:09.249-03:00
PUCPR,27,livre,0.0,0.0,2026-09-24T02:21:09.249-03:00
PUCPR,28,livre,0.0,0.0,2026-09-24T02:21:09.249-03:00
PUCPR,29,livre,0.0,0.0,2026-09-24T02:21:09.249-03:00
PUCPR,3,livre,0.0,0.0,2026-09-24T02:21:09.249-03:00
PUCPR,30,livre,0.0,0.0,2026-09-24T02:21:09.249-03:00
PUCPR,31,livre,0.0,0.0,2026-09-24T02:21:09.249-03:00
PUCPR,32,livre,0.0,0.0,2026-09-24T02:21:09.249-03:00
PUCPR,33,livre,0.0,0.0,2026-09-24T02:21:09.249-03:00
PUCPR,34,livre,0.0,0.0,2026-09-24T02:21:09.249-03:00
PUCPR,35,livre,0.0,0.0,2026-09-24T02:21:09.249-03:00
PUCPR,36,livre,0.0,0.0,2026-09-24T02:21:09.249-03:00
PUCPR,37,livre,0.0,0.0,2026-09-24T02:21:09.249-03:00
PUCPR,38,livre,0.0,0.0,2026-09-24T02:21:09.249-03:00
PUCPR,39,livre,0.0,0.0,2026-09-24T02:21:09.249-03:00
PUCPR,4,livre,0.0,0.0,2026-09-24T02:21:09.249-03:00
PUCPR,40,livre,0.0,0.0,2026-09-24T02:21:09.249-03:00
PUCPR,41,livre,0.0,0.0,2026-09-24T02:21:09.249-03:00
PUCPR,42,livre,0.0,0.0,2026-09-24T02:21:09.249-03:00
PUCPR,43,livre,0.0,0.0,2026-09-24T02:21:09.249-03:00
PUCPR,44,livre,0.0,0.0,2026-09-24T02:21:09.249-03:00
PUCPR,45,livre,0.0,0.0,2026-09-24T02:21:09.249-03:00
PUCPR,46,livre,0.0,0.0,2026-09-24T02:21:09.249-03:00
PUCPR,47,livre,0.0,0.0,2026-09-24T02:21:09.249-03:00
PUCPR,48,livre,0.0,0.0,2026-09-24T02:21:09.249-03:00
PUCPR,49,livre,0.0,0.0,2026-09-24T02:21:09.249-03:00
PUCPR,5,livre,0.0,0.0,2026-09-24T02:21:09.249-03:00
PUCPR,50,livre,0.0,0.0,2026-09-24T02:21:09.249-03:00
PUCPR,51,livre,0.0,0.0,2026-09-24T02:21:09.249-03:00
PUCPR,52,livre,0.0,0.0,2026-09-24T02:21:09.249-03:00
PUCPR,53,livre,0.0,0.0,2026-09-24T02:21:09.249-03:00
PUCPR,54,livre,0.0,0.0,2026-09-24T02:21:09.249-03:00
PUCPR,55,livre,0.0,0.0,2026-09-24T02:21:09.249-03:00
PUCPR,56,livre,0.0,0.0,2026-09-24T02:21:09.249-03:00
PUCPR,57,livre,0.0,0.0,2026-09-24T02:21:09.249-03:00
PUCPR,58,livre,0.0,0.0,2026-09-24T02:21:09.249-03:00
PUCPR,59,livre,0.0,0.0,2026-09-24T02:21:09.249-03:00
PUCPR,6,livre,0.0,0.0,2026-09-24T02:21:09.249-03:00
PUCPR,60,livre,0.0,0.0,2026-09-24T02:21:09.249-03:00
PUCPR,61,livre,0.0,0.0,2026-09-24T02:21:09.249-03:00
PUCPR,62,livre,0.0,0.0,2026-09-24T02:21:09.249-03:00
PUCPR,63,livre,0.0,0.0,2026-09-24T02:21:09.249-03:00
PUCPR,64,livre,0.0,0.0,2026-09-24T02:21:09.249-03:00
PUCPR,65,livre,0.0,0.0,2026-09-24T02:21:09.249-03:00
PUCPR,66,livre,0.0,0.0,2026-09-24T02:21:09.249-03:00
PUCPR,67,livre,0.0,0.0,2026-09-24T02:21:09.249-03:00
PUCPR,68,livre,0.0,0.0,2026-09-24T02:21:09.249-03:00
PUCPR,69,livre,0.0,0.0,2026-09-24T02:21:09.249-03:00
PUCPR,7,livre,0.0,0.0,2026-09-24T02:21:09.249-03:00
PUCPR,70,livre,0.0,0.0,2026-09-24T02:21:09.249-03:00
PUCPR,71,livre,0.0,0.0,2026-09-24T02:21:09.249-03:00
PUCPR,72,livre,0.0,0.0,2026-09-24T02:21:09.249-03:00
PUCPR,73,livre,0.0,0.0,2026-09-24T02:21:09.249-03:00
PUCPR,74,livre,0.0,0.1352961253581464,2026-09-24T02:21:09.249-03:00
PUCPR,75,ocupada,0.4013254940509796,0.6767793728704341,2026-09-24T02:21:09.249-03:00
PUCPR,76,livre,0.0,0.0,2026-09-24T02:21:09.249-03:00
PUCPR,77,livre,0.0,0.0,2026-09-24T02:21:09.249-03:00
PUCPR,78,livre,0.0,0.0,2026-09-24T02:21:09.249-03:00
PUCPR,79,livre,0.0,0.0,2026-09-24T02:21:09.249-03:00
PUCPR,8,livre,0.0,0.0,2026-09-24T02:21:09.249-03:00
PUCPR,80,livre,0.0,0.0,2026-09-24T02:21:09.249-03:00
PUCPR,81,livre,0.0,0.0,2026-09-24T02:21:09.249-03:00
PUCPR,82,livre,0.0,0.0,2026-09-24T02:21:09.249-03:00
PUCPR,83,livre,0.0,0.0,2026-09-24T02:21:09.249-03:00
PUCPR,84,livre,0.0,0.0,2026-09-24T02:21:09.249-03:00
PUCPR,85,livre,0.0,0.0,2026-09-24T02:21:09.249-03:00
PUCPR,86,livre,0.0,0.0,2026-09-24T02:21:09.249-03:00
PUCPR,87,livre,0.0,0.0,2026-09-24T02:21:09.249-03:00
PUCPR,88,livre,0.0,0.0,2026-09-24T02:21:09.249-03:00
PUCPR,89,livre,0.0,0.0,2026-09-24T02:21:09.249-03:00
PUCPR,9,livre,0.0,0.0,2026-09-24T02:21:09.249-03:00
PUCPR,90,livre,0.0,0.0,2026-09-24T02:21:09.249-03:00
PUCPR,91,livre,0.0,0.0,2026-09-24T02:21:09.249-03:00
PUCPR,92,livre,0.0,0.0,2026-09-24T02:21:09.249-03:00
PUCPR,93,livre,0.0,0.0,2026-09-24T02:21:09.249-03:00
PUCPR,94,livre,0.0,0.0,2026-09-24T02:21:09.249-03:00
PUCPR,95,livre,0.0,0.0,2026-09-24T02:21:09.249-03:00
PUCPR,96,livre,0.0,0.0,2026-09-24T02:21:09.249-03:00
PUCPR,97,livre,0.0,0.0,2026-09-24T02:21:09.249-03:00
PUCPR,98,livre,0.0,0.0,2026-09-24T02:21:09.249-03:00
PUCPR,99,livre,0.0,0.0,2026-09-24T02:21:09.249-03:00
PUCPR,1,livre,0.0,0.0,2026-09-24T02:21:09.297-03:00
PUCPR,10,livre,0.0,0.0,2026-09-24T02:21:09.297-03:00
PUCPR,100,livre,0.0,0.0,2026-09-24T02:21:09.297-03:00
PUCPR,11,livre,0.0,0.0,2026-09-24T02:21:09.297-03:00
PUCPR,12,livre,0.0,0.0,2026-09-24T02:21:09.297-03:00
PUCPR,13,livre,0.0,0.0,2026-09-24T02:21:09.297-03:00
PUCPR,14,livre,0.0,0.0,2026-09-24T02:21:09.297-03:00
PUCPR,15,livre,0.0,0.0,2026-09-24T02:21:09.297-03:00
PUCPR,16,livre,0.0,0.0,2026-09-24T02:21:09.297-03:00
PUCPR,17,livre,0.0,0.0,2026-09-24T02:21:09.297-03:00
PUCPR,18,livre,0.0,0.0,2026-09-24T02:21:09.297-03:00
PUCPR,19,livre,0.0,0.0,2026-09-24T02:21:09.297-03:00
PUCPR,2,livre,0.0,0.0,2026-09-24T02:21:09.297-03:00
PUCPR,20,livre,0.0,0.0,2026-09-24T02:21:09.297-03:00
PUCPR,21,livre,0.0,0.0,2026-09-24T02:21:09.297-03:00
PUCPR,22,livre,0.0,0.0,2026-09-24T02:21:09.297-03:00
PUCPR,23,livre,0.0,0.0,2026-09-24T02:21:09.297-03:00
PUCPR,24,livre,0.0,0.0,2026-09-24T02:21:09.297-03:00
PUCPR,25,livre,0.0,0.0,2026-09-24T02:21:09.297-03:00
PUCPR,26,livre,0.0,0.0,2026-09-24T02:21:09.297-03:00
PUCPR,27,livre,0.0,0.0,2026-09-24T02:21:09.297-03:00
PUCPR,28,livre,0.0,0.0,2026-09-24T02:21:09.297-03:00
PUCPR,29,livre,0.0,0.0,2026-09-24T02:21:09.297-03:00
PUCPR,3,livre,0.0,0.0,2026-09-24T02:21:09.297-03:00
PUCPR,30,livre,0.0,0.0,2026-09-24T02:21:09.297-03:00
PUCPR,31,livre,0.0,0.0,2026-09-24T02:21:09.297-03:00
PUCPR,32,livre,0.0,0.0,2026-09-24T02:21:09.297-03:00
PUCPR,33,livre,0.0,0.0,2026-09-24T02:21:09.297-03:00
PUCPR,34,livre,0.0,0.0,2026-09-24T02:21:09.297-03:00
PUCPR,35,livre,0.0,0.0,2026-09-24T02:21:09.297-03:00
PUCPR,36,livre,0.0,0.0,2026-09-24T02:21:09.297-03:00
PUCPR,37,livre,0.0,0.0,2026-09-24T02:21:09.297-03:00
PUCPR,38,livre,0.0,0.0,2026-09-24T02:21:09.297-03:00
PUCPR,39,livre,0.0,0.0,2026-09-24T02:21:09.297-03:00
PUCPR,4,livre,0.0,0.0,2026-09-24T02:21:09.297-03:00
PUCPR,40,livre,0.0,0.0,2026-09-24T02:21:09.297-03:00
PUCPR,41,livre,0.0,0.0,2026-09-24T02:21:09.297-03:00
PUCPR,42,livre,0.0,0.0,2026-09-24T02:21:09.297-03:00
PUCPR,43,livre,0.0,0.0,2026-09-24T02:21:09.297-03:00
PUCPR,44,livre,0.0,0.0,2026-09-24T02:21:09.297-03:00
PUCPR,45,livre,0.0,0.0,2026-09-24T02:21:09.297-03:00
PUCPR,46,livre,0.0,0.0,2026-09-24T02:21:09.297-03:00
PUCPR,47,livre,0.0,0.0,2026-09-24T02:21:09.297-03:00
PUCPR,48,livre,0.0,0.0,2026-09-24T02:21:09.297-03:00
PUCPR,49,livre,0.0,0.0,2026-09-24T02:21:09.297-03:00
PUCPR,5,livre,0.0,0.0,2026-09-24T02:21:09.297-03:00
PUCPR,50,livre,0.0,0.0,2026-09-24T02:21:09.297-03:00
PUCPR,51,livre,0.0,0.0,2026-09-24T02:21:09.297-03:00
PUCPR,52,livre,0.0,0.0,2026-09-24T02:21:09.297-03:00
PUCPR,53,livre,0.0,0.0,2026-09-24T02:21:09.297-03:00
PUCPR,54,livre,0.0,0.0,2026-09-24T02:21:09.297-03:00
PUCPR,55,livre,0.0,0.0,2026-09-24T02:21:09.297-03:00
PUCPR,56,livre,0.0,0.0,2026-09-24T02:21:09.297-03:00
PUCPR,57,livre,0.0,0.0,2026-09-24T02:21:09.297-03:00
PUCPR,58,livre,0.0,0.0,2026-09-24T02:21:09.297-03:00
PUCPR,59,livre,0.0,0.0,2026-09-24T02:21:09.297-03:00
PUCPR,6,livre,0.0,0.0,2026-09-24T02:21:09.297-03:00
PUCPR,60,livre,0.0,0.0,2026-09-24T02:21:09.297-03:00
PUCPR,61,livre,0.0,0.0,2026-09-24T02:21:09.297-03:00
PUCPR,62,livre,0.0,0.0,2026-09-24T02:21:09.297-03:00
PUCPR,63,livre,0.0,0.0,2026-09-24T02:21:09.297-03:00
PUCPR,64,livre,0.0,0.0,2026-09-24T02:21:09.297-03:00
PUCPR,65,livre,0.0,0.0,2026-09-24T02:21:09.297-03:00
PUCPR,66,livre,0.0,0.0,2026-09-24T02:21:09.297-03:00
PUCPR,67,livre,0.0,0.0,2026-09-24T02:21:09.297-03:00
PUCPR,68,livre,0.0,0.0,2026-09-24T02:21:09.297-03:00
PUCPR,69,livre,0.0,0.0,2026-09-24T02:21:09.297-03:00
PUCPR,7,livre,0.0,0.0,2026-09-24T02:21:09.297-03:00
PUCPR,70,livre,0.0,0.0,2026-09-24T02:21:09.297-03:00
PUCPR,71,livre,0.0,0.0,2026-09-24T02:21:09.297-03:00
PUCPR,72,livre,0.0,0.0,2026-09-24T02:21:09.297-03:00
PUCPR,73,livre,0.0,0.0,2026-09-24T02:21:09.297-03:00
PUCPR,74,livre,0.0,0.13580130501557192,2026-09-24T02:21:09.297-03:00
PUCPR,75,ocupada,0.3561181426048279,0.6674672242466132,2026-09-24T02:21:09.297-03:00
PUCPR,76,livre,0.0,0.0,2026-09-24T02:21:09.297-03:00
PUCPR,77,livre,0.0,0.0,2026-09-24T02:21:09.297-03:00
PUCPR,78,livre,0.0,0.0,2026-09-24T02:21:09.297-03:00
PUCPR,79,livre,0.0,0.0,2026-09-24T02:21:09.297-03:00
PUCPR,8,livre,0.0,0.0,2026-09-24T02:21:09.297-03:00
PUCPR,80,livre,0.0,0.0,2026-09-24T02:21:09.297-03:00
PUCPR,81,livre,0.0,0.0,2026-09-24T02:21:09.297-03:00
PUCPR,82,livre,0.0,0.0,2026-09-24T02:21:09.297-03:00
PUCPR,83,livre,0.0,0.0,2026-09-24T02:21:09.297-03:00
PUCPR,84,livre,0.0,0.0,2026-09-24T02:21:09.297-03:00
PUCPR,85,livre,0.0,0.0,2026-09-24T02:21:09.297-03:00
PUCPR,86,livre,0.0,0.0,2026-09-24T02:21:09.297-03:00
PUCPR,87,livre,0.0,0.0,2026-09-24T02:21:09.297-03:00
PUCPR,88,livre,0.0,0.0,2026-09-24T02:21:09.297-03:00
PUCPR,89,livre,0.0,0.0,2026-09-24T02:21:09.297-03:00
PUCPR,9,livre,0.0,0.0,2026-09-24T02:21:09.297-03:00
PUCPR,90,livre,0.0,0.0,2026-09-24T02:21:09.297-03:00
PUCPR,91,livre,0.0,0.0,2026-09-24T02:21:09.297-03:00
PUCPR,92,livre,0.0,0.0,2026-09-24T02:21:09.297-03:00
PUCPR,93,livre,0.0,0.0,2026-09-24T02:21:09.297-03:00
PUCPR,94,livre,0.0,0.0,2026-09-24T02:21:09.297-03:00
PUCPR,95,livre,0.0,0.0,2026-09-24T02:21:09.297-03:00
PUCPR,96,livre,0.0,0.0,2026-09-24T02:21:09.297-03:00
PUCPR,97,livre,0.0,0.004628440467575513,2026-09-24T02:21:09.297-03:00
PUCPR,98,livre,0.2981933057308197,0.8801582961692586,2026-09-24T02:21:09.297-03:00
PUCPR,99,livre,0.0,0.0,2026-09-24T02:21:09.297-03:00
PUCPR,1,livre,0.0,0.0,2026-09-24T02:21:09.349-03:00
PUCPR,10,livre,0.0,0.0,2026-09-24T02:21:09.349-03:00
PUCPR,100,livre,0.0,0.0,2026-09-24T02:21:09.349-03:00
PUCPR,11,livre,0.0,0.0,2026-09-24T02:21:09.349-03:00
PUCPR,12,livre,0.0,0.0,2026-09-24T02:21:09.349-03:00
PUCPR,13,livre,0.0,0.0,2026-09-24T02:21:09.349-03:00
PUCPR,14,livre,0.0,0.0,2026-09-24T02:21:09.349-03:00
PUCPR,15,livre,0.0,0.0,2026-09-24T02:21:09.349-03:00
PUCPR,16,livre,0.0,0.0,2026-09-24T02:21:09.349-03:00
PUCPR,17,livre,0.0,0.0,2026-09-24T02:21:09.349-03:00
PUCPR,18,livre,0.0,0.0,2026-09-24T02:21:09.349-03:00
PUCPR,19,livre,0.0,0.0,2026-09-24T02:21:09.349-03:00
PUCPR,2,livre,0.0,0.0,2026-09-24T02:21:09.349-03:00
PUCPR,20,livre,0.0,0.0,2026-09-24T02:21:09.349-03:00
PUCPR,21,livre,0.0,0.0,2026-09-24T02:21:09.349-03:00
PUCPR,22,livre,0.0,0.0,2026-09-24T02:21:09.349-03:00
PUCPR,23,livre,0.0,0.0,2026-09-24T02:21:09.349-03:00
PUCPR,24,livre,0.0,0.0,2026-09-24T02:21:09.349-03:00
PUCPR,25,livre,0.0,0.0,2026-09-24T02:21:09.349-03:00
PUCPR,26,livre,0.0,0.0,2026-09-24T02:21:09.349-03:00
PUCPR,27,livre,0.0,0.0,2026-09-24T02:21:09.349-03:00
PUCPR,28,livre,0.0,0.0,2026-09-24T02:21:09.349-03:00
PUCPR,29,livre,0.0,0.0,2026-09-24T02:21:09.349-03:00
PUCPR,3,livre,0.0,0.0,2026-09-24T02:21:09.349-03:00
PUCPR,30,livre,0.0,0.0,2026-09-24T02:21:09.349-03:00
PUCPR,31,livre,0.0,0.0,2026-09-24T02:21:09.349-03:00
PUCPR,32,livre,0.0,0.0,2026-09-24T02:21:09.349-03:00
PUCPR,33,livre,0.0,0.0,2026-09-24T02:21:09.349-03:00
PUCPR,34,livre,0.0,0.0,2026-09-24T02:21:09.349-03:00
PUCPR,35,livre,0.0,0.0,2026-09-24T02:21:09.349-03:00
PUCPR,36,livre,0.0,0.0,2026-09-24T02:21:09.349-03:00
PUCPR,37,livre,0.0,0.0,2026-09-24T02:21:09.349-03:00
PUCPR,38,livre,0.0,0.0,2026-09-24T02:21:09.349-03:00
PUCPR,39,livre,0.0,0.0,2026-09-24T02:21:09.349-03:00
PUCPR,4,livre,0.0,0.0,2026-09-24T02:21:09.349-03:00
PUCPR,40,livre,0.0,0.0,2026-09-24T02:21:09.349-03:00
PUCPR,41,livre,0.0,0.0,2026-09-24T02:21:09.349-03:00
PUCPR,42,livre,0.0,0.0,2026-09-24T02:21:09.349-03:00
PUCPR,43,livre,0.0,0.0,2026-09-24T02:21:09.349-03:00
PUCPR,44,livre,0.0,0.0,2026-09-24T02:21:09.349-03:00
PUCPR,45,livre,0.0,0.0,2026-09-24T02:21:09.349-03:00
PUCPR,46,livre,0.0,0.0,2026-09-24T02:21:09.349-03:00
PUCPR,47,livre,0.0,0.0,2026-09-24T02:21:09.349-03:00
PUCPR,48,livre,0.0,0.0,2026-09-24T02:21:09.349-03:00
PUCPR,49,livre,0.0,0.0,2026-09-24T02:21:09.349-03:00
PUCPR,5,livre,0.0,0.0,2026-09-24T02:21:09.349-03:00
PUCPR,50,livre,0.0,0.0,2026-09-24T02:21:09.349-03:00
PUCPR,51,livre,0.0,0.0,2026-09-24T02:21:09.349-03:00
PUCPR,52,livre,0.0,0.0,2026-09-24T02:21:09.349-03:00
PUCPR,53,livre,0.0,0.0,2026-09-24T02:21:09.349-03:00
PUCPR,54,livre,0.0,0.0,2026-09-24T02:21:09.349-03:00
PUCPR,55,livre,0.0,0.0,2026-09-24T02:21:09.349-03:00
PUCPR,56,livre,0.0,0.0,2026-09-24T02:21:09.349-03:00
PUCPR,57,livre,0.0,0.0,2026-09-24T02:21:09.349-03:00
PUCPR,58,livre,0.0,0.0,2026-09-24T02:21:09.349-03:00
PUCPR,59,livre,0.0,0.0,2026-09-24T02:21:09.349-03:00
PUCPR,6,livre,0.0,0.0,2026-09-24T02:21:09.349-03:00
PUCPR,60,livre,0.0,0.0,2026-09-24T02:21:09.349-03:00
PUCPR,61,livre,0.0,0.0,2026-09-24T02:21:09.349-03:00
PUCPR,62,livre,0.0,0.0,2026-09-24T02:21:09.349-03:00
PUCPR,63,livre,0.0,0.0,2026-09-24T02:21:09.349-03:00
PUCPR,64,livre,0.0,0.0,2026-09-24T02:21:09.349-03:00
PUCPR,65,livre,0.0,0.0,2026-09-24T02:21:09.349-03:00
PUCPR,66,livre,0.0,0.0,2026-09-24T02:21:09.349-03:00
PUCPR,67,livre,0.0,0.0,2026-09-24T02:21:09.349-03:00
PUCPR,68,livre,0.0,0.0,2026-09-24T02:21:09.349-03:00
PUCPR,69,livre,0.0,0.0,2026-09-24T02:21:09.349-03:00
PUCPR,7,livre,0.0,0.0,2026-09-24T02:21:09.349-03:00
PUCPR,70,livre,0.0,0.0,2026-09-24T02:21:09.349-03:00
PUCPR,71,livre,0.0,0.0,2026-09-24T02:21:09.349-03:00
PUCPR,72,livre,0.0,0.0,2026-09-24T02:21:09.349-03:00
PUCPR,73,livre,0.0,0.0,2026-09-24T02:21:09.349-03:00
PUCPR,74,livre,0.0,0.13713341735671966,2026-09-24T02:21:09.349-03:00
PUCPR,75,ocupada,0.2990466058254242,0.6856015993225043,2026-09-24T02:21:09.349-03:00
PUCPR,76,livre,0.0,0.0,2026-09-24T02:21:09.349-03:00
PUCPR,77,livre,0.0,0.0,2026-09-24T02:21:09.349-03:00
PUCPR,78,livre,0.0,0.0,2026-09-24T02:21:09.349-03:00
PUCPR,79,livre,0.0,0.0,2026-09-24T02:21:09.349-03:00
PUCPR,8,livre,0.0,0.0,2026-09-24T02:21:09.349-03:00
PUCPR,80,livre,0.0,0.0,2026-09-24T02:21:09.349-03:00
PUCPR,81,livre,0.0,0.0,2026-09-24T02:21:09.349-03:00
PUCPR,82,livre,0.0,0.0,2026-09-24T02:21:09.349-03:00
PUCPR,83,livre,0.0,0.0,2026-09-24T02:21:09.349-03:00
PUCPR,84,livre,0.0,0.0,2026-09-24T02:21:09.349-03:00
PUCPR,85,livre,0.0,0.0,2026-09-24T02:21:09.349-03:00
PUCPR,86,livre,0.0,0.0,2026-09-24T02:21:09.349-03:00
PUCPR,87,livre,0.0,0.0,2026-09-24T02:21:09.349-03:00
PUCPR,88,livre,0.0,0.0,2026-09-24T02:21:09.349-03:00
PUCPR,89,livre,0.0,0.0,2026-09-24T02:21:09.349-03:00
PUCPR,9,livre,0.0,0.0,2026-09-24T02:21:09.349-03:00
PUCPR,90,livre,0.0,0.0,2026-09-24T02:21:09.349-03:00
PUCPR,91,livre,0.0,0.0,2026-09-24T02:21:09.349-03:00
PUCPR,92,livre,0.0,0.0,2026-09-24T02:21:09.349-03:00
PUCPR,93,livre,0.0,0.0,2026-09-24T02:21:09.349-03:00
PUCPR,94,livre,0.0,0.0,2026-09-24T02:21:09.349-03:00
PUCPR,95,livre,0.0,0.0,2026-09-24T02:21:09.349-03:00
PUCPR,96,livre,0.0,0.0,2026-09-24T02:21:09.349-03:00
PUCPR,97,livre,0.0,0.005364174266267203,2026-09-24T02:21:09.349-03:00
PUCPR,98,livre,0.3599843978881836,0.8807398809214505,2026-09-24T02:21:09.349-03:00
PUCPR,99,livre,0.0,0.0,2026-09-24T02:21:09.349-03:00
PUCPR,1,livre,0.0,0.0,2026-09-24T02:21:09.403-03:00
PUCPR,10,livre,0.0,0.0,2026-09-24T02:21:09.403-03:00
PUCPR,100,livre,0.0,0.0,2026-09-24T02:21:09.403-03:00
PUCPR,11,livre,0.0,0.0,2026-09-24T02:21:09.403-03:00
PUCPR,12,livre,0.0,0.0,2026-09-24T02:21:09.403-03:00
PUCPR,13,livre,0.0,0.0,2026-09-24T02:21:09.403-03:00
PUCPR,14,livre,0.0,0.0,2026-09-24T02:21:09.403-03:00
PUCPR,15,livre,0.0,0.0,2026-09-24T02:21:09.403-03:00
PUCPR,16,livre,0.0,0.0,2026-09-24T02:21:09.403-03:00
PUCPR,17,livre,0.0,0.0,2026-09-24T02:21:09.403-03:00
PUCPR,18,livre,0.0,0.0,2026-09-24T02:21:09.403-03:00
PUCPR,19,livre,0.0,0.0,2026-09-24T02:21:09.403-03:00
PUCPR,2,livre,0.0,0.0,2026-09-24T02:21:09.403-03:00
PUCPR,20,livre,0.0,0.0,2026-09-24T02:21:09.403-03:00
PUCPR,21,livre,0.0,0.0,2026-09-24T02:21:09.403-03:00
PUCPR,22,livre,0.0,0.0,2026-09-24T02:21:09.403-03:00
PUCPR,23,livre,0.0,0.0,2026-09-24T02:21:09.403-03:00
PUCPR,24,livre,0.0,0.0,2026-09-24T02:21:09.403-03:00
PUCPR,25,livre,0.0,0.0,2026-09-24T02:21:09.403-03:00
PUCPR,26,livre,0.0,0.0,2026-09-24T02:21:09.403-03:00
PUCPR,27,livre,0.0,0.0,2026-09-24T02:21:09.403-03:00
PUCPR,28,livre,0.0,0.0,2026-09-24T02:21:09.403-03:00
PUCPR,29,livre,0.0,0.0,2026-09-24T02:21:09.403-03:00
PUCPR,3,livre,0.0,0.0,2026-09-24T02:21:09.403-03:00
PUCPR,30,livre,0.0,0.0,2026-09-24T02:21:09.403-03:00
PUCPR,31,livre,0.0,0.0,2026-09-24T02:21:09.403-03:00
PUCPR,32,livre,0.0,0.0,2026-09-24T02:21:09.403-03:00
PUCPR,33,livre,0.0,0.0,2026-09-24T02:21:09.403-03:00
PUCPR,34,livre,0.0,0.0,2026-09-24T02:21:09.403-03:00
PUCPR,35,livre,0.0,0.0,2026-09-24T02:21:09.403-03:00
PUCPR,36,livre,0.0,0.0,2026-09-24T02:21:09.403-03:00
PUCPR,37,livre,0.0,0.0,2026-09-24T02:21:09.403-03:00
PUCPR,38,livre,0.0,0.0,2026-09-24T02:21:09.403-03:00
PUCPR,39,livre,0.0,0.0,2026-09-24T02:21:09.403-03:00
PUCPR,4,livre,0.0,0.0,2026-09-24T02:21:09.403-03:00
PUCPR,40,livre,0.0,0.0,2026-09-24T02:21:09.403-03:00
PUCPR,41,livre,0.0,0.0,2026-09-24T02:21:09.403-03:00
PUCPR,42,livre,0.0,0.0,2026-09-24T02:21:09.403-03:00
PUCPR,43,livre,0.0,0.0,2026-09-24T02:21:09.403-03:00
PUCPR,44,livre,0.0,0.0,2026-09-24T02:21:09.403-03:00
PUCPR,45,livre,0.0,0.0,2026-09-24T02:21:09.403-03:00
PUCPR,46,livre,0.0,0.0,2026-09-24T02:21:09.403-03:00
PUCPR,47,livre,0.0,0.0,2026-09-24T02:21:09.403-03:00
PUCPR,48,livre,0.0,0.0,2026-09-24T02:21:09.403-03:00
PUCPR,49,livre,0.0,0.0,2026-09-24T02:21:09.403-03:00
PUCPR,5,livre,0.0,0.0,2026-09-24T02:21:09.403-03:00
PUCPR,50,livre,0.0,0.0,2026-09-24T02:21:09.403-03:00
PUCPR,51,livre,0.0,0.0,2026-09-24T02:21:09.403-03:00
PUCPR,52,livre,0.0,0.0,2026-09-24T02:21:09.403-03:00
PUCPR,53,livre,0.0,0.0,2026-09-24T02:21:09.403-03:00
PUCPR,54,livre,0.0,0.0,2026-09-24T02:21:09.403-03:00
PUCPR,55,livre,0.0,0.0,2026-09-24T02:21:09.403-03:00
PUCPR,56,livre,0.0,0.0,2026-09-24T02:21:09.403-03:00
PUCPR,57,livre,0.0,0.0,2026-09-24T02:21:09.403-03:00
PUCPR,58,livre,0.0,0.0,2026-09-24T02:21:09.403-03:00
PUCPR,59,livre,0.0,0.0,2026-09-24T02:21:09.403-03:00
PUCPR,6,livre,0.0,0.0,2026-09-24T02:21:09.403-03:00
PUCPR,60,livre,0.0,0.0,2026-09-24T02:21:09.403-03:00
PUCPR,61,livre,0.0,0.0,2026-09-24T02:21:09.403-03:00
PUCPR,62,livre,0.0,0.0,2026-09-24T02:21:09.403-03:00
PUCPR,63,livre,0.0,0.0,2026-09-24T02:21:09.403-03:00
PUCPR,64,livre,0.0,0.0,2026-09-24T02:21:09.403-03:00
PUCPR,65,livre,0.0,0.0,2026-09-24T02:21:09.403-03:00
PUCPR,66,livre,0.0,0.0,2026-09-24T02:21:09.403-03:00
PUCPR,67,livre,0.0,0.0,2026-09-24T02:21:09.403-03:00
PUCPR,68,livre,0.0,0.0,2026-09-24T02:21:09.403-03:00
PUCPR,69,livre,0.0,0.0,2026-09-24T02:21:09.403-03:00
PUCPR,7,livre,0.0,0.0,2026-09-24T02:21:09.403-03:00
PUCPR,70,livre,0.0,0.0,2026-09-24T02:21:09.403-03:00
PUCPR,71,livre,0.0,0.0,2026-09-24T02:21:09.403-03:00
PUCPR,72,livre,0.0,0.0,2026-09-24T02:21:09.403-03:00
PUCPR,73,livre,0.0,0.0,2026-09-24T02:21:09.403-03:00
PUCPR,74,livre,0.0,0.14143822743068737,2026-09-24T02:21:09.403-03:00
PUCPR,75,ocupada,0.37818923592567444,0.6680356019995067,2026-09-24T02:21:09.403-03:00
PUCPR,76,livre,0.0,0.0,2026-09-24T02:21:09.403-03:00
PUCPR,77,livre,0.0,0.0,2026-09-24T02:21:09.403-03:00
PUCPR,78,livre,0.0,0.0,2026-09-24T02:21:09.403-03:00
PUCPR,79,livre,0.0,0.0,2026-09-24T02:21:09.403-03:00
PUCPR,8,livre,0.0,0.0,2026-09-24T02:21:09.403-03:00
PUCPR,80,livre,0.0,0.0,2026-09-24T02:21:09.403-03:00
PUCPR,81,livre,0.0,0.0,2026-09-24T02:21:09.403-03:00
PUCPR,82,livre,0.0,0.0,2026-09-24T02:21:09.403-03:00
PUCPR,83,livre,0.0,0.0,2026-09-24T02:21:09.403-03:00
PUCPR,84,livre,0.0,0.0,2026-09-24T02:21:09.403-03:00
PUCPR,85,livre,0.0,0.0,2026-09-24T02:21:09.403-03:00
PUCPR,86,livre,0.0,0.0,2026-09-24T02:21:09.403-03:00
PUCPR,87,livre,0.0,0.0,2026-09-24T02:21:09.403-03:00
PUCPR,88,livre,0.0,0.0,2026-09-24T02:21:09.403-03:00
PUCPR,89,livre,0.0,0.0,2026-09-24T02:21:09.403-03:00
PUCPR,9,livre,0.0,0.0,2026-09-24T02:21:09.403-03:00
PUCPR,90,livre,0.0,0.0,2026-09-24T02:21:09.403-03:00
PUCPR,91,livre,0.0,0.0,2026-09-24T02:21:09.403-03:00
PUCPR,92,livre,0.0,0.0,2026-09-24T02:21:09.403-03:00
PUCPR,93,livre,0.0,0.0,2026-09-24T02:21:09.403-03:00
PUCPR,94,livre,0.0,0.0,2026-09-24T02:21:09.403-03:00
PUCPR,95,livre,0.0,0.0,2026-09-24T02:21:09.403-03:00
PUCPR,96,livre,0.0,0.0,2026-09-24T02:21:09.403-03:00
PUCPR,97,livre,0.0,0.0,2026-09-24T02:21:09.403-03:00
PUCPR,98,livre,0.0,0.0,2026-09-24T02:21:09.403-03:00
PUCPR,99,livre,0.0,0.0,2026-09-24T02:21:09.403-03:00
PUCPR,1,livre,0.0,0.0,2026-09-24T02:21:09.454-03:00
PUCPR,10,livre,0.0,0.0,2026-09-24T02:21:09.454-03:00
PUCPR,100,livre,0.0,0.0,2026-09-24T02:21:09.454-03:00
PUCPR,11,livre,0.0,0.0,2026-09-24T02:21:09.454-03:00
PUCPR,12,livre,0.0,0.0,2026-09-24T02:21:09.454-03:00
PUCPR,13,livre,0.0,0.0,2026-09-24T02:21:09.454-03:00
PUCPR,14,livre,0.0,0.0,2026-09-24T02:21:09.454-03:00
PUCPR,15,livre,0.0,0.0,2026-09-24T02:21:09.454-03:00
PUCPR,16,livre,0.0,0.0,2026-09-24T02:21:09.454-03:00
PUCPR,17,livre,0.0,0.0,2026-09-24T02:21:09.454-03:00
PUCPR,18,livre,0.0,0.0,2026-09-24T02:21:09.454-03:00
PUCPR,19,livre,0.0,0.0,2026-09-24T02:21:09.454-03:00
PUCPR,2,livre,0.0,0.0,2026-09-24T02:21:09.454-03:00
PUCPR,20,livre,0.0,0.0,2026-09-24T02:21:09.454-03:00
PUCPR,21,livre,0.0,0.0,2026-09-24T02:21:09.454-03:00
PUCPR,22,livre,0.0,0.0,2026-09-24T02:21:09.454-03:00
PUCPR,23,livre,0.0,0.0,2026-09-24T02:21:09.454-03:00
PUCPR,24,livre,0.0,0.0,2026-09-24T02:21:09.454-03:00
PUCPR,25,livre,0.0,0.0,2026-09-24T02:21:09.454-03:00
PUCPR,26,livre,0.0,0.0,2026-09-24T02:21:09.454-03:00
PUCPR,27,livre,0.0,0.0,2026-09-24T02:21:09.454-03:00
PUCPR,28,livre,0.0,0.0,2026-09-24T02:21:09.454-03:00
PUCPR,29,livre,0.0,0.0,2026-09-24T02:21:09.454-03:00
PUCPR,3,livre,0.0,0.0,2026-09-24T02:21:09.454-03:00
PUCPR,30,livre,0.0,0.0,2026-09-24T02:21:09.454-03:00
PUCPR,31,livre,0.0,0.0,2026-09-24T02:21:09.454-03:00
PUCPR,32,livre,0.0,0.0,2026-09-24T02:21:09.454-03:00
PUCPR,33,livre,0.0,0.0,2026-09-24T02:21:09.454-03:00
PUCPR,34,livre,0.0,0.0,2026-09-24T02:21:09.454-03:00
PUCPR,35,livre,0.0,0.0,2026-09-24T02:21:09.454-03:00
PUCPR,36,livre,0.0,0.0,2026-09-24T02:21:09.454-03:00
PUCPR,37,livre,0.0,0.0,2026-09-24T02:21:09.454-03:00
PUCPR,38,livre,0.0,0.0,2026-09-24T02:21:09.454-03:00
PUCPR,39,livre,0.0,0.0,2026-09-24T02:21:09.454-03:00
PUCPR,4,livre,0.0,0.0,2026-09-24T02:21:09.454-03:00
PUCPR,40,livre,0.0,0.0,2026-09-24T02:21:09.454-03:00
PUCPR,41,livre,0.0,0.0,2026-09-24T02:21:09.454-03:00
PUCPR,42,livre,0.0,0.0,2026-09-24T02:21:09.454-03:00
PUCPR,43,livre,0.0,0.0,2026-09-24T02:21:09.454-03:00
PUCPR,44,livre,0.0,0.0,2026-09-24T02:21:09.454-03:00
PUCPR,45,livre,0.0,0.0,2026-09-24T02:21:09.454-03:00
PUCPR,46,livre,0.0,0.0,2026-09-24T02:21:09.454-03:00
PUCPR,47,livre,0.0,0.0,2026-09-24T02:21:09.454-03:00
PUCPR,48,livre,0.0,0.0,2026-09-24T02:21:09.454-03:00
PUCPR,49,livre,0.0,0.0,2026-09-24T02:21:09.454-03:00
PUCPR,5,livre,0.0,0.0,2026-09-24T02:21:09.454-03:00
PUCPR,50,livre,0.0,0.0,2026-09-24T02:21:09.454-03:00
PUCPR,51,livre,0.0,0.0,2026-09-24T02:21:09.454-03:00
PUCPR,52,livre,0.0,0.0,2026-09-24T02:21:09.454-03:00
PUCPR,53,livre,0.0,0.0,2026-09-24T02:21:09.454-03:00
PUCPR,54,livre,0.0,0.0,2026-09-24T02:21:09.454-03:00
PUCPR,55,livre,0.0,0.0,2026-09-24T02:21:09.454-03:00
PUCPR,56,livre,0.0,0.0,2026-09-24T02:21:09.454-03:00
PUCPR,57,livre,0.0,0.0,2026-09-24T02:21:09.454-03:00
PUCPR,58,livre,0.0,0.0,2026-09-24T02:21:09.454-03:00
PUCPR,59,livre,0.0,0.0,2026-09-24T02:21:09.454-03:00
PUCPR,6,livre,0.0,0.0,2026-09-24T02:21:09.454-03:00
PUCPR,60,livre,0.0,0.0,2026-09-24T02:21:09.454-03:00
PUCPR,61,livre,0.0,0.0,2026-09-24T02:21:09.454-03:00
PUCPR,62,livre,0.0,0.0,2026-09-24T02:21:09.454-03:00
PUCPR,63,livre,0.0,0.0,2026-09-24T02:21:09.454-03:00
PUCPR,64,livre,0.0,0.0,2026-09-24T02:21:09.454-03:00
PUCPR,65,livre,0.0,0.0,2026-09-24T02:21:09.454-03:00
PUCPR,66,livre,0.0,0.0,2026-09-24T02:21:09.454-03:00
PUCPR,67,livre,0.0,0.0,2026-09-24T02:21:09.454-03:00
PUCPR,68,livre,0.0,0.0,2026-09-24T02:21:09.454-03:00
PUCPR,69,livre,0.0,0.0,2026-09-24T02:21:09.454-03:00
PUCPR,7,livre,0.0,0.0,2026-09-24T02:21:09.454-03:00
PUCPR,70,livre,0.0,0.0,2026-09-24T02:21:09.454-03:00
PUCPR,71,livre,0.0,0.0,2026-09-24T02:21:09.454-03:00
PUCPR,72,livre,0.0,0.0,2026-09-24T02:21:09.454-03:00
PUCPR,73,livre,0.0,0.0,2026-09-24T02:21:09.454-03:00
PUCPR,74,livre,0.0,0.1358163376749113,2026-09-24T02:21:09.454-03:00
PUCPR,75,ocupada,0.3924093544483185,0.6502987620605308,2026-09-24T02:21:09.454-03:00
PUCPR,76,livre,0.0,0.0,2026-09-24T02:21:09.454-03:00
PUCPR,77,livre,0.0,0.0,2026-09-24T02:21:09.454-03:00
PUCPR,78,livre,0.0,0.0,2026-09-24T02:21:09.454-03:00
PUCPR,79,livre,0.0,0.0,2026-09-24T02:21:09.454-03:00
PUCPR,8,livre,0.0,0.0,2026-09-24T02:21:09.454-03:00
PUCPR,80,livre,0.0,0.0,2026-09-24T02:21:09.454-03:00
PUCPR,81,livre,0.0,0.0,2026-09-24T02:21:09.454-03:00
PUCPR,82,livre,0.0,0.0,2026-09-24T02:21:09.454-03:00
PUCPR,83,livre,0.0,0.0,2026-09-24T02:21:09.454-03:00
PUCPR,84,livre,0.0,0.0,2026-09-24T02:21:09.454-03:00
PUCPR,85,livre,0.0,0.0,2026-09-24T02:21:09.454-03:00
PUCPR,86,livre,0.0,0.0,2026-09-24T02:21:09.454-03:00
PUCPR,87,livre,0.0,0.0,2026-09-24T02:21:09.454-03:00
PUCPR,88,livre,0.0,0.0,2026-09-24T02:21:09.454-03:00
PUCPR,89,livre,0.0,0.0,2026-09-24T02:21:09.454-03:00
PUCPR,9,livre,0.0,0.0,2026-09-24T02:21:09.454-03:00
PUCPR,90,livre,0.0,0.0,2026-09-24T02:21:09.454-03:00
PUCPR,91,livre,0.0,0.0,2026-09-24T02:21:09.454-03:00
PUCPR,92,livre,0.0,0.0,2026-09-24T02:21:09.454-03:00
PUCPR,93,livre,0.0,0.0,2026-09-24T02:21:09.454-03:00
PUCPR,94,livre,0.0,0.0,2026-09-24T02:21:09.454-03:00
PUCPR,95,livre,0.0,0.0,2026-09-24T02:21:09.454-03:00
PUCPR,96,livre,0.0,0.0,2026-09-24T02:21:09.454-03:00
PUCPR,97,livre,0.0,0.0,2026-09-24T02:21:09.454-03:00
PUCPR,98,livre,0.0,0.0,2026-09-24T02:21:09.454-03:00
PUCPR,99,livre,0.0,0.0,2026-09-24T02:21:09.454-03:00
PUCPR,1,livre,0.0,0.0,2026-09-24T02:21:09.509-03:00
PUCPR,10,livre,0.0,0.0,2026-09-24T02:21:09.509-03:00
PUCPR,100,livre,0.0,0.0,2026-09-24T02:21:09.509-03:00
PUCPR,11,livre,0.0,0.0,2026-09-24T02:21:09.509-03:00
PUCPR,12,livre,0.0,0.0,2026-09-24T02:21:09.509-03:00
PUCPR,13,livre,0.0,0.0,2026-09-24T02:21:09.509-03:00
PUCPR,14,livre,0.0,0.0,2026-09-24T02:21:09.509-03:00
PUCPR,15,livre,0.0,0.0,2026-09-24T02:21:09.509-03:00
PUCPR,16,livre,0.0,0.0,2026-09-24T02:21:09.509-03:00
PUCPR,17,livre,0.0,0.0,2026-09-24T02:21:09.509-03:00
PUCPR,18,livre,0.0,0.0,2026-09-24T02:21:09.509-03:00
PUCPR,19,livre,0.0,0.0,2026-09-24T02:21:09.509-03:00
PUCPR,2,livre,0.0,0.0,2026-09-24T02:21:09.509-03:00
PUCPR,20,livre,0.0,0.0,2026-09-24T02:21:09.509-03:00
PUCPR,21,livre,0.0,0.0,2026-09-24T02:21:09.509-03:00
PUCPR,22,livre,0.0,0.0,2026-09-24T02:21:09.509-03:00
PUCPR,23,livre,0.0,0.0,2026-09-24T02:21:09.509-03:00
PUCPR,24,livre,0.0,0.0,2026-09-24T02:21:09.509-03:00
PUCPR,25,livre,0.0,0.0,2026-09-24T02:21:09.509-03:00
PUCPR,26,livre,0.0,0.0,2026-09-24T02:21:09.509-03:00
PUCPR,27,livre,0.0,0.0,2026-09-24T02:21:09.509-03:00
PUCPR,28,livre,0.0,0.0,2026-09-24T02:21:09.509-03:00
PUCPR,29,livre,0.0,0.0,2026-09-24T02:21:09.509-03:00
PUCPR,3,livre,0.0,0.0,2026-09-24T02:21:09.509-03:00
PUCPR,30,livre,0.0,0.0,2026-09-24T02:21:09.509-03:00
PUCPR,31,livre,0.0,0.0,2026-09-24T02:21:09.509-03:00
PUCPR,32,livre,0.0,0.0,2026-09-24T02:21:09.509-03:00
PUCPR,33,livre,0.0,0.0,2026-09-24T02:21:09.509-03:00
PUCPR,34,livre,0.0,0.0,2026-09-24T02:21:09.509-03:00
PUCPR,35,livre,0.0,0.0,2026-09-24T02:21:09.509-03:00
PUCPR,36,livre,0.0,0.0,2026-09-24T02:21:09.509-03:00
PUCPR,37,livre,0.0,0.0,2026-09-24T02:21:09.509-03:00
PUCPR,38,livre,0.0,0.0,2026-09-24T02:21:09.509-03:00
PUCPR,39,livre,0.0,0.0,2026-09-24T02:21:09.509-03:00
PUCPR,4,livre,0.0,0.0,2026-09-24T02:21:09.509-03:00
PUCPR,40,livre,0.0,0.0,2026-09-24T02:21:09.509-03:00
PUCPR,41,livre,0.0,0.0,2026-09-24T02:21:09.509-03:00
PUCPR,42,livre,0.0,0.0,2026-09-24T02:21:09.509-03:00
PUCPR,43,livre,0.0,0.0,2026-09-24T02:21:09.509-03:00
PUCPR,44,livre,0.0,0.0,2026-09-24T02:21:09.509-03:00
PUCPR,45,livre,0.0,0.0,2026-09-24T02:21:09.509-03:00
PUCPR,46,livre,0.0,0.0,2026-09-24T02:21:09.509-03:00
PUCPR,47,livre,0.0,0.0,2026-09-24T02:21:09.509-03:00
PUCPR,48,livre,0.0,0.0,2026-09-24T02:21:09.509-03:00
PUCPR,49,livre,0.0,0.0,2026-09-24T02:21:09.509-03:00
PUCPR,5,livre,0.0,0.0,2026-09-24T02:21:09.509-03:00
PUCPR,50,livre,0.0,0.0,2026-09-24T02:21:09.509-03:00
PUCPR,51,livre,0.0,0.0,2026-09-24T02:21:09.509-03:00
PUCPR,52,livre,0.0,0.0,2026-09-24T02:21:09.509-03:00
PUCPR,53,livre,0.0,0.0,2026-09-24T02:21:09.509-03:00
PUCPR,54,livre,0.0,0.0,2026-09-24T02:21:09.509-03:00
PUCPR,55,livre,0.0,0.0,2026-09-24T02:21:09.509-03:00
PUCPR,56,livre,0.0,0.0,2026-09-24T02:21:09.509-03:00
PUCPR,57,livre,0.0,0.0,2026-09-24T02:21:09.509-03:00
PUCPR,58,livre,0.0,0.0,2026-09-24T02:21:09.509-03:00
PUCPR,59,livre,0.0,0.0,2026-09-24T02:21:09.509-03:00
PUCPR,6,livre,0.0,0.0,2026-09-24T02:21:09.509-03:00
PUCPR,60,livre,0.0,0.0,2026-09-24T02:21:09.509-03:00
PUCPR,61,livre,0.0,0.0,2026-09-24T02:21:09.509-03:00
PUCPR,62,livre,0.0,0.0,2026-09-24T02:21:09.509-03:00
PUCPR,63,livre,0.0,0.0,2026-09-24T02:21:09.509-03:00
PUCPR,64,livre,0.0,0.0,2026-09-24T02:21:09.509-03:00
PUCPR,65,livre,0.0,0.0,2026-09-24T02:21:09.509-03:00
PUCPR,66,livre,0.0,0.0,2026-09-24T02:21:09.509-03:00
PUCPR,67,livre,0.0,0.0,2026-09-24T02:21:09.509-03:00
PUCPR,68,livre,0.0,0.0,2026-09-24T02:21:09.509-03:00
PUCPR,69,livre,0.0,0.0,2026-09-24T02:21:09.509-03:00
PUCPR,7,livre,0.0,0.0,2026-09-24T02:21:09.509-03:00
PUCPR,70,livre,0.0,0.0,2026-09-24T02:21:09.509-03:00
PUCPR,71,livre,0.0,0.0,2026-09-24T02:21:09.509-03:00
PUCPR,72,livre,0.0,0.0,2026-09-24T02:21:09.509-03:00
PUCPR,73,livre,0.0,0.0,2026-09-24T02:21:09.509-03:00
PUCPR,74,livre,0.0,0.138806724985962,2026-09-24T02:21:09.509-03:00
PUCPR,75,ocupada,0.3702787756919861,0.678277496801292,2026-09-24T02:21:09.509-03:00
PUCPR,76,livre,0.0,0.0,2026-09-24T02:21:09.509-03:00
PUCPR,77,livre,0.0,0.0,2026-09-24T02:21:09.509-03:00
PUCPR,78,livre,0.0,0.0,2026-09-24T02:21:09.509-03:00
PUCPR,79,livre,0.0,0.0,2026-09-24T02:21:09.509-03:00
PUCPR,8,livre,0.0,0.0,2026-09-24T02:21:09.509-03:00
PUCPR,80,livre,0.0,0.0,2026-09-24T02:21:09.509-03:00
PUCPR,81,livre,0.0,0.0,2026-09-24T02:21:09.509-03:00
PUCPR,82,livre,0.0,0.0,2026-09-24T02:21:09.509-03:00
PUCPR,83,livre,0.0,0.0,2026-09-24T02:21:09.509-03:00
PUCPR,84,livre,0.0,0.0,2026-09-24T02:21:09.509-03:00
PUCPR,85,livre,0.0,0.0,2026-09-24T02:21:09.509-03:00
PUCPR,86,livre,0.0,0.0,2026-09-24T02:21:09.509-03:00
PUCPR,87,livre,0.0,0.0,2026-09-24T02:21:09.509-03:00
PUCPR,88,livre,0.0,0.0,2026-09-24T02:21:09.509-03:00
PUCPR,89,livre,0.0,0.0,2026-09-24T02:21:09.509-03:00
PUCPR,9,livre,0.0,0.0,2026-09-24T02:21:09.509-03:00
PUCPR,90,livre,0.0,0.0,2026-09-24T02:21:09.509-03:00
PUCPR,91,livre,0.0,0.0,2026-09-24T02:21:09.509-03:00
PUCPR,92,livre,0.0,0.0,2026-09-24T02:21:09.509-03:00
PUCPR,93,livre,0.0,0.0,2026-09-24T02:21:09.509-03:00
PUCPR,94,livre,0.0,0.0,2026-09-24T02:21:09.509-03:00
PUCPR,95,livre,0.0,0.0,2026-09-24T02:21:09.509-03:00
PUCPR,96,livre,0.0,0.0,2026-09-24T02:21:09.509-03:00
PUCPR,97,livre,0.0,0.0,2026-09-24T02:21:09.509-03:00
PUCPR,98,livre,0.0,0.0,2026-09-24T02:21:09.509-03:00
PUCPR,99,livre,0.0,0.0,2026-09-24T02:21:09.509-03:00
PUCPR,1,livre,0.0,0.0,2026-09-24T02:21:09.559-03:00
PUCPR,10,livre,0.0,0.0,2026-09-24T02:21:09.559-03:00
PUCPR,100,livre,0.0,0.0,2026-09-24T02:21:09.559-03:00
PUCPR,11,livre,0.0,0.0,2026-09-24T02:21:09.559-03:00
PUCPR,12,livre,0.0,0.0,2026-09-24T02:21:09.559-03:00
PUCPR,13,livre,0.0,0.0,2026-09-24T02:21:09.559-03:00
PUCPR,14,livre,0.0,0.0,2026-09-24T02:21:09.559-03:00
PUCPR,15,livre,0.0,0.0,2026-09-24T02:21:09.559-03:00
PUCPR,16,livre,0.0,0.0,2026-09-24T02:21:09.559-03:00
PUCPR,17,livre,0.0,0.0,2026-09-24T02:21:09.559-03:00
PUCPR,18,livre,0.0,0.0,2026-09-24T02:21:09.559-03:00
PUCPR,19,livre,0.0,0.0,2026-09-24T02:21:09.559-03:00
PUCPR,2,livre,0.0,0.0,2026-09-24T02:21:09.559-03:00
PUCPR,20,livre,0.0,0.0,2026-09-24T02:21:09.559-03:00
PUCPR,21,livre,0.0,0.0,2026-09-24T02:21:09.559-03:00
PUCPR,22,livre,0.0,0.0,2026-09-24T02:21:09.559-03:00
PUCPR,23,livre,0.0,0.0,2026-09-24T02:21:09.559-03:00
PUCPR,24,livre,0.0,0.0,2026-09-24T02:21:09.559-03:00
PUCPR,25,livre,0.0,0.0,2026-09-24T02:21:09.559-03:00
PUCPR,26,livre,0.0,0.0,2026-09-24T02:21:09.559-03:00
PUCPR,27,livre,0.0,0.0,2026-09-24T02:21:09.559-03:00
PUCPR,28,livre,0.0,0.0,2026-09-24T02:21:09.559-03:00
PUCPR,29,livre,0.0,0.0,2026-09-24T02:21:09.559-03:00
PUCPR,3,livre,0.0,0.0,2026-09-24T02:21:09.559-03:00
PUCPR,30,livre,0.0,0.0,2026-09-24T02:21:09.559-03:00
PUCPR,31,livre,0.0,0.0,2026-09-24T02:21:09.559-03:00
PUCPR,32,livre,0.0,0.0,2026-09-24T02:21:09.559-03:00
PUCPR,33,livre,0.0,0.0,2026-09-24T02:21:09.559-03:00
PUCPR,34,livre,0.0,0.0,2026-09-24T02:21:09.559-03:00
PUCPR,35,livre,0.0,0.0,2026-09-24T02:21:09.559-03:00
PUCPR,36,livre,0.0,0.0,2026-09-24T02:21:09.559-03:00
PUCPR,37,livre,0.0,0.0,2026-09-24T02:21:09.559-03:00
PUCPR,38,livre,0.0,0.0,2026-09-24T02:21:09.559-03:00
PUCPR,39,livre,0.0,0.0,2026-09-24T02:21:09.559-03:00
PUCPR,4,livre,0.0,0.0,2026-09-24T02:21:09.559-03:00
PUCPR,40,livre,0.0,0.0,2026-09-24T02:21:09.559-03:00
PUCPR,41,livre,0.0,0.0,2026-09-24T02:21:09.559-03:00
PUCPR,42,livre,0.0,0.0,2026-09-24T02:21:09.559-03:00
PUCPR,43,livre,0.0,0.0,2026-09-24T02:21:09.559-03:00
PUCPR,44,livre,0.0,0.0,2026-09-24T02:21:09.559-03:00
PUCPR,45,livre,0.0,0.0,2026-09-24T02:21:09.559-03:00
PUCPR,46,livre,0.0,0.0,2026-09-24T02:21:09.559-03:00
PUCPR,47,livre,0.0,0.0,2026-09-24T02:21:09.559-03:00
PUCPR,48,livre,0.0,0.0,2026-09-24T02:21:09.559-03:00
PUCPR,49,livre,0.0,0.0,2026-09-24T02:21:09.559-03:00
PUCPR,5,livre,0.0,0.0,2026-09-24T02:21:09.559-03:00
PUCPR,50,livre,0.0,0.0,2026-09-24T02:21:09.559-03:00
PUCPR,51,livre,0.0,0.0,2026-09-24T02:21:09.559-03:00
PUCPR,52,livre,0.0,0.0,2026-09-24T02:21:09.559-03:00
PUCPR,53,livre,0.0,0.0,2026-09-24T02:21:09.559-03:00
PUCPR,54,livre,0.0,0.0,2026-09-24T02:21:09.559-03:00
PUCPR,55,livre,0.0,0.0,2026-09-24T02:21:09.559-03:00
PUCPR,56,livre,0.0,0.0,2026-09-24T02:21:09.559-03:00
PUCPR,57,livre,0.0,0.0,2026-09-24T02:21:09.559-03:00
PUCPR,58,livre,0.0,0.0,2026-09-24T02:21:09.559-03:00
PUCPR,59,livre,0.0,0.0,2026-09-24T02:21:09.559-03:00
PUCPR,6,livre,0.0,0.0,2026-09-24T02:21:09.559-03:00
PUCPR,60,livre,0.0,0.0,2026-09-24T02:21:09.559-03:00
PUCPR,61,livre,0.0,0.0,2026-09-24T02:21:09.559-03:00
PUCPR,62,livre,0.0,0.0,2026-09-24T02:21:09.559-03:00
PUCPR,63,livre,0.0,0.0,2026-09-24T02:21:09.559-03:00
PUCPR,64,livre,0.0,0.0,2026-09-24T02:21:09.559-03:00
PUCPR,65,livre,0.0,0.0,2026-09-24T02:21:09.559-03:00
PUCPR,66,livre,0.0,0.0,2026-09-24T02:21:09.559-03:00
PUCPR,67,livre,0.0,0.0,2026-09-24T02:21:09.559-03:00
PUCPR,68,livre,0.0,0.0,2026-09-24T02:21:09.559-03:00
PUCPR,69,livre,0.0,0.0,2026-09-24T02:21:09.559-03:00
PUCPR,7,livre,0.0,0.0,2026-09-24T02:21:09.559-03:00
PUCPR,70,livre,0.0,0.0,2026-09-24T02:21:09.559-03:00
PUCPR,71,livre,0.0,0.0,2026-09-24T02:21:09.559-03:00
PUCPR,72,livre,0.0,0.0,2026-09-24T02:21:09.559-03:00
PUCPR,73,livre,0.0,0.202207217820291,2026-09-24T02:21:09.559-03:00
PUCPR,74,livre,0.3137246072292328,0.8509776703649842,2026-09-24T02:21:09.559-03:00
PUCPR,75,ocupada,0.4597281515598297,0.7196139990290334,2026-09-24T02:21:09.559-03:00
PUCPR,76,livre,0.0,0.0,2026-09-24T02:21:09.559-03:00
PUCPR,77,livre,0.0,0.0,2026-09-24T02:21:09.559-03:00
PUCPR,78,livre,0.0,0.0,2026-09-24T02:21:09.559-03:00
PUCPR,79,livre,0.0,0.0,2026-09-24T02:21:09.559-03:00
PUCPR,8,livre,0.0,0.0,2026-09-24T02:21:09.559-03:00
PUCPR,80,livre,0.0,0.0,2026-09-24T02:21:09.559-03:00
PUCPR,81,livre,0.0,0.0,2026-09-24T02:21:09.559-03:00
PUCPR,82,livre,0.0,0.0,2026-09-24T02:21:09.559-03:00
PUCPR,83,livre,0.0,0.0,2026-09-24T02:21:09.559-03:00
PUCPR,84,livre,0.0,0.0,2026-09-24T02:21:09.559-03:00
PUCPR,85,livre,0.0,0.0,2026-09-24T02:21:09.559-03:00
PUCPR,86,livre,0.0,0.0,2026-09-24T02:21:09.559-03:00
PUCPR,87,livre,0.0,0.0,2026-09-24T02:21:09.559-03:00
PUCPR,88,livre,0.0,0.0,2026-09-24T02:21:09.559-03:00
PUCPR,89,livre,0.0,0.0,2026-09-24T02:21:09.559-03:00
PUCPR,9,livre,0.0,0.0,2026-09-24T02:21:09.559-03:00
PUCPR,90,livre,0.0,0.0,2026-09-24T02:21:09.559-03:00
PUCPR,91,livre,0.0,0.0,2026-09-24T02:21:09.559-03:00
PUCPR,92,livre,0.0,0.0,2026-09-24T02:21:09.559-03:00
PUCPR,93,livre,0.0,0.06631588219115615,2026-09-24T02:21:09.559-03:00
PUCPR,94,livre,0.319756418466568,0.9330446780163648,2026-09-24T02:21:09.559-03:00
PUCPR,95,livre,0.0,0.041227153002832015,2026-09-24T02:21:09.559-03:00
PUCPR,96,livre,0.0,0.0,2026-09-24T02:21:09.559-03:00
PUCPR,97,livre,0.0,0.0,2026-09-24T02:21:09.559-03:00
PUCPR,98,livre,0.0,0.0,2026-09-24T02:21:09.559-03:00
PUCPR,99,livre,0.0,0.0,2026-09-24T02:21:09.559-03:00
PUCPR,1,livre,0.0,0.0,2026-09-24T02:21:09.621-03:00
PUCPR,10,livre,0.0,0.0,2026-09-24T02:21:09.621-03:00
PUCPR,100,livre,0.0,0.0,2026-09-24T02:21:09.621-03:00
PUCPR,11,livre,0.0,0.0,2026-09-24T02:21:09.621-03:00
PUCPR,12,livre,0.0,0.0,2026-09-24T02:21:09.621-03:00
PUCPR,13,livre,0.0,0.0,2026-09-24T02:21:09.621-03:00
PUCPR,14,livre,0.0,0.0,2026-09-24T02:21:09.621-03:00
PUCPR,15,livre,0.0,0.0,2026-09-24T02:21:09.621-03:00
PUCPR,16,livre,0.0,0.0,2026-09-24T02:21:09.621-03:00
PUCPR,17,livre,0.0,0.0,2026-09-24T02:21:09.621-03:00
PUCPR,18,livre,0.0,0.0,2026-09-24T02:21:09.621-03:00
PUCPR,19,livre,0.0,0.0,2026-09-24T02:21:09.621-03:00
PUCPR,2,livre,0.0,0.0,2026-09-24T02:21:09.621-03:00
PUCPR,20,livre,0.0,0.0,2026-09-24T02:21:09.621-03:00
PUCPR,21,livre,0.0,0.0,2026-09-24T02:21:09.621-03:00
PUCPR,22,livre,0.0,0.0,2026-09-24T02:21:09.621-03:00
PUCPR,23,livre,0.0,0.0,2026-09-24T02:21:09.621-03:00
PUCPR,24,livre,0.0,0.0,2026-09-24T02:21:09.621-03:00
PUCPR,25,livre,0.0,0.0,2026-09-24T02:21:09.621-03:00
PUCPR,26,livre,0.0,0.0,2026-09-24T02:21:09.621-03:00
PUCPR,27,livre,0.0,0.0,2026-09-24T02:21:09.621-03:00
PUCPR,28,livre,0.0,0.0,2026-09-24T02:21:09.621-03:00
PUCPR,29,livre,0.0,0.0,2026-09-24T02:21:09.621-03:00
PUCPR,3,livre,0.0,0.0,2026-09-24T02:21:09.621-03:00
PUCPR,30,livre,0.0,0.0,2026-09-24T02:21:09.621-03:00
PUCPR,31,livre,0.0,0.0,2026-09-24T02:21:09.621-03:00
PUCPR,32,livre,0.0,0.0,2026-09-24T02:21:09.621-03:00
PUCPR,33,livre,0.0,0.0,2026-09-24T02:21:09.621-03:00
PUCPR,34,livre,0.0,0.0,2026-09-24T02:21:09.621-03:00
PUCPR,35,livre,0.0,0.0,2026-09-24T02:21:09.621-03:00
PUCPR,36,livre,0.0,0.0,2026-09-24T02:21:09.621-03:00
PUCPR,37,livre,0.0,0.0,2026-09-24T02:21:09.621-03:00
PUCPR,38,livre,0.0,0.0,2026-09-24T02:21:09.621-03:00
PUCPR,39,livre,0.0,0.0,2026-09-24T02:21:09.621-03:00
PUCPR,4,livre,0.0,0.0,2026-09-24T02:21:09.621-03:00
PUCPR,40,livre,0.0,0.0,2026-09-24T02:21:09.621-03:00
PUCPR,41,livre,0.0,0.0,2026-09-24T02:21:09.621-03:00
PUCPR,42,livre,0.0,0.0,2026-09-24T02:21:09.621-03:00
PUCPR,43,livre,0.0,0.0,2026-09-24T02:21:09.621-03:00
PUCPR,44,livre,0.0,0.0,2026-09-24T02:21:09.621-03:00
PUCPR,45,livre,0.0,0.0,2026-09-24T02:21:09.621-03:00
PUCPR,46,livre,0.0,0.0,2026-09-24T02:21:09.621-03:00
PUCPR,47,livre,0.0,0.0,2026-09-24T02:21:09.621-03:00
PUCPR,48,livre,0.0,0.0,2026-09-24T02:21:09.621-03:00
PUCPR,49,livre,0.0,0.0,2026-09-24T02:21:09.621-03:00
PUCPR,5,livre,0.0,0.0,2026-09-24T02:21:09.621-03:00
PUCPR,50,livre,0.0,0.0,2026-09-24T02:21:09.621-03:00
PUCPR,51,livre,0.0,0.0,2026-09-24T02:21:09.621-03:00
PUCPR,52,livre,0.0,0.0,2026-09-24T02:21:09.621-03:00
PUCPR,53,livre,0.0,0.0,2026-09-24T02:21:09.621-03:00
PUCPR,54,livre,0.0,0.0,2026-09-24T02:21:09.621-03:00
PUCPR,55,livre,0.0,0.0,2026-09-24T02:21:09.621-03:00
PUCPR,56,livre,0.0,0.0,2026-09-24T02:21:09.621-03:00
PUCPR,57,livre,0.0,0.0,2026-09-24T02:21:09.621-03:00
PUCPR,58,livre,0.0,0.0,2026-09-24T02:21:09.621-03:00
PUCPR,59,livre,0.0,0.0,2026-09-24T02:21:09.621-03:00
PUCPR,6,livre,0.0,0.0,2026-09-24T02:21:09.621-03:00
PUCPR,60,livre,0.0,0.0,2026-09-24T02:21:09.621-03:00
PUCPR,61,livre,0.0,0.0,2026-09-24T02:21:09.621-03:00
PUCPR,62,livre,0.0,0.0,2026-09-24T02:21:09.621-03:00
PUCPR,63,livre,0.0,0.0,2026-09-24T02:21:09.621-03:00
PUCPR,64,livre,0.0,0.0,2026-09-24T02:21:09.621-03:00
PUCPR,65,livre,0.0,0.0,2026-09-24T02:21:09.621-03:00
PUCPR,66,livre,0.0,0.0,2026-09-24T02:21:09.621-03:00
PUCPR,67,livre,0.0,0.0,2026-09-24T02:21:09.621-03:00
PUCPR,68,livre,0.0,0.0,2026-09-24T02:21:09.621-03:00
PUCPR,69,livre,0.0,0.0,2026-09-24T02:21:09.621-03:00
PUCPR,7,livre,0.0,0.0,2026-09-24T02:21:09.621-03:00
PUCPR,70,livre,0.0,0.0,2026-09-24T02:21:09.621-03:00
PUCPR,71,livre,0.0,0.0,2026-09-24T02:21:09.621-03:00
PUCPR,72,livre,0.0,0.013670087131519565,2026-09-24T02:21:09.621-03:00
PUCPR,73,livre,0.267881840467453,0.8778537360071353,2026-09-24T02:21:09.621-03:00
PUCPR,74,livre,0.3061314821243286,0.8516805611307894,2026-09-24T02:21:09.621-03:00
PUCPR,75,ocupada,0.5782537460327148,0.7038968596225051,2026-09-24T02:21:09.621-03:00
PUCPR,76,livre,0.0,0.0,2026-09-24T02:21:09.621-03:00
PUCPR,77,livre,0.0,0.0,2026-09-24T02:21:09.621-03:00
PUCPR,78,livre,0.0,0.0,2026-09-24T02:21:09.621-03:00
PUCPR,79,livre,0.0,0.0,2026-09-24T02:21:09.621-03:00
PUCPR,8,livre,0.0,0.0,2026-09-24T02:21:09.621-03:00
PUCPR,80,livre,0.0,0.0,2026-09-24T02:21:09.621-03:00
PUCPR,81,livre,0.0,0.0,2026-09-24T02:21:09.621-03:00
PUCPR,82,livre,0.0,0.0,2026-09-24T02:21:09.621-03:00
PUCPR,83,livre,0.0,0.0,2026-09-24T02:21:09.621-03:00
PUCPR,84,livre,0.0,0.0,2026-09-24T02:21:09.621-03:00
PUCPR,85,livre,0.0,0.0,2026-09-24T02:21:09.621-03:00
PUCPR,86,livre,0.0,0.0,2026-09-24T02:21:09.621-03:00
PUCPR,87,livre,0.0,0.0,2026-09-24T02:21:09.621-03:00
PUCPR,88,livre,0.0,0.0,2026-09-24T02:21:09.621-03:00
PUCPR,89,livre,0.0,0.0,2026-09-24T02:21:09.621-03:00
PUCPR,9,livre,0.0,0.0,2026-09-24T02:21:09.621-03:00
PUCPR,90,livre,0.0,0.0,2026-09-24T02:21:09.621-03:00
PUCPR,91,livre,0.0,0.0,2026-09-24T02:21:09.621-03:00
PUCPR,92,livre,0.0,0.0,2026-09-24T02:21:09.621-03:00
PUCPR,93,livre,0.0,0.07184880887501356,2026-09-24T02:21:09.621-03:00
PUCPR,94,livre,0.2691407799720764,0.9325770520002095,2026-09-24T02:21:09.621-03:00
PUCPR,95,livre,0.0,0.03518148913832756,2026-09-24T02:21:09.621-03:00
PUCPR,96,livre,0.0,0.0,2026-09-24T02:21:09.621-03:00
PUCPR,97,livre,0.0,0.0,2026-09-24T02:21:09.621-03:00
PUCPR,98,livre,0.0,0.0,2026-09-24T02:21:09.621-03:00
PUCPR,99,livre,0.0,0.0,2026-09-24T02:21:09.621-03:00
PUCPR,1,livre,0.0,0.0,2026-09-24T02:21:09.680-03:00
PUCPR,10,livre,0.0,0.0,2026-09-24T02:21:09.680-03:00
PUCPR,100,livre,0.0,0.0,2026-09-24T02:21:09.680-03:00
PUCPR,11,livre,0.0,0.0,2026-09-24T02:21:09.680-03:00
PUCPR,12,livre,0.0,0.0,2026-09-24T02:21:09.680-03:00
PUCPR,13,livre,0.0,0.0,2026-09-24T02:21:09.680-03:00
PUCPR,14,livre,0.0,0.0,2026-09-24T02:21:09.680-03:00
PUCPR,15,livre,0.0,0.0,2026-09-24T02:21:09.680-03:00
PUCPR,16,livre,0.0,0.0,2026-09-24T02:21:09.680-03:00
PUCPR,17,livre,0.0,0.0,2026-09-24T02:21:09.680-03:00
PUCPR,18,livre,0.0,0.0,2026-09-24T02:21:09.680-03:00
PUCPR,19,livre,0.0,0.0,2026-09-24T02:21:09.680-03:00
PUCPR,2,livre,0.0,0.0,2026-09-24T02:21:09.680-03:00
PUCPR,20,livre,0.0,0.0,2026-09-24T02:21:09.680-03:00
PUCPR,21,livre,0.0,0.0,2026-09-24T02:21:09.680-03:00
PUCPR,22,livre,0.0,0.0,2026-09-24T02:21:09.680-03:00
PUCPR,23,livre,0.0,0.0,2026-09-24T02:21:09.680-03:00
PUCPR,24,livre,0.0,0.0,2026-09-24T02:21:09.680-03:00
PUCPR,25,livre,0.0,0.0,2026-09-24T02:21:09.680-03:00
PUCPR,26,livre,0.0,0.0,2026-09-24T02:21:09.680-03:00
PUCPR,27,livre,0.0,0.0,2026-09-24T02:21:09.680-03:00
PUCPR,28,livre,0.0,0.0,2026-09-24T02:21:09.680-03:00
PUCPR,29,livre,0.0,0.0,2026-09-24T02:21:09.680-03:00
PUCPR,3,livre,0.0,0.0,2026-09-24T02:21:09.680-03:00
PUCPR,30,livre,0.0,0.0,2026-09-24T02:21:09.680-03:00
PUCPR,31,livre,0.0,0.0,2026-09-24T02:21:09.680-03:00
PUCPR,32,livre,0.0,0.0,2026-09-24T02:21:09.680-03:00
PUCPR,33,livre,0.0,0.0,2026-09-24T02:21:09.680-03:00
PUCPR,34,livre,0.0,0.0,2026-09-24T02:21:09.680-03:00
PUCPR,35,livre,0.0,0.0,2026-09-24T02:21:09.680-03:00
PUCPR,36,livre,0.0,0.0,2026-09-24T02:21:09.680-03:00
PUCPR,37,livre,0.0,0.0,2026-09-24T02:21:09.680-03:00
PUCPR,38,livre,0.0,0.0,2026-09-24T02:21:09.680-03:00
PUCPR,39,livre,0.0,0.0,2026-09-24T02:21:09.680-03:00
PUCPR,4,livre,0.0,0.0,2026-09-24T02:21:09.680-03:00
PUCPR,40,livre,0.0,0.0,2026-09-24T02:21:09.680-03:00
PUCPR,41,livre,0.0,0.0,2026-09-24T02:21:09.680-03:00
PUCPR,42,livre,0.0,0.0,2026-09-24T02:21:09.680-03:00
PUCPR,43,livre,0.0,0.0,2026-09-24T02:21:09.680-03:00
PUCPR,44,livre,0.0,0.0,2026-09-24T02:21:09.680-03:00
PUCPR,45,livre,0.0,0.0,2026-09-24T02:21:09.680-03:00
PUCPR,46,livre,0.0,0.0,2026-09-24T02:21:09.680-03:00
PUCPR,47,livre,0.0,0.0,2026-09-24T02:21:09.680-03:00
PUCPR,48,livre,0.0,0.0,2026-09-24T02:21:09.680-03:00
PUCPR,49,livre,0.0,0.0,2026-09-24T02:21:09.680-03:00
PUCPR,5,livre,0.0,0.0,2026-09-24T02:21:09.680-03:00
PUCPR,50,livre,0.0,0.0,2026-09-24T02:21:09.680-03:00
PUCPR,51,livre,0.0,0.0,2026-09-24T02:21:09.680-03:00
PUCPR,52,livre,0.0,0.0,2026-09-24T02:21:09.680-03:00
PUCPR,53,livre,0.0,0.0,2026-09-24T02:21:09.680-03:00
PUCPR,54,livre,0.0,0.0,2026-09-24T02:21:09.680-03:00
PUCPR,55,livre,0.0,0.0,2026-09-24T02:21:09.680-03:00
PUCPR,56,livre,0.0,0.0,2026-09-24T02:21:09.680-03:00
PUCPR,57,livre,0.0,0.0,2026-09-24T02:21:09.680-03:00
PUCPR,58,livre,0.0,0.0,2026-09-24T02:21:09.680-03:00
PUCPR,59,livre,0.0,0.0,2026-09-24T02:21:09.680-03:00
PUCPR,6,livre,0.0,0.0,2026-09-24T02:21:09.680-03:00
PUCPR,60,livre,0.0,0.0,2026-09-24T02:21:09.680-03:00
PUCPR,61,livre,0.0,0.0,2026-09-24T02:21:09.680-03:00
PUCPR,62,livre,0.0,0.0,2026-09-24T02:21:09.680-03:00
PUCPR,63,livre,0.0,0.0,2026-09-24T02:21:09.680-03:00
PUCPR,64,livre,0.0,0.0,2026-09-24T02:21:09.680-03:00
PUCPR,65,livre,0.0,0.0,2026-09-24T02:21:09.680-03:00
PUCPR,66,livre,0.0,0.0,2026-09-24T02:21:09.680-03:00
PUCPR,67,livre,0.0,0.09820563653641451,2026-09-24T02:21:09.680-03:00
PUCPR,68,livre,0.0,0.0,2026-09-24T02:21:09.680-03:00
PUCPR,69,livre,0.0,0.03268082143083121,2026-09-24T02:21:09.680-03:00
PUCPR,7,livre,0.0,0.0,2026-09-24T02:21:09.680-03:00
PUCPR,70,livre,0.2955212891101837,0.882059690643432,2026-09-24T02:21:09.680-03:00
PUCPR,71,livre,0.3100062906742096,0.9237309010097566,2026-09-24T02:21:09.680-03:00
PUCPR,72,livre,0.0,0.0,2026-09-24T02:21:09.680-03:00
PUCPR,73,livre,0.0,0.20354532816767268,2026-09-24T02:21:09.680-03:00
PUCPR,74,ocupada,0.40828368067741394,0.846711622980049,2026-09-24T02:21:09.680-03:00
PUCPR,75,ocupada,0.6319991946220398,0.7181649116557065,2026-09-24T02:21:09.680-03:00
PUCPR,76,livre,0.0,0.0,2026-09-24T02:21:09.680-03:00
PUCPR,77,livre,0.0,0.0,2026-09-24T02:21:09.680-03:00
PUCPR,78,livre,0.0,0.0,2026-09-24T02:21:09.680-03:00
PUCPR,79,livre,0.0,0.0,2026-09-24T02:21:09.680-03:00
PUCPR,8,livre,0.0,0.0,2026-09-24T02:21:09.680-03:00
PUCPR,80,livre,0.0,0.0,2026-09-24T02:21:09.680-03:00
PUCPR,81,livre,0.0,0.0,2026-09-24T02:21:09.680-03:00
PUCPR,82,livre,0.0,0.0,2026-09-24T02:21:09.680-03:00
PUCPR,83,livre,0.0,0.0008281227597952194,2026-09-24T02:21:09.680-03:00
PUCPR,84,livre,0.26580268144607544,0.8794750639368139,2026-09-24T02:21:09.680-03:00
PUCPR,85,livre,0.0,0.0,2026-09-24T02:21:09.680-03:00
PUCPR,86,livre,0.0,0.0,2026-09-24T02:21:09.680-03:00
PUCPR,87,livre,0.0,0.0,2026-09-24T02:21:09.680-03:00
PUCPR,88,livre,0.0,0.0,2026-09-24T02:21:09.680-03:00
PUCPR,89,livre,0.0,0.15217160106126124,2026-09-24T02:21:09.680-03:00
PUCPR,9,livre,0.0,0.0,2026-09-24T02:21:09.680-03:00
PUCPR,90,livre,0.0,0.0,2026-09-24T02:21:09.680-03:00
PUCPR,91,livre,0.0,0.0,2026-09-24T02:21:09.680-03:00
PUCPR,92,livre,0.0,0.0,2026-09-24T02:21:09.680-03:00
PUCPR,93,livre,0.0,0.09940506965405489,2026-09-24T02:21:09.680-03:00
PUCPR,94,ocupada,0.36148780584335327,0.942143628968362,2026-09-24T02:21:09.680-03:00
PUCPR,95,livre,0.0,0.02773016469843954,2026-09-24T02:21:09.680-03:00
PUCPR,96,livre,0.0,0.0,2026-09-24T02:21:09.680-03:00
PUCPR,97,livre,0.0,0.0,2026-09-24T02:21:09.680-03:00
PUCPR,98,livre,0.0,0.0,2026-09-24T02:21:09.680-03:00
PUCPR,99,livre,0.0,0.0,2026-09-24T02:21:09.680-03:00
PUCPR,1,livre,0.0,0.0,2026-09-24T02:21:09.733-03:00
PUCPR,10,livre,0.0,0.0,2026-09-24T02:21:09.733-03:00
PUCPR,100,livre,0.0,0.0,2026-09-24T02:21:09.733-03:00
PUCPR,11,livre,0.0,0.0,2026-09-24T02:21:09.733-03:00
PUCPR,12,livre,0.0,0.0,2026-09-24T02:21:09.733-03:00
PUCPR,13,livre,0.0,0.0,2026-09-24T02:21:09.733-03:00
PUCPR,14,livre,0.0,0.0,2026-09-24T02:21:09.733-03:00
PUCPR,15,livre,0.0,0.0,2026-09-24T02:21:09.733-03:00
PUCPR,16,livre,0.0,0.0,2026-09-24T02:21:09.733-03:00
PUCPR,17,livre,0.0,0.0,2026-09-24T02:21:09.733-03:00
PUCPR,18,livre,0.0,0.0,2026-09-24T02:21:09.733-03:00
PUCPR,19,livre,0.0,0.0,2026-09-24T02:21:09.733-03:00
PUCPR,2,livre,0.0,0.0,2026-09-24T02:21:09.733-03:00
PUCPR,20,livre,0.0,0.0,2026-09-24T02:21:09.733-03:00
PUCPR,21,livre,0.0,0.0,2026-09-24T02:21:09.733-03:00
PUCPR,22,livre,0.0,0.0,2026-09-24T02:21:09.733-03:00
PUCPR,23,livre,0.0,0.0,2026-09-24T02:21:09.733-03:00
PUCPR,24,livre,0.0,0.0,2026-09-24T02:21:09.733-03:00
PUCPR,25,livre,0.0,0.0,2026-09-24T02:21:09.733-03:00
PUCPR,26,livre,0.0,0.0,2026-09-24T02:21:09.733-03:00
PUCPR,27,livre,0.0,0.0,2026-09-24T02:21:09.733-03:00
PUCPR,28,livre,0.0,0.0,2026-09-24T02:21:09.733-03:00
PUCPR,29,livre,0.0,0.0,2026-09-24T02:21:09.733-03:00
PUCPR,3,livre,0.0,0.0,2026-09-24T02:21:09.733-03:00
PUCPR,30,livre,0.0,0.0,2026-09-24T02:21:09.733-03:00
PUCPR,31,livre,0.0,0.0,2026-09-24T02:21:09.733-03:00
PUCPR,32,livre,0.0,0.0,2026-09-24T02:21:09.733-03:00
PUCPR,33,livre,0.0,0.0,2026-09-24T02:21:09.733-03:00
PUCPR,34,livre,0.0,0.0,2026-09-24T02:21:09.733-03:00
PUCPR,35,livre,0.0,0.0,2026-09-24T02:21:09.733-03:00
PUCPR,36,livre,0.0,0.0,2026-09-24T02:21:09.733-03:00
PUCPR,37,livre,0.0,0.0,2026-09-24T02:21:09.733-03:00
PUCPR,38,livre,0.0,0.0,2026-09-24T02:21:09.733-03:00
PUCPR,39,livre,0.0,0.0,2026-09-24T02:21:09.733-03:00
PUCPR,4,livre,0.0,0.0,2026-09-24T02:21:09.733-03:00
PUCPR,40,livre,0.0,0.0,2026-09-24T02:21:09.733-03:00
PUCPR,41,livre,0.0,0.0,2026-09-24T02:21:09.733-03:00
PUCPR,42,livre,0.0,0.0,2026-09-24T02:21:09.733-03:00
PUCPR,43,livre,0.0,0.0,2026-09-24T02:21:09.733-03:00
PUCPR,44,livre,0.0,0.0,2026-09-24T02:21:09.733-03:00
PUCPR,45,livre,0.0,0.0,2026-09-24T02:21:09.733-03:00
PUCPR,46,livre,0.0,0.0,2026-09-24T02:21:09.733-03:00
PUCPR,47,livre,0.0,0.0,2026-09-24T02:21:09.733-03:00
PUCPR,48,livre,0.0,0.0,2026-09-24T02:21:09.733-03:00
PUCPR,49,livre,0.0,0.0,2026-09-24T02:21:09.733-03:00
PUCPR,5,livre,0.0,0.0,2026-09-24T02:21:09.733-03:00
PUCPR,50,livre,0.0,0.0,2026-09-24T02:21:09.733-03:00
PUCPR,51,livre,0.0,0.0,2026-09-24T02:21:09.733-03:00
PUCPR,52,livre,0.0,0.0,2026-09-24T02:21:09.733-03:00
PUCPR,53,livre,0.0,0.0,2026-09-24T02:21:09.733-03:00
PUCPR,54,livre,0.0,0.0,2026-09-24T02:21:09.733-03:00
PUCPR,55,livre,0.0,0.0,2026-09-24T02:21:09.733-03:00
PUCPR,56,livre,0.0,0.0,2026-09-24T02:21:09.733-03:00
PUCPR,57,livre,0.0,0.0,2026-09-24T02:21:09.733-03:00
PUCPR,58,livre,0.0,0.0,2026-09-24T02:21:09.733-03:00
PUCPR,59,livre,0.0,0.0,2026-09-24T02:21:09.733-03:00
PUCPR,6,livre,0.0,0.0,2026-09-24T02:21:09.733-03:00
PUCPR,60,livre,0.0,0.0,2026-09-24T02:21:09.733-03:00
PUCPR,61,livre,0.0,0.0,2026-09-24T02:21:09.733-03:00
PUCPR,62,livre,0.0,0.0,2026-09-24T02:21:09.733-03:00
PUCPR,63,livre,0.0,0.0,2026-09-24T02:21:09.733-03:00
PUCPR,64,livre,0.0,0.0,2026-09-24T02:21:09.733-03:00
PUCPR,65,livre,0.0,0.0,2026-09-24T02:21:09.733-03:00
PUCPR,66,livre,0.0,0.0,2026-09-24T02:21:09.733-03:00
PUCPR,67,livre,0.0,0.0,2026-09-24T02:21:09.733-03:00
PUCPR,68,livre,0.0,0.0,2026-09-24T02:21:09.733-03:00
PUCPR,69,livre,0.0,0.0,2026-09-24T02:21:09.733-03:00
PUCPR,7,livre,0.0,0.0,2026-09-24T02:21:09.733-03:00
PUCPR,70,livre,0.0,0.0,2026-09-24T02:21:09.733-03:00
PUCPR,71,livre,0.0,0.0,2026-09-24T02:21:09.733-03:00
PUCPR,72,livre,0.0,0.0,2026-09-24T02:21:09.733-03:00
PUCPR,73,livre,0.0,0.0,2026-09-24T02:21:09.733-03:00
PUCPR,74,ocupada,0.0,0.12581704108425287,2026-09-24T02:21:09.733-03:00
PUCPR,75,ocupada,0.5215697288513184,0.7052620443416427,2026-09-24T02:21:09.733-03:00
PUCPR,76,livre,0.0,0.0,2026-09-24T02:21:09.733-03:00
PUCPR,77,livre,0.0,0.0,2026-09-24T02:21:09.733-03:00
PUCPR,78,livre,0.0,0.0,2026-09-24T02:21:09.733-03:00
PUCPR,79,livre,0.0,0.0,2026-09-24T02:21:09.733-03:00
PUCPR,8,livre,0.0,0.0,2026-09-24T02:21:09.733-03:00
PUCPR,80,livre,0.0,0.0,2026-09-24T02:21:09.733-03:00
PUCPR,81,livre,0.0,0.0,2026-09-24T02:21:09.733-03:00
PUCPR,82,livre,0.0,0.0,2026-09-24T02:21:09.733-03:00
PUCPR,83,livre,0.0,0.0,2026-09-24T02:21:09.733-03:00
PUCPR,84,livre,0.0,0.0,2026-09-24T02:21:09.733-03:00
PUCPR,85,livre,0.0,0.0,2026-09-24T02:21:09.733-03:00
PUCPR,86,livre,0.0,0.0,2026-09-24T02:21:09.733-03:00
PUCPR,87,livre,0.0,0.0,2026-09-24T02:21:09.733-03:00
PUCPR,88,livre,0.0,0.0,2026-09-24T02:21:09.733-03:00
PUCPR,89,livre,0.0,0.0,2026-09-24T02:21:09.733-03:00
PUCPR,9,livre,0.0,0.0,2026-09-24T02:21:09.733-03:00
PUCPR,90,livre,0.0,0.0,2026-09-24T02:21:09.733-03:00
PUCPR,91,livre,0.0,0.0,2026-09-24T02:21:09.733-03:00
PUCPR,92,livre,0.0,0.0,2026-09-24T02:21:09.733-03:00
PUCPR,93,livre,0.0,0.0,2026-09-24T02:21:09.733-03:00
PUCPR,94,ocupada,0.0,0.0,2026-09-24T02:21:09.733-03:00
PUCPR,95,livre,0.0,0.0,2026-09-24T02:21:09.733-03:00
PUCPR,96,livre,0.0,0.0,2026-09-24T02:21:09.733-03:00
PUCPR,97,livre,0.0,0.0,2026-09-24T02:21:09.733-03:00
PUCPR,98,livre,0.0,0.0,2026-09-24T02:21:09.733-03:00
PUCPR,99,livre,0.0,0.0,2026-09-24T02:21:09.733-03:00
PUCPR,1,livre,0.0,0.0,2026-09-24T02:21:09.786-03:00
PUCPR,10,livre,0.0,0.0,2026-09-24T02:21:09.786-03:00
PUCPR,100,livre,0.0,0.0,2026-09-24T02:21:09.786-03:00
PUCPR,11,livre,0.0,0.0,2026-09-24T02:21:09.786-03:00
PUCPR,12,livre,0.0,0.0,2026-09-24T02:21:09.786-03:00
PUCPR,13,livre,0.0,0.0,2026-09-24T02:21:09.786-03:00
PUCPR,14,livre,0.0,0.0,2026-09-24T02:21:09.786-03:00
PUCPR,15,livre,0.0,0.0,2026-09-24T02:21:09.786-03:00
PUCPR,16,livre,0.0,0.0,2026-09-24T02:21:09.786-03:00
PUCPR,17,livre,0.0,0.0,2026-09-24T02:21:09.786-03:00
PUCPR,18,livre,0.0,0.0,2026-09-24T02:21:09.786-03:00
PUCPR,19,livre,0.0,0.0,2026-09-24T02:21:09.786-03:00
PUCPR,2,livre,0.0,0.0,2026-09-24T02:21:09.786-03:00
PUCPR,20,livre,0.0,0.0,2026-09-24T02:21:09.786-03:00
PUCPR,21,livre,0.0,0.0,2026-09-24T02:21:09.786-03:00
PUCPR,22,livre,0.0,0.0,2026-09-24T02:21:09.786-03:00
PUCPR,23,livre,0.0,0.0,2026-09-24T02:21:09.786-03:00
PUCPR,24,livre,0.0,0.0,2026-09-24T02:21:09.786-03:00
PUCPR,25,livre,0.0,0.0,2026-09-24T02:21:09.786-03:00
PUCPR,26,livre,0.0,0.0,2026-09-24T02:21:09.786-03:00
PUCPR,27,livre,0.0,0.0,2026-09-24T02:21:09.786-03:00
PUCPR,28,livre,0.0,0.0,2026-09-24T02:21:09.786-03:00
PUCPR,29,livre,0.0,0.0,2026-09-24T02:21:09.786-03:00
PUCPR,3,livre,0.0,0.0,2026-09-24T02:21:09.786-03:00
PUCPR,30,livre,0.0,0.0,2026-09-24T02:21:09.786-03:00
PUCPR,31,livre,0.0,0.0,2026-09-24T02:21:09.786-03:00
PUCPR,32,livre,0.0,0.0,2026-09-24T02:21:09.786-03:00
PUCPR,33,livre,0.0,0.0,2026-09-24T02:21:09.786-03:00
PUCPR,34,livre,0.0,0.0,2026-09-24T02:21:09.786-03:00
PUCPR,35,livre,0.0,0.0,2026-09-24T02:21:09.786-03:00
PUCPR,36,livre,0.0,0.0,2026-09-24T02:21:09.786-03:00
PUCPR,37,livre,0.0,0.0,2026-09-24T02:21:09.786-03:00
PUCPR,38,livre,0.0,0.0,2026-09-24T02:21:09.786-03:00
PUCPR,39,livre,0.0,0.0,2026-09-24T02:21:09.786-03:00
PUCPR,4,livre,0.0,0.0,2026-09-24T02:21:09.786-03:00
PUCPR,40,livre,0.0,0.0,2026-09-24T02:21:09.786-03:00
PUCPR,41,livre,0.0,0.0,2026-09-24T02:21:09.786-03:00
PUCPR,42,livre,0.0,0.0,2026-09-24T02:21:09.786-03:00
PUCPR,43,livre,0.0,0.0,2026-09-24T02:21:09.786-03:00
PUCPR,44,livre,0.0,0.0,2026-09-24T02:21:09.786-03:00
PUCPR,45,livre,0.0,0.0,2026-09-24T02:21:09.786-03:00
PUCPR,46,livre,0.0,0.0,2026-09-24T02:21:09.786-03:00
PUCPR,47,livre,0.0,0.0,2026-09-24T02:21:09.786-03:00
PUCPR,48,livre,0.0,0.0,2026-09-24T02:21:09.786-03:00
PUCPR,49,livre,0.0,0.0,2026-09-24T02:21:09.786-03:00
PUCPR,5,livre,0.0,0.0,2026-09-24T02:21:09.786-03:00
PUCPR,50,livre,0.0,0.0,2026-09-24T02:21:09.786-03:00
PUCPR,51,livre,0.0,0.0,2026-09-24T02:21:09.786-03:00
PUCPR,52,livre,0.0,0.0,2026-09-24T02:21:09.786-03:00
PUCPR,53,livre,0.0,0.0,2026-09-24T02:21:09.786-03:00
PUCPR,54,livre,0.0,0.0,2026-09-24T02:21:09.786-03:00
PUCPR,55,livre,0.0,0.0,2026-09-24T02:21:09.786-03:00
PUCPR,56,livre,0.0,0.0,2026-09-24T02:21:09.786-03:00
PUCPR,57,livre,0.0,0.0,2026-09-24T02:21:09.786-03:00
PUCPR,58,livre,0.0,0.0,2026-09-24T02:21:09.786-03:00
PUCPR,59,livre,0.0,0.0,2026-09-24T02:21:09.786-03:00
PUCPR,6,livre,0.0,0.0,2026-09-24T02:21:09.786-03:00
PUCPR,60,livre,0.0,0.0,2026-09-24T02:21:09.786-03:00
PUCPR,61,livre,0.0,0.0,2026-09-24T02:21:09.786-03:00
PUCPR,62,livre,0.0,0.0,2026-09-24T02:21:09.786-03:00
PUCPR,63,livre,0.0,0.0,2026-09-24T02:21:09.786-03:00
PUCPR,64,livre,0.0,0.0,2026-09-24T02:21:09.786-03:00
PUCPR,65,livre,0.0,0.0,2026-09-24T02:21:09.786-03:00
PUCPR,66,livre,0.0,0.0,2026-09-24T02:21:09.786-03:00
PUCPR,67,livre,0.0,0.0,2026-09-24T02:21:09.786-03:00
PUCPR,68,livre,0.0,0.0,2026-09-24T02:21:09.786-03:00
PUCPR,69,livre,0.0,0.0,2026-09-24T02:21:09.786-03:00
PUCPR,7,livre,0.0,0.0,2026-09-24T02:21:09.786-03:00
PUCPR,70,livre,0.0,0.0,2026-09-24T02:21:09.786-03:00
PUCPR,71,livre,0.0,0.0,2026-09-24T02:21:09.786-03:00
PUCPR,72,livre,0.0,0.0,2026-09-24T02:21:09.786-03:00
PUCPR,73,livre,0.0,0.0,2026-09-24T02:21:09.786-03:00
PUCPR,74,ocupada,0.0,0.12841597823347922,2026-09-24T02:21:09.786-03:00
PUCPR,75,ocupada,0.3170088231563568,0.7243849340199274,2026-09-24T02:21:09.786-03:00
PUCPR,76,livre,0.0,0.0,2026-09-24T02:21:09.786-03:00
PUCPR,77,livre,0.0,0.0,2026-09-24T02:21:09.786-03:00
PUCPR,78,livre,0.0,0.0,2026-09-24T02:21:09.786-03:00
PUCPR,79,livre,0.0,0.0,2026-09-24T02:21:09.786-03:00
PUCPR,8,livre,0.0,0.0,2026-09-24T02:21:09.786-03:00
PUCPR,80,livre,0.0,0.0,2026-09-24T02:21:09.786-03:00
PUCPR,81,livre,0.0,0.0,2026-09-24T02:21:09.786-03:00
PUCPR,82,livre,0.0,0.0,2026-09-24T02:21:09.786-03:00
PUCPR,83,livre,0.0,0.0,2026-09-24T02:21:09.786-03:00
PUCPR,84,livre,0.0,0.0,2026-09-24T02:21:09.786-03:00
PUCPR,85,livre,0.0,0.0,2026-09-24T02:21:09.786-03:00
PUCPR,86,livre,0.0,0.0,2026-09-24T02:21:09.786-03:00
PUCPR,87,livre,0.0,0.0,2026-09-24T02:21:09.786-03:00
PUCPR,88,livre,0.0,0.0,2026-09-24T02:21:09.786-03:00
PUCPR,89,livre,0.0,0.0,2026-09-24T02:21:09.786-03:00
PUCPR,9,livre,0.0,0.0,2026-09-24T02:21:09.786-03:00
PUCPR,90,livre,0.0,0.0,2026-09-24T02:21:09.786-03:00
PUCPR,91,livre,0.0,0.0,2026-09-24T02:21:09.786-03:00
PUCPR,92,livre,0.0,0.0,2026-09-24T02:21:09.786-03:00
PUCPR,93,livre,0.0,0.07302287771520885,2026-09-24T02:21:09.786-03:00
PUCPR,94,ocupada,0.329649418592453,0.932905109852087,2026-09-24T02:21:09.786-03:00
PUCPR,95,livre,0.0,0.034559702877561015,2026-09-24T02:21:09.786-03:00
PUCPR,96,livre,0.0,0.0,2026-09-24T02:21:09.786-03:00
PUCPR,97,livre,0.0,0.0,2026-09-24T02:21:09.786-03:00
PUCPR,98,livre,0.0,0.0,2026-09-24T02:21:09.786-03:00
PUCPR,99,livre,0.0,0.0,2026-09-24T02:21:09.786-03:00
PUCPR,1,livre,0.0,0.0,2026-09-24T02:21:09.840-03:00
PUCPR,10,livre,0.0,0.0,2026-09-24T02:21:09.840-03:00
PUCPR,100,livre,0.0,0.0,2026-09-24T02:21:09.840-03:00
PUCPR,11,livre,0.0,0.0,2026-09-24T02:21:09.840-03:00
PUCPR,12,livre,0.0,0.0,2026-09-24T02:21:09.840-03:00
PUCPR,13,livre,0.0,0.0,2026-09-24T02:21:09.840-03:00
PUCPR,14,livre,0.0,0.0,2026-09-24T02:21:09.840-03:00
PUCPR,15,livre,0.0,0.0,2026-09-24T02:21:09.840-03:00
PUCPR,16,livre,0.0,0.0,2026-09-24T02:21:09.840-03:00
PUCPR,17,livre,0.0,0.0,2026-09-24T02:21:09.840-03:00
PUCPR,18,livre,0.0,0.0,2026-09-24T02:21:09.840-03:00
PUCPR,19,livre,0.0,0.0,2026-09-24T02:21:09.840-03:00
PUCPR,2,livre,0.0,0.0,2026-09-24T02:21:09.840-03:00
PUCPR,20,livre,0.0,0.0,2026-09-24T02:21:09.840-03:00
PUCPR,21,livre,0.0,0.0,2026-09-24T02:21:09.840-03:00
PUCPR,22,livre,0.0,0.0,2026-09-24T02:21:09.840-03:00
PUCPR,23,livre,0.0,0.0,2026-09-24T02:21:09.840-03:00
PUCPR,24,livre,0.0,0.0,2026-09-24T02:21:09.840-03:00
PUCPR,25,livre,0.0,0.0,2026-09-24T02:21:09.840-03:00
PUCPR,26,livre,0.0,0.0,2026-09-24T02:21:09.840-03:00
PUCPR,27,livre,0.0,0.0,2026-09-24T02:21:09.840-03:00
PUCPR,28,livre,0.0,0.0,2026-09-24T02:21:09.840-03:00
PUCPR,29,livre,0.0,0.0,2026-09-24T02:21:09.840-03:00
PUCPR,3,livre,0.0,0.0,2026-09-24T02:21:09.840-03:00
PUCPR,30,livre,0.0,0.0,2026-09-24T02:21:09.840-03:00
PUCPR,31,livre,0.0,0.0,2026-09-24T02:21:09.840-03:00
PUCPR,32,livre,0.0,0.0,2026-09-24T02:21:09.840-03:00
PUCPR,33,livre,0.0,0.0,2026-09-24T02:21:09.840-03:00
PUCPR,34,livre,0.0,0.0,2026-09-24T02:21:09.840-03:00
PUCPR,35,livre,0.0,0.0,2026-09-24T02:21:09.840-03:00
PUCPR,36,livre,0.0,0.0,2026-09-24T02:21:09.840-03:00
PUCPR,37,livre,0.0,0.0,2026-09-24T02:21:09.840-03:00
PUCPR,38,livre,0.0,0.0,2026-09-24T02:21:09.840-03:00
PUCPR,39,livre,0.0,0.0,2026-09-24T02:21:09.840-03:00
PUCPR,4,livre,0.0,0.0,2026-09-24T02:21:09.840-03:00
PUCPR,40,livre,0.0,0.0,2026-09-24T02:21:09.840-03:00
PUCPR,41,livre,0.0,0.0,2026-09-24T02:21:09.840-03:00
PUCPR,42,livre,0.0,0.0,2026-09-24T02:21:09.840-03:00
PUCPR,43,livre,0.0,0.0,2026-09-24T02:21:09.840-03:00
PUCPR,44,livre,0.0,0.0,2026-09-24T02:21:09.840-03:00
PUCPR,45,livre,0.0,0.0,2026-09-24T02:21:09.840-03:00
PUCPR,46,livre,0.0,0.0,2026-09-24T02:21:09.840-03:00
PUCPR,47,livre,0.0,0.0,2026-09-24T02:21:09.840-03:00
PUCPR,48,livre,0.0,0.0,2026-09-24T02:21:09.840-03:00
PUCPR,49,livre,0.0,0.0,2026-09-24T02:21:09.840-03:00
PUCPR,5,livre,0.0,0.0,2026-09-24T02:21:09.840-03:00
PUCPR,50,livre,0.0,0.0,2026-09-24T02:21:09.840-03:00
PUCPR,51,livre,0.0,0.0,2026-09-24T02:21:09.840-03:00
PUCPR,52,livre,0.0,0.0,2026-09-24T02:21:09.840-03:00
PUCPR,53,livre,0.0,0.0,2026-09-24T02:21:09.840-03:00
PUCPR,54,livre,0.0,0.0,2026-09-24T02:21:09.840-03:00
PUCPR,55,livre,0.0,0.0,2026-09-24T02:21:09.840-03:00
PUCPR,56,livre,0.0,0.0,2026-09-24T02:21:09.840-03:00
PUCPR,57,livre,0.0,0.0,2026-09-24T02:21:09.840-03:00
PUCPR,58,livre,0.0,0.0,2026-09-24T02:21:09.840-03:00
PUCPR,59,livre,0.0,0.0,2026-09-24T02:21:09.840-03:00
PUCPR,6,livre,0.0,0.0,2026-09-24T02:21:09.840-03:00
PUCPR,60,livre,0.0,0.0,2026-09-24T02:21:09.840-03:00
PUCPR,61,livre,0.0,0.0,2026-09-24T02:21:09.840-03:00
PUCPR,62,livre,0.0,0.0,2026-09-24T02:21:09.840-03:00
PUCPR,63,livre,0.0,0.0,2026-09-24T02:21:09.840-03:00
PUCPR,64,livre,0.0,0.0,2026-09-24T02:21:09.840-03:00
PUCPR,65,livre,0.0,0.0,2026-09-24T02:21:09.840-03:00
PUCPR,66,livre,0.0,0.0,2026-09-24T02:21:09.840-03:00
PUCPR,67,livre,0.0,0.0,2026-09-24T02:21:09.840-03:00
PUCPR,68,livre,0.0,0.0,2026-09-24T02:21:09.840-03:00
PUCPR,69,livre,0.0,0.0,2026-09-24T02:21:09.840-03:00
PUCPR,7,livre,0.0,0.0,2026-09-24T02:21:09.840-03:00
PUCPR,70,livre,0.0,0.0,2026-09-24T02:21:09.840-03:00
PUCPR,71,livre,0.0,0.0,2026-09-24T02:21:09.840-03:00
PUCPR,72,livre,0.0,0.0,2026-09-24T02:21:09.840-03:00
PUCPR,73,livre,0.0,0.0,2026-09-24T02:21:09.840-03:00
PUCPR,74,livre,0.0,0.0,2026-09-24T02:21:09.840-03:00
PUCPR,75,ocupada,0.0,0.0,2026-09-24T02:21:09.840-03:00
PUCPR,76,livre,0.0,0.0,2026-09-24T02:21:09.840-03:00
PUCPR,77,livre,0.0,0.0,2026-09-24T02:21:09.840-03:00
PUCPR,78,livre,0.0,0.0,2026-09-24T02:21:09.840-03:00
PUCPR,79,livre,0.0,0.0,2026-09-24T02:21:09.840-03:00
PUCPR,8,livre,0.0,0.0,2026-09-24T02:21:09.840-03:00
PUCPR,80,livre,0.0,0.0,2026-09-24T02:21:09.840-03:00
PUCPR,81,livre,0.0,0.0,2026-09-24T02:21:09.840-03:00
PUCPR,82,livre,0.0,0.0,2026-09-24T02:21:09.840-03:00
PUCPR,83,livre,0.0,0.0,2026-09-24T02:21:09.840-03:00
PUCPR,84,livre,0.0,0.0,2026-09-24T02:21:09.840-03:00
PUCPR,85,livre,0.0,0.0,2026-09-24T02:21:09.840-03:00
PUCPR,86,livre,0.0,0.0,2026-09-24T02:21:09.840-03:00
PUCPR,87,livre,0.0,0.0,2026-09-24T02:21:09.840-03:00
PUCPR,88,livre,0.0,0.0,2026-09-24T02:21:09.840-03:00
PUCPR,89,livre,0.0,0.0,2026-09-24T02:21:09.840-03:00
PUCPR,9,livre,0.0,0.0,2026-09-24T02:21:09.840-03:00
PUCPR,90,livre,0.0,0.0,2026-09-24T02:21:09.840-03:00
PUCPR,91,livre,0.0,0.0,2026-09-24T02:21:09.840-03:00
PUCPR,92,livre,0.0,0.0,2026-09-24T02:21:09.840-03:00
PUCPR,93,livre,0.0,0.0694189800926936,2026-09-24T02:21:09.840-03:00
PUCPR,94,ocupada,0.38745740056037903,0.9315924219888361,2026-09-24T02:21:09.840-03:00
PUCPR,95,livre,0.0,0.03621031548698557,2026-09-24T02:21:09.840-03:00
PUCPR,96,livre,0.0,0.0,2026-09-24T02:21:09.840-03:00
PUCPR,97,livre,0.0,0.0,2026-09-24T02:21:09.840-03:00
PUCPR,98,livre,0.0,0.0,2026-09-24T02:21:09.840-03:00
PUCPR,99,livre,0.0,0.0,2026-09-24T02:21:09.840-03:00
PUCPR,1,livre,0.0,0.0,2026-09-24T02:21:09.895-03:00
PUCPR,10,livre,0.0,0.0,2026-09-24T02:21:09.895-03:00
PUCPR,100,livre,0.0,0.0,2026-09-24T02:21:09.895-03:00
PUCPR,11,livre,0.0,0.0,2026-09-24T02:21:09.895-03:00
PUCPR,12,livre,0.0,0.0,2026-09-24T02:21:09.895-03:00
PUCPR,13,livre,0.0,0.0,2026-09-24T02:21:09.895-03:00
PUCPR,14,livre,0.0,0.0,2026-09-24T02:21:09.895-03:00
PUCPR,15,livre,0.0,0.0,2026-09-24T02:21:09.895-03:00
PUCPR,16,livre,0.0,0.0,2026-09-24T02:21:09.895-03:00
PUCPR,17,livre,0.0,0.0,2026-09-24T02:21:09.895-03:00
PUCPR,18,livre,0.0,0.0,2026-09-24T02:21:09.895-03:00
PUCPR,19,livre,0.0,0.0,2026-09-24T02:21:09.895-03:00
PUCPR,2,livre,0.0,0.0,2026-09-24T02:21:09.895-03:00
PUCPR,20,livre,0.0,0.0,2026-09-24T02:21:09.895-03:00
PUCPR,21,livre,0.0,0.0,2026-09-24T02:21:09.895-03:00
PUCPR,22,livre,0.0,0.0,2026-09-24T02:21:09.895-03:00
PUCPR,23,livre,0.0,0.0,2026-09-24T02:21:09.895-03:00
PUCPR,24,livre,0.0,0.0,2026-09-24T02:21:09.895-03:00
PUCPR,25,livre,0.0,0.0,2026-09-24T02:21:09.895-03:00
PUCPR,26,livre,0.0,0.0,2026-09-24T02:21:09.895-03:00
PUCPR,27,livre,0.0,0.0,2026-09-24T02:21:09.895-03:00
PUCPR,28,livre,0.0,0.0,2026-09-24T02:21:09.895-03:00
PUCPR,29,livre,0.0,0.0,2026-09-24T02:21:09.895-03:00
PUCPR,3,livre,0.0,0.0,2026-09-24T02:21:09.895-03:00
PUCPR,30,livre,0.0,0.0,2026-09-24T02:21:09.895-03:00
PUCPR,31,livre,0.0,0.0,2026-09-24T02:21:09.895-03:00
PUCPR,32,livre,0.0,0.0,2026-09-24T02:21:09.895-03:00
PUCPR,33,livre,0.0,0.0,2026-09-24T02:21:09.895-03:00
PUCPR,34,livre,0.0,0.0,2026-09-24T02:21:09.895-03:00
PUCPR,35,livre,0.0,0.0,2026-09-24T02:21:09.895-03:00
PUCPR,36,livre,0.0,0.0,2026-09-24T02:21:09.895-03:00
PUCPR,37,livre,0.0,0.0,2026-09-24T02:21:09.895-03:00
PUCPR,38,livre,0.0,0.0,2026-09-24T02:21:09.895-03:00
PUCPR,39,livre,0.0,0.0,2026-09-24T02:21:09.895-03:00
PUCPR,4,livre,0.0,0.0,2026-09-24T02:21:09.895-03:00
PUCPR,40,livre,0.0,0.0,2026-09-24T02:21:09.895-03:00
PUCPR,41,livre,0.0,0.0,2026-09-24T02:21:09.895-03:00
PUCPR,42,livre,0.0,0.0,2026-09-24T02:21:09.895-03:00
PUCPR,43,livre,0.0,0.0,2026-09-24T02:21:09.895-03:00
PUCPR,44,livre,0.0,0.0,2026-09-24T02:21:09.895-03:00
PUCPR,45,livre,0.0,0.0,2026-09-24T02:21:09.895-03:00
PUCPR,46,livre,0.0,0.0,2026-09-24T02:21:09.895-03:00
PUCPR,47,livre,0.0,0.0,2026-09-24T02:21:09.895-03:00
PUCPR,48,livre,0.0,0.0,2026-09-24T02:21:09.895-03:00
PUCPR,49,livre,0.0,0.0,2026-09-24T02:21:09.895-03:00
PUCPR,5,livre,0.0,0.0,2026-09-24T02:21:09.895-03:00
PUCPR,50,livre,0.0,0.0,2026-09-24T02:21:09.895-03:00
PUCPR,51,livre,0.0,0.0,2026-09-24T02:21:09.895-03:00
PUCPR,52,livre,0.0,0.0,2026-09-24T02:21:09.895-03:00
PUCPR,53,livre,0.0,0.0,2026-09-24T02:21:09.895-03:00
PUCPR,54,livre,0.0,0.0,2026-09-24T02:21:09.895-03:00
PUCPR,55,livre,0.0,0.0,2026-09-24T02:21:09.895-03:00
PUCPR,56,livre,0.0,0.0,2026-09-24T02:21:09.895-03:00
PUCPR,57,livre,0.0,0.0,2026-09-24T02:21:09.895-03:00
PUCPR,58,livre,0.0,0.0,2026-09-24T02:21:09.895-03:00
PUCPR,59,livre,0.0,0.0,2026-09-24T02:21:09.895-03:00
PUCPR,6,livre,0.0,0.0,2026-09-24T02:21:09.895-03:00
PUCPR,60,livre,0.0,0.0,2026-09-24T02:21:09.895-03:00
PUCPR,61,livre,0.0,0.0,2026-09-24T02:21:09.895-03:00
PUCPR,62,livre,0.0,0.0,2026-09-24T02:21:09.895-03:00
PUCPR,63,livre,0.0,0.0,2026-09-24T02:21:09.895-03:00
PUCPR,64,livre,0.0,0.0,2026-09-24T02:21:09.895-03:00
PUCPR,65,livre,0.0,0.0,2026-09-24T02:21:09.895-03:00
PUCPR,66,livre,0.0,0.0,2026-09-24T02:21:09.895-03:00
PUCPR,67,livre,0.0,0.0,2026-09-24T02:21:09.895-03:00
PUCPR,68,livre,0.0,0.0,2026-09-24T02:21:09.895-03:00
PUCPR,69,livre,0.0,0.0,2026-09-24T02:21:09.895-03:00
PUCPR,7,livre,0.0,0.0,2026-09-24T02:21:09.895-03:00
PUCPR,70,livre,0.0,0.0,2026-09-24T02:21:09.895-03:00
PUCPR,71,livre,0.0,0.0,2026-09-24T02:21:09.895-03:00
PUCPR,72,livre,0.0,0.0,2026-09-24T02:21:09.895-03:00
PUCPR,73,livre,0.0,0.0,2026-09-24T02:21:09.895-03:00
PUCPR,74,livre,0.0,0.0,2026-09-24T02:21:09.895-03:00
PUCPR,75,ocupada,0.0,0.0,2026-09-24T02:21:09.895-03:00
PUCPR,76,livre,0.0,0.0,2026-09-24T02:21:09.895-03:00
PUCPR,77,livre,0.0,0.0,2026-09-24T02:21:09.895-03:00
PUCPR,78,livre,0.0,0.0,2026-09-24T02:21:09.895-03:00
PUCPR,79,livre,0.0,0.0,2026-09-24T02:21:09.895-03:00
PUCPR,8,livre,0.0,0.0,2026-09-24T02:21:09.895-03:00
PUCPR,80,livre,0.0,0.0,2026-09-24T02:21:09.895-03:00
PUCPR,81,livre,0.0,0.0,2026-09-24T02:21:09.895-03:00
PUCPR,82,livre,0.0,0.0,2026-09-24T02:21:09.895-03:00
PUCPR,83,livre,0.0,0.0,2026-09-24T02:21:09.895-03:00
PUCPR,84,livre,0.0,0.0,2026-09-24T02:21:09.895-03:00
PUCPR,85,livre,0.0,0.0,2026-09-24T02:21:09.895-03:00
PUCPR,86,livre,0.0,0.0,2026-09-24T02:21:09.895-03:00
PUCPR,87,livre,0.0,0.0,2026-09-24T02:21:09.895-03:00
PUCPR,88,livre,0.0,0.0,2026-09-24T02:21:09.895-03:00
PUCPR,89,livre,0.0,0.0,2026-09-24T02:21:09.895-03:00
PUCPR,9,livre,0.0,0.0,2026-09-24T02:21:09.895-03:00
PUCPR,90,livre,0.0,0.0,2026-09-24T02:21:09.895-03:00
PUCPR,91,livre,0.0,0.0,2026-09-24T02:21:09.895-03:00
PUCPR,92,livre,0.0,0.0,2026-09-24T02:21:09.895-03:00
PUCPR,93,livre,0.0,0.06729815534255397,2026-09-24T02:21:09.895-03:00
PUCPR,94,ocupada,0.35601887106895447,0.9271820780276149,2026-09-24T02:21:09.895-03:00
PUCPR,95,livre,0.0,0.03317210822695968,2026-09-24T02:21:09.895-03:00
PUCPR,96,livre,0.0,0.0,2026-09-24T02:21:09.895-03:00
PUCPR,97,livre,0.0,0.0,2026-09-24T02:21:09.895-03:00
PUCPR,98,livre,0.0,0.0,2026-09-24T02:21:09.895-03:00
PUCPR,99,livre,0.0,0.0,2026-09-24T02:21:09.895-03:00
PUCPR,1,livre,0.0,0.0,2026-09-24T02:21:09.945-03:00
PUCPR,10,livre,0.0,0.0,2026-09-24T02:21:09.945-03:00
PUCPR,100,livre,0.0,0.0,2026-09-24T02:21:09.945-03:00
PUCPR,11,livre,0.0,0.0,2026-09-24T02:21:09.945-03:00
PUCPR,12,livre,0.0,0.0,2026-09-24T02:21:09.945-03:00
PUCPR,13,livre,0.0,0.0,2026-09-24T02:21:09.945-03:00
PUCPR,14,livre,0.0,0.0,2026-09-24T02:21:09.945-03:00
PUCPR,15,livre,0.0,0.0,2026-09-24T02:21:09.945-03:00
PUCPR,16,livre,0.0,0.0,2026-09-24T02:21:09.945-03:00
PUCPR,17,livre,0.0,0.0,2026-09-24T02:21:09.945-03:00
PUCPR,18,livre,0.0,0.0,2026-09-24T02:21:09.945-03:00
PUCPR,19,livre,0.0,0.0,2026-09-24T02:21:09.945-03:00
PUCPR,2,livre,0.0,0.0,2026-09-24T02:21:09.945-03:00
PUCPR,20,livre,0.0,0.0,2026-09-24T02:21:09.945-03:00
PUCPR,21,livre,0.0,0.0,2026-09-24T02:21:09.945-03:00
PUCPR,22,livre,0.0,0.0,2026-09-24T02:21:09.945-03:00
PUCPR,23,livre,0.0,0.0,2026-09-24T02:21:09.945-03:00
PUCPR,24,livre,0.0,0.0,2026-09-24T02:21:09.945-03:00
PUCPR,25,livre,0.0,0.0,2026-09-24T02:21:09.945-03:00
PUCPR,26,livre,0.0,0.0,2026-09-24T02:21:09.945-03:00
PUCPR,27,livre,0.0,0.0,2026-09-24T02:21:09.945-03:00
PUCPR,28,livre,0.0,0.0,2026-09-24T02:21:09.945-03:00
PUCPR,29,livre,0.0,0.0,2026-09-24T02:21:09.945-03:00
PUCPR,3,livre,0.0,0.0,2026-09-24T02:21:09.945-03:00
PUCPR,30,livre,0.0,0.0,2026-09-24T02:21:09.945-03:00
PUCPR,31,livre,0.0,0.0,2026-09-24T02:21:09.945-03:00
PUCPR,32,livre,0.0,0.0,2026-09-24T02:21:09.945-03:00
PUCPR,33,livre,0.0,0.0,2026-09-24T02:21:09.945-03:00
PUCPR,34,livre,0.0,0.0,2026-09-24T02:21:09.945-03:00
PUCPR,35,livre,0.0,0.0,2026-09-24T02:21:09.945-03:00
PUCPR,36,livre,0.0,0.0,2026-09-24T02:21:09.945-03:00
PUCPR,37,livre,0.0,0.0,2026-09-24T02:21:09.945-03:00
PUCPR,38,livre,0.0,0.0,2026-09-24T02:21:09.945-03:00
PUCPR,39,livre,0.0,0.0,2026-09-24T02:21:09.945-03:00
PUCPR,4,livre,0.0,0.0,2026-09-24T02:21:09.945-03:00
PUCPR,40,livre,0.0,0.0,2026-09-24T02:21:09.945-03:00
PUCPR,41,livre,0.0,0.0,2026-09-24T02:21:09.945-03:00
PUCPR,42,livre,0.0,0.0,2026-09-24T02:21:09.945-03:00
PUCPR,43,livre,0.0,0.0,2026-09-24T02:21:09.945-03:00
PUCPR,44,livre,0.0,0.0,2026-09-24T02:21:09.945-03:00
PUCPR,45,livre,0.0,0.0,2026-09-24T02:21:09.945-03:00
PUCPR,46,livre,0.0,0.0,2026-09-24T02:21:09.945-03:00
PUCPR,47,livre,0.0,0.0,2026-09-24T02:21:09.945-03:00
PUCPR,48,livre,0.0,0.0,2026-09-24T02:21:09.945-03:00
PUCPR,49,livre,0.0,0.0,2026-09-24T02:21:09.945-03:00
PUCPR,5,livre,0.0,0.0,2026-09-24T02:21:09.945-03:00
PUCPR,50,livre,0.0,0.0,2026-09-24T02:21:09.945-03:00
PUCPR,51,livre,0.0,0.0,2026-09-24T02:21:09.945-03:00
PUCPR,52,livre,0.0,0.0,2026-09-24T02:21:09.945-03:00
PUCPR,53,livre,0.0,0.0,2026-09-24T02:21:09.945-03:00
PUCPR,54,livre,0.0,0.0,2026-09-24T02:21:09.945-03:00
PUCPR,55,livre,0.0,0.0,2026-09-24T02:21:09.945-03:00
PUCPR,56,livre,0.0,0.0,2026-09-24T02:21:09.945-03:00
PUCPR,57,livre,0.0,0.0,2026-09-24T02:21:09.945-03:00
PUCPR,58,livre,0.0,0.0,2026-09-24T02:21:09.945-03:00
PUCPR,59,livre,0.0,0.0,2026-09-24T02:21:09.945-03:00
PUCPR,6,livre,0.0,0.0,2026-09-24T02:21:09.945-03:00
PUCPR,60,livre,0.0,0.0,2026-09-24T02:21:09.945-03:00
PUCPR,61,livre,0.0,0.0,2026-09-24T02:21:09.945-03:00
PUCPR,62,livre,0.0,0.0,2026-09-24T02:21:09.945-03:00
PUCPR,63,livre,0.0,0.0,2026-09-24T02:21:09.945-03:00
PUCPR,64,livre,0.0,0.0,2026-09-24T02:21:09.945-03:00
PUCPR,65,livre,0.0,0.0,2026-09-24T02:21:09.945-03:00
PUCPR,66,livre,0.0,0.0,2026-09-24T02:21:09.945-03:00
PUCPR,67,livre,0.0,0.0,2026-09-24T02:21:09.945-03:00
PUCPR,68,livre,0.0,0.0,2026-09-24T02:21:09.945-03:00
PUCPR,69,livre,0.0,0.0,2026-09-24T02:21:09.945-03:00
PUCPR,7,livre,0.0,0.0,2026-09-24T02:21:09.945-03:00
PUCPR,70,livre,0.0,0.0,2026-09-24T02:21:09.945-03:00
PUCPR,71,livre,0.0,0.0,2026-09-24T02:21:09.945-03:00
PUCPR,72,livre,0.0,0.0,2026-09-24T02:21:09.945-03:00
PUCPR,73,livre,0.0,0.0,2026-09-24T02:21:09.945-03:00
PUCPR,74,livre,0.0,0.0,2026-09-24T02:21:09.945-03:00
PUCPR,75,livre,0.0,0.0,2026-09-24T02:21:09.945-03:00
PUCPR,76,livre,0.0,0.0,2026-09-24T02:21:09.945-03:00
PUCPR,77,livre,0.0,0.0,2026-09-24T02:21:09.945-03:00
PUCPR,78,livre,0.0,0.0,2026-09-24T02:21:09.945-03:00
PUCPR,79,livre,0.0,0.0,2026-09-24T02:21:09.945-03:00
PUCPR,8,livre,0.0,0.0,2026-09-24T02:21:09.945-03:00
PUCPR,80,livre,0.0,0.0,2026-09-24T02:21:09.945-03:00
PUCPR,81,livre,0.0,0.0,2026-09-24T02:21:09.945-03:00
PUCPR,82,livre,0.0,0.0,2026-09-24T02:21:09.945-03:00
PUCPR,83,livre,0.0,0.0,2026-09-24T02:21:09.945-03:00
PUCPR,84,livre,0.0,0.0,2026-09-24T02:21:09.945-03:00
PUCPR,85,livre,0.0,0.0,2026-09-24T02:21:09.945-03:00
PUCPR,86,livre,0.0,0.0,2026-09-24T02:21:09.945-03:00
PUCPR,87,livre,0.0,0.0,2026-09-24T02:21:09.945-03:00
PUCPR,88,livre,0.0,0.0,2026-09-24T02:21:09.945-03:00
PUCPR,89,livre,0.0,0.0,2026-09-24T02:21:09.945-03:00
PUCPR,9,livre,0.0,0.0,2026-09-24T02:21:09.945-03:00
PUCPR,90,livre,0.0,0.0,2026-09-24T02:21:09.945-03:00
PUCPR,91,livre,0.0,0.0,2026-09-24T02:21:09.945-03:00
PUCPR,92,livre,0.0,0.0,2026-09-24T02:21:09.945-03:00
PUCPR,93,livre,0.0,0.06842509152209003,2026-09-24T02:21:09.945-03:00
PUCPR,94,ocupada,0.346238374710083,0.9303289461745051,2026-09-24T02:21:09.945-03:00
PUCPR,95,livre,0.0,0.035656378914260885,2026-09-24T02:21:09.945-03:00
PUCPR,96,livre,0.0,0.0,2026-09-24T02:21:09.945-03:00
PUCPR,97,livre,0.0,0.0,2026-09-24T02:21:09.945-03:00
PUCPR,98,livre,0.0,0.0,2026-09-24T02:21:09.945-03:00
PUCPR,99,livre,0.0,0.0,2026-09-24T02:21:09.945-03:00
PUCPR,1,livre,0.0,0.0,2026-09-24T02:21:09.997-03:00
PUCPR,10,livre,0.0,0.0,2026-09-24T02:21:09.997-03:00
PUCPR,100,livre,0.0,0.0,2026-09-24T02:21:09.997-03:00
PUCPR,11,livre,0.0,0.0,2026-09-24T02:21:09.997-03:00
PUCPR,12,livre,0.0,0.0,2026-09-24T02:21:09.997-03:00
PUCPR,13,livre,0.0,0.0,2026-09-24T02:21:09.997-03:00
PUCPR,14,livre,0.0,0.0,2026-09-24T02:21:09.997-03:00
PUCPR,15,livre,0.0,0.0,2026-09-24T02:21:09.997-03:00
PUCPR,16,livre,0.0,0.0,2026-09-24T02:21:09.997-03:00
PUCPR,17,livre,0.0,0.0,2026-09-24T02:21:09.997-03:00
PUCPR,18,livre,0.0,0.0,2026-09-24T02:21:09.997-03:00
PUCPR,19,livre,0.0,0.0,2026-09-24T02:21:09.997-03:00
PUCPR,2,livre,0.0,0.0,2026-09-24T02:21:09.997-03:00
PUCPR,20,livre,0.0,0.0,2026-09-24T02:21:09.997-03:00
PUCPR,21,livre,0.0,0.0,2026-09-24T02:21:09.997-03:00
PUCPR,22,livre,0.0,0.0,2026-09-24T02:21:09.997-03:00
PUCPR,23,livre,0.0,0.0,2026-09-24T02:21:09.997-03:00
PUCPR,24,livre,0.0,0.0,2026-09-24T02:21:09.997-03:00
PUCPR,25,livre,0.0,0.0,2026-09-24T02:21:09.997-03:00
PUCPR,26,livre,0.0,0.0,2026-09-24T02:21:09.997-03:00
PUCPR,27,livre,0.0,0.0,2026-09-24T02:21:09.997-03:00
PUCPR,28,livre,0.0,0.0,2026-09-24T02:21:09.997-03:00
PUCPR,29,livre,0.0,0.0,2026-09-24T02:21:09.997-03:00
PUCPR,3,livre,0.0,0.0,2026-09-24T02:21:09.997-03:00
PUCPR,30,livre,0.0,0.0,2026-09-24T02:21:09.997-03:00
PUCPR,31,livre,0.0,0.0,2026-09-24T02:21:09.997-03:00
PUCPR,32,livre,0.0,0.0,2026-09-24T02:21:09.997-03:00
PUCPR,33,livre,0.0,0.0,2026-09-24T02:21:09.997-03:00
PUCPR,34,livre,0.0,0.0,2026-09-24T02:21:09.997-03:00
PUCPR,35,livre,0.0,0.0,2026-09-24T02:21:09.997-03:00
PUCPR,36,livre,0.0,0.0,2026-09-24T02:21:09.997-03:00
PUCPR,37,livre,0.0,0.0,2026-09-24T02:21:09.997-03:00
PUCPR,38,livre,0.0,0.0,2026-09-24T02:21:09.997-03:00
PUCPR,39,livre,0.0,0.0,2026-09-24T02:21:09.997-03:00
PUCPR,4,livre,0.0,0.0,2026-09-24T02:21:09.997-03:00
PUCPR,40,livre,0.0,0.0,2026-09-24T02:21:09.997-03:00
PUCPR,41,livre,0.0,0.0,2026-09-24T02:21:09.997-03:00
PUCPR,42,livre,0.0,0.0,2026-09-24T02:21:09.997-03:00
PUCPR,43,livre,0.0,0.0,2026-09-24T02:21:09.997-03:00
PUCPR,44,livre,0.0,0.0,2026-09-24T02:21:09.997-03:00
PUCPR,45,livre,0.0,0.0,2026-09-24T02:21:09.997-03:00
PUCPR,46,livre,0.0,0.0,2026-09-24T02:21:09.997-03:00
PUCPR,47,livre,0.0,0.0,2026-09-24T02:21:09.997-03:00
PUCPR,48,livre,0.0,0.0,2026-09-24T02:21:09.997-03:00
PUCPR,49,livre,0.0,0.0,2026-09-24T02:21:09.997-03:00
PUCPR,5,livre,0.0,0.0,2026-09-24T02:21:09.997-03:00
PUCPR,50,livre,0.0,0.0,2026-09-24T02:21:09.997-03:00
PUCPR,51,livre,0.0,0.0,2026-09-24T02:21:09.997-03:00
PUCPR,52,livre,0.0,0.0,2026-09-24T02:21:09.997-03:00
PUCPR,53,livre,0.0,0.0,2026-09-24T02:21:09.997-03:00
PUCPR,54,livre,0.0,0.0,2026-09-24T02:21:09.997-03:00
PUCPR,55,livre,0.0,0.0,2026-09-24T02:21:09.997-03:00
PUCPR,56,livre,0.0,0.0,2026-09-24T02:21:09.997-03:00
PUCPR,57,livre,0.0,0.0,2026-09-24T02:21:09.997-03:00
PUCPR,58,livre,0.0,0.0,2026-09-24T02:21:09.997-03:00
PUCPR,59,livre,0.0,0.0,2026-09-24T02:21:09.997-03:00
PUCPR,6,livre,0.0,0.0,2026-09-24T02:21:09.997-03:00
PUCPR,60,livre,0.0,0.0,2026-09-24T02:21:09.997-03:00
PUCPR,61,livre,0.0,0.0,2026-09-24T02:21:09.997-03:00
PUCPR,62,livre,0.0,0.0,2026-09-24T02:21:09.997-03:00
PUCPR,63,livre,0.0,0.0,2026-09-24T02:21:09.997-03:00
PUCPR,64,livre,0.0,0.0,2026-09-24T02:21:09.997-03:00
PUCPR,65,livre,0.0,0.0,2026-09-24T02:21:09.997-03:00
PUCPR,66,livre,0.0,0.0,2026-09-24T02:21:09.997-03:00
PUCPR,67,livre,0.0,0.0,2026-09-24T02:21:09.997-03:00
PUCPR,68,livre,0.0,0.0,2026-09-24T02:21:09.997-03:00
PUCPR,69,livre,0.0,0.0,2026-09-24T02:21:09.997-03:00
PUCPR,7,livre,0.0,0.0,2026-09-24T02:21:09.997-03:00
PUCPR,70,livre,0.0,0.0,2026-09-24T02:21:09.997-03:00
PUCPR,71,livre,0.0,0.0,2026-09-24T02:21:09.997-03:00
PUCPR,72,livre,0.0,0.0,2026-09-24T02:21:09.997-03:00
PUCPR,73,livre,0.0,0.0,2026-09-24T02:21:09.997-03:00
PUCPR,74,livre,0.0,0.0,2026-09-24T02:21:09.997-03:00
PUCPR,75,livre,0.0,0.0,2026-09-24T02:21:09.997-03:00
PUCPR,76,livre,0.0,0.0,2026-09-24T02:21:09.997-03:00
PUCPR,77,livre,0.0,0.0,2026-09-24T02:21:09.997-03:00
PUCPR,78,livre,0.0,0.0,2026-09-24T02:21:09.997-03:00
PUCPR,79,livre,0.0,0.0,2026-09-24T02:21:09.997-03:00
PUCPR,8,livre,0.0,0.0,2026-09-24T02:21:09.997-03:00
PUCPR,80,livre,0.0,0.0,2026-09-24T02:21:09.997-03:00
PUCPR,81,livre,0.0,0.0,2026-09-24T02:21:09.997-03:00
PUCPR,82,livre,0.0,0.0,2026-09-24T02:21:09.997-03:00
PUCPR,83,livre,0.0,0.0,2026-09-24T02:21:09.997-03:00
PUCPR,84,livre,0.0,0.0,2026-09-24T02:21:09.997-03:00
PUCPR,85,livre,0.0,0.0,2026-09-24T02:21:09.997-03:00
PUCPR,86,livre,0.0,0.0,2026-09-24T02:21:09.997-03:00
PUCPR,87,livre,0.0,0.0,2026-09-24T02:21:09.997-03:00
PUCPR,88,livre,0.0,0.0,2026-09-24T02:21:09.997-03:00
PUCPR,89,livre,0.0,0.0,2026-09-24T02:21:09.997-03:00
PUCPR,9,livre,0.0,0.0,2026-09-24T02:21:09.997-03:00
PUCPR,90,livre,0.0,0.0,2026-09-24T02:21:09.997-03:00
PUCPR,91,livre,0.0,0.0,2026-09-24T02:21:09.997-03:00
PUCPR,92,livre,0.0,0.0,2026-09-24T02:21:09.997-03:00
PUCPR,93,livre,0.0,0.0754314642024884,2026-09-24T02:21:09.997-03:00
PUCPR,94,ocupada,0.5700798630714417,0.9362136048659189,2026-09-24T02:21:09.997-03:00
PUCPR,95,livre,0.0,0.036342440880732796,2026-09-24T02:21:09.997-03:00
PUCPR,96,livre,0.0,0.0,2026-09-24T02:21:09.997-03:00
PUCPR,97,livre,0.0,0.0,2026-09-24T02:21:09.997-03:00
PUCPR,98,livre,0.0,0.0,2026-09-24T02:21:09.997-03:00
PUCPR,99,livre,0.0,0.0,2026-09-24T02:21:09.997-03:00
PUCPR,1,livre,0.0,0.0,2026-09-24T02:21:10.051-03:00
PUCPR,10,livre,0.0,0.0,2026-09-24T02:21:10.051-03:00
PUCPR,100,livre,0.0,0.0,2026-09-24T02:21:10.051-03:00
PUCPR,11,livre,0.0,0.0,2026-09-24T02:21:10.051-03:00
PUCPR,12,livre,0.0,0.0,2026-09-24T02:21:10.051-03:00
PUCPR,13,livre,0.0,0.0,2026-09-24T02:21:10.051-03:00
PUCPR,14,livre,0.0,0.0,2026-09-24T02:21:10.051-03:00
PUCPR,15,livre,0.0,0.0,2026-09-24T02:21:10.051-03:00
PUCPR,16,livre,0.0,0.0,2026-09-24T02:21:10.051-03:00
PUCPR,17,livre,0.0,0.0,2026-09-24T02:21:10.051-03:00
PUCPR,18,livre,0.0,0.0,2026-09-24T02:21:10.051-03:00
PUCPR,19,livre,0.0,0.0,2026-09-24T02:21:10.051-03:00
PUCPR,2,livre,0.0,0.0,2026-09-24T02:21:10.051-03:00
PUCPR,20,livre,0.0,0.0,2026-09-24T02:21:10.051-03:00
PUCPR,21,livre,0.0,0.0,2026-09-24T02:21:10.051-03:00
PUCPR,22,livre,0.0,0.0,2026-09-24T02:21:10.051-03:00
PUCPR,23,livre,0.0,0.0,2026-09-24T02:21:10.051-03:00
PUCPR,24,livre,0.0,0.0,2026-09-24T02:21:10.051-03:00
PUCPR,25,livre,0.0,0.0,2026-09-24T02:21:10.051-03:00
PUCPR,26,livre,0.0,0.0,2026-09-24T02:21:10.051-03:00
PUCPR,27,livre,0.0,0.0,2026-09-24T02:21:10.051-03:00
PUCPR,28,livre,0.0,0.0,2026-09-24T02:21:10.051-03:00
PUCPR,29,livre,0.0,0.0,2026-09-24T02:21:10.051-03:00
PUCPR,3,livre,0.0,0.0,2026-09-24T02:21:10.051-03:00
PUCPR,30,livre,0.0,0.0,2026-09-24T02:21:10.051-03:00
PUCPR,31,livre,0.0,0.0,2026-09-24T02:21:10.051-03:00
PUCPR,32,livre,0.0,0.0,2026-09-24T02:21:10.051-03:00
PUCPR,33,livre,0.0,0.0,2026-09-24T02:21:10.051-03:00
PUCPR,34,livre,0.0,0.0,2026-09-24T02:21:10.051-03:00
PUCPR,35,livre,0.0,0.0,2026-09-24T02:21:10.051-03:00
PUCPR,36,livre,0.0,0.0,2026-09-24T02:21:10.051-03:00
PUCPR,37,livre,0.0,0.0,2026-09-24T02:21:10.051-03:00
PUCPR,38,livre,0.0,0.0,2026-09-24T02:21:10.051-03:00
PUCPR,39,livre,0.0,0.0,2026-09-24T02:21:10.051-03:00
PUCPR,4,livre,0.0,0.0,2026-09-24T02:21:10.051-03:00
PUCPR,40,livre,0.0,0.0,2026-09-24T02:21:10.051-03:00
PUCPR,41,livre,0.0,0.0,2026-09-24T02:21:10.051-03:00
PUCPR,42,livre,0.0,0.0,2026-09-24T02:21:10.051-03:00
PUCPR,43,livre,0.0,0.0,2026-09-24T02:21:10.051-03:00
PUCPR,44,livre,0.0,0.0,2026-09-24T02:21:10.051-03:00
PUCPR,45,livre,0.0,0.0,2026-09-24T02:21:10.051-03:00
PUCPR,46,livre,0.0,0.0,2026-09-24T02:21:10.051-03:00
PUCPR,47,livre,0.0,0.0,2026-09-24T02:21:10.051-03:00
PUCPR,48,livre,0.0,0.0,2026-09-24T02:21:10.051-03:00
PUCPR,49,livre,0.0,0.0,2026-09-24T02:21:10.051-03:00
PUCPR,5,livre,0.0,0.0,2026-09-24T02:21:10.051-03:00
PUCPR,50,livre,0.0,0.0,2026-09-24T02:21:10.051-03:00
PUCPR,51,livre,0.0,0.0,2026-09-24T02:21:10.051-03:00
PUCPR,52,livre,0.0,0.0,2026-09-24T02:21:10.051-03:00
PUCPR,53,livre,0.0,0.0,2026-09-24T02:21:10.051-03:00
PUCPR,54,livre,0.0,0.0,2026-09-24T02:21:10.051-03:00
PUCPR,55,livre,0.0,0.0,2026-09-24T02:21:10.051-03:00
PUCPR,56,livre,0.0,0.0,2026-09-24T02:21:10.051-03:00
PUCPR,57,livre,0.0,0.0,2026-09-24T02:21:10.051-03:00
PUCPR,58,livre,0.0,0.0,2026-09-24T02:21:10.051-03:00
PUCPR,59,livre,0.0,0.0,2026-09-24T02:21:10.051-03:00
PUCPR,6,livre,0.0,0.0,2026-09-24T02:21:10.051-03:00
PUCPR,60,livre,0.0,0.0,2026-09-24T02:21:10.051-03:00
PUCPR,61,livre,0.0,0.0,2026-09-24T02:21:10.051-03:00
PUCPR,62,livre,0.0,0.0,2026-09-24T02:21:10.051-03:00
PUCPR,63,livre,0.0,0.0,2026-09-24T02:21:10.051-03:00
PUCPR,64,livre,0.0,0.0,2026-09-24T02:21:10.051-03:00
PUCPR,65,livre,0.0,0.0,2026-09-24T02:21:10.051-03:00
PUCPR,66,livre,0.0,0.0,2026-09-24T02:21:10.051-03:00
PUCPR,67,livre,0.0,0.0,2026-09-24T02:21:10.051-03:00
PUCPR,68,livre,0.0,0.0,2026-09-24T02:21:10.051-03:00
PUCPR,69,livre,0.0,0.0,2026-09-24T02:21:10.051-03:00
PUCPR,7,livre,0.0,0.0,2026-09-24T02:21:10.051-03:00
PUCPR,70,livre,0.0,0.009294622885688315,2026-09-24T02:21:10.051-03:00
PUCPR,71,livre,0.26110345125198364,0.9281160056006911,2026-09-24T02:21:10.051-03:00
PUCPR,72,livre,0.0,0.0,2026-09-24T02:21:10.051-03:00
PUCPR,73,livre,0.0,0.0,2026-09-24T02:21:10.051-03:00
PUCPR,74,livre,0.0,0.0,2026-09-24T02:21:10.051-03:00
PUCPR,75,livre,0.0,0.0,2026-09-24T02:21:10.051-03:00
PUCPR,76,livre,0.0,0.0,2026-09-24T02:21:10.051-03:00
PUCPR,77,livre,0.0,0.0,2026-09-24T02:21:10.051-03:00
PUCPR,78,livre,0.0,0.0,2026-09-24T02:21:10.051-03:00
PUCPR,79,livre,0.0,0.0,2026-09-24T02:21:10.051-03:00
PUCPR,8,livre,0.0,0.0,2026-09-24T02:21:10.051-03:00
PUCPR,80,livre,0.0,0.0,2026-09-24T02:21:10.051-03:00
PUCPR,81,livre,0.0,0.0,2026-09-24T02:21:10.051-03:00
PUCPR,82,livre,0.0,0.0,2026-09-24T02:21:10.051-03:00
PUCPR,83,livre,0.0,0.0,2026-09-24T02:21:10.051-03:00
PUCPR,84,livre,0.0,0.0,2026-09-24T02:21:10.051-03:00
PUCPR,85,livre,0.0,0.0,2026-09-24T02:21:10.051-03:00
PUCPR,86,livre,0.0,0.0,2026-09-24T02:21:10.051-03:00
PUCPR,87,livre,0.0,0.0,2026-09-24T02:21:10.051-03:00
PUCPR,88,livre,0.0,0.0,2026-09-24T02:21:10.051-03:00
PUCPR,89,livre,0.0,0.0,2026-09-24T02:21:10.051-03:00
PUCPR,9,livre,0.0,0.0,2026-09-24T02:21:10.051-03:00
PUCPR,90,livre,0.0,0.0,2026-09-24T02:21:10.051-03:00
PUCPR,91,livre,0.0,0.0,2026-09-24T02:21:10.051-03:00
PUCPR,92,livre,0.0,0.0,2026-09-24T02:21:10.051-03:00
PUCPR,93,livre,0.0,0.06824667190394734,2026-09-24T02:21:10.051-03:00
PUCPR,94,ocupada,0.4178833067417145,0.9338768795048136,2026-09-24T02:21:10.051-03:00
PUCPR,95,livre,0.0,0.04022829123993293,2026-09-24T02:21:10.051-03:00
PUCPR,96,livre,0.0,0.0,2026-09-24T02:21:10.051-03:00
PUCPR,97,livre,0.0,0.0,2026-09-24T02:21:10.051-03:00
PUCPR,98,livre,0.0,0.0,2026-09-24T02:21:10.051-03:00
PUCPR,99,livre,0.0,0.0,2026-09-24T02:21:10.051-03:00
PUCPR,1,livre,0.0,0.0,2026-09-24T02:21:10.110-03:00
PUCPR,10,livre,0.0,0.0,2026-09-24T02:21:10.110-03:00
PUCPR,100,livre,0.0,0.0,2026-09-24T02:21:10.110-03:00
PUCPR,11,livre,0.0,0.0,2026-09-24T02:21:10.110-03:00
PUCPR,12,livre,0.0,0.0,2026-09-24T02:21:10.110-03:00
PUCPR,13,livre,0.0,0.0,2026-09-24T02:21:10.110-03:00
PUCPR,14,livre,0.0,0.0,2026-09-24T02:21:10.110-03:00
PUCPR,15,livre,0.0,0.0,2026-09-24T02:21:10.110-03:00
PUCPR,16,livre,0.0,0.0,2026-09-24T02:21:10.110-03:00
PUCPR,17,livre,0.0,0.0,2026-09-24T02:21:10.110-03:00
PUCPR,18,livre,0.0,0.0,2026-09-24T02:21:10.110-03:00
PUCPR,19,livre,0.0,0.0,2026-09-24T02:21:10.110-03:00
PUCPR,2,livre,0.0,0.0,2026-09-24T02:21:10.110-03:00
PUCPR,20,livre,0.0,0.0,2026-09-24T02:21:10.110-03:00
PUCPR,21,livre,0.0,0.0,2026-09-24T02:21:10.110-03:00
PUCPR,22,livre,0.0,0.0,2026-09-24T02:21:10.110-03:00
PUCPR,23,livre,0.0,0.0,2026-09-24T02:21:10.110-03:00
PUCPR,24,livre,0.0,0.0,2026-09-24T02:21:10.110-03:00
PUCPR,25,livre,0.0,0.0,2026-09-24T02:21:10.110-03:00
PUCPR,26,livre,0.0,0.0,2026-09-24T02:21:10.110-03:00
PUCPR,27,livre,0.0,0.0,2026-09-24T02:21:10.110-03:00
PUCPR,28,livre,0.0,0.0,2026-09-24T02:21:10.110-03:00
PUCPR,29,livre,0.0,0.0,2026-09-24T02:21:10.110-03:00
PUCPR,3,livre,0.0,0.0,2026-09-24T02:21:10.110-03:00
PUCPR,30,livre,0.0,0.0,2026-09-24T02:21:10.110-03:00
PUCPR,31,livre,0.0,0.0,2026-09-24T02:21:10.110-03:00
PUCPR,32,livre,0.0,0.0,2026-09-24T02:21:10.110-03:00
PUCPR,33,livre,0.0,0.0,2026-09-24T02:21:10.110-03:00
PUCPR,34,livre,0.0,0.0,2026-09-24T02:21:10.110-03:00
PUCPR,35,livre,0.0,0.0,2026-09-24T02:21:10.110-03:00
PUCPR,36,livre,0.0,0.0,2026-09-24T02:21:10.110-03:00
PUCPR,37,livre,0.0,0.0,2026-09-24T02:21:10.110-03:00
PUCPR,38,livre,0.0,0.0,2026-09-24T02:21:10.110-03:00
PUCPR,39,livre,0.0,0.0,2026-09-24T02:21:10.110-03:00
PUCPR,4,livre,0.0,0.0,2026-09-24T02:21:10.110-03:00
PUCPR,40,livre,0.0,0.0,2026-09-24T02:21:10.110-03:00
PUCPR,41,livre,0.0,0.0,2026-09-24T02:21:10.110-03:00
PUCPR,42,livre,0.0,0.0,2026-09-24T02:21:10.110-03:00
PUCPR,43,livre,0.0,0.0,2026-09-24T02:21:10.110-03:00
PUCPR,44,livre,0.0,0.0,2026-09-24T02:21:10.110-03:00
PUCPR,45,livre,0.0,0.0,2026-09-24T02:21:10.110-03:00
PUCPR,46,livre,0.0,0.0,2026-09-24T02:21:10.110-03:00
PUCPR,47,livre,0.0,0.0,2026-09-24T02:21:10.110-03:00
PUCPR,48,livre,0.0,0.0,2026-09-24T02:21:10.110-03:00
PUCPR,49,livre,0.0,0.0,2026-09-24T02:21:10.110-03:00
PUCPR,5,livre,0.0,0.0,2026-09-24T02:21:10.110-03:00
PUCPR,50,livre,0.0,0.0,2026-09-24T02:21:10.110-03:00
PUCPR,51,livre,0.0,0.0,2026-09-24T02:21:10.110-03:00
PUCPR,52,livre,0.0,0.0,2026-09-24T02:21:10.110-03:00
PUCPR,53,livre,0.0,0.0,2026-09-24T02:21:10.110-03:00
PUCPR,54,livre,0.0,0.0,2026-09-24T02:21:10.110-03:00
PUCPR,55,livre,0.0,0.0,2026-09-24T02:21:10.110-03:00
PUCPR,56,livre,0.0,0.0,2026-09-24T02:21:10.110-03:00
PUCPR,57,livre,0.0,0.0,2026-09-24T02:21:10.110-03:00
PUCPR,58,livre,0.0,0.0,2026-09-24T02:21:10.110-03:00
PUCPR,59,livre,0.0,0.0,2026-09-24T02:21:10.110-03:00
PUCPR,6,livre,0.0,0.0,2026-09-24T02:21:10.110-03:00
PUCPR,60,livre,0.0,0.0,2026-09-24T02:21:10.110-03:00
PUCPR,61,livre,0.0,0.0,2026-09-24T02:21:10.110-03:00
PUCPR,62,livre,0.0,0.0,2026-09-24T02:21:10.110-03:00
PUCPR,63,livre,0.0,0.0,2026-09-24T02:21:10.110-03:00
PUCPR,64,livre,0.0,0.0,2026-09-24T02:21:10.110-03:00
PUCPR,65,livre,0.0,0.0,2026-09-24T02:21:10.110-03:00
PUCPR,66,livre,0.0,0.0,2026-09-24T02:21:10.110-03:00
PUCPR,67,livre,0.0,0.0,2026-09-24T02:21:10.110-03:00
PUCPR,68,livre,0.0,0.0,2026-09-24T02:21:10.110-03:00
PUCPR,69,livre,0.0,0.0,2026-09-24T02:21:10.110-03:00
PUCPR,7,livre,0.0,0.0,2026-09-24T02:21:10.110-03:00
PUCPR,70,livre,0.0,0.0,2026-09-24T02:21:10.110-03:00
PUCPR,71,livre,0.0,0.0,2026-09-24T02:21:10.110-03:00
PUCPR,72,livre,0.0,0.0,2026-09-24T02:21:10.110-03:00
PUCPR,73,livre,0.0,0.0,2026-09-24T02:21:10.110-03:00
PUCPR,74,livre,0.0,0.0,2026-09-24T02:21:10.110-03:00
PUCPR,75,livre,0.0,0.0,2026-09-24T02:21:10.110-03:00
PUCPR,76,livre,0.0,0.0,2026-09-24T02:21:10.110-03:00
PUCPR,77,livre,0.0,0.0,2026-09-24T02:21:10.110-03:00
PUCPR,78,livre,0.0,0.0,2026-09-24T02:21:10.110-03:00
PUCPR,79,livre,0.0,0.0,2026-09-24T02:21:10.110-03:00
PUCPR,8,livre,0.0,0.0,2026-09-24T02:21:10.110-03:00
PUCPR,80,livre,0.0,0.0,2026-09-24T02:21:10.110-03:00
PUCPR,81,livre,0.0,0.0,2026-09-24T02:21:10.110-03:00
PUCPR,82,livre,0.0,0.0,2026-09-24T02:21:10.110-03:00
PUCPR,83,livre,0.0,0.0,2026-09-24T02:21:10.110-03:00
PUCPR,84,livre,0.0,0.0,2026-09-24T02:21:10.110-03:00
PUCPR,85,livre,0.0,0.0,2026-09-24T02:21:10.110-03:00
PUCPR,86,livre,0.0,0.0,2026-09-24T02:21:10.110-03:00
PUCPR,87,livre,0.0,0.0,2026-09-24T02:21:10.110-03:00
PUCPR,88,livre,0.0,0.0,2026-09-24T02:21:10.110-03:00
PUCPR,89,livre,0.0,0.0,2026-09-24T02:21:10.110-03:00
PUCPR,9,livre,0.0,0.0,2026-09-24T02:21:10.110-03:00
PUCPR,90,livre,0.0,0.0,2026-09-24T02:21:10.110-03:00
PUCPR,91,livre,0.0,0.0,2026-09-24T02:21:10.110-03:00
PUCPR,92,livre,0.0,0.0,2026-09-24T02:21:10.110-03:00
PUCPR,93,livre,0.0,0.07658248161533429,2026-09-24T02:21:10.110-03:00
PUCPR,94,ocupada,0.3759702444076538,0.9364941047629879,2026-09-24T02:21:10.110-03:00
PUCPR,95,livre,0.0,0.03571731597741552,2026-09-24T02:21:10.110-03:00
PUCPR,96,livre,0.0,0.0,2026-09-24T02:21:10.110-03:00
PUCPR,97,livre,0.0,0.0,2026-09-24T02:21:10.110-03:00
PUCPR,98,livre,0.0,0.0,2026-09-24T02:21:10.110-03:00
PUCPR,99,livre,0.0,0.0,2026-09-24T02:21:10.110-03:00
PUCPR,1,livre,0.0,0.0,2026-09-24T02:21:10.166-03:00
PUCPR,10,livre,0.0,0.0,2026-09-24T02:21:10.166-03:00
PUCPR,100,livre,0.0,0.0,2026-09-24T02:21:10.166-03:00
PUCPR,11,livre,0.0,0.0,2026-09-24T02:21:10.166-03:00
PUCPR,12,livre,0.0,0.0,2026-09-24T02:21:10.166-03:00
PUCPR,13,livre,0.0,0.0,2026-09-24T02:21:10.166-03:00
PUCPR,14,livre,0.0,0.0,2026-09-24T02:21:10.166-03:00
PUCPR,15,livre,0.0,0.0,2026-09-24T02:21:10.166-03:00
PUCPR,16,livre,0.0,0.0,2026-09-24T02:21:10.166-03:00
PUCPR,17,livre,0.0,0.0,2026-09-24T02:21:10.166-03:00
PUCPR,18,livre,0.0,0.0,2026-09-24T02:21:10.166-03:00
PUCPR,19,livre,0.0,0.0,2026-09-24T02:21:10.166-03:00
PUCPR,2,livre,0.0,0.0,2026-09-24T02:21:10.166-03:00
PUCPR,20,livre,0.0,0.0,2026-09-24T02:21:10.166-03:00
PUCPR,21,livre,0.0,0.0,2026-09-24T02:21:10.166-03:00
PUCPR,22,livre,0.0,0.0,2026-09-24T02:21:10.166-03:00
PUCPR,23,livre,0.0,0.0,2026-09-24T02:21:10.166-03:00
PUCPR,24,livre,0.0,0.0,2026-09-24T02:21:10.166-03:00
PUCPR,25,livre,0.0,0.0,2026-09-24T02:21:10.166-03:00
PUCPR,26,livre,0.0,0.0,2026-09-24T02:21:10.166-03:00
PUCPR,27,livre,0.0,0.0,2026-09-24T02:21:10.166-03:00
PUCPR,28,livre,0.0,0.0,2026-09-24T02:21:10.166-03:00
PUCPR,29,livre,0.0,0.0,2026-09-24T02:21:10.166-03:00
PUCPR,3,livre,0.0,0.0,2026-09-24T02:21:10.166-03:00
PUCPR,30,livre,0.0,0.0,2026-09-24T02:21:10.166-03:00
PUCPR,31,livre,0.0,0.0,2026-09-24T02:21:10.166-03:00
PUCPR,32,livre,0.0,0.0,2026-09-24T02:21:10.166-03:00
PUCPR,33,livre,0.0,0.0,2026-09-24T02:21:10.166-03:00
PUCPR,34,livre,0.0,0.0,2026-09-24T02:21:10.166-03:00
PUCPR,35,livre,0.0,0.0,2026-09-24T02:21:10.166-03:00
PUCPR,36,livre,0.0,0.0,2026-09-24T02:21:10.166-03:00
PUCPR,37,livre,0.0,0.0,2026-09-24T02:21:10.166-03:00
PUCPR,38,livre,0.0,0.0,2026-09-24T02:21:10.166-03:00
PUCPR,39,livre,0.0,0.0,2026-09-24T02:21:10.166-03:00
PUCPR,4,livre,0.0,0.0,2026-09-24T02:21:10.166-03:00
PUCPR,40,livre,0.0,0.0,2026-09-24T02:21:10.166-03:00
PUCPR,41,livre,0.0,0.0,2026-09-24T02:21:10.166-03:00
PUCPR,42,livre,0.0,0.0,2026-09-24T02:21:10.166-03:00
PUCPR,43,livre,0.0,0.0,2026-09-24T02:21:10.166-03:00
PUCPR,44,livre,0.0,0.0,2026-09-24T02:21:10.166-03:00
PUCPR,45,livre,0.0,0.0,2026-09-24T02:21:10.166-03:00
PUCPR,46,livre,0.0,0.0,2026-09-24T02:21:10.166-03:00
PUCPR,47,livre,0.0,0.0,2026-09-24T02:21:10.166-03:00
PUCPR,48,livre,0.0,0.0,2026-09-24T02:21:10.166-03:00
PUCPR,49,livre,0.0,0.0,2026-09-24T02:21:10.166-03:00
PUCPR,5,livre,0.0,0.0,2026-09-24T02:21:10.166-03:00
PUCPR,50,livre,0.0,0.0,2026-09-24T02:21:10.166-03:00
PUCPR,51,livre,0.0,0.0,2026-09-24T02:21:10.166-03:00
PUCPR,52,livre,0.0,0.0,2026-09-24T02:21:10.166-03:00
PUCPR,53,livre,0.0,0.0,2026-09-24T02:21:10.166-03:00
PUCPR,54,livre,0.0,0.0,2026-09-24T02:21:10.166-03:00
PUCPR,55,livre,0.0,0.0,2026-09-24T02:21:10.166-03:00
PUCPR,56,livre,0.0,0.0,2026-09-24T02:21:10.166-03:00
PUCPR,57,livre,0.0,0.0,2026-09-24T02:21:10.166-03:00
PUCPR,58,livre,0.0,0.0,2026-09-24T02:21:10.166-03:00
PUCPR,59,livre,0.0,0.0,2026-09-24T02:21:10.166-03:00
PUCPR,6,livre,0.0,0.0,2026-09-24T02:21:10.166-03:00
PUCPR,60,livre,0.0,0.0,2026-09-24T02:21:10.166-03:00
PUCPR,61,livre,0.0,0.0,2026-09-24T02:21:10.166-03:00
PUCPR,62,livre,0.0,0.0,2026-09-24T02:21:10.166-03:00
PUCPR,63,livre,0.0,0.0,2026-09-24T02:21:10.166-03:00
PUCPR,64,livre,0.0,0.0,2026-09-24T02:21:10.166-03:00
PUCPR,65,livre,0.0,0.0,2026-09-24T02:21:10.166-03:00
PUCPR,66,livre,0.0,0.0,2026-09-24T02:21:10.166-03:00
PUCPR,67,livre,0.0,0.0,2026-09-24T02:21:10.166-03:00
PUCPR,68,livre,0.0,0.0,2026-09-24T02:21:10.166-03:00
PUCPR,69,livre,0.0,0.0,2026-09-24T02:21:10.166-03:00
PUCPR,7,livre,0.0,0.0,2026-09-24T02:21:10.166-03:00
PUCPR,70,livre,0.0,0.0,2026-09-24T02:21:10.166-03:00
PUCPR,71,livre,0.0,0.0,2026-09-24T02:21:10.166-03:00
PUCPR,72,livre,0.0,0.0,2026-09-24T02:21:10.166-03:00
PUCPR,73,livre,0.0,0.0,2026-09-24T02:21:10.166-03:00
PUCPR,74,livre,0.0,0.0,2026-09-24T02:21:10.166-03:00
PUCPR,75,livre,0.0,0.0,2026-09-24T02:21:10.166-03:00
PUCPR,76,livre,0.0,0.0,2026-09-24T02:21:10.166-03:00
PUCPR,77,livre,0.0,0.0,2026-09-24T02:21:10.166-03:00
PUCPR,78,livre,0.0,0.0,2026-09-24T02:21:10.166-03:00
PUCPR,79,livre,0.0,0.0,2026-09-24T02:21:10.166-03:00
PUCPR,8,livre,0.0,0.0,2026-09-24T02:21:10.166-03:00
PUCPR,80,livre,0.0,0.0,2026-09-24T02:21:10.166-03:00
PUCPR,81,livre,0.0,0.0,2026-09-24T02:21:10.166-03:00
PUCPR,82,livre,0.0,0.0,2026-09-24T02:21:10.166-03:00
PUCPR,83,livre,0.0,0.0,2026-09-24T02:21:10.166-03:00
PUCPR,84,livre,0.0,0.0,2026-09-24T02:21:10.166-03:00
PUCPR,85,livre,0.0,0.0,2026-09-24T02:21:10.166-03:00
PUCPR,86,livre,0.0,0.0,2026-09-24T02:21:10.166-03:00
PUCPR,87,livre,0.0,0.0,2026-09-24T02:21:10.166-03:00
PUCPR,88,livre,0.0,0.0,2026-09-24T02:21:10.166-03:00
PUCPR,89,livre,0.0,0.0,2026-09-24T02:21:10.166-03:00
PUCPR,9,livre,0.0,0.0,2026-09-24T02:21:10.166-03:00
PUCPR,90,livre,0.0,0.0,2026-09-24T02:21:10.166-03:00
PUCPR,91,livre,0.0,0.0,2026-09-24T02:21:10.166-03:00
PUCPR,92,livre,0.0,0.0,2026-09-24T02:21:10.166-03:00
PUCPR,93,livre,0.0,0.06992763572008426,2026-09-24T02:21:10.166-03:00
PUCPR,94,ocupada,0.4320610463619232,0.9389418692183933,2026-09-24T02:21:10.166-03:00
PUCPR,95,livre,0.0,0.04560397049806436,2026-09-24T02:21:10.166-03:00
PUCPR,96,livre,0.0,0.0,2026-09-24T02:21:10.166-03:00
PUCPR,97,livre,0.0,0.0,2026-09-24T02:21:10.166-03:00
PUCPR,98,livre,0.0,0.0,2026-09-24T02:21:10.166-03:00
PUCPR,99,livre,0.0,0.0,2026-09-24T02:21:10.166-03:00
PUCPR,1,livre,0.0,0.0,2026-09-24T02:21:10.225-03:00
PUCPR,10,livre,0.0,0.0,2026-09-24T02:21:10.225-03:00
PUCPR,100,livre,0.0,0.0,2026-09-24T02:21:10.225-03:00
PUCPR,11,livre,0.0,0.0,2026-09-24T02:21:10.225-03:00
PUCPR,12,livre,0.0,0.0,2026-09-24T02:21:10.225-03:00
PUCPR,13,livre,0.0,0.0,2026-09-24T02:21:10.225-03:00
PUCPR,14,livre,0.0,0.0,2026-09-24T02:21:10.225-03:00
PUCPR,15,livre,0.0,0.0,2026-09-24T02:21:10.225-03:00
PUCPR,16,livre,0.0,0.0,2026-09-24T02:21:10.225-03:00
PUCPR,17,livre,0.0,0.0,2026-09-24T02:21:10.225-03:00
PUCPR,18,livre,0.0,0.0,2026-09-24T02:21:10.225-03:00
PUCPR,19,livre,0.0,0.0,2026-09-24T02:21:10.225-03:00
PUCPR,2,livre,0.0,0.0,2026-09-24T02:21:10.225-03:00
PUCPR,20,livre,0.0,0.0,2026-09-24T02:21:10.225-03:00
PUCPR,21,livre,0.0,0.0,2026-09-24T02:21:10.225-03:00
PUCPR,22,livre,0.0,0.0,2026-09-24T02:21:10.225-03:00
PUCPR,23,livre,0.0,0.0,2026-09-24T02:21:10.225-03:00
PUCPR,24,livre,0.0,0.0,2026-09-24T02:21:10.225-03:00
PUCPR,25,livre,0.0,0.0,2026-09-24T02:21:10.225-03:00
PUCPR,26,livre,0.0,0.0,2026-09-24T02:21:10.225-03:00
PUCPR,27,livre,0.0,0.0,2026-09-24T02:21:10.225-03:00
PUCPR,28,livre,0.0,0.0,2026-09-24T02:21:10.225-03:00
PUCPR,29,livre,0.0,0.0,2026-09-24T02:21:10.225-03:00
PUCPR,3,livre,0.0,0.0,2026-09-24T02:21:10.225-03:00
PUCPR,30,livre,0.0,0.0,2026-09-24T02:21:10.225-03:00
PUCPR,31,livre,0.0,0.0,2026-09-24T02:21:10.225-03:00
PUCPR,32,livre,0.0,0.0,2026-09-24T02:21:10.225-03:00
PUCPR,33,livre,0.0,0.0,2026-09-24T02:21:10.225-03:00
PUCPR,34,livre,0.0,0.0,2026-09-24T02:21:10.225-03:00
PUCPR,35,livre,0.0,0.0,2026-09-24T02:21:10.225-03:00
PUCPR,36,livre,0.0,0.0,2026-09-24T02:21:10.225-03:00
PUCPR,37,livre,0.0,0.0,2026-09-24T02:21:10.225-03:00
PUCPR,38,livre,0.0,0.0,2026-09-24T02:21:10.225-03:00
PUCPR,39,livre,0.0,0.0,2026-09-24T02:21:10.225-03:00
PUCPR,4,livre,0.0,0.0,2026-09-24T02:21:10.225-03:00
PUCPR,40,livre,0.0,0.0,2026-09-24T02:21:10.225-03:00
PUCPR,41,livre,0.0,0.0,2026-09-24T02:21:10.225-03:00
PUCPR,42,livre,0.0,0.0,2026-09-24T02:21:10.225-03:00
PUCPR,43,livre,0.0,0.0,2026-09-24T02:21:10.225-03:00
PUCPR,44,livre,0.0,0.0,2026-09-24T02:21:10.225-03:00
PUCPR,45,livre,0.0,0.0,2026-09-24T02:21:10.225-03:00
PUCPR,46,livre,0.0,0.0,2026-09-24T02:21:10.225-03:00
PUCPR,47,livre,0.0,0.0,2026-09-24T02:21:10.225-03:00
PUCPR,48,livre,0.0,0.0,2026-09-24T02:21:10.225-03:00
PUCPR,49,livre,0.0,0.0,2026-09-24T02:21:10.225-03:00
PUCPR,5,livre,0.0,0.0,2026-09-24T02:21:10.225-03:00
PUCPR,50,livre,0.0,0.0,2026-09-24T02:21:10.225-03:00
PUCPR,51,livre,0.0,0.0,2026-09-24T02:21:10.225-03:00
PUCPR,52,livre,0.0,0.0,2026-09-24T02:21:10.225-03:00
PUCPR,53,livre,0.0,0.0,2026-09-24T02:21:10.225-03:00
PUCPR,54,livre,0.0,0.0,2026-09-24T02:21:10.225-03:00
PUCPR,55,livre,0.0,0.0,2026-09-24T02:21:10.225-03:00
PUCPR,56,livre,0.0,0.0,2026-09-24T02:21:10.225-03:00
PUCPR,57,livre,0.0,0.0,2026-09-24T02:21:10.225-03:00
PUCPR,58,livre,0.0,0.0,2026-09-24T02:21:10.225-03:00
PUCPR,59,livre,0.0,0.0,2026-09-24T02:21:10.225-03:00
PUCPR,6,livre,0.0,0.0,2026-09-24T02:21:10.225-03:00
PUCPR,60,livre,0.0,0.0,2026-09-24T02:21:10.225-03:00
PUCPR,61,livre,0.0,0.0,2026-09-24T02:21:10.225-03:00
PUCPR,62,livre,0.0,0.0,2026-09-24T02:21:10.225-03:00
PUCPR,63,livre,0.0,0.0,2026-09-24T02:21:10.225-03:00
PUCPR,64,livre,0.0,0.0,2026-09-24T02:21:10.225-03:00
PUCPR,65,livre,0.0,0.0,2026-09-24T02:21:10.225-03:00
PUCPR,66,livre,0.0,0.0,2026-09-24T02:21:10.225-03:00
PUCPR,67,livre,0.0,0.0,2026-09-24T02:21:10.225-03:00
PUCPR,68,livre,0.0,0.0,2026-09-24T02:21:10.225-03:00
PUCPR,69,livre,0.0,0.0,2026-09-24T02:21:10.225-03:00
PUCPR,7,livre,0.0,0.0,2026-09-24T02:21:10.225-03:00
PUCPR,70,livre,0.0,0.0,2026-09-24T02:21:10.225-03:00
PUCPR,71,livre,0.0,0.0,2026-09-24T02:21:10.225-03:00
PUCPR,72,livre,0.0,0.0,2026-09-24T02:21:10.225-03:00
PUCPR,73,livre,0.0,0.18377760400449475,2026-09-24T02:21:10.225-03:00
PUCPR,74,livre,0.28259584307670593,0.7506747234150601,2026-09-24T02:21:10.225-03:00
PUCPR,75,livre,0.0,8.222056777048119e-05,2026-09-24T02:21:10.225-03:00
PUCPR,76,livre,0.0,0.0,2026-09-24T02:21:10.225-03:00
PUCPR,77,livre,0.0,0.0,2026-09-24T02:21:10.225-03:00
PUCPR,78,livre,0.0,0.0,2026-09-24T02:21:10.225-03:00
PUCPR,79,livre,0.0,0.0,2026-09-24T02:21:10.225-03:00
PUCPR,8,livre,0.0,0.0,2026-09-24T02:21:10.225-03:00
PUCPR,80,livre,0.0,0.0,2026-09-24T02:21:10.225-03:00
PUCPR,81,livre,0.0,0.0,2026-09-24T02:21:10.225-03:00
PUCPR,82,livre,0.0,0.0,2026-09-24T02:21:10.225-03:00
PUCPR,83,livre,0.0,0.0,2026-09-24T02:21:10.225-03:00
PUCPR,84,livre,0.0,0.0,2026-09-24T02:21:10.225-03:00
PUCPR,85,livre,0.0,0.0,2026-09-24T02:21:10.225-03:00
PUCPR,86,livre,0.0,0.0,2026-09-24T02:21:10.225-03:00
PUCPR,87,livre,0.0,0.0,2026-09-24T02:21:10.225-03:00
PUCPR,88,livre,0.0,0.0,2026-09-24T02:21:10.225-03:00
PUCPR,89,livre,0.0,0.0,2026-09-24T02:21:10.225-03:00
PUCPR,9,livre,0.0,0.0,2026-09-24T02:21:10.225-03:00
PUCPR,90,livre,0.0,0.0,2026-09-24T02:21:10.225-03:00
PUCPR,91,livre,0.0,0.0,2026-09-24T02:21:10.225-03:00
PUCPR,92,livre,0.0,0.0,2026-09-24T02:21:10.225-03:00
PUCPR,93,livre,0.0,0.09647070282641607,2026-09-24T02:21:10.225-03:00
PUCPR,94,ocupada,0.3870226740837097,0.9509615666251744,2026-09-24T02:21:10.225-03:00
PUCPR,95,livre,0.0,0.038657772973457724,2026-09-24T02:21:10.225-03:00
PUCPR,96,livre,0.0,0.0,2026-09-24T02:21:10.225-03:00
PUCPR,97,livre,0.0,0.0,2026-09-24T02:21:10.225-03:00
PUCPR,98,livre,0.0,0.0,2026-09-24T02:21:10.225-03:00
PUCPR,99,livre,0.0,0.0,2026-09-24T02:21:10.225-03:00
PUCPR,1,livre,0.0,0.0,2026-09-24T02:21:10.290-03:00
PUCPR,10,livre,0.0,0.0,2026-09-24T02:21:10.290-03:00
PUCPR,100,livre,0.0,0.0,2026-09-24T02:21:10.290-03:00
PUCPR,11,livre,0.0,0.0,2026-09-24T02:21:10.290-03:00
PUCPR,12,livre,0.0,0.0,2026-09-24T02:21:10.290-03:00
PUCPR,13,livre,0.0,0.0,2026-09-24T02:21:10.290-03:00
PUCPR,14,livre,0.0,0.0,2026-09-24T02:21:10.290-03:00
PUCPR,15,livre,0.0,0.0,2026-09-24T02:21:10.290-03:00
PUCPR,16,livre,0.0,0.0,2026-09-24T02:21:10.290-03:00
PUCPR,17,livre,0.0,0.0,2026-09-24T02:21:10.290-03:00
PUCPR,18,livre,0.0,0.0,2026-09-24T02:21:10.290-03:00
PUCPR,19,livre,0.0,0.0,2026-09-24T02:21:10.290-03:00
PUCPR,2,livre,0.0,0.0,2026-09-24T02:21:10.290-03:00
PUCPR,20,livre,0.0,0.0,2026-09-24T02:21:10.290-03:00
PUCPR,21,livre,0.0,0.0,2026-09-24T02:21:10.290-03:00
PUCPR,22,livre,0.0,0.0,2026-09-24T02:21:10.290-03:00
PUCPR,23,livre,0.0,0.0,2026-09-24T02:21:10.290-03:00
PUCPR,24,livre,0.0,0.0,2026-09-24T02:21:10.290-03:00
PUCPR,25,livre,0.0,0.0,2026-09-24T02:21:10.290-03:00
PUCPR,26,livre,0.0,0.0,2026-09-24T02:21:10.290-03:00
PUCPR,27,livre,0.0,0.0,2026-09-24T02:21:10.290-03:00
PUCPR,28,livre,0.0,0.0,2026-09-24T02:21:10.290-03:00
PUCPR,29,livre,0.0,0.0,2026-09-24T02:21:10.290-03:00
PUCPR,3,livre,0.0,0.0,2026-09-24T02:21:10.290-03:00
PUCPR,30,livre,0.0,0.0,2026-09-24T02:21:10.290-03:00
PUCPR,31,livre,0.0,0.0,2026-09-24T02:21:10.290-03:00
PUCPR,32,livre,0.0,0.0,2026-09-24T02:21:10.290-03:00
PUCPR,33,livre,0.0,0.0,2026-09-24T02:21:10.290-03:00
PUCPR,34,livre,0.0,0.0,2026-09-24T02:21:10.290-03:00
PUCPR,35,livre,0.0,0.0,2026-09-24T02:21:10.290-03:00
PUCPR,36,livre,0.0,0.0,2026-09-24T02:21:10.290-03:00
PUCPR,37,livre,0.0,0.0,2026-09-24T02:21:10.290-03:00
PUCPR,38,livre,0.0,0.0,2026-09-24T02:21:10.290-03:00
PUCPR,39,livre,0.0,0.0,2026-09-24T02:21:10.290-03:00
PUCPR,4,livre,0.0,0.0,2026-09-24T02:21:10.290-03:00
PUCPR,40,livre,0.0,0.0,2026-09-24T02:21:10.290-03:00
PUCPR,41,livre,0.0,0.0,2026-09-24T02:21:10.290-03:00
PUCPR,42,livre,0.0,0.0,2026-09-24T02:21:10.290-03:00
PUCPR,43,livre,0.0,0.0,2026-09-24T02:21:10.290-03:00
PUCPR,44,livre,0.0,0.0,2026-09-24T02:21:10.290-03:00
PUCPR,45,livre,0.0,0.0,2026-09-24T02:21:10.290-03:00
PUCPR,46,livre,0.0,0.0,2026-09-24T02:21:10.290-03:00
PUCPR,47,livre,0.0,0.0,2026-09-24T02:21:10.290-03:00
PUCPR,48,livre,0.0,0.0,2026-09-24T02:21:10.290-03:00
PUCPR,49,livre,0.0,0.0,2026-09-24T02:21:10.290-03:00
PUCPR,5,livre,0.0,0.0,2026-09-24T02:21:10.290-03:00
PUCPR,50,livre,0.0,0.0,2026-09-24T02:21:10.290-03:00
PUCPR,51,livre,0.0,0.0,2026-09-24T02:21:10.290-03:00
PUCPR,52,livre,0.0,0.0,2026-09-24T02:21:10.290-03:00
PUCPR,53,livre,0.0,0.0,2026-09-24T02:21:10.290-03:00
PUCPR,54,livre,0.0,0.0,2026-09-24T02:21:10.290-03:00
PUCPR,55,livre,0.0,0.0,2026-09-24T02:21:10.290-03:00
PUCPR,56,livre,0.0,0.0,2026-09-24T02:21:10.290-03:00
PUCPR,57,livre,0.0,0.0,2026-09-24T02:21:10.290-03:00
PUCPR,58,livre,0.0,0.0,2026-09-24T02:21:10.290-03:00
PUCPR,59,livre,0.0,0.0,2026-09-24T02:21:10.290-03:00
PUCPR,6,livre,0.0,0.0,2026-09-24T02:21:10.290-03:00
PUCPR,60,livre,0.0,0.0,2026-09-24T02:21:10.290-03:00
PUCPR,61,livre,0.0,0.0,2026-09-24T02:21:10.290-03:00
PUCPR,62,livre,0.0,0.0,2026-09-24T02:21:10.290-03:00
PUCPR,63,livre,0.0,0.0,2026-09-24T02:21:10.290-03:00
PUCPR,64,livre,0.0,0.0,2026-09-24T02:21:10.290-03:00
PUCPR,65,livre,0.0,0.0,2026-09-24T02:21:10.290-03:00
PUCPR,66,livre,0.0,0.0,2026-09-24T02:21:10.290-03:00
PUCPR,67,livre,0.0,0.0,2026-09-24T02:21:10.290-03:00
PUCPR,68,livre,0.0,0.09464650265833978,2026-09-24T02:21:10.290-03:00
PUCPR,69,livre,0.3176479935646057,0.9955796249434955,2026-09-24T02:21:10.290-03:00
PUCPR,7,livre,0.0,0.0,2026-09-24T02:21:10.290-03:00
PUCPR,70,livre,0.0,0.19100741663471582,2026-09-24T02:21:10.290-03:00
PUCPR,71,livre,0.0,0.0,2026-09-24T02:21:10.290-03:00
PUCPR,72,livre,0.0,0.0,2026-09-24T02:21:10.290-03:00
PUCPR,73,livre,0.0,0.1834528020692708,2026-09-24T02:21:10.290-03:00
PUCPR,74,livre,0.32945218682289124,0.7339924664829722,2026-09-24T02:21:10.290-03:00
PUCPR,75,livre,0.3467252850532532,0.7375825365733008,2026-09-24T02:21:10.290-03:00
PUCPR,76,livre,0.0,0.0,2026-09-24T02:21:10.290-03:00
PUCPR,77,livre,0.0,0.0,2026-09-24T02:21:10.290-03:00
PUCPR,78,livre,0.0,0.0,2026-09-24T02:21:10.290-03:00
PUCPR,79,livre,0.0,0.0,2026-09-24T02:21:10.290-03:00
PUCPR,8,livre,0.0,0.0,2026-09-24T02:21:10.290-03:00
PUCPR,80,livre,0.0,0.0,2026-09-24T02:21:10.290-03:00
PUCPR,81,livre,0.0,0.0,2026-09-24T02:21:10.290-03:00
PUCPR,82,livre,0.0,0.0,2026-09-24T02:21:10.290-03:00
PUCPR,83,livre,0.0,0.0011174181708843527,2026-09-24T02:21:10.290-03:00
PUCPR,84,livre,0.2624940574169159,0.8621949196965292,2026-09-24T02:21:10.290-03:00
PUCPR,85,livre,0.0,0.0,2026-09-24T02:21:10.290-03:00
PUCPR,86,livre,0.0,0.0,2026-09-24T02:21:10.290-03:00
PUCPR,87,livre,0.0,0.0,2026-09-24T02:21:10.290-03:00
PUCPR,88,livre,0.0,0.0,2026-09-24T02:21:10.290-03:00
PUCPR,89,livre,0.0,0.1589816972394185,2026-09-24T02:21:10.290-03:00
PUCPR,9,livre,0.0,0.0,2026-09-24T02:21:10.290-03:00
PUCPR,90,livre,0.0,0.02624640132552532,2026-09-24T02:21:10.290-03:00
PUCPR,91,livre,0.28320276737213135,0.9364461458677589,2026-09-24T02:21:10.290-03:00
PUCPR,92,livre,0.0,0.15542601058353964,2026-09-24T02:21:10.290-03:00
PUCPR,93,livre,0.0,0.10441276769665217,2026-09-24T02:21:10.290-03:00
PUCPR,94,ocupada,0.4886046051979065,0.9529491766340801,2026-09-24T02:21:10.290-03:00
PUCPR,95,livre,0.0,0.03633351484411356,2026-09-24T02:21:10.290-03:00
PUCPR,96,livre,0.0,0.0,2026-09-24T02:21:10.290-03:00
PUCPR,97,livre,0.0,0.0,2026-09-24T02:21:10.290-03:00
PUCPR,98,livre,0.0,0.0,2026-09-24T02:21:10.290-03:00
PUCPR,99,livre,0.0,0.0,2026-09-24T02:21:10.290-03:00
PUCPR,1,livre,0.0,0.0,2026-09-24T02:21:10.349-03:00
PUCPR,10,livre,0.0,0.0,2026-09-24T02:21:10.349-03:00
PUCPR,100,livre,0.0,0.0,2026-09-24T02:21:10.349-03:00
PUCPR,11,livre,0.0,0.0,2026-09-24T02:21:10.349-03:00
PUCPR,12,livre,0.0,0.0,2026-09-24T02:21:10.349-03:00
PUCPR,13,livre,0.0,0.0,2026-09-24T02:21:10.349-03:00
PUCPR,14,livre,0.0,0.0,2026-09-24T02:21:10.349-03:00
PUCPR,15,livre,0.0,0.0,2026-09-24T02:21:10.349-03:00
PUCPR,16,livre,0.0,0.0,2026-09-24T02:21:10.349-03:00
PUCPR,17,livre,0.0,0.0,2026-09-24T02:21:10.349-03:00
PUCPR,18,livre,0.0,0.0,2026-09-24T02:21:10.349-03:00
PUCPR,19,livre,0.0,0.0,2026-09-24T02:21:10.349-03:00
PUCPR,2,livre,0.0,0.0,2026-09-24T02:21:10.349-03:00
PUCPR,20,livre,0.0,0.0,2026-09-24T02:21:10.349-03:00
PUCPR,21,livre,0.0,0.0,2026-09-24T02:21:10.349-03:00
PUCPR,22,livre,0.0,0.0,2026-09-24T02:21:10.349-03:00
PUCPR,23,livre,0.0,0.0,2026-09-24T02:21:10.349-03:00
PUCPR,24,livre,0.0,0.0,2026-09-24T02:21:10.349-03:00
PUCPR,25,livre,0.0,0.0,2026-09-24T02:21:10.349-03:00
PUCPR,26,livre,0.0,0.0,2026-09-24T02:21:10.349-03:00
PUCPR,27,livre,0.0,0.0,2026-09-24T02:21:10.349-03:00
PUCPR,28,livre,0.0,0.0,2026-09-24T02:21:10.349-03:00
PUCPR,29,livre,0.0,0.0,2026-09-24T02:21:10.349-03:00
PUCPR,3,livre,0.0,0.0,2026-09-24T02:21:10.349-03:00
PUCPR,30,livre,0.0,0.0,2026-09-24T02:21:10.349-03:00
PUCPR,31,livre,0.0,0.0,2026-09-24T02:21:10.349-03:00
PUCPR,32,livre,0.0,0.0,2026-09-24T02:21:10.349-03:00
PUCPR,33,livre,0.0,0.0,2026-09-24T02:21:10.349-03:00
PUCPR,34,livre,0.0,0.0,2026-09-24T02:21:10.349-03:00
PUCPR,35,livre,0.0,0.0,2026-09-24T02:21:10.349-03:00
PUCPR,36,livre,0.0,0.0,2026-09-24T02:21:10.349-03:00
PUCPR,37,livre,0.0,0.0,2026-09-24T02:21:10.349-03:00
PUCPR,38,livre,0.0,0.0,2026-09-24T02:21:10.349-03:00
PUCPR,39,livre,0.0,0.0,2026-09-24T02:21:10.349-03:00
PUCPR,4,livre,0.0,0.0,2026-09-24T02:21:10.349-03:00
PUCPR,40,livre,0.0,0.0,2026-09-24T02:21:10.349-03:00
PUCPR,41,livre,0.0,0.0,2026-09-24T02:21:10.349-03:00
PUCPR,42,livre,0.0,0.0,2026-09-24T02:21:10.349-03:00
PUCPR,43,livre,0.0,0.0,2026-09-24T02:21:10.349-03:00
PUCPR,44,livre,0.2864689528942108,0.8659919098445631,2026-09-24T02:21:10.349-03:00
PUCPR,45,livre,0.0,0.0,2026-09-24T02:21:10.349-03:00
PUCPR,46,livre,0.0,0.0,2026-09-24T02:21:10.349-03:00
PUCPR,47,livre,0.0,0.0,2026-09-24T02:21:10.349-03:00
PUCPR,48,livre,0.0,0.0,2026-09-24T02:21:10.349-03:00
PUCPR,49,livre,0.0,0.0,2026-09-24T02:21:10.349-03:00
PUCPR,5,livre,0.0,0.0,2026-09-24T02:21:10.349-03:00
PUCPR,50,livre,0.0,0.0,2026-09-24T02:21:10.349-03:00
PUCPR,51,livre,0.0,0.0,2026-09-24T02:21:10.349-03:00
PUCPR,52,livre,0.0,0.0,2026-09-24T02:21:10.349-03:00
PUCPR,53,livre,0.0,0.0,2026-09-24T02:21:10.349-03:00
PUCPR,54,livre,0.0,0.0,2026-09-24T02:21:10.349-03:00
PUCPR,55,livre,0.0,0.0,2026-09-24T02:21:10.349-03:00
PUCPR,56,livre,0.0,0.0,2026-09-24T02:21:10.349-03:00
PUCPR,57,livre,0.0,0.0,2026-09-24T02:21:10.349-03:00
PUCPR,58,livre,0.0,0.0,2026-09-24T02:21:10.349-03:00
PUCPR,59,livre,0.0,0.0,2026-09-24T02:21:10.349-03:00
PUCPR,6,livre,0.0,0.0,2026-09-24T02:21:10.349-03:00
PUCPR,60,livre,0.0,0.0,2026-09-24T02:21:10.349-03:00
PUCPR,61,livre,0.0,0.0,2026-09-24T02:21:10.349-03:00
PUCPR,62,livre,0.0,0.0,2026-09-24T02:21:10.349-03:00
PUCPR,63,livre,0.0,0.0,2026-09-24T02:21:10.349-03:00
PUCPR,64,livre,0.0,0.0,2026-09-24T02:21:10.349-03:00
PUCPR,65,livre,0.0,0.0,2026-09-24T02:21:10.349-03:00
PUCPR,66,livre,0.3272327184677124,0.7146523665643835,2026-09-24T02:21:10.349-03:00
PUCPR,67,livre,0.0,0.0,2026-09-24T02:21:10.349-03:00
PUCPR,68,livre,0.0,0.10395808390355853,2026-09-24T02:21:10.349-03:00
PUCPR,69,livre,0.30853012204170227,0.9974276329817697,2026-09-24T02:21:10.349-03:00
PUCPR,7,livre,0.0,0.0,2026-09-24T02:21:10.349-03:00
PUCPR,70,livre,0.0,0.19838092022684586,2026-09-24T02:21:10.349-03:00
PUCPR,71,livre,0.0,0.0,2026-09-24T02:21:10.349-03:00
PUCPR,72,livre,0.2835577726364136,0.9829740940308964,2026-09-24T02:21:10.349-03:00
PUCPR,73,livre,0.28438517451286316,0.8798576122524226,2026-09-24T02:21:10.349-03:00
PUCPR,74,ocupada,0.36032524704933167,0.81655851077137,2026-09-24T02:21:10.349-03:00
PUCPR,75,livre,0.544914186000824,0.7432616760559567,2026-09-24T02:21:10.349-03:00
PUCPR,76,livre,0.0,0.0,2026-09-24T02:21:10.349-03:00
PUCPR,77,livre,0.0,0.0,2026-09-24T02:21:10.349-03:00
PUCPR,78,livre,0.0,0.0,2026-09-24T02:21:10.349-03:00
PUCPR,79,livre,0.0,0.0,2026-09-24T02:21:10.349-03:00
PUCPR,8,livre,0.0,0.0,2026-09-24T02:21:10.349-03:00
PUCPR,80,livre,0.0,0.0,2026-09-24T02:21:10.349-03:00
PUCPR,81,livre,0.0,0.0,2026-09-24T02:21:10.349-03:00
PUCPR,82,livre,0.0,0.0,2026-09-24T02:21:10.349-03:00
PUCPR,83,livre,0.0,0.001636427790699516,2026-09-24T02:21:10.349-03:00
PUCPR,84,livre,0.35470807552337646,0.8742170372420613,2026-09-24T02:21:10.349-03:00
PUCPR,85,livre,0.26451975107192993,0.82119526381495,2026-09-24T02:21:10.349-03:00
PUCPR,86,livre,0.30609825253486633,0.8119831806329756,2026-09-24T02:21:10.349-03:00
PUCPR,87,livre,0.0,0.002213772365261376,2026-09-24T02:21:10.349-03:00
PUCPR,88,livre,0.0,0.0,2026-09-24T02:21:10.349-03:00
PUCPR,89,livre,0.0,0.0,2026-09-24T02:21:10.349-03:00
PUCPR,9,livre,0.0,0.0,2026-09-24T02:21:10.349-03:00
PUCPR,90,livre,0.0,0.02845606879587578,2026-09-24T02:21:10.349-03:00
PUCPR,91,livre,0.341525673866272,0.9383264250008013,2026-09-24T02:21:10.349-03:00
PUCPR,92,livre,0.0,0.1524284493936413,2026-09-24T02:21:10.349-03:00
PUCPR,93,livre,0.0,0.08360483324839751,2026-09-24T02:21:10.349-03:00
PUCPR,94,ocupada,0.35143712162971497,0.946502446681845,2026-09-24T02:21:10.349-03:00
PUCPR,95,livre,0.0,0.04256645310173873,2026-09-24T02:21:10.349-03:00
PUCPR,96,livre,0.0,0.0,2026-09-24T02:21:10.349-03:00
PUCPR,97,livre,0.0,0.0,2026-09-24T02:21:10.349-03:00
PUCPR,98,livre,0.0,0.0,2026-09-24T02:21:10.349-03:00
PUCPR,99,livre,0.0,0.0,2026-09-24T02:21:10.349-03:00
PUCPR,1,livre,0.0,0.0,2026-09-24T02:21:10.410-03:00
PUCPR,10,livre,0.0,0.0,2026-09-24T02:21:10.410-03:00
PUCPR,100,livre,0.0,0.0,2026-09-24T02:21:10.410-03:00
PUCPR,11,livre,0.0,0.0,2026-09-24T02:21:10.410-03:00
PUCPR,12,livre,0.0,0.0,2026-09-24T02:21:10.410-03:00
PUCPR,13,livre,0.0,0.0,2026-09-24T02:21:10.410-03:00
PUCPR,14,livre,0.0,0.0,2026-09-24T02:21:10.410-03:00
PUCPR,15,livre,0.0,0.0,2026-09-24T02:21:10.410-03:00
PUCPR,16,livre,0.0,0.0,2026-09-24T02:21:10.410-03:00
PUCPR,17,livre,0.0,0.0,2026-09-24T02:21:10.410-03:00
PUCPR,18,livre,0.0,0.0,2026-09-24T02:21:10.410-03:00
PUCPR,19,livre,0.0,0.0,2026-09-24T02:21:10.410-03:00
PUCPR,2,livre,0.0,0.0,2026-09-24T02:21:10.410-03:00
PUCPR,20,livre,0.0,0.0,2026-09-24T02:21:10.410-03:00
PUCPR,21,livre,0.0,0.0,2026-09-24T02:21:10.410-03:00
PUCPR,22,livre,0.0,0.0,2026-09-24T02:21:10.410-03:00
PUCPR,23,livre,0.0,0.0,2026-09-24T02:21:10.410-03:00
PUCPR,24,livre,0.0,0.0,2026-09-24T02:21:10.410-03:00
PUCPR,25,livre,0.0,0.0,2026-09-24T02:21:10.410-03:00
PUCPR,26,livre,0.0,0.0,2026-09-24T02:21:10.410-03:00
PUCPR,27,livre,0.0,0.0,2026-09-24T02:21:10.410-03:00
PUCPR,28,livre,0.0,0.0,2026-09-24T02:21:10.410-03:00
PUCPR,29,livre,0.0,0.0,2026-09-24T02:21:10.410-03:00
PUCPR,3,livre,0.0,0.0,2026-09-24T02:21:10.410-03:00
PUCPR,30,livre,0.0,0.0,2026-09-24T02:21:10.410-03:00
PUCPR,31,livre,0.0,0.0,2026-09-24T02:21:10.410-03:00
PUCPR,32,livre,0.0,0.0,2026-09-24T02:21:10.410-03:00
PUCPR,33,livre,0.0,0.0,2026-09-24T02:21:10.410-03:00
PUCPR,34,livre,0.0,0.0,2026-09-24T02:21:10.410-03:00
PUCPR,35,livre,0.0,0.0,2026-09-24T02:21:10.410-03:00
PUCPR,36,livre,0.0,0.0,2026-09-24T02:21:10.410-03:00
PUCPR,37,livre,0.0,0.0,2026-09-24T02:21:10.410-03:00
PUCPR,38,livre,0.0,0.0,2026-09-24T02:21:10.410-03:00
PUCPR,39,livre,0.0,0.0,2026-09-24T02:21:10.410-03:00
PUCPR,4,livre,0.0,0.0,2026-09-24T02:21:10.410-03:00
PUCPR,40,livre,0.0,0.0,2026-09-24T02:21:10.410-03:00
PUCPR,41,livre,0.0,0.0,2026-09-24T02:21:10.410-03:00
PUCPR,42,livre,0.0,0.0,2026-09-24T02:21:10.410-03:00
PUCPR,43,livre,0.0,0.0,2026-09-24T02:21:10.410-03:00
PUCPR,44,livre,0.25481435656547546,0.8609894567632196,2026-09-24T02:21:10.410-03:00
PUCPR,45,livre,0.0,0.0,2026-09-24T02:21:10.410-03:00
PUCPR,46,livre,0.0,0.0,2026-09-24T02:21:10.410-03:00
PUCPR,47,livre,0.0,0.0,2026-09-24T02:21:10.410-03:00
PUCPR,48,livre,0.0,0.0,2026-09-24T02:21:10.410-03:00
PUCPR,49,livre,0.0,0.0,2026-09-24T02:21:10.410-03:00
PUCPR,5,livre,0.0,0.0,2026-09-24T02:21:10.410-03:00
PUCPR,50,livre,0.0,0.0,2026-09-24T02:21:10.410-03:00
PUCPR,51,livre,0.0,0.0,2026-09-24T02:21:10.410-03:00
PUCPR,52,livre,0.0,0.0,2026-09-24T02:21:10.410-03:00
PUCPR,53,livre,0.0,0.0,2026-09-24T02:21:10.410-03:00
PUCPR,54,livre,0.0,0.0,2026-09-24T02:21:10.410-03:00
PUCPR,55,livre,0.0,0.0,2026-09-24T02:21:10.410-03:00
PUCPR,56,livre,0.0,0.0,2026-09-24T02:21:10.410-03:00
PUCPR,57,livre,0.0,0.0,2026-09-24T02:21:10.410-03:00
PUCPR,58,livre,0.0,0.0,2026-09-24T02:21:10.410-03:00
PUCPR,59,livre,0.0,0.0,2026-09-24T02:21:10.410-03:00
PUCPR,6,livre,0.0,0.0,2026-09-24T02:21:10.410-03:00
PUCPR,60,livre,0.0,0.0,2026-09-24T02:21:10.410-03:00
PUCPR,61,livre,0.0,0.0,2026-09-24T02:21:10.410-03:00
PUCPR,62,livre,0.0,0.0,2026-09-24T02:21:10.410-03:00
PUCPR,63,livre,0.0,0.0,2026-09-24T02:21:10.410-03:00
PUCPR,64,livre,0.0,0.0,2026-09-24T02:21:10.410-03:00
PUCPR,65,livre,0.0,0.0,2026-09-24T02:21:10.410-03:00
PUCPR,66,livre,0.0,0.07219984883500835,2026-09-24T02:21:10.410-03:00
PUCPR,67,livre,0.0,0.0,2026-09-24T02:21:10.410-03:00
PUCPR,68,livre,0.0,0.0,2026-09-24T02:21:10.410-03:00
PUCPR,69,livre,0.0,0.0,2026-09-24T02:21:10.410-03:00
PUCPR,7,livre,0.0,0.0,2026-09-24T02:21:10.410-03:00
PUCPR,70,livre,0.0,0.0,2026-09-24T02:21:10.410-03:00
PUCPR,71,livre,0.0,0.0,2026-09-24T02:21:10.410-03:00
PUCPR,72,livre,0.0,0.0,2026-09-24T02:21:10.410-03:00
PUCPR,73,livre,0.0,0.1995636716248293,2026-09-24T02:21:10.410-03:00
PUCPR,74,ocupada,0.33660849928855896,0.8166092048701739,2026-09-24T02:21:10.410-03:00
PUCPR,75,ocupada,0.5889106392860413,0.7519791106258632,2026-09-24T02:21:10.410-03:00
PUCPR,76,livre,0.0,0.0,2026-09-24T02:21:10.410-03:00
PUCPR,77,livre,0.0,0.0,2026-09-24T02:21:10.410-03:00
PUCPR,78,livre,0.0,0.0,2026-09-24T02:21:10.410-03:00
PUCPR,79,livre,0.0,0.0,2026-09-24T02:21:10.410-03:00
PUCPR,8,livre,0.0,0.0,2026-09-24T02:21:10.410-03:00
PUCPR,80,livre,0.0,0.0,2026-09-24T02:21:10.410-03:00
PUCPR,81,livre,0.0,0.0,2026-09-24T02:21:10.410-03:00
PUCPR,82,livre,0.0,0.0,2026-09-24T02:21:10.410-03:00
PUCPR,83,livre,0.0,0.0012578044504294634,2026-09-24T02:21:10.410-03:00
PUCPR,84,ocupada,0.3662591576576233,0.8824740998551769,2026-09-24T02:21:10.410-03:00
PUCPR,85,livre,0.0,0.0,2026-09-24T02:21:10.410-03:00
PUCPR,86,livre,0.2644592523574829,0.8211607711722371,2026-09-24T02:21:10.410-03:00
PUCPR,87,livre,0.0,0.0034803600585460825,2026-09-24T02:21:10.410-03:00
PUCPR,88,livre,0.0,0.0,2026-09-24T02:21:10.410-03:00
PUCPR,89,livre,0.0,0.0,2026-09-24T02:21:10.410-03:00
PUCPR,9,livre,0.0,0.0,2026-09-24T02:21:10.410-03:00
PUCPR,90,livre,0.0,0.024688785096892298,2026-09-24T02:21:10.410-03:00
PUCPR,91,ocupada,0.28663039207458496,0.9269970546852858,2026-09-24T02:21:10.410-03:00
PUCPR,92,livre,0.0,0.14492629151714712,2026-09-24T02:21:10.410-03:00
PUCPR,93,livre,0.0,0.07310452365450743,2026-09-24T02:21:10.410-03:00
PUCPR,94,ocupada,0.3636029362678528,0.9462976636782493,2026-09-24T02:21:10.410-03:00
PUCPR,95,livre,0.0,0.054329292045359696,2026-09-24T02:21:10.410-03:00
PUCPR,96,livre,0.0,0.0,2026-09-24T02:21:10.410-03:00
PUCPR,97,livre,0.0,0.0,2026-09-24T02:21:10.410-03:00
PUCPR,98,livre,0.0,0.0,2026-09-24T02:21:10.410-03:00
PUCPR,99,livre,0.0,0.0,2026-09-24T02:21:10.410-03:00
PUCPR,1,livre,0.0,0.0,2026-09-24T02:21:10.470-03:00
PUCPR,10,livre,0.0,0.0,2026-09-24T02:21:10.470-03:00
PUCPR,100,livre,0.0,0.0,2026-09-24T02:21:10.470-03:00
PUCPR,11,livre,0.0,0.0,2026-09-24T02:21:10.470-03:00
PUCPR,12,livre,0.0,0.0,2026-09-24T02:21:10.470-03:00
PUCPR,13,livre,0.0,0.0,2026-09-24T02:21:10.470-03:00
PUCPR,14,livre,0.0,0.0,2026-09-24T02:21:10.470-03:00
PUCPR,15,livre,0.0,0.0,2026-09-24T02:21:10.470-03:00
PUCPR,16,livre,0.0,0.0,2026-09-24T02:21:10.470-03:00
PUCPR,17,livre,0.0,0.0,2026-09-24T02:21:10.470-03:00
PUCPR,18,livre,0.0,0.0,2026-09-24T02:21:10.470-03:00
PUCPR,19,livre,0.0,0.0,2026-09-24T02:21:10.470-03:00
PUCPR,2,livre,0.0,0.0,2026-09-24T02:21:10.470-03:00
PUCPR,20,livre,0.0,0.0,2026-09-24T02:21:10.470-03:00
PUCPR,21,livre,0.0,0.0,2026-09-24T02:21:10.470-03:00
PUCPR,22,livre,0.0,0.0,2026-09-24T02:21:10.470-03:00
PUCPR,23,livre,0.0,0.0,2026-09-24T02:21:10.470-03:00
PUCPR,24,livre,0.0,0.0,2026-09-24T02:21:10.470-03:00
PUCPR,25,livre,0.0,0.0,2026-09-24T02:21:10.470-03:00
PUCPR,26,livre,0.0,0.0,2026-09-24T02:21:10.470-03:00
PUCPR,27,livre,0.0,0.0,2026-09-24T02:21:10.470-03:00
PUCPR,28,livre,0.0,0.0,2026-09-24T02:21:10.470-03:00
PUCPR,29,livre,0.0,0.0,2026-09-24T02:21:10.470-03:00
PUCPR,3,livre,0.0,0.0,2026-09-24T02:21:10.470-03:00
PUCPR,30,livre,0.0,0.0,2026-09-24T02:21:10.470-03:00
PUCPR,31,livre,0.0,0.0,2026-09-24T02:21:10.470-03:00
PUCPR,32,livre,0.0,0.0,2026-09-24T02:21:10.470-03:00
PUCPR,33,livre,0.0,0.0,2026-09-24T02:21:10.470-03:00
PUCPR,34,livre,0.0,0.0,2026-09-24T02:21:10.470-03:00
PUCPR,35,livre,0.0,0.0,2026-09-24T02:21:10.470-03:00
PUCPR,36,livre,0.0,0.0,2026-09-24T02:21:10.470-03:00
PUCPR,37,livre,0.0,0.0,2026-09-24T02:21:10.470-03:00
PUCPR,38,livre,0.0,0.0,2026-09-24T02:21:10.470-03:00
PUCPR,39,livre,0.0,0.0,2026-09-24T02:21:10.470-03:00
PUCPR,4,livre,0.0,0.0,2026-09-24T02:21:10.470-03:00
PUCPR,40,livre,0.0,0.0,2026-09-24T02:21:10.470-03:00
PUCPR,41,livre,0.0,0.0,2026-09-24T02:21:10.470-03:00
PUCPR,42,livre,0.0,0.0,2026-09-24T02:21:10.470-03:00
PUCPR,43,livre,0.0,0.0,2026-09-24T02:21:10.470-03:00
PUCPR,44,livre,0.0,0.0,2026-09-24T02:21:10.470-03:00
PUCPR,45,livre,0.0,0.0,2026-09-24T02:21:10.470-03:00
PUCPR,46,livre,0.0,0.0,2026-09-24T02:21:10.470-03:00
PUCPR,47,livre,0.0,0.0,2026-09-24T02:21:10.470-03:00
PUCPR,48,livre,0.0,0.0,2026-09-24T02:21:10.470-03:00
PUCPR,49,livre,0.0,0.0,2026-09-24T02:21:10.470-03:00
PUCPR,5,livre,0.0,0.0,2026-09-24T02:21:10.470-03:00
PUCPR,50,livre,0.0,0.0,2026-09-24T02:21:10.470-03:00
PUCPR,51,livre,0.0,0.0,2026-09-24T02:21:10.470-03:00
PUCPR,52,livre,0.0,0.0,2026-09-24T02:21:10.470-03:00
PUCPR,53,livre,0.0,0.0,2026-09-24T02:21:10.470-03:00
PUCPR,54,livre,0.0,0.0,2026-09-24T02:21:10.470-03:00
PUCPR,55,livre,0.0,0.0,2026-09-24T02:21:10.470-03:00
PUCPR,56,livre,0.0,0.0,2026-09-24T02:21:10.470-03:00
PUCPR,57,livre,0.0,0.0,2026-09-24T02:21:10.470-03:00
PUCPR,58,livre,0.0,0.0,2026-09-24T02:21:10.470-03:00
PUCPR,59,livre,0.0,0.0,2026-09-24T02:21:10.470-03:00
PUCPR,6,livre,0.0,0.0,2026-09-24T02:21:10.470-03:00
PUCPR,60,livre,0.0,0.0,2026-09-24T02:21:10.470-03:00
PUCPR,61,livre,0.0,0.0,2026-09-24T02:21:10.470-03:00
PUCPR,62,livre,0.0,0.0,2026-09-24T02:21:10.470-03:00
PUCPR,63,livre,0.0,0.0,2026-09-24T02:21:10.470-03:00
PUCPR,64,livre,0.0,0.0,2026-09-24T02:21:10.470-03:00
PUCPR,65,livre,0.0,0.0,2026-09-24T02:21:10.470-03:00
PUCPR,66,livre,0.0,0.0,2026-09-24T02:21:10.470-03:00
PUCPR,67,livre,0.0,0.0,2026-09-24T02:21:10.470-03:00
PUCPR,68,livre,0.0,0.0,2026-09-24T02:21:10.470-03:00
PUCPR,69,livre,0.0,0.0,2026-09-24T02:21:10.470-03:00
PUCPR,7,livre,0.0,0.0,2026-09-24T02:21:10.470-03:00
PUCPR,70,livre,0.0,0.0,2026-09-24T02:21:10.470-03:00
PUCPR,71,livre,0.0,0.0,2026-09-24T02:21:10.470-03:00
PUCPR,72,livre,0.0,0.016746551179590355,2026-09-24T02:21:10.470-03:00
PUCPR,73,livre,0.28765425086021423,0.87951151290002,2026-09-24T02:21:10.470-03:00
PUCPR,74,ocupada,0.4316190779209137,0.8257219599725324,2026-09-24T02:21:10.470-03:00
PUCPR,75,ocupada,0.5942162871360779,0.739015400145508,2026-09-24T02:21:10.470-03:00
PUCPR,76,livre,0.0,0.0,2026-09-24T02:21:10.470-03:00
PUCPR,77,livre,0.0,0.0,2026-09-24T02:21:10.470-03:00
PUCPR,78,livre,0.0,0.0,2026-09-24T02:21:10.470-03:00
PUCPR,79,livre,0.0,0.0,2026-09-24T02:21:10.470-03:00
PUCPR,8,livre,0.0,0.0,2026-09-24T02:21:10.470-03:00
PUCPR,80,livre,0.0,0.0,2026-09-24T02:21:10.470-03:00
PUCPR,81,livre,0.0,0.0,2026-09-24T02:21:10.470-03:00
PUCPR,82,livre,0.25124579668045044,0.7688911203877649,2026-09-24T02:21:10.470-03:00
PUCPR,83,livre,0.0,0.003999698822439875,2026-09-24T02:21:10.470-03:00
PUCPR,84,ocupada,0.3689686357975006,0.8967421177236404,2026-09-24T02:21:10.470-03:00
PUCPR,85,livre,0.3187166154384613,0.8455355137935863,2026-09-24T02:21:10.470-03:00
PUCPR,86,ocupada,0.29326412081718445,0.8064433802166086,2026-09-24T02:21:10.470-03:00
PUCPR,87,livre,0.0,0.0006706143124428793,2026-09-24T02:21:10.470-03:00
PUCPR,88,livre,0.0,0.0,2026-09-24T02:21:10.470-03:00
PUCPR,89,livre,0.0,0.0,2026-09-24T02:21:10.470-03:00
PUCPR,9,livre,0.0,0.0,2026-09-24T02:21:10.470-03:00
PUCPR,90,livre,0.0,0.0,2026-09-24T02:21:10.470-03:00
PUCPR,91,ocupada,0.0,0.0,2026-09-24T02:21:10.470-03:00
PUCPR,92,livre,0.0,0.0,2026-09-24T02:21:10.470-03:00
PUCPR,93,livre,0.0,0.09701135694877286,2026-09-24T02:21:10.470-03:00
PUCPR,94,ocupada,0.41008520126342773,0.9500840651856582,2026-09-24T02:21:10.470-03:00
PUCPR,95,livre,0.0,0.03722317977577578,2026-09-24T02:21:10.470-03:00
PUCPR,96,livre,0.0,0.0,2026-09-24T02:21:10.470-03:00
PUCPR,97,livre,0.0,0.0,2026-09-24T02:21:10.470-03:00
PUCPR,98,livre,0.0,0.0,2026-09-24T02:21:10.470-03:00
PUCPR,99,livre,0.0,0.0,2026-09-24T02:21:10.470-03:00
PUCPR,1,livre,0.0,0.0,2026-09-24T02:21:10.537-03:00
PUCPR,10,livre,0.0,0.0,2026-09-24T02:21:10.537-03:00
PUCPR,100,livre,0.0,0.0,2026-09-24T02:21:10.537-03:00
PUCPR,11,livre,0.0,0.0,2026-09-24T02:21:10.537-03:00
PUCPR,12,livre,0.0,0.0,2026-09-24T02:21:10.537-03:00
PUCPR,13,livre,0.0,0.0,2026-09-24T02:21:10.537-03:00
PUCPR,14,livre,0.0,0.0,2026-09-24T02:21:10.537-03:00
PUCPR,15,livre,0.0,0.0,2026-09-24T02:21:10.537-03:00
PUCPR,16,livre,0.0,0.0,2026-09-24T02:21:10.537-03:00
PUCPR,17,livre,0.0,0.0,2026-09-24T02:21:10.537-03:00
PUCPR,18,livre,0.0,0.0,2026-09-24T02:21:10.537-03:00
PUCPR,19,livre,0.0,0.0,2026-09-24T02:21:10.537-03:00
PUCPR,2,livre,0.0,0.0,2026-09-24T02:21:10.537-03:00
PUCPR,20,livre,0.0,0.0,2026-09-24T02:21:10.537-03:00
PUCPR,21,livre,0.0,0.0,2026-09-24T02:21:10.537-03:00
PUCPR,22,livre,0.0,0.0,2026-09-24T02:21:10.537-03:00
PUCPR,23,livre,0.0,0.0,2026-09-24T02:21:10.537-03:00
PUCPR,24,livre,0.0,0.0,2026-09-24T02:21:10.537-03:00
PUCPR,25,livre,0.0,0.0,2026-09-24T02:21:10.537-03:00
PUCPR,26,livre,0.0,0.0,2026-09-24T02:21:10.537-03:00
PUCPR,27,livre,0.0,0.0,2026-09-24T02:21:10.537-03:00
PUCPR,28,livre,0.0,0.0,2026-09-24T02:21:10.537-03:00
PUCPR,29,livre,0.0,0.0,2026-09-24T02:21:10.537-03:00
PUCPR,3,livre,0.0,0.0,2026-09-24T02:21:10.537-03:00
PUCPR,30,livre,0.0,0.0,2026-09-24T02:21:10.537-03:00
PUCPR,31,livre,0.0,0.0,2026-09-24T02:21:10.537-03:00
PUCPR,32,livre,0.0,0.0,2026-09-24T02:21:10.537-03:00
PUCPR,33,livre,0.0,0.0,2026-09-24T02:21:10.537-03:00
PUCPR,34,livre,0.0,0.0,2026-09-24T02:21:10.537-03:00
PUCPR,35,livre,0.0,0.0,2026-09-24T02:21:10.537-03:00
PUCPR,36,livre,0.0,0.0,2026-09-24T02:21:10.537-03:00
PUCPR,37,livre,0.0,0.0,2026-09-24T02:21:10.537-03:00
PUCPR,38,livre,0.0,0.0,2026-09-24T02:21:10.537-03:00
PUCPR,39,livre,0.0,0.0,2026-09-24T02:21:10.537-03:00
PUCPR,4,livre,0.0,0.0,2026-09-24T02:21:10.537-03:00
PUCPR,40,livre,0.0,0.0,2026-09-24T02:21:10.537-03:00
PUCPR,41,livre,0.0,0.0,2026-09-24T02:21:10.537-03:00
PUCPR,42,livre,0.0,0.0,2026-09-24T02:21:10.537-03:00
PUCPR,43,livre,0.0,0.0,2026-09-24T02:21:10.537-03:00
PUCPR,44,livre,0.0,0.0,2026-09-24T02:21:10.537-03:00
PUCPR,45,livre,0.0,0.0,2026-09-24T02:21:10.537-03:00
PUCPR,46,livre,0.0,0.0,2026-09-24T02:21:10.537-03:00
PUCPR,47,livre,0.0,0.0,2026-09-24T02:21:10.537-03:00
PUCPR,48,livre,0.0,0.0,2026-09-24T02:21:10.537-03:00
PUCPR,49,livre,0.0,0.0,2026-09-24T02:21:10.537-03:00
PUCPR,5,livre,0.0,0.0,2026-09-24T02:21:10.537-03:00
PUCPR,50,livre,0.0,0.0,2026-09-24T02:21:10.537-03:00
PUCPR,51,livre,0.0,0.0,2026-09-24T02:21:10.537-03:00
PUCPR,52,livre,0.0,0.0,2026-09-24T02:21:10.537-03:00
PUCPR,53,livre,0.0,0.0,2026-09-24T02:21:10.537-03:00
PUCPR,54,livre,0.0,0.0,2026-09-24T02:21:10.537-03:00
PUCPR,55,livre,0.0,0.0,2026-09-24T02:21:10.537-03:00
PUCPR,56,livre,0.0,0.0,2026-09-24T02:21:10.537-03:00
PUCPR,57,livre,0.0,0.0,2026-09-24T02:21:10.537-03:00
PUCPR,58,livre,0.0,0.0,2026-09-24T02:21:10.537-03:00
PUCPR,59,livre,0.0,0.0,2026-09-24T02:21:10.537-03:00
PUCPR,6,livre,0.0,0.0,2026-09-24T02:21:10.537-03:00
PUCPR,60,livre,0.0,0.0,2026-09-24T02:21:10.537-03:00
PUCPR,61,livre,0.0,0.0,2026-09-24T02:21:10.537-03:00
PUCPR,62,livre,0.0,0.0,2026-09-24T02:21:10.537-03:00
PUCPR,63,livre,0.0,0.0,2026-09-24T02:21:10.537-03:00
PUCPR,64,livre,0.0,0.0,2026-09-24T02:21:10.537-03:00
PUCPR,65,livre,0.0,0.0,2026-09-24T02:21:10.537-03:00
PUCPR,66,livre,0.0,0.0,2026-09-24T02:21:10.537-03:00
PUCPR,67,livre,0.0,0.0,2026-09-24T02:21:10.537-03:00
PUCPR,68,livre,0.0,0.0,2026-09-24T02:21:10.537-03:00
PUCPR,69,livre,0.0,0.0,2026-09-24T02:21:10.537-03:00
PUCPR,7,livre,0.0,0.0,2026-09-24T02:21:10.537-03:00
PUCPR,70,livre,0.0,0.0,2026-09-24T02:21:10.537-03:00
PUCPR,71,livre,0.0,0.0,2026-09-24T02:21:10.537-03:00
PUCPR,72,livre,0.0,0.0,2026-09-24T02:21:10.537-03:00
PUCPR,73,livre,0.0,0.20876861542193786,2026-09-24T02:21:10.537-03:00
PUCPR,74,ocupada,0.2576411962509155,0.674791689033642,2026-09-24T02:21:10.537-03:00
PUCPR,75,ocupada,0.5225781202316284,0.7321764714886188,2026-09-24T02:21:10.537-03:00
PUCPR,76,livre,0.0,0.0,2026-09-24T02:21:10.537-03:00
PUCPR,77,livre,0.0,0.0,2026-09-24T02:21:10.537-03:00
PUCPR,78,livre,0.0,0.0,2026-09-24T02:21:10.537-03:00
PUCPR,79,livre,0.0,0.0,2026-09-24T02:21:10.537-03:00
PUCPR,8,livre,0.0,0.0,2026-09-24T02:21:10.537-03:00
PUCPR,80,livre,0.0,0.0,2026-09-24T02:21:10.537-03:00
PUCPR,81,livre,0.0,0.0,2026-09-24T02:21:10.537-03:00
PUCPR,82,livre,0.0,0.0,2026-09-24T02:21:10.537-03:00
PUCPR,83,livre,0.0,0.006617197821135985,2026-09-24T02:21:10.537-03:00
PUCPR,84,ocupada,0.4590339660644531,0.909504750933065,2026-09-24T02:21:10.537-03:00
PUCPR,85,ocupada,0.40077638626098633,0.8479437244432138,2026-09-24T02:21:10.537-03:00
PUCPR,86,ocupada,0.35589054226875305,0.8141149787215979,2026-09-24T02:21:10.537-03:00
PUCPR,87,livre,0.0,0.002240318368120771,2026-09-24T02:21:10.537-03:00
PUCPR,88,livre,0.27553632855415344,0.8030614208862703,2026-09-24T02:21:10.537-03:00
PUCPR,89,livre,0.3357510268688202,0.9938095119700919,2026-09-24T02:21:10.537-03:00
PUCPR,9,livre,0.0,0.0,2026-09-24T02:21:10.537-03:00
PUCPR,90,livre,0.3151702582836151,0.9505881120618807,2026-09-24T02:21:10.537-03:00
PUCPR,91,ocupada,0.0,0.03314291842683288,2026-09-24T02:21:10.537-03:00
PUCPR,92,livre,0.0,0.0,2026-09-24T02:21:10.537-03:00
PUCPR,93,livre,0.0,0.09500724768865162,2026-09-24T02:21:10.537-03:00
PUCPR,94,ocupada,0.2988159656524658,0.9465670139651089,2026-09-24T02:21:10.537-03:00
PUCPR,95,livre,0.2549518942832947,0.8736074031191964,2026-09-24T02:21:10.537-03:00
PUCPR,96,livre,0.0,0.00010524820113250912,2026-09-24T02:21:10.537-03:00
PUCPR,97,livre,0.0,0.0,2026-09-24T02:21:10.537-03:00
PUCPR,98,livre,0.0,0.0,2026-09-24T02:21:10.537-03:00
PUCPR,99,livre,0.0,0.0,2026-09-24T02:21:10.537-03:00
PUCPR,1,livre,0.0,0.0,2026-09-24T02:21:10.628-03:00
PUCPR,10,livre,0.0,0.0,2026-09-24T02:21:10.628-03:00
PUCPR,100,livre,0.0,0.0,2026-09-24T02:21:10.628-03:00
PUCPR,11,livre,0.0,0.0,2026-09-24T02:21:10.628-03:00
PUCPR,12,livre,0.0,0.0,2026-09-24T02:21:10.628-03:00
PUCPR,13,livre,0.0,0.0,2026-09-24T02:21:10.628-03:00
PUCPR,14,livre,0.0,0.0,2026-09-24T02:21:10.628-03:00
PUCPR,15,livre,0.0,0.0,2026-09-24T02:21:10.628-03:00
PUCPR,16,livre,0.0,0.0,2026-09-24T02:21:10.628-03:00
PUCPR,17,livre,0.0,0.0,2026-09-24T02:21:10.628-03:00
PUCPR,18,livre,0.0,0.0,2026-09-24T02:21:10.628-03:00
PUCPR,19,livre,0.0,0.0,2026-09-24T02:21:10.628-03:00
PUCPR,2,livre,0.0,0.0,2026-09-24T02:21:10.628-03:00
PUCPR,20,livre,0.0,0.0,2026-09-24T02:21:10.628-03:00
PUCPR,21,livre,0.0,0.0,2026-09-24T02:21:10.628-03:00
PUCPR,22,livre,0.0,0.0,2026-09-24T02:21:10.628-03:00
PUCPR,23,livre,0.0,0.0,2026-09-24T02:21:10.628-03:00
PUCPR,24,livre,0.0,0.0,2026-09-24T02:21:10.628-03:00
PUCPR,25,livre,0.0,0.0,2026-09-24T02:21:10.628-03:00
PUCPR,26,livre,0.0,0.0,2026-09-24T02:21:10.628-03:00
PUCPR,27,livre,0.0,0.0,2026-09-24T02:21:10.628-03:00
PUCPR,28,livre,0.0,0.0,2026-09-24T02:21:10.628-03:00
PUCPR,29,livre,0.0,0.0,2026-09-24T02:21:10.628-03:00
PUCPR,3,livre,0.0,0.0,2026-09-24T02:21:10.628-03:00
PUCPR,30,livre,0.0,0.0,2026-09-24T02:21:10.628-03:00
PUCPR,31,livre,0.0,0.0,2026-09-24T02:21:10.628-03:00
PUCPR,32,livre,0.0,0.0,2026-09-24T02:21:10.628-03:00
PUCPR,33,livre,0.0,0.0,2026-09-24T02:21:10.628-03:00
PUCPR,34,livre,0.0,0.0,2026-09-24T02:21:10.628-03:00
PUCPR,35,livre,0.0,0.0,2026-09-24T02:21:10.628-03:00
PUCPR,36,livre,0.0,0.0,2026-09-24T02:21:10.628-03:00
PUCPR,37,livre,0.0,0.0,2026-09-24T02:21:10.628-03:00
PUCPR,38,livre,0.0,0.0,2026-09-24T02:21:10.628-03:00
PUCPR,39,livre,0.0,0.0,2026-09-24T02:21:10.628-03:00
PUCPR,4,livre,0.0,0.0,2026-09-24T02:21:10.628-03:00
PUCPR,40,livre,0.0,0.0,2026-09-24T02:21:10.628-03:00
PUCPR,41,livre,0.0,0.0,2026-09-24T02:21:10.628-03:00
PUCPR,42,livre,0.0,0.0,2026-09-24T02:21:10.628-03:00
PUCPR,43,livre,0.0,0.0,2026-09-24T02:21:10.628-03:00
PUCPR,44,livre,0.0,0.0,2026-09-24T02:21:10.628-03:00
PUCPR,45,livre,0.0,0.0,2026-09-24T02:21:10.628-03:00
PUCPR,46,livre,0.0,0.0,2026-09-24T02:21:10.628-03:00
PUCPR,47,livre,0.0,0.0,2026-09-24T02:21:10.628-03:00
PUCPR,48,livre,0.0,0.0,2026-09-24T02:21:10.628-03:00
PUCPR,49,livre,0.0,0.0,2026-09-24T02:21:10.628-03:00
PUCPR,5,livre,0.0,0.0,2026-09-24T02:21:10.628-03:00
PUCPR,50,livre,0.0,0.0,2026-09-24T02:21:10.628-03:00
PUCPR,51,livre,0.0,0.0,2026-09-24T02:21:10.628-03:00
PUCPR,52,livre,0.0,0.0,2026-09-24T02:21:10.628-03:00
PUCPR,53,livre,0.0,0.0,2026-09-24T02:21:10.628-03:00
PUCPR,54,livre,0.0,0.0,2026-09-24T02:21:10.628-03:00
PUCPR,55,livre,0.0,0.0,2026-09-24T02:21:10.628-03:00
PUCPR,56,livre,0.0,0.0,2026-09-24T02:21:10.628-03:00
PUCPR,57,livre,0.0,0.0,2026-09-24T02:21:10.628-03:00
PUCPR,58,livre,0.0,0.0,2026-09-24T02:21:10.628-03:00
PUCPR,59,livre,0.0,0.0,2026-09-24T02:21:10.628-03:00
PUCPR,6,livre,0.0,0.0,2026-09-24T02:21:10.628-03:00
PUCPR,60,livre,0.0,0.0,2026-09-24T02:21:10.628-03:00
PUCPR,61,livre,0.0,0.0,2026-09-24T02:21:10.628-03:00
PUCPR,62,livre,0.0,0.0,2026-09-24T02:21:10.628-03:00
PUCPR,63,livre,0.0,0.0,2026-09-24T02:21:10.628-03:00
PUCPR,64,livre,0.0,0.0,2026-09-24T02:21:10.628-03:00
PUCPR,65,livre,0.0,0.0,2026-09-24T02:21:10.628-03:00
PUCPR,66,livre,0.0,0.0,2026-09-24T02:21:10.628-03:00
PUCPR,67,livre,0.0,0.0,2026-09-24T02:21:10.628-03:00
PUCPR,68,livre,0.0,0.0,2026-09-24T02:21:10.628-03:00
PUCPR,69,livre,0.0,0.0,2026-09-24T02:21:10.628-03:00
PUCPR,7,livre,0.0,0.0,2026-09-24T02:21:10.628-03:00
PUCPR,70,livre,0.0,0.0,2026-09-24T02:21:10.628-03:00
PUCPR,71,livre,0.0,0.0,2026-09-24T02:21:10.628-03:00
PUCPR,72,livre,0.0,0.0,2026-09-24T02:21:10.628-03:00
PUCPR,73,livre,0.0,0.19949784338159235,2026-09-24T02:21:10.628-03:00
PUCPR,74,ocupada,0.2785811722278595,0.6717776841355365,2026-09-24T02:21:10.628-03:00
PUCPR,75,ocupada,0.5766648650169373,0.732529766548742,2026-09-24T02:21:10.628-03:00
PUCPR,76,livre,0.0,0.0,2026-09-24T02:21:10.628-03:00
PUCPR,77,livre,0.0,0.0,2026-09-24T02:21:10.628-03:00
PUCPR,78,livre,0.0,0.0,2026-09-24T02:21:10.628-03:00
PUCPR,79,livre,0.0,0.0,2026-09-24T02:21:10.628-03:00
PUCPR,8,livre,0.0,0.0,2026-09-24T02:21:10.628-03:00
PUCPR,80,livre,0.0,0.0,2026-09-24T02:21:10.628-03:00
PUCPR,81,livre,0.0,0.0,2026-09-24T02:21:10.628-03:00
PUCPR,82,livre,0.0,0.0,2026-09-24T02:21:10.628-03:00
PUCPR,83,livre,0.0,0.005748116646124162,2026-09-24T02:21:10.628-03:00
PUCPR,84,ocupada,0.4253028929233551,0.9042622816160126,2026-09-24T02:21:10.628-03:00
PUCPR,85,ocupada,0.3619259297847748,0.8415405981701573,2026-09-24T02:21:10.628-03:00
PUCPR,86,ocupada,0.3570221960544586,0.8161041154845664,2026-09-24T02:21:10.628-03:00
PUCPR,87,livre,0.0,0.002294030388121313,2026-09-24T02:21:10.628-03:00
PUCPR,88,livre,0.2702847421169281,0.8055818745841984,2026-09-24T02:21:10.628-03:00
PUCPR,89,livre,0.27800825238227844,0.9954198589933035,2026-09-24T02:21:10.628-03:00
PUCPR,9,livre,0.0,0.0,2026-09-24T02:21:10.628-03:00
PUCPR,90,livre,0.26782703399658203,0.9499610227771709,2026-09-24T02:21:10.628-03:00
PUCPR,91,livre,0.0,0.032711435780998055,2026-09-24T02:21:10.628-03:00
PUCPR,92,livre,0.0,0.0,2026-09-24T02:21:10.628-03:00
PUCPR,93,livre,0.0,0.11237716196996529,2026-09-24T02:21:10.628-03:00
PUCPR,94,ocupada,0.2757321000099182,0.9414917458520397,2026-09-24T02:21:10.628-03:00
PUCPR,95,livre,0.0,0.022482231509583495,2026-09-24T02:21:10.628-03:00
PUCPR,96,livre,0.0,0.0,2026-09-24T02:21:10.628-03:00
PUCPR,97,livre,0.0,0.0,2026-09-24T02:21:10.628-03:00
PUCPR,98,livre,0.0,0.0,2026-09-24T02:21:10.628-03:00
PUCPR,99,livre,0.0,0.0,2026-09-24T02:21:10.628-03:00
PUCPR,1,livre,0.0,0.0,2026-09-24T02:21:10.685-03:00
PUCPR,10,livre,0.0,0.0,2026-09-24T02:21:10.685-03:00
PUCPR,100,livre,0.0,0.0,2026-09-24T02:21:10.685-03:00
PUCPR,11,livre,0.0,0.0,2026-09-24T02:21:10.685-03:00
PUCPR,12,livre,0.0,0.0,2026-09-24T02:21:10.685-03:00
PUCPR,13,livre,0.0,0.0,2026-09-24T02:21:10.685-03:00
PUCPR,14,livre,0.0,0.0,2026-09-24T02:21:10.685-03:00
PUCPR,15,livre,0.0,0.0,2026-09-24T02:21:10.685-03:00
PUCPR,16,livre,0.0,0.0,2026-09-24T02:21:10.685-03:00
PUCPR,17,livre,0.0,0.0,2026-09-24T02:21:10.685-03:00
PUCPR,18,livre,0.0,0.0,2026-09-24T02:21:10.685-03:00
PUCPR,19,livre,0.0,0.0,2026-09-24T02:21:10.685-03:00
PUCPR,2,livre,0.0,0.0,2026-09-24T02:21:10.685-03:00
PUCPR,20,livre,0.0,0.0,2026-09-24T02:21:10.685-03:00
PUCPR,21,livre,0.0,0.0,2026-09-24T02:21:10.685-03:00
PUCPR,22,livre,0.0,0.0,2026-09-24T02:21:10.685-03:00
PUCPR,23,livre,0.0,0.0,2026-09-24T02:21:10.685-03:00
PUCPR,24,livre,0.0,0.0,2026-09-24T02:21:10.685-03:00
PUCPR,25,livre,0.0,0.0,2026-09-24T02:21:10.685-03:00
PUCPR,26,livre,0.0,0.0,2026-09-24T02:21:10.685-03:00
PUCPR,27,livre,0.0,0.0,2026-09-24T02:21:10.685-03:00
PUCPR,28,livre,0.0,0.0,2026-09-24T02:21:10.685-03:00
PUCPR,29,livre,0.0,0.0,2026-09-24T02:21:10.685-03:00
PUCPR,3,livre,0.0,0.0,2026-09-24T02:21:10.685-03:00
PUCPR,30,livre,0.0,0.0,2026-09-24T02:21:10.685-03:00
PUCPR,31,livre,0.0,0.0,2026-09-24T02:21:10.685-03:00
PUCPR,32,livre,0.0,0.0,2026-09-24T02:21:10.685-03:00
PUCPR,33,livre,0.0,0.0,2026-09-24T02:21:10.685-03:00
PUCPR,34,livre,0.0,0.0,2026-09-24T02:21:10.685-03:00
PUCPR,35,livre,0.0,0.0,2026-09-24T02:21:10.685-03:00
PUCPR,36,livre,0.0,0.0,2026-09-24T02:21:10.685-03:00
PUCPR,37,livre,0.0,0.0,2026-09-24T02:21:10.685-03:00
PUCPR,38,livre,0.0,0.0,2026-09-24T02:21:10.685-03:00
PUCPR,39,livre,0.0,0.0,2026-09-24T02:21:10.685-03:00
PUCPR,4,livre,0.0,0.0,2026-09-24T02:21:10.685-03:00
PUCPR,40,livre,0.0,0.0,2026-09-24T02:21:10.685-03:00
PUCPR,41,livre,0.0,0.0,2026-09-24T02:21:10.685-03:00
PUCPR,42,livre,0.0,0.0,2026-09-24T02:21:10.685-03:00
PUCPR,43,livre,0.0,0.0,2026-09-24T02:21:10.685-03:00
PUCPR,44,livre,0.0,0.0,2026-09-24T02:21:10.685-03:00
PUCPR,45,livre,0.0,0.0,2026-09-24T02:21:10.685-03:00
PUCPR,46,livre,0.0,0.0,2026-09-24T02:21:10.685-03:00
PUCPR,47,livre,0.0,0.0,2026-09-24T02:21:10.685-03:00
PUCPR,48,livre,0.0,0.0,2026-09-24T02:21:10.685-03:00
PUCPR,49,livre,0.0,0.0,2026-09-24T02:21:10.685-03:00
PUCPR,5,livre,0.0,0.0,2026-09-24T02:21:10.685-03:00
PUCPR,50,livre,0.0,0.0,2026-09-24T02:21:10.685-03:00
PUCPR,51,livre,0.0,0.0,2026-09-24T02:21:10.685-03:00
PUCPR,52,livre,0.0,0.0,2026-09-24T02:21:10.685-03:00
PUCPR,53,livre,0.0,0.0,2026-09-24T02:21:10.685-03:00
PUCPR,54,livre,0.0,0.0,2026-09-24T02:21:10.685-03:00
PUCPR,55,livre,0.0,0.0,2026-09-24T02:21:10.685-03:00
PUCPR,56,livre,0.0,0.0,2026-09-24T02:21:10.685-03:00
PUCPR,57,livre,0.0,0.0,2026-09-24T02:21:10.685-03:00
PUCPR,58,livre,0.0,0.0,2026-09-24T02:21:10.685-03:00
PUCPR,59,livre,0.0,0.0,2026-09-24T02:21:10.685-03:00
PUCPR,6,livre,0.0,0.0,2026-09-24T02:21:10.685-03:00
PUCPR,60,livre,0.0,0.0,2026-09-24T02:21:10.685-03:00
PUCPR,61,livre,0.0,0.0,2026-09-24T02:21:10.685-03:00
PUCPR,62,livre,0.0,0.0,2026-09-24T02:21:10.685-03:00
PUCPR,63,livre,0.0,0.0,2026-09-24T02:21:10.685-03:00
PUCPR,64,livre,0.0,0.0,2026-09-24T02:21:10.685-03:00
PUCPR,65,livre,0.0,0.0,2026-09-24T02:21:10.685-03:00
PUCPR,66,livre,0.0,0.0,2026-09-24T02:21:10.685-03:00
PUCPR,67,livre,0.0,0.0,2026-09-24T02:21:10.685-03:00
PUCPR,68,livre,0.0,0.10402993345495921,2026-09-24T02:21:10.685-03:00
PUCPR,69,livre,0.26849445700645447,0.9974393637275649,2026-09-24T02:21:10.685-03:00
PUCPR,7,livre,0.0,0.0,2026-09-24T02:21:10.685-03:00
PUCPR,70,livre,0.0,0.2103357734873288,2026-09-24T02:21:10.685-03:00
PUCPR,71,livre,0.0,0.0,2026-09-24T02:21:10.685-03:00
PUCPR,72,livre,0.0,0.0,2026-09-24T02:21:10.685-03:00
PUCPR,73,livre,0.0,0.0,2026-09-24T02:21:10.685-03:00
PUCPR,74,ocupada,0.0,0.1505102040163036,2026-09-24T02:21:10.685-03:00
PUCPR,75,ocupada,0.5438904762268066,0.7132701660013077,2026-09-24T02:21:10.685-03:00
PUCPR,76,livre,0.0,0.0,2026-09-24T02:21:10.685-03:00
PUCPR,77,livre,0.0,0.0,2026-09-24T02:21:10.685-03:00
PUCPR,78,livre,0.0,0.0,2026-09-24T02:21:10.685-03:00
PUCPR,79,livre,0.0,0.0,2026-09-24T02:21:10.685-03:00
PUCPR,8,livre,0.0,0.0,2026-09-24T02:21:10.685-03:00
PUCPR,80,livre,0.0,0.0,2026-09-24T02:21:10.685-03:00
PUCPR,81,livre,0.0,0.0,2026-09-24T02:21:10.685-03:00
PUCPR,82,livre,0.0,0.0,2026-09-24T02:21:10.685-03:00
PUCPR,83,livre,0.0,0.006923989520680294,2026-09-24T02:21:10.685-03:00
PUCPR,84,ocupada,0.29857805371284485,0.9083259950527609,2026-09-24T02:21:10.685-03:00
PUCPR,85,ocupada,0.25181692838668823,0.8486350340738814,2026-09-24T02:21:10.685-03:00
PUCPR,86,ocupada,0.3453965187072754,0.805279732764844,2026-09-24T02:21:10.685-03:00
PUCPR,87,livre,0.0,0.0006741954670940599,2026-09-24T02:21:10.685-03:00
PUCPR,88,livre,0.0,0.0,2026-09-24T02:21:10.685-03:00
PUCPR,89,livre,0.0,0.0,2026-09-24T02:21:10.685-03:00
PUCPR,9,livre,0.0,0.0,2026-09-24T02:21:10.685-03:00
PUCPR,90,livre,0.0,0.0,2026-09-24T02:21:10.685-03:00
PUCPR,91,livre,0.0,0.0,2026-09-24T02:21:10.685-03:00
PUCPR,92,livre,0.0,0.0,2026-09-24T02:21:10.685-03:00
PUCPR,93,livre,0.0,0.10346564793976701,2026-09-24T02:21:10.685-03:00
PUCPR,94,ocupada,0.32815760374069214,0.9424399674172877,2026-09-24T02:21:10.685-03:00
PUCPR,95,livre,0.0,0.02629148446164223,2026-09-24T02:21:10.685-03:00
PUCPR,96,livre,0.0,0.0,2026-09-24T02:21:10.685-03:00
PUCPR,97,livre,0.0,0.0,2026-09-24T02:21:10.685-03:00
PUCPR,98,livre,0.0,0.0,2026-09-24T02:21:10.685-03:00
PUCPR,99,livre,0.0,0.0,2026-09-24T02:21:10.685-03:00
PUCPR,1,livre,0.0,0.0,2026-09-24T02:21:10.744-03:00
PUCPR,10,livre,0.0,0.0,2026-09-24T02:21:10.744-03:00
PUCPR,100,livre,0.0,0.0,2026-09-24T02:21:10.744-03:00
PUCPR,11,livre,0.0,0.0,2026-09-24T02:21:10.744-03:00
PUCPR,12,livre,0.0,0.0,2026-09-24T02:21:10.744-03:00
PUCPR,13,livre,0.0,0.0,2026-09-24T02:21:10.744-03:00
PUCPR,14,livre,0.0,0.0,2026-09-24T02:21:10.744-03:00
PUCPR,15,livre,0.0,0.0,2026-09-24T02:21:10.744-03:00
PUCPR,16,livre,0.0,0.0,2026-09-24T02:21:10.744-03:00
PUCPR,17,livre,0.0,0.0,2026-09-24T02:21:10.744-03:00
PUCPR,18,livre,0.0,0.0,2026-09-24T02:21:10.744-03:00
PUCPR,19,livre,0.0,0.0,2026-09-24T02:21:10.744-03:00
PUCPR,2,livre,0.0,0.0,2026-09-24T02:21:10.744-03:00
PUCPR,20,livre,0.0,0.0,2026-09-24T02:21:10.744-03:00
PUCPR,21,livre,0.0,0.0,2026-09-24T02:21:10.744-03:00
PUCPR,22,livre,0.0,0.0,2026-09-24T02:21:10.744-03:00
PUCPR,23,livre,0.0,0.0,2026-09-24T02:21:10.744-03:00
PUCPR,24,livre,0.0,0.0,2026-09-24T02:21:10.744-03:00
PUCPR,25,livre,0.0,0.0,2026-09-24T02:21:10.744-03:00
PUCPR,26,livre,0.0,0.03917285328295453,2026-09-24T02:21:10.744-03:00
PUCPR,27,livre,0.0,0.009353389535394748,2026-09-24T02:21:10.744-03:00
PUCPR,28,livre,0.0,0.0,2026-09-24T02:21:10.744-03:00
PUCPR,29,livre,0.0,0.0,2026-09-24T02:21:10.744-03:00
PUCPR,3,livre,0.0,0.0,2026-09-24T02:21:10.744-03:00
PUCPR,30,livre,0.0,0.0,2026-09-24T02:21:10.744-03:00
PUCPR,31,livre,0.0,0.0,2026-09-24T02:21:10.744-03:00
PUCPR,32,livre,0.0,0.0,2026-09-24T02:21:10.744-03:00
PUCPR,33,livre,0.0,0.0,2026-09-24T02:21:10.744-03:00
PUCPR,34,livre,0.0,0.0,2026-09-24T02:21:10.744-03:00
PUCPR,35,livre,0.0,0.0,2026-09-24T02:21:10.744-03:00
PUCPR,36,livre,0.0,0.0,2026-09-24T02:21:10.744-03:00
PUCPR,37,livre,0.0,0.0,2026-09-24T02:21:10.744-03:00
PUCPR,38,livre,0.0,0.0,2026-09-24T02:21:10.744-03:00
PUCPR,39,livre,0.0,0.0,2026-09-24T02:21:10.744-03:00
PUCPR,4,livre,0.0,0.0,2026-09-24T02:21:10.744-03:00
PUCPR,40,livre,0.0,0.0,2026-09-24T02:21:10.744-03:00
PUCPR,41,livre,0.0,0.0,2026-09-24T02:21:10.744-03:00
PUCPR,42,livre,0.0,0.0,2026-09-24T02:21:10.744-03:00
PUCPR,43,livre,0.0,0.0,2026-09-24T02:21:10.744-03:00
PUCPR,44,livre,0.0,0.0,2026-09-24T02:21:10.744-03:00
PUCPR,45,livre,0.0,0.0,2026-09-24T02:21:10.744-03:00
PUCPR,46,livre,0.0,0.2550121812659231,2026-09-24T02:21:10.744-03:00
PUCPR,47,livre,0.2869030833244324,0.8194553603470568,2026-09-24T02:21:10.744-03:00
PUCPR,48,livre,0.0,0.08140802190971733,2026-09-24T02:21:10.744-03:00
PUCPR,49,livre,0.2857525050640106,0.9458688103497505,2026-09-24T02:21:10.744-03:00
PUCPR,5,livre,0.0,0.0,2026-09-24T02:21:10.744-03:00
PUCPR,50,livre,0.0,0.0,2026-09-24T02:21:10.744-03:00
PUCPR,51,livre,0.3023882508277893,0.8429058325761856,2026-09-24T02:21:10.744-03:00
PUCPR,52,livre,0.0,0.0413188937586099,2026-09-24T02:21:10.744-03:00
PUCPR,53,livre,0.0,0.0,2026-09-24T02:21:10.744-03:00
PUCPR,54,livre,0.0,0.0,2026-09-24T02:21:10.744-03:00
PUCPR,55,livre,0.0,0.0,2026-09-24T02:21:10.744-03:00
PUCPR,56,livre,0.0,0.0,2026-09-24T02:21:10.744-03:00
PUCPR,57,livre,0.0,0.0,2026-09-24T02:21:10.744-03:00
PUCPR,58,livre,0.0,0.0,2026-09-24T02:21:10.744-03:00
PUCPR,59,livre,0.0,0.0,2026-09-24T02:21:10.744-03:00
PUCPR,6,livre,0.0,0.0,2026-09-24T02:21:10.744-03:00
PUCPR,60,livre,0.0,0.0,2026-09-24T02:21:10.744-03:00
PUCPR,61,livre,0.0,0.0,2026-09-24T02:21:10.744-03:00
PUCPR,62,livre,0.0,0.0,2026-09-24T02:21:10.744-03:00
PUCPR,63,livre,0.0,0.0,2026-09-24T02:21:10.744-03:00
PUCPR,64,livre,0.0,0.0,2026-09-24T02:21:10.744-03:00
PUCPR,65,livre,0.0,0.0,2026-09-24T02:21:10.744-03:00
PUCPR,66,livre,0.0,0.0,2026-09-24T02:21:10.744-03:00
PUCPR,67,livre,0.0,0.14727213004820744,2026-09-24T02:21:10.744-03:00
PUCPR,68,livre,0.25358110666275024,0.9793356517026465,2026-09-24T02:21:10.744-03:00
PUCPR,69,livre,0.0,0.14793032926395688,2026-09-24T02:21:10.744-03:00
PUCPR,7,livre,0.0,0.0,2026-09-24T02:21:10.744-03:00
PUCPR,70,livre,0.0,0.0,2026-09-24T02:21:10.744-03:00
PUCPR,71,livre,0.0,0.0,2026-09-24T02:21:10.744-03:00
PUCPR,72,livre,0.0,0.0,2026-09-24T02:21:10.744-03:00
PUCPR,73,livre,0.0,0.19970682049399188,2026-09-24T02:21:10.744-03:00
PUCPR,74,ocupada,0.360828161239624,0.5985743447339991,2026-09-24T02:21:10.744-03:00
PUCPR,75,ocupada,0.5433621406555176,0.715717713384814,2026-09-24T02:21:10.744-03:00
PUCPR,76,livre,0.0,0.0,2026-09-24T02:21:10.744-03:00
PUCPR,77,livre,0.0,0.0,2026-09-24T02:21:10.744-03:00
PUCPR,78,livre,0.0,0.0,2026-09-24T02:21:10.744-03:00
PUCPR,79,livre,0.0,0.0,2026-09-24T02:21:10.744-03:00
PUCPR,8,livre,0.0,0.0,2026-09-24T02:21:10.744-03:00
PUCPR,80,livre,0.0,0.0,2026-09-24T02:21:10.744-03:00
PUCPR,81,livre,0.0,0.0,2026-09-24T02:21:10.744-03:00
PUCPR,82,livre,0.3787747621536255,0.7866452872587345,2026-09-24T02:21:10.744-03:00
PUCPR,83,livre,0.26183804869651794,0.9231461320326938,2026-09-24T02:21:10.744-03:00
PUCPR,84,ocupada,0.4884866774082184,0.922641110011581,2026-09-24T02:21:10.744-03:00
PUCPR,85,ocupada,0.44807863235473633,0.8690438999019063,2026-09-24T02:21:10.744-03:00
PUCPR,86,ocupada,0.37246841192245483,0.8193652975971604,2026-09-24T02:21:10.744-03:00
PUCPR,87,livre,0.0,0.0015726866749432632,2026-09-24T02:21:10.744-03:00
PUCPR,88,ocupada,0.28934699296951294,0.8002022884897806,2026-09-24T02:21:10.744-03:00
PUCPR,89,ocupada,0.3472212255001068,0.9945445786443796,2026-09-24T02:21:10.744-03:00
PUCPR,9,livre,0.0,0.0,2026-09-24T02:21:10.744-03:00
PUCPR,90,ocupada,0.2860044538974762,0.958573366521104,2026-09-24T02:21:10.744-03:00
PUCPR,91,livre,0.0,0.03885978744358573,2026-09-24T02:21:10.744-03:00
PUCPR,92,livre,0.0,0.0,2026-09-24T02:21:10.744-03:00
PUCPR,93,livre,0.0,0.16451213905088558,2026-09-24T02:21:10.744-03:00
PUCPR,94,ocupada,0.2793964445590973,0.9754403191408911,2026-09-24T02:21:10.744-03:00
PUCPR,95,livre,0.0,0.04219586007692847,2026-09-24T02:21:10.744-03:00
PUCPR,96,livre,0.0,0.0,2026-09-24T02:21:10.744-03:00
PUCPR,97,livre,0.0,0.0,2026-09-24T02:21:10.744-03:00
PUCPR,98,livre,0.3394988477230072,0.7271019938631949,2026-09-24T02:21:10.744-03:00
PUCPR,99,livre,0.2975151836872101,0.8120661506247944,2026-09-24T02:21:10.744-03:00
PUCPR,1,livre,0.0,0.0,2026-09-24T02:21:10.802-03:00
PUCPR,10,livre,0.0,0.0,2026-09-24T02:21:10.802-03:00
PUCPR,100,livre,0.0,0.0,2026-09-24T02:21:10.802-03:00
PUCPR,11,livre,0.0,0.0,2026-09-24T02:21:10.802-03:00
PUCPR,12,livre,0.0,0.0,2026-09-24T02:21:10.802-03:00
PUCPR,13,livre,0.0,0.0,2026-09-24T02:21:10.802-03:00
PUCPR,14,livre,0.0,0.0,2026-09-24T02:21:10.802-03:00
PUCPR,15,livre,0.0,0.0,2026-09-24T02:21:10.802-03:00
PUCPR,16,livre,0.0,0.0,2026-09-24T02:21:10.802-03:00
PUCPR,17,livre,0.0,0.0,2026-09-24T02:21:10.802-03:00
PUCPR,18,livre,0.0,0.0,2026-09-24T02:21:10.802-03:00
PUCPR,19,livre,0.0,0.0,2026-09-24T02:21:10.802-03:00
PUCPR,2,livre,0.0,0.0,2026-09-24T02:21:10.802-03:00
PUCPR,20,livre,0.0,0.0,2026-09-24T02:21:10.802-03:00
PUCPR,21,livre,0.0,0.0,2026-09-24T02:21:10.802-03:00
PUCPR,22,livre,0.0,0.0,2026-09-24T02:21:10.802-03:00
PUCPR,23,livre,0.0,0.0,2026-09-24T02:21:10.802-03:00
PUCPR,24,livre,0.0,0.0,2026-09-24T02:21:10.802-03:00
PUCPR,25,livre,0.0,0.0,2026-09-24T02:21:10.802-03:00
PUCPR,26,livre,0.0,0.036447240429408584,2026-09-24T02:21:10.802-03:00
PUCPR,27,livre,0.0,0.007737677021565147,2026-09-24T02:21:10.802-03:00
PUCPR,28,livre,0.0,0.0,2026-09-24T02:21:10.802-03:00
PUCPR,29,livre,0.0,0.0,2026-09-24T02:21:10.802-03:00
PUCPR,3,livre,0.0,0.0,2026-09-24T02:21:10.802-03:00
PUCPR,30,livre,0.0,0.0,2026-09-24T02:21:10.802-03:00
PUCPR,31,livre,0.0,0.0,2026-09-24T02:21:10.802-03:00
PUCPR,32,livre,0.0,0.0,2026-09-24T02:21:10.802-03:00
PUCPR,33,livre,0.0,0.0,2026-09-24T02:21:10.802-03:00
PUCPR,34,livre,0.0,0.0,2026-09-24T02:21:10.802-03:00
PUCPR,35,livre,0.0,0.0,2026-09-24T02:21:10.802-03:00
PUCPR,36,livre,0.0,0.0,2026-09-24T02:21:10.802-03:00
PUCPR,37,livre,0.0,0.0,2026-09-24T02:21:10.802-03:00
PUCPR,38,livre,0.0,0.0,2026-09-24T02:21:10.802-03:00
PUCPR,39,livre,0.0,0.0,2026-09-24T02:21:10.802-03:00
PUCPR,4,livre,0.0,0.0,2026-09-24T02:21:10.802-03:00
PUCPR,40,livre,0.0,0.0,2026-09-24T02:21:10.802-03:00
PUCPR,41,livre,0.0,0.0,2026-09-24T02:21:10.802-03:00
PUCPR,42,livre,0.0,0.0,2026-09-24T02:21:10.802-03:00
PUCPR,43,livre,0.0,0.0,2026-09-24T02:21:10.802-03:00
PUCPR,44,livre,0.0,0.0,2026-09-24T02:21:10.802-03:00
PUCPR,45,livre,0.0,0.0,2026-09-24T02:21:10.802-03:00
PUCPR,46,livre,0.0,0.0,2026-09-24T02:21:10.802-03:00
PUCPR,47,livre,0.0,0.0,2026-09-24T02:21:10.802-03:00
PUCPR,48,livre,0.0,0.09086778354111263,2026-09-24T02:21:10.802-03:00
PUCPR,49,livre,0.2680790424346924,0.9529697427338004,2026-09-24T02:21:10.802-03:00
PUCPR,5,livre,0.0,0.0,2026-09-24T02:21:10.802-03:00
PUCPR,50,livre,0.0,0.0,2026-09-24T02:21:10.802-03:00
PUCPR,51,livre,0.0,0.0,2026-09-24T02:21:10.802-03:00
PUCPR,52,livre,0.0,0.0,2026-09-24T02:21:10.802-03:00
PUCPR,53,livre,0.0,0.0,2026-09-24T02:21:10.802-03:00
PUCPR,54,livre,0.0,0.0,2026-09-24T02:21:10.802-03:00
PUCPR,55,livre,0.0,0.0,2026-09-24T02:21:10.802-03:00
PUCPR,56,livre,0.0,0.0,2026-09-24T02:21:10.802-03:00
PUCPR,57,livre,0.0,0.0,2026-09-24T02:21:10.802-03:00
PUCPR,58,livre,0.0,0.0,2026-09-24T02:21:10.802-03:00
PUCPR,59,livre,0.0,0.0,2026-09-24T02:21:10.802-03:00
PUCPR,6,livre,0.0,0.0,2026-09-24T02:21:10.802-03:00
PUCPR,60,livre,0.0,0.0,2026-09-24T02:21:10.802-03:00
PUCPR,61,livre,0.0,0.0,2026-09-24T02:21:10.802-03:00
PUCPR,62,livre,0.0,0.0,2026-09-24T02:21:10.802-03:00
PUCPR,63,livre,0.0,0.0,2026-09-24T02:21:10.802-03:00
PUCPR,64,livre,0.0,0.0,2026-09-24T02:21:10.802-03:00
PUCPR,65,livre,0.0,0.0,2026-09-24T02:21:10.802-03:00
PUCPR,66,livre,0.3400878310203552,0.7495838248922332,2026-09-24T02:21:10.802-03:00
PUCPR,67,livre,0.0,0.0,2026-09-24T02:21:10.802-03:00
PUCPR,68,livre,0.0,0.0,2026-09-24T02:21:10.802-03:00
PUCPR,69,livre,0.0,0.0,2026-09-24T02:21:10.802-03:00
PUCPR,7,livre,0.0,0.0,2026-09-24T02:21:10.802-03:00
PUCPR,70,livre,0.0,0.0,2026-09-24T02:21:10.802-03:00
PUCPR,71,livre,0.0,0.0,2026-09-24T02:21:10.802-03:00
PUCPR,72,livre,0.0,0.0,2026-09-24T02:21:10.802-03:00
PUCPR,73,livre,0.0,0.2061964061257369,2026-09-24T02:21:10.802-03:00
PUCPR,74,ocupada,0.35834014415740967,0.6152763784013242,2026-09-24T02:21:10.802-03:00
PUCPR,75,ocupada,0.6186789870262146,0.7379556146217379,2026-09-24T02:21:10.802-03:00
PUCPR,76,livre,0.0,0.0,2026-09-24T02:21:10.802-03:00
PUCPR,77,livre,0.0,0.0,2026-09-24T02:21:10.802-03:00
PUCPR,78,livre,0.0,0.0,2026-09-24T02:21:10.802-03:00
PUCPR,79,livre,0.0,0.0,2026-09-24T02:21:10.802-03:00
PUCPR,8,livre,0.0,0.0,2026-09-24T02:21:10.802-03:00
PUCPR,80,livre,0.0,0.0,2026-09-24T02:21:10.802-03:00
PUCPR,81,livre,0.0,0.0,2026-09-24T02:21:10.802-03:00
PUCPR,82,livre,0.0,0.0,2026-09-24T02:21:10.802-03:00
PUCPR,83,livre,0.0,0.00628465096350451,2026-09-24T02:21:10.802-03:00
PUCPR,84,ocupada,0.4502658545970917,0.9224597218446635,2026-09-24T02:21:10.802-03:00
PUCPR,85,ocupada,0.34183111786842346,0.867683557595439,2026-09-24T02:21:10.802-03:00
PUCPR,86,ocupada,0.2947130799293518,0.8367420662922482,2026-09-24T02:21:10.802-03:00
PUCPR,87,livre,0.2589813768863678,0.8627626331174276,2026-09-24T02:21:10.802-03:00
PUCPR,88,ocupada,0.0,0.0878171570904288,2026-09-24T02:21:10.802-03:00
PUCPR,89,ocupada,0.38270318508148193,0.9950593201432639,2026-09-24T02:21:10.802-03:00
PUCPR,9,livre,0.0,0.0,2026-09-24T02:21:10.802-03:00
PUCPR,90,ocupada,0.2958652973175049,0.9500091932257096,2026-09-24T02:21:10.802-03:00
PUCPR,91,livre,0.0,0.032651337247860186,2026-09-24T02:21:10.802-03:00
PUCPR,92,livre,0.0,0.0,2026-09-24T02:21:10.802-03:00
PUCPR,93,livre,0.0,0.1493198587252952,2026-09-24T02:21:10.802-03:00
PUCPR,94,ocupada,0.2603536546230316,0.9745640453784957,2026-09-24T02:21:10.802-03:00
PUCPR,95,livre,0.0,0.04531518345490885,2026-09-24T02:21:10.802-03:00
PUCPR,96,livre,0.0,0.0,2026-09-24T02:21:10.802-03:00
PUCPR,97,livre,0.0,0.0,2026-09-24T02:21:10.802-03:00
PUCPR,98,livre,0.0,0.02793504778854078,2026-09-24T02:21:10.802-03:00
PUCPR,99,livre,0.28781118988990784,0.8153040276403146,2026-09-24T02:21:10.802-03:00
PUCPR,1,livre,0.0,0.16756135732418714,2026-09-24T02:21:10.861-03:00
PUCPR,10,livre,0.0,0.0,2026-09-24T02:21:10.861-03:00
PUCPR,100,livre,0.0,0.0,2026-09-24T02:21:10.861-03:00
PUCPR,11,livre,0.0,0.0,2026-09-24T02:21:10.861-03:00
PUCPR,12,livre,0.0,0.0,2026-09-24T02:21:10.861-03:00
PUCPR,13,livre,0.0,0.0,2026-09-24T02:21:10.861-03:00
PUCPR,14,livre,0.0,0.0,2026-09-24T02:21:10.861-03:00
PUCPR,15,livre,0.0,0.0,2026-09-24T02:21:10.861-03:00
PUCPR,16,livre,0.0,0.0,2026-09-24T02:21:10.861-03:00
PUCPR,17,livre,0.0,0.0,2026-09-24T02:21:10.861-03:00
PUCPR,18,livre,0.0,0.0,2026-09-24T02:21:10.861-03:00
PUCPR,19,livre,0.0,0.0,2026-09-24T02:21:10.861-03:00
PUCPR,2,livre,0.0,0.0,2026-09-24T02:21:10.861-03:00
PUCPR,20,livre,0.0,0.0,2026-09-24T02:21:10.861-03:00
PUCPR,21,livre,0.0,0.0,2026-09-24T02:21:10.861-03:00
PUCPR,22,livre,0.0,0.0,2026-09-24T02:21:10.861-03:00
PUCPR,23,livre,0.0,0.010208312050429472,2026-09-24T02:21:10.861-03:00
PUCPR,24,livre,0.0,0.007873518369018746,2026-09-24T02:21:10.861-03:00
PUCPR,25,livre,0.0,0.0,2026-09-24T02:21:10.861-03:00
PUCPR,26,livre,0.0,0.0,2026-09-24T02:21:10.861-03:00
PUCPR,27,livre,0.0,0.0,2026-09-24T02:21:10.861-03:00
PUCPR,28,livre,0.0,0.0,2026-09-24T02:21:10.861-03:00
PUCPR,29,livre,0.0,0.0,2026-09-24T02:21:10.861-03:00
PUCPR,3,livre,0.0,0.0,2026-09-24T02:21:10.861-03:00
PUCPR,30,livre,0.0,0.0,2026-09-24T02:21:10.861-03:00
PUCPR,31,livre,0.0,0.0,2026-09-24T02:21:10.861-03:00
PUCPR,32,livre,0.0,0.0,2026-09-24T02:21:10.861-03:00
PUCPR,33,livre,0.0,0.0,2026-09-24T02:21:10.861-03:00
PUCPR,34,livre,0.0,0.0,2026-09-24T02:21:10.861-03:00
PUCPR,35,livre,0.0,0.0,2026-09-24T02:21:10.861-03:00
PUCPR,36,livre,0.0,0.0,2026-09-24T02:21:10.861-03:00
PUCPR,37,livre,0.0,0.0,2026-09-24T02:21:10.861-03:00
PUCPR,38,livre,0.0,0.0,2026-09-24T02:21:10.861-03:00
PUCPR,39,livre,0.0,0.0,2026-09-24T02:21:10.861-03:00
PUCPR,4,livre,0.0,0.0,2026-09-24T02:21:10.861-03:00
PUCPR,40,livre,0.0,0.0,2026-09-24T02:21:10.861-03:00
PUCPR,41,livre,0.0,0.0,2026-09-24T02:21:10.861-03:00
PUCPR,42,livre,0.0,0.0,2026-09-24T02:21:10.861-03:00
PUCPR,43,livre,0.0,0.0,2026-09-24T02:21:10.861-03:00
PUCPR,44,livre,0.0,0.0,2026-09-24T02:21:10.861-03:00
PUCPR,45,livre,0.0,0.2418826178806724,2026-09-24T02:21:10.861-03:00
PUCPR,46,livre,0.25143009424209595,0.8322654877014908,2026-09-24T02:21:10.861-03:00
PUCPR,47,livre,0.2738536298274994,0.8238146747853906,2026-09-24T02:21:10.861-03:00
PUCPR,48,livre,0.0,0.03248219825690174,2026-09-24T02:21:10.861-03:00
PUCPR,49,livre,0.0,0.0,2026-09-24T02:21:10.861-03:00
PUCPR,5,livre,0.0,0.0,2026-09-24T02:21:10.861-03:00
PUCPR,50,livre,0.0,0.0,2026-09-24T02:21:10.861-03:00
PUCPR,51,livre,0.26677027344703674,0.8500074494129845,2026-09-24T02:21:10.861-03:00
PUCPR,52,livre,0.0,0.069601841509262,2026-09-24T02:21:10.861-03:00
PUCPR,53,livre,0.0,0.0,2026-09-24T02:21:10.861-03:00
PUCPR,54,livre,0.0,0.0,2026-09-24T02:21:10.861-03:00
PUCPR,55,livre,0.0,0.0,2026-09-24T02:21:10.861-03:00
PUCPR,56,livre,0.0,0.0,2026-09-24T02:21:10.861-03:00
PUCPR,57,livre,0.0,0.0,2026-09-24T02:21:10.861-03:00
PUCPR,58,livre,0.0,0.0,2026-09-24T02:21:10.861-03:00
PUCPR,59,livre,0.0,0.0,2026-09-24T02:21:10.861-03:00
PUCPR,6,livre,0.0,0.0,2026-09-24T02:21:10.861-03:00
PUCPR,60,livre,0.0,0.0,2026-09-24T02:21:10.861-03:00
PUCPR,61,livre,0.0,0.0,2026-09-24T02:21:10.861-03:00
PUCPR,62,livre,0.0,0.0,2026-09-24T02:21:10.861-03:00
PUCPR,63,livre,0.0,0.0,2026-09-24T02:21:10.861-03:00
PUCPR,64,livre,0.0,0.0,2026-09-24T02:21:10.861-03:00
PUCPR,65,livre,0.0,0.0,2026-09-24T02:21:10.861-03:00
PUCPR,66,livre,0.0,0.0,2026-09-24T02:21:10.861-03:00
PUCPR,67,livre,0.0,0.0,2026-09-24T02:21:10.861-03:00
PUCPR,68,livre,0.0,0.0,2026-09-24T02:21:10.861-03:00
PUCPR,69,livre,0.0,0.0,2026-09-24T02:21:10.861-03:00
PUCPR,7,livre,0.0,0.0,2026-09-24T02:21:10.861-03:00
PUCPR,70,livre,0.0,0.0,2026-09-24T02:21:10.861-03:00
PUCPR,71,livre,0.0,0.0,2026-09-24T02:21:10.861-03:00
PUCPR,72,livre,0.0,0.0,2026-09-24T02:21:10.861-03:00
PUCPR,73,livre,0.0,0.18658420417100677,2026-09-24T02:21:10.861-03:00
PUCPR,74,ocupada,0.25319772958755493,0.5802852106704219,2026-09-24T02:21:10.861-03:00
PUCPR,75,ocupada,0.6611670255661011,0.7328869647747314,2026-09-24T02:21:10.861-03:00
PUCPR,76,livre,0.0,0.0,2026-09-24T02:21:10.861-03:00
PUCPR,77,livre,0.0,0.0,2026-09-24T02:21:10.861-03:00
PUCPR,78,livre,0.0,0.0,2026-09-24T02:21:10.861-03:00
PUCPR,79,livre,0.0,0.0,2026-09-24T02:21:10.861-03:00
PUCPR,8,livre,0.0,0.0,2026-09-24T02:21:10.861-03:00
PUCPR,80,livre,0.0,0.0,2026-09-24T02:21:10.861-03:00
PUCPR,81,livre,0.0,0.0,2026-09-24T02:21:10.861-03:00
PUCPR,82,livre,0.0,0.0,2026-09-24T02:21:10.861-03:00
PUCPR,83,livre,0.2922420799732208,0.9373799512326658,2026-09-24T02:21:10.861-03:00
PUCPR,84,ocupada,0.4293857216835022,0.9183179313037535,2026-09-24T02:21:10.861-03:00
PUCPR,85,ocupada,0.3326384723186493,0.8650942071938493,2026-09-24T02:21:10.861-03:00
PUCPR,86,ocupada,0.33630040287971497,0.8311878804484143,2026-09-24T02:21:10.861-03:00
PUCPR,87,livre,0.0,0.004500623011981362,2026-09-24T02:21:10.861-03:00
PUCPR,88,ocupada,0.28751200437545776,0.8137303153256583,2026-09-24T02:21:10.861-03:00
PUCPR,89,ocupada,0.411918967962265,0.9950003076319057,2026-09-24T02:21:10.861-03:00
PUCPR,9,livre,0.0,0.0,2026-09-24T02:21:10.861-03:00
PUCPR,90,ocupada,0.34942498803138733,0.9538486124310133,2026-09-24T02:21:10.861-03:00
PUCPR,91,livre,0.2530496120452881,0.8866181290402988,2026-09-24T02:21:10.861-03:00
PUCPR,92,livre,0.0,0.11912145863785643,2026-09-24T02:21:10.861-03:00
PUCPR,93,livre,0.0,0.0,2026-09-24T02:21:10.861-03:00
PUCPR,94,ocupada,0.0,0.014645923993315695,2026-09-24T02:21:10.861-03:00
PUCPR,95,livre,0.2964254915714264,0.8832134456520864,2026-09-24T02:21:10.861-03:00
PUCPR,96,livre,0.0,0.00033730966547915463,2026-09-24T02:21:10.861-03:00
PUCPR,97,livre,0.0,0.0,2026-09-24T02:21:10.861-03:00
PUCPR,98,livre,0.0,0.028897327770575364,2026-09-24T02:21:10.861-03:00
PUCPR,99,ocupada,0.37259817123413086,0.8204828578892507,2026-09-24T02:21:10.861-03:00
PUCPR,1,livre,0.0,0.0,2026-09-24T02:21:10.926-03:00
PUCPR,10,livre,0.0,0.0,2026-09-24T02:21:10.926-03:00
PUCPR,100,livre,0.0,0.0,2026-09-24T02:21:10.926-03:00
PUCPR,11,livre,0.0,0.0,2026-09-24T02:21:10.926-03:00
PUCPR,12,livre,0.0,0.0,2026-09-24T02:21:10.926-03:00
PUCPR,13,livre,0.0,0.0,2026-09-24T02:21:10.926-03:00
PUCPR,14,livre,0.0,0.0,2026-09-24T02:21:10.926-03:00
PUCPR,15,livre,0.0,0.0,2026-09-24T02:21:10.926-03:00
PUCPR,16,livre,0.0,0.0,2026-09-24T02:21:10.926-03:00
PUCPR,17,livre,0.0,0.0,2026-09-24T02:21:10.926-03:00
PUCPR,18,livre,0.0,0.0,2026-09-24T02:21:10.926-03:00
PUCPR,19,livre,0.0,0.0,2026-09-24T02:21:10.926-03:00
PUCPR,2,livre,0.0,0.0,2026-09-24T02:21:10.926-03:00
PUCPR,20,livre,0.0,0.0,2026-09-24T02:21:10.926-03:00
PUCPR,21,livre,0.0,0.0,2026-09-24T02:21:10.926-03:00
PUCPR,22,livre,0.0,0.0,2026-09-24T02:21:10.926-03:00
PUCPR,23,livre,0.0,0.0,2026-09-24T02:21:10.926-03:00
PUCPR,24,livre,0.0,0.0,2026-09-24T02:21:10.926-03:00
PUCPR,25,livre,0.0,0.0,2026-09-24T02:21:10.926-03:00
PUCPR,26,livre,0.0,0.0,2026-09-24T02:21:10.926-03:00
PUCPR,27,livre,0.0,0.0,2026-09-24T02:21:10.926-03:00
PUCPR,28,livre,0.0,0.0,2026-09-24T02:21:10.926-03:00
PUCPR,29,livre,0.0,0.0,2026-09-24T02:21:10.926-03:00
PUCPR,3,livre,0.0,0.0,2026-09-24T02:21:10.926-03:00
PUCPR,30,livre,0.0,0.0,2026-09-24T02:21:10.926-03:00
PUCPR,31,livre,0.0,0.0,2026-09-24T02:21:10.926-03:00
PUCPR,32,livre,0.0,0.0,2026-09-24T02:21:10.926-03:00
PUCPR,33,livre,0.0,0.0,2026-09-24T02:21:10.926-03:00
PUCPR,34,livre,0.0,0.0,2026-09-24T02:21:10.926-03:00
PUCPR,35,livre,0.0,0.0,2026-09-24T02:21:10.926-03:00
PUCPR,36,livre,0.0,0.0,2026-09-24T02:21:10.926-03:00
PUCPR,37,livre,0.0,0.0,2026-09-24T02:21:10.926-03:00
PUCPR,38,livre,0.0,0.0,2026-09-24T02:21:10.926-03:00
PUCPR,39,livre,0.0,0.0,2026-09-24T02:21:10.926-03:00
PUCPR,4,livre,0.0,0.0,2026-09-24T02:21:10.926-03:00
PUCPR,40,livre,0.0,0.0,2026-09-24T02:21:10.926-03:00
PUCPR,41,livre,0.0,0.0,2026-09-24T02:21:10.926-03:00
PUCPR,42,livre,0.0,0.0,2026-09-24T02:21:10.926-03:00
PUCPR,43,livre,0.0,0.0,2026-09-24T02:21:10.926-03:00
PUCPR,44,livre,0.0,0.0,2026-09-24T02:21:10.926-03:00
PUCPR,45,livre,0.0,0.0,2026-09-24T02:21:10.926-03:00
PUCPR,46,livre,0.0,0.2546303870322063,2026-09-24T02:21:10.926-03:00
PUCPR,47,ocupada,0.2879459261894226,0.8298935907644528,2026-09-24T02:21:10.926-03:00
PUCPR,48,livre,0.0,0.0306379781841604,2026-09-24T02:21:10.926-03:00
PUCPR,49,livre,0.0,0.0,2026-09-24T02:21:10.926-03:00
PUCPR,5,livre,0.0,0.0,2026-09-24T02:21:10.926-03:00
PUCPR,50,livre,0.0,0.0,2026-09-24T02:21:10.926-03:00
PUCPR,51,livre,0.0,0.0,2026-09-24T02:21:10.926-03:00
PUCPR,52,livre,0.0,0.0,2026-09-24T02:21:10.926-03:00
PUCPR,53,livre,0.0,0.0,2026-09-24T02:21:10.926-03:00
PUCPR,54,livre,0.0,0.0,2026-09-24T02:21:10.926-03:00
PUCPR,55,livre,0.0,0.0,2026-09-24T02:21:10.926-03:00
PUCPR,56,livre,0.0,0.0,2026-09-24T02:21:10.926-03:00
PUCPR,57,livre,0.0,0.0,2026-09-24T02:21:10.926-03:00
PUCPR,58,livre,0.0,0.0,2026-09-24T02:21:10.926-03:00
PUCPR,59,livre,0.0,0.0,2026-09-24T02:21:10.926-03:00
PUCPR,6,livre,0.0,0.0,2026-09-24T02:21:10.926-03:00
PUCPR,60,livre,0.0,0.0,2026-09-24T02:21:10.926-03:00
PUCPR,61,livre,0.0,0.0,2026-09-24T02:21:10.926-03:00
PUCPR,62,livre,0.0,0.0,2026-09-24T02:21:10.926-03:00
PUCPR,63,livre,0.0,0.0,2026-09-24T02:21:10.926-03:00
PUCPR,64,livre,0.0,0.0,2026-09-24T02:21:10.926-03:00
PUCPR,65,livre,0.0,0.0,2026-09-24T02:21:10.926-03:00
PUCPR,66,livre,0.2666451334953308,0.7011071393298183,2026-09-24T02:21:10.926-03:00
PUCPR,67,livre,0.0,0.0,2026-09-24T02:21:10.926-03:00
PUCPR,68,livre,0.0,0.0,2026-09-24T02:21:10.926-03:00
PUCPR,69,livre,0.0,0.0,2026-09-24T02:21:10.926-03:00
PUCPR,7,livre,0.0,0.0,2026-09-24T02:21:10.926-03:00
PUCPR,70,livre,0.0,0.0,2026-09-24T02:21:10.926-03:00
PUCPR,71,livre,0.0,0.0,2026-09-24T02:21:10.926-03:00
PUCPR,72,livre,0.0,0.0,2026-09-24T02:21:10.926-03:00
PUCPR,73,livre,0.0,0.18451287472796746,2026-09-24T02:21:10.926-03:00
PUCPR,74,ocupada,0.25225630402565,0.5362567496547053,2026-09-24T02:21:10.926-03:00
PUCPR,75,ocupada,0.6556504368782043,0.7301201527154713,2026-09-24T02:21:10.926-03:00
PUCPR,76,livre,0.0,0.0,2026-09-24T02:21:10.926-03:00
PUCPR,77,livre,0.0,0.0,2026-09-24T02:21:10.926-03:00
PUCPR,78,livre,0.0,0.0,2026-09-24T02:21:10.926-03:00
PUCPR,79,livre,0.0,0.0,2026-09-24T02:21:10.926-03:00
PUCPR,8,livre,0.0,0.0,2026-09-24T02:21:10.926-03:00
PUCPR,80,livre,0.0,0.0,2026-09-24T02:21:10.926-03:00
PUCPR,81,livre,0.0,0.0,2026-09-24T02:21:10.926-03:00
PUCPR,82,livre,0.0,0.0,2026-09-24T02:21:10.926-03:00
PUCPR,83,ocupada,0.34058263897895813,0.9252809454579892,2026-09-24T02:21:10.926-03:00
PUCPR,84,ocupada,0.4956003725528717,0.906778067922864,2026-09-24T02:21:10.926-03:00
PUCPR,85,ocupada,0.40305158495903015,0.8608452657421753,2026-09-24T02:21:10.926-03:00
PUCPR,86,ocupada,0.34793296456336975,0.8223907425444198,2026-09-24T02:21:10.926-03:00
PUCPR,87,livre,0.0,0.003978741044611569,2026-09-24T02:21:10.926-03:00
PUCPR,88,livre,0.0,0.0,2026-09-24T02:21:10.926-03:00
PUCPR,89,ocupada,0.437290757894516,0.9917792847341066,2026-09-24T02:21:10.926-03:00
PUCPR,9,livre,0.0,0.0,2026-09-24T02:21:10.926-03:00
PUCPR,90,ocupada,0.3091890811920166,0.9515974465436661,2026-09-24T02:21:10.926-03:00
PUCPR,91,livre,0.0,0.0344943770111513,2026-09-24T02:21:10.926-03:00
PUCPR,92,livre,0.0,0.0,2026-09-24T02:21:10.926-03:00
PUCPR,93,livre,0.0,0.0,2026-09-24T02:21:10.926-03:00
PUCPR,94,ocupada,0.0,0.011808748405307734,2026-09-24T02:21:10.926-03:00
PUCPR,95,livre,0.3023631274700165,0.8761427804880267,2026-09-24T02:21:10.926-03:00
PUCPR,96,livre,0.0,0.00023257218027379032,2026-09-24T02:21:10.926-03:00
PUCPR,97,livre,0.0,0.0,2026-09-24T02:21:10.926-03:00
PUCPR,98,livre,0.0,0.028042526941245115,2026-09-24T02:21:10.926-03:00
PUCPR,99,ocupada,0.3343132436275482,0.8073418953319862,2026-09-24T02:21:10.926-03:00
PUCPR,1,livre,0.0,0.0,2026-09-24T02:21:10.983-03:00
PUCPR,10,livre,0.0,0.0,2026-09-24T02:21:10.983-03:00
PUCPR,100,livre,0.0,0.0,2026-09-24T02:21:10.983-03:00
PUCPR,11,livre,0.0,0.0,2026-09-24T02:21:10.983-03:00
PUCPR,12,livre,0.0,0.0,2026-09-24T02:21:10.983-03:00
PUCPR,13,livre,0.0,0.0,2026-09-24T02:21:10.983-03:00
PUCPR,14,livre,0.0,0.0,2026-09-24T02:21:10.983-03:00
PUCPR,15,livre,0.0,0.0,2026-09-24T02:21:10.983-03:00
PUCPR,16,livre,0.0,0.0,2026-09-24T02:21:10.983-03:00
PUCPR,17,livre,0.0,0.0,2026-09-24T02:21:10.983-03:00
PUCPR,18,livre,0.0,0.0,2026-09-24T02:21:10.983-03:00
PUCPR,19,livre,0.0,0.0,2026-09-24T02:21:10.983-03:00
PUCPR,2,livre,0.0,0.0,2026-09-24T02:21:10.983-03:00
PUCPR,20,livre,0.0,0.0,2026-09-24T02:21:10.983-03:00
PUCPR,21,livre,0.0,0.0,2026-09-24T02:21:10.983-03:00
PUCPR,22,livre,0.0,0.0,2026-09-24T02:21:10.983-03:00
PUCPR,23,livre,0.0,0.009218824673298757,2026-09-24T02:21:10.983-03:00
PUCPR,24,livre,0.0,0.007110341557688009,2026-09-24T02:21:10.983-03:00
PUCPR,25,livre,0.0,0.0,2026-09-24T02:21:10.983-03:00
PUCPR,26,livre,0.0,0.0,2026-09-24T02:21:10.983-03:00
PUCPR,27,livre,0.0,0.0,2026-09-24T02:21:10.983-03:00
PUCPR,28,livre,0.0,0.0,2026-09-24T02:21:10.983-03:00
PUCPR,29,livre,0.0,0.0,2026-09-24T02:21:10.983-03:00
PUCPR,3,livre,0.0,0.0,2026-09-24T02:21:10.983-03:00
PUCPR,30,livre,0.0,0.0,2026-09-24T02:21:10.983-03:00
PUCPR,31,livre,0.0,0.0,2026-09-24T02:21:10.983-03:00
PUCPR,32,livre,0.0,0.0,2026-09-24T02:21:10.983-03:00
PUCPR,33,livre,0.0,0.0,2026-09-24T02:21:10.983-03:00
PUCPR,34,livre,0.0,0.0,2026-09-24T02:21:10.983-03:00
PUCPR,35,livre,0.0,0.0,2026-09-24T02:21:10.983-03:00
PUCPR,36,livre,0.0,0.0,2026-09-24T02:21:10.983-03:00
PUCPR,37,livre,0.0,0.0,2026-09-24T02:21:10.983-03:00
PUCPR,38,livre,0.0,0.0,2026-09-24T02:21:10.983-03:00
PUCPR,39,livre,0.0,0.0,2026-09-24T02:21:10.983-03:00
PUCPR,4,livre,0.0,0.0,2026-09-24T02:21:10.983-03:00
PUCPR,40,livre,0.0,0.0,2026-09-24T02:21:10.983-03:00
PUCPR,41,livre,0.0,0.0,2026-09-24T02:21:10.983-03:00
PUCPR,42,livre,0.0,0.0,2026-09-24T02:21:10.983-03:00
PUCPR,43,livre,0.0,0.0,2026-09-24T02:21:10.983-03:00
PUCPR,44,livre,0.0,0.0,2026-09-24T02:21:10.983-03:00
PUCPR,45,livre,0.0,0.24060688989130447,2026-09-24T02:21:10.983-03:00
PUCPR,46,livre,0.2527370750904083,0.8298272558761183,2026-09-24T02:21:10.983-03:00
PUCPR,47,ocupada,0.2608187198638916,0.8286480687332387,2026-09-24T02:21:10.983-03:00
PUCPR,48,livre,0.0,0.034994023397738154,2026-09-24T02:21:10.983-03:00
PUCPR,49,livre,0.0,0.0,2026-09-24T02:21:10.983-03:00
PUCPR,5,livre,0.0,0.0,2026-09-24T02:21:10.983-03:00
PUCPR,50,livre,0.0,0.0,2026-09-24T02:21:10.983-03:00
PUCPR,51,livre,0.0,0.0,2026-09-24T02:21:10.983-03:00
PUCPR,52,livre,0.0,0.0,2026-09-24T02:21:10.983-03:00
PUCPR,53,livre,0.0,0.0,2026-09-24T02:21:10.983-03:00
PUCPR,54,livre,0.0,0.0,2026-09-24T02:21:10.983-03:00
PUCPR,55,livre,0.0,0.0,2026-09-24T02:21:10.983-03:00
PUCPR,56,livre,0.0,0.0,2026-09-24T02:21:10.983-03:00
PUCPR,57,livre,0.0,0.0,2026-09-24T02:21:10.983-03:00
PUCPR,58,livre,0.0,0.0,2026-09-24T02:21:10.983-03:00
PUCPR,59,livre,0.0,0.0,2026-09-24T02:21:10.983-03:00
PUCPR,6,livre,0.0,0.0,2026-09-24T02:21:10.983-03:00
PUCPR,60,livre,0.0,0.0,2026-09-24T02:21:10.983-03:00
PUCPR,61,livre,0.0,0.0,2026-09-24T02:21:10.983-03:00
PUCPR,62,livre,0.0,0.0,2026-09-24T02:21:10.983-03:00
PUCPR,63,livre,0.0,0.0,2026-09-24T02:21:10.983-03:00
PUCPR,64,livre,0.0,0.0,2026-09-24T02:21:10.983-03:00
PUCPR,65,livre,0.0,0.0,2026-09-24T02:21:10.983-03:00
PUCPR,66,ocupada,0.2521938979625702,0.7354643203801847,2026-09-24T02:21:10.983-03:00
PUCPR,67,livre,0.0,0.14815294484511404,2026-09-24T02:21:10.983-03:00
PUCPR,68,livre,0.2596706748008728,0.9797470621689484,2026-09-24T02:21:10.983-03:00
PUCPR,69,livre,0.0,0.1528325359205578,2026-09-24T02:21:10.983-03:00
PUCPR,7,livre,0.0,0.0,2026-09-24T02:21:10.983-03:00
PUCPR,70,livre,0.0,0.0,2026-09-24T02:21:10.983-03:00
PUCPR,71,livre,0.0,0.0,2026-09-24T02:21:10.983-03:00
PUCPR,72,livre,0.0,0.015425613936909202,2026-09-24T02:21:10.983-03:00
PUCPR,73,livre,0.26611730456352234,0.8827319233857562,2026-09-24T02:21:10.983-03:00
PUCPR,74,ocupada,0.3588775396347046,0.5507230026174902,2026-09-24T02:21:10.983-03:00
PUCPR,75,ocupada,0.6452559232711792,0.7448418202177335,2026-09-24T02:21:10.983-03:00
PUCPR,76,livre,0.0,0.0,2026-09-24T02:21:10.983-03:00
PUCPR,77,livre,0.0,0.0,2026-09-24T02:21:10.983-03:00
PUCPR,78,livre,0.0,0.0,2026-09-24T02:21:10.983-03:00
PUCPR,79,livre,0.0,0.0,2026-09-24T02:21:10.983-03:00
PUCPR,8,livre,0.0,0.0,2026-09-24T02:21:10.983-03:00
PUCPR,80,livre,0.0,0.0,2026-09-24T02:21:10.983-03:00
PUCPR,81,livre,0.30163559317588806,0.7382727170491016,2026-09-24T02:21:10.983-03:00
PUCPR,82,livre,0.0,0.0,2026-09-24T02:21:10.983-03:00
PUCPR,83,ocupada,0.3040037453174591,0.9244431912363467,2026-09-24T02:21:10.983-03:00
PUCPR,84,ocupada,0.45461851358413696,0.9288749757448543,2026-09-24T02:21:10.983-03:00
PUCPR,85,ocupada,0.427388995885849,0.8683091564743666,2026-09-24T02:21:10.983-03:00
PUCPR,86,ocupada,0.43543773889541626,0.8184206283022624,2026-09-24T02:21:10.983-03:00
PUCPR,87,livre,0.2527012228965759,0.8509035481994696,2026-09-24T02:21:10.983-03:00
PUCPR,88,livre,0.0,0.08449113355810406,2026-09-24T02:21:10.983-03:00
PUCPR,89,ocupada,0.4255196750164032,0.994217425318464,2026-09-24T02:21:10.983-03:00
PUCPR,9,livre,0.0,0.0,2026-09-24T02:21:10.983-03:00
PUCPR,90,ocupada,0.2511827349662781,0.9501529927936126,2026-09-24T02:21:10.983-03:00
PUCPR,91,livre,0.0,0.03292604573105229,2026-09-24T02:21:10.983-03:00
PUCPR,92,livre,0.0,0.0,2026-09-24T02:21:10.983-03:00
PUCPR,93,livre,0.0,0.0,2026-09-24T02:21:10.983-03:00
PUCPR,94,livre,0.0,0.010574543038226369,2026-09-24T02:21:10.983-03:00
PUCPR,95,ocupada,0.2904898226261139,0.8759549103916325,2026-09-24T02:21:10.983-03:00
PUCPR,96,livre,0.0,0.00040749954162487513,2026-09-24T02:21:10.983-03:00
PUCPR,97,livre,0.0,0.0,2026-09-24T02:21:10.983-03:00
PUCPR,98,livre,0.0,0.028945722784444433,2026-09-24T02:21:10.983-03:00
PUCPR,99,ocupada,0.30224302411079407,0.8139884968406841,2026-09-24T02:21:10.983-03:00
PUCPR,1,livre,0.0,0.06194414365446002,2026-09-24T02:21:11.045-03:00
PUCPR,10,livre,0.0,0.0,2026-09-24T02:21:11.045-03:00
PUCPR,100,livre,0.0,0.0,2026-09-24T02:21:11.045-03:00
PUCPR,11,livre,0.0,0.0,2026-09-24T02:21:11.045-03:00
PUCPR,12,livre,0.0,0.0,2026-09-24T02:21:11.045-03:00
PUCPR,13,livre,0.0,0.0,2026-09-24T02:21:11.045-03:00
PUCPR,14,livre,0.0,0.0,2026-09-24T02:21:11.045-03:00
PUCPR,15,livre,0.0,0.0,2026-09-24T02:21:11.045-03:00
PUCPR,16,livre,0.0,0.0,2026-09-24T02:21:11.045-03:00
PUCPR,17,livre,0.0,0.0,2026-09-24T02:21:11.045-03:00
PUCPR,18,livre,0.0,0.0,2026-09-24T02:21:11.045-03:00
PUCPR,19,livre,0.27543261647224426,0.7232997644635208,2026-09-24T02:21:11.045-03:00
PUCPR,2,livre,0.3096219003200531,0.7911701879848726,2026-09-24T02:21:11.045-03:00
PUCPR,20,livre,0.0,0.0,2026-09-24T02:21:11.045-03:00
PUCPR,21,livre,0.0,0.0,2026-09-24T02:21:11.045-03:00
PUCPR,22,livre,0.0,0.0,2026-09-24T02:21:11.045-03:00
PUCPR,23,livre,0.0,0.005506389699901659,2026-09-24T02:21:11.045-03:00
PUCPR,24,livre,0.0,0.004246996000417859,2026-09-24T02:21:11.045-03:00
PUCPR,25,livre,0.0,0.0,2026-09-24T02:21:11.045-03:00
PUCPR,26,livre,0.0,0.0,2026-09-24T02:21:11.045-03:00
PUCPR,27,livre,0.0,0.0,2026-09-24T02:21:11.045-03:00
PUCPR,28,livre,0.0,0.0,2026-09-24T02:21:11.045-03:00
PUCPR,29,livre,0.0,0.0,2026-09-24T02:21:11.045-03:00
PUCPR,3,livre,0.25060945749282837,0.8641856622980438,2026-09-24T02:21:11.045-03:00
PUCPR,30,livre,0.0,0.0,2026-09-24T02:21:11.045-03:00
PUCPR,31,livre,0.0,0.0,2026-09-24T02:21:11.045-03:00
PUCPR,32,livre,0.0,0.0,2026-09-24T02:21:11.045-03:00
PUCPR,33,livre,0.0,0.0,2026-09-24T02:21:11.045-03:00
PUCPR,34,livre,0.0,0.0,2026-09-24T02:21:11.045-03:00
PUCPR,35,livre,0.0,0.0,2026-09-24T02:21:11.045-03:00
PUCPR,36,livre,0.0,0.0,2026-09-24T02:21:11.045-03:00
PUCPR,37,livre,0.0,0.0,2026-09-24T02:21:11.045-03:00
PUCPR,38,livre,0.0,0.0,2026-09-24T02:21:11.045-03:00
PUCPR,39,livre,0.0,0.0,2026-09-24T02:21:11.045-03:00
PUCPR,4,livre,0.0,0.09745067004295492,2026-09-24T02:21:11.045-03:00
PUCPR,40,livre,0.0,0.0,2026-09-24T02:21:11.045-03:00
PUCPR,41,livre,0.0,0.0,2026-09-24T02:21:11.045-03:00
PUCPR,42,livre,0.0,0.0,2026-09-24T02:21:11.045-03:00
PUCPR,43,livre,0.0,0.0,2026-09-24T02:21:11.045-03:00
PUCPR,44,livre,0.27611392736434937,0.8798001229853151,2026-09-24T02:21:11.045-03:00
PUCPR,45,livre,0.0,0.23540409728169862,2026-09-24T02:21:11.045-03:00
PUCPR,46,ocupada,0.25836727023124695,0.8413232712657861,2026-09-24T02:21:11.045-03:00
PUCPR,47,ocupada,0.2839072048664093,0.8300153445259068,2026-09-24T02:21:11.045-03:00
PUCPR,48,livre,0.0,0.03683998131808753,2026-09-24T02:21:11.045-03:00
PUCPR,49,livre,0.0,0.0,2026-09-24T02:21:11.045-03:00
PUCPR,5,livre,0.0,0.0,2026-09-24T02:21:11.045-03:00
PUCPR,50,livre,0.0,0.0,2026-09-24T02:21:11.045-03:00
PUCPR,51,livre,0.0,0.0,2026-09-24T02:21:11.045-03:00
PUCPR,52,livre,0.0,0.0,2026-09-24T02:21:11.045-03:00
PUCPR,53,livre,0.0,0.0,2026-09-24T02:21:11.045-03:00
PUCPR,54,livre,0.0,0.0,2026-09-24T02:21:11.045-03:00
PUCPR,55,livre,0.0,0.0,2026-09-24T02:21:11.045-03:00
PUCPR,56,livre,0.0,0.0,2026-09-24T02:21:11.045-03:00
PUCPR,57,livre,0.0,0.0,2026-09-24T02:21:11.045-03:00
PUCPR,58,livre,0.0,0.0,2026-09-24T02:21:11.045-03:00
PUCPR,59,livre,0.0,0.0,2026-09-24T02:21:11.045-03:00
PUCPR,6,livre,0.0,0.0,2026-09-24T02:21:11.045-03:00
PUCPR,60,livre,0.0,0.0,2026-09-24T02:21:11.045-03:00
PUCPR,61,livre,0.0,0.0,2026-09-24T02:21:11.045-03:00
PUCPR,62,livre,0.0,0.0,2026-09-24T02:21:11.045-03:00
PUCPR,63,livre,0.0,0.0,2026-09-24T02:21:11.045-03:00
PUCPR,64,livre,0.0,0.0,2026-09-24T02:21:11.045-03:00
PUCPR,65,livre,0.0,0.0,2026-09-24T02:21:11.045-03:00
PUCPR,66,ocupada,0.32124119997024536,0.7393342118305081,2026-09-24T02:21:11.045-03:00
PUCPR,67,livre,0.0,0.1504006534576935,2026-09-24T02:21:11.045-03:00
PUCPR,68,livre,0.33361536264419556,0.9805382169157004,2026-09-24T02:21:11.045-03:00
PUCPR,69,livre,0.3396160304546356,0.9947382631507965,2026-09-24T02:21:11.045-03:00
PUCPR,7,livre,0.0,0.0,2026-09-24T02:21:11.045-03:00
PUCPR,70,livre,0.0,0.16005791327589755,2026-09-24T02:21:11.045-03:00
PUCPR,71,livre,0.0,0.0,2026-09-24T02:21:11.045-03:00
PUCPR,72,livre,0.0,0.015249589894297002,2026-09-24T02:21:11.045-03:00
PUCPR,73,livre,0.34145036339759827,0.8853351015296337,2026-09-24T02:21:11.045-03:00
PUCPR,74,ocupada,0.40176206827163696,0.6723080072276282,2026-09-24T02:21:11.045-03:00
PUCPR,75,ocupada,0.6005560755729675,0.7374676948268819,2026-09-24T02:21:11.045-03:00
PUCPR,76,livre,0.0,0.0,2026-09-24T02:21:11.045-03:00
PUCPR,77,livre,0.0,0.0,2026-09-24T02:21:11.045-03:00
PUCPR,78,livre,0.0,0.0,2026-09-24T02:21:11.045-03:00
PUCPR,79,livre,0.2528676986694336,0.774193515368276,2026-09-24T02:21:11.045-03:00
PUCPR,8,livre,0.0,0.0,2026-09-24T02:21:11.045-03:00
PUCPR,80,livre,0.0,0.0,2026-09-24T02:21:11.045-03:00
PUCPR,81,livre,0.32338470220565796,0.7762868167310383,2026-09-24T02:21:11.045-03:00
PUCPR,82,livre,0.0,0.0,2026-09-24T02:21:11.045-03:00
PUCPR,83,ocupada,0.3398378789424896,0.9370625527354752,2026-09-24T02:21:11.045-03:00
PUCPR,84,ocupada,0.4928019046783447,0.9178308375224187,2026-09-24T02:21:11.045-03:00
PUCPR,85,ocupada,0.4239533543586731,0.8586048646299408,2026-09-24T02:21:11.045-03:00
PUCPR,86,ocupada,0.3955933451652527,0.8200509774322414,2026-09-24T02:21:11.045-03:00
PUCPR,87,livre,0.0,0.0033209845530555544,2026-09-24T02:21:11.045-03:00
PUCPR,88,livre,0.0,0.0,2026-09-24T02:21:11.045-03:00
PUCPR,89,ocupada,0.3649510443210602,0.9928485834528193,2026-09-24T02:21:11.045-03:00
PUCPR,9,livre,0.0,0.0,2026-09-24T02:21:11.045-03:00
PUCPR,90,ocupada,0.0,0.20326260220593392,2026-09-24T02:21:11.045-03:00
PUCPR,91,livre,0.0,0.0,2026-09-24T02:21:11.045-03:00
PUCPR,92,livre,0.0,0.0,2026-09-24T02:21:11.045-03:00
PUCPR,93,livre,0.0,0.0,2026-09-24T02:21:11.045-03:00
PUCPR,94,livre,0.0,0.0,2026-09-24T02:21:11.045-03:00
PUCPR,95,ocupada,0.0,0.0,2026-09-24T02:21:11.045-03:00
PUCPR,96,livre,0.0,0.0,2026-09-24T02:21:11.045-03:00
PUCPR,97,livre,0.0,0.0,2026-09-24T02:21:11.045-03:00
PUCPR,98,livre,0.0,0.02887534342220045,2026-09-24T02:21:11.045-03:00
PUCPR,99,ocupada,0.3231259882450104,0.8161119084680897,2026-09-24T02:21:11.045-03:00
PUCPR,1,livre,0.0,0.0,2026-09-24T02:21:11.111-03:00
PUCPR,10,livre,0.0,0.0,2026-09-24T02:21:11.111-03:00
PUCPR,100,livre,0.45035961270332336,0.579710499002418,2026-09-24T02:21:11.111-03:00
PUCPR,11,livre,0.0,0.0,2026-09-24T02:21:11.111-03:00
PUCPR,12,livre,0.0,0.0,2026-09-24T02:21:11.111-03:00
PUCPR,13,livre,0.0,0.0,2026-09-24T02:21:11.111-03:00
PUCPR,14,livre,0.0,0.0,2026-09-24T02:21:11.111-03:00
PUCPR,15,livre,0.0,0.0,2026-09-24T02:21:11.111-03:00
PUCPR,16,livre,0.0,0.0,2026-09-24T02:21:11.111-03:00
PUCPR,17,livre,0.0,0.0,2026-09-24T02:21:11.111-03:00
PUCPR,18,livre,0.0,0.0,2026-09-24T02:21:11.111-03:00
PUCPR,19,livre,0.3097260892391205,0.7309079634243322,2026-09-24T02:21:11.111-03:00
PUCPR,2,livre,0.0,0.0,2026-09-24T02:21:11.111-03:00
PUCPR,20,livre,0.0,0.0,2026-09-24T02:21:11.111-03:00
PUCPR,21,livre,0.0,0.0,2026-09-24T02:21:11.111-03:00
PUCPR,22,livre,0.0,0.0,2026-09-24T02:21:11.111-03:00
PUCPR,23,livre,0.0,0.0,2026-09-24T02:21:11.111-03:00
PUCPR,24,livre,0.0,0.0,2026-09-24T02:21:11.111-03:00
PUCPR,25,livre,0.0,0.0,2026-09-24T02:21:11.111-03:00
PUCPR,26,livre,0.0,0.021239244118350875,2026-09-24T02:21:11.111-03:00
PUCPR,27,livre,0.0,0.002465422130060603,2026-09-24T02:21:11.111-03:00
PUCPR,28,livre,0.0,0.0,2026-09-24T02:21:11.111-03:00
PUCPR,29,livre,0.0,0.0,2026-09-24T02:21:11.111-03:00
PUCPR,3,livre,0.0,0.0,2026-09-24T02:21:11.111-03:00
PUCPR,30,livre,0.0,0.0,2026-09-24T02:21:11.111-03:00
PUCPR,31,livre,0.0,0.0,2026-09-24T02:21:11.111-03:00
PUCPR,32,livre,0.0,0.0,2026-09-24T02:21:11.111-03:00
PUCPR,33,livre,0.0,0.0,2026-09-24T02:21:11.111-03:00
PUCPR,34,livre,0.0,0.0,2026-09-24T02:21:11.111-03:00
PUCPR,35,livre,0.0,0.0,2026-09-24T02:21:11.111-03:00
PUCPR,36,livre,0.0,0.0,2026-09-24T02:21:11.111-03:00
PUCPR,37,livre,0.0,0.0,2026-09-24T02:21:11.111-03:00
PUCPR,38,livre,0.0,0.0,2026-09-24T02:21:11.111-03:00
PUCPR,39,livre,0.0,0.0,2026-09-24T02:21:11.111-03:00
PUCPR,4,livre,0.0,0.0,2026-09-24T02:21:11.111-03:00
PUCPR,40,livre,0.0,0.0,2026-09-24T02:21:11.111-03:00
PUCPR,41,livre,0.0,0.0,2026-09-24T02:21:11.111-03:00
PUCPR,42,livre,0.0,0.0,2026-09-24T02:21:11.111-03:00
PUCPR,43,livre,0.0,0.0,2026-09-24T02:21:11.111-03:00
PUCPR,44,livre,0.3068845570087433,0.863730526448583,2026-09-24T02:21:11.111-03:00
PUCPR,45,livre,0.0,0.0,2026-09-24T02:21:11.111-03:00
PUCPR,46,ocupada,0.0,0.0,2026-09-24T02:21:11.111-03:00
PUCPR,47,ocupada,0.0,0.0,2026-09-24T02:21:11.111-03:00
PUCPR,48,livre,0.0,0.06203313654229966,2026-09-24T02:21:11.111-03:00
PUCPR,49,livre,0.30946293473243713,0.9448134483208781,2026-09-24T02:21:11.111-03:00
PUCPR,5,livre,0.0,0.0,2026-09-24T02:21:11.111-03:00
PUCPR,50,livre,0.0,0.0,2026-09-24T02:21:11.111-03:00
PUCPR,51,livre,0.4784426689147949,0.8630886644698381,2026-09-24T02:21:11.111-03:00
PUCPR,52,livre,0.0,0.0793909714261944,2026-09-24T02:21:11.111-03:00
PUCPR,53,livre,0.0,0.0,2026-09-24T02:21:11.111-03:00
PUCPR,54,livre,0.0,0.0,2026-09-24T02:21:11.111-03:00
PUCPR,55,livre,0.0,0.0,2026-09-24T02:21:11.111-03:00
PUCPR,56,livre,0.0,0.0,2026-09-24T02:21:11.111-03:00
PUCPR,57,livre,0.0,0.0,2026-09-24T02:21:11.111-03:00
PUCPR,58,livre,0.0,0.0,2026-09-24T02:21:11.111-03:00
PUCPR,59,livre,0.0,0.0,2026-09-24T02:21:11.111-03:00
PUCPR,6,livre,0.0,0.0,2026-09-24T02:21:11.111-03:00
PUCPR,60,livre,0.0,0.0,2026-09-24T02:21:11.111-03:00
PUCPR,61,livre,0.0,0.0,2026-09-24T02:21:11.111-03:00
PUCPR,62,livre,0.0,0.0,2026-09-24T02:21:11.111-03:00
PUCPR,63,livre,0.0,0.0,2026-09-24T02:21:11.111-03:00
PUCPR,64,livre,0.0,0.0,2026-09-24T02:21:11.111-03:00
PUCPR,65,livre,0.0,0.0,2026-09-24T02:21:11.111-03:00
PUCPR,66,ocupada,0.3780495524406433,0.723863493762712,2026-09-24T02:21:11.111-03:00
PUCPR,67,livre,0.0,0.2391761704882789,2026-09-24T02:21:11.111-03:00
PUCPR,68,ocupada,0.29703205823898315,0.979248564196679,2026-09-24T02:21:11.111-03:00
PUCPR,69,livre,0.3414902985095978,0.9893200337613441,2026-09-24T02:21:11.111-03:00
PUCPR,7,livre,0.0,0.0,2026-09-24T02:21:11.111-03:00
PUCPR,70,livre,0.0,0.17018219109389732,2026-09-24T02:21:11.111-03:00
PUCPR,71,livre,0.26393070816993713,0.9390805895055134,2026-09-24T02:21:11.111-03:00
PUCPR,72,livre,0.3175607919692993,0.9864443127871775,2026-09-24T02:21:11.111-03:00
PUCPR,73,ocupada,0.3995020389556885,0.8789681871353991,2026-09-24T02:21:11.111-03:00
PUCPR,74,ocupada,0.5549277067184448,0.8022154545963718,2026-09-24T02:21:11.111-03:00
PUCPR,75,ocupada,0.7370147109031677,0.7431258548257839,2026-09-24T02:21:11.111-03:00
PUCPR,76,livre,0.0,0.0,2026-09-24T02:21:11.111-03:00
PUCPR,77,livre,0.0,0.0,2026-09-24T02:21:11.111-03:00
PUCPR,78,livre,0.0,0.0,2026-09-24T02:21:11.111-03:00
PUCPR,79,livre,0.2600705623626709,0.7587893024987024,2026-09-24T02:21:11.111-03:00
PUCPR,8,livre,0.0,0.0,2026-09-24T02:21:11.111-03:00
PUCPR,80,livre,0.0,0.0,2026-09-24T02:21:11.111-03:00
PUCPR,81,ocupada,0.3937302827835083,0.7735537445029169,2026-09-24T02:21:11.111-03:00
PUCPR,82,livre,0.0,0.0,2026-09-24T02:21:11.111-03:00
PUCPR,83,ocupada,0.32959190011024475,0.9344827145619885,2026-09-24T02:21:11.111-03:00
PUCPR,84,ocupada,0.5358264446258545,0.901221797221757,2026-09-24T02:21:11.111-03:00
PUCPR,85,ocupada,0.509395182132721,0.8617514570698748,2026-09-24T02:21:11.111-03:00
PUCPR,86,ocupada,0.4423584043979645,0.8095646512644215,2026-09-24T02:21:11.111-03:00
PUCPR,87,livre,0.2691190242767334,0.8659306008806742,2026-09-24T02:21:11.111-03:00
PUCPR,88,livre,0.2722134590148926,0.7913511115971756,2026-09-24T02:21:11.111-03:00
PUCPR,89,ocupada,0.4097166061401367,0.9971015456889786,2026-09-24T02:21:11.111-03:00
PUCPR,9,livre,0.0,0.0,2026-09-24T02:21:11.111-03:00
PUCPR,90,ocupada,0.0,0.20988562127497792,2026-09-24T02:21:11.111-03:00
PUCPR,91,livre,0.27705714106559753,0.9241305768220676,2026-09-24T02:21:11.111-03:00
PUCPR,92,livre,0.0,0.17163649629029532,2026-09-24T02:21:11.111-03:00
PUCPR,93,livre,0.0,0.08416759067281736,2026-09-24T02:21:11.111-03:00
PUCPR,94,livre,0.2644876539707184,0.9505725237957953,2026-09-24T02:21:11.111-03:00
PUCPR,95,ocupada,0.0,0.04832969598283237,2026-09-24T02:21:11.111-03:00
PUCPR,96,livre,0.0,0.0,2026-09-24T02:21:11.111-03:00
PUCPR,97,livre,0.0,0.0,2026-09-24T02:21:11.111-03:00
PUCPR,98,livre,0.2853468656539917,0.7907768961892456,2026-09-24T02:21:11.111-03:00
PUCPR,99,ocupada,0.31127145886421204,0.8110979508432031,2026-09-24T02:21:11.111-03:00
PUCPR,1,livre,0.0,0.20582024610816912,2026-09-24T02:21:11.177-03:00
PUCPR,10,livre,0.0,0.0,2026-09-24T02:21:11.177-03:00
PUCPR,100,livre,0.30531612038612366,0.6217129603319466,2026-09-24T02:21:11.177-03:00
PUCPR,11,livre,0.0,0.0,2026-09-24T02:21:11.177-03:00
PUCPR,12,livre,0.0,0.0,2026-09-24T02:21:11.177-03:00
PUCPR,13,livre,0.0,0.0,2026-09-24T02:21:11.177-03:00
PUCPR,14,livre,0.0,0.0,2026-09-24T02:21:11.177-03:00
PUCPR,15,livre,0.0,0.0,2026-09-24T02:21:11.177-03:00
PUCPR,16,livre,0.0,0.0,2026-09-24T02:21:11.177-03:00
PUCPR,17,livre,0.0,0.0,2026-09-24T02:21:11.177-03:00
PUCPR,18,livre,0.0,0.0,2026-09-24T02:21:11.177-03:00
PUCPR,19,ocupada,0.43874385952949524,0.7358766050418515,2026-09-24T02:21:11.177-03:00
PUCPR,2,livre,0.0,0.0,2026-09-24T02:21:11.177-03:00
PUCPR,20,livre,0.0,0.0,2026-09-24T02:21:11.177-03:00
PUCPR,21,livre,0.0,0.0,2026-09-24T02:21:11.177-03:00
PUCPR,22,livre,0.0,0.0,2026-09-24T02:21:11.177-03:00
PUCPR,23,livre,0.0,0.001893780038714872,2026-09-24T02:21:11.177-03:00
PUCPR,24,livre,0.0,0.001460644213070958,2026-09-24T02:21:11.177-03:00
PUCPR,25,livre,0.0,0.0,2026-09-24T02:21:11.177-03:00
PUCPR,26,livre,0.0,0.0,2026-09-24T02:21:11.177-03:00
PUCPR,27,livre,0.0,0.0,2026-09-24T02:21:11.177-03:00
PUCPR,28,livre,0.0,0.0,2026-09-24T02:21:11.177-03:00
PUCPR,29,livre,0.0,0.0,2026-09-24T02:21:11.177-03:00
PUCPR,3,livre,0.0,0.0,2026-09-24T02:21:11.177-03:00
PUCPR,30,livre,0.0,0.0,2026-09-24T02:21:11.177-03:00
PUCPR,31,livre,0.0,0.036469092897555885,2026-09-24T02:21:11.177-03:00
PUCPR,32,livre,0.2689552903175354,0.8662408174042358,2026-09-24T02:21:11.177-03:00
PUCPR,33,livre,0.0,0.08405198770712942,2026-09-24T02:21:11.177-03:00
PUCPR,34,livre,0.0,0.0,2026-09-24T02:21:11.177-03:00
PUCPR,35,livre,0.0,0.0,2026-09-24T02:21:11.177-03:00
PUCPR,36,livre,0.0,0.040360116016831836,2026-09-24T02:21:11.177-03:00
PUCPR,37,livre,0.0,0.0008153174325210474,2026-09-24T02:21:11.177-03:00
PUCPR,38,livre,0.0,0.0,2026-09-24T02:21:11.177-03:00
PUCPR,39,livre,0.0,0.0,2026-09-24T02:21:11.177-03:00
PUCPR,4,livre,0.0,0.0,2026-09-24T02:21:11.177-03:00
PUCPR,40,livre,0.0,0.0,2026-09-24T02:21:11.177-03:00
PUCPR,41,livre,0.0,0.0,2026-09-24T02:21:11.177-03:00
PUCPR,42,livre,0.0,0.0,2026-09-24T02:21:11.177-03:00
PUCPR,43,livre,0.0,0.0,2026-09-24T02:21:11.177-03:00
PUCPR,44,ocupada,0.3443810045719147,0.8648976620231702,2026-09-24T02:21:11.177-03:00
PUCPR,45,livre,0.0,0.22803653537807328,2026-09-24T02:21:11.177-03:00
PUCPR,46,ocupada,0.32900968194007874,0.8365458633143198,2026-09-24T02:21:11.177-03:00
PUCPR,47,ocupada,0.0,0.05744076047371491,2026-09-24T02:21:11.177-03:00
PUCPR,48,livre,0.0,0.0,2026-09-24T02:21:11.177-03:00
PUCPR,49,livre,0.0,0.0,2026-09-24T02:21:11.177-03:00
PUCPR,5,livre,0.0,0.0,2026-09-24T02:21:11.177-03:00
PUCPR,50,livre,0.0,0.0,2026-09-24T02:21:11.177-03:00
PUCPR,51,livre,0.5166928768157959,0.8616283078326727,2026-09-24T02:21:11.177-03:00
PUCPR,52,livre,0.0,0.09129124173570917,2026-09-24T02:21:11.177-03:00
PUCPR,53,livre,0.0,0.0,2026-09-24T02:21:11.177-03:00
PUCPR,54,livre,0.0,0.056973556143788975,2026-09-24T02:21:11.177-03:00
PUCPR,55,livre,0.0,0.01656583096470451,2026-09-24T02:21:11.177-03:00
PUCPR,56,livre,0.0,0.0,2026-09-24T02:21:11.177-03:00
PUCPR,57,livre,0.0,0.0,2026-09-24T02:21:11.177-03:00
PUCPR,58,livre,0.31772181391716003,0.8199939791226227,2026-09-24T02:21:11.177-03:00
PUCPR,59,livre,0.0,0.0,2026-09-24T02:21:11.177-03:00
PUCPR,6,livre,0.0,0.0,2026-09-24T02:21:11.177-03:00
PUCPR,60,livre,0.0,0.0,2026-09-24T02:21:11.177-03:00
PUCPR,61,livre,0.0,0.0,2026-09-24T02:21:11.177-03:00
PUCPR,62,livre,0.0,0.0,2026-09-24T02:21:11.177-03:00
PUCPR,63,livre,0.0,0.0,2026-09-24T02:21:11.177-03:00
PUCPR,64,livre,0.0,0.0,2026-09-24T02:21:11.177-03:00
PUCPR,65,livre,0.0,0.0,2026-09-24T02:21:11.177-03:00
PUCPR,66,ocupada,0.288467675447464,0.7027034498515972,2026-09-24T02:21:11.177-03:00
PUCPR,67,livre,0.0,0.15141462095541672,2026-09-24T02:21:11.177-03:00
PUCPR,68,ocupada,0.2545766532421112,0.980579926339346,2026-09-24T02:21:11.177-03:00
PUCPR,69,livre,0.0,0.15340297701057368,2026-09-24T02:21:11.177-03:00
PUCPR,7,livre,0.0,0.0,2026-09-24T02:21:11.177-03:00
PUCPR,70,livre,0.0,0.0,2026-09-24T02:21:11.177-03:00
PUCPR,71,livre,0.0,0.0,2026-09-24T02:21:11.177-03:00
PUCPR,72,livre,0.3000831604003906,0.9956135368328306,2026-09-24T02:21:11.177-03:00
PUCPR,73,ocupada,0.3952980935573578,0.8856455263044218,2026-09-24T02:21:11.177-03:00
PUCPR,74,ocupada,0.5809734463691711,0.8055949240602552,2026-09-24T02:21:11.177-03:00
PUCPR,75,ocupada,0.7473588585853577,0.7555510633112797,2026-09-24T02:21:11.177-03:00
PUCPR,76,livre,0.3787485361099243,0.814868139681743,2026-09-24T02:21:11.177-03:00
PUCPR,77,livre,0.0,0.0,2026-09-24T02:21:11.177-03:00
PUCPR,78,livre,0.0,0.0,2026-09-24T02:21:11.177-03:00
PUCPR,79,livre,0.0,0.0,2026-09-24T02:21:11.177-03:00
PUCPR,8,livre,0.0,0.0,2026-09-24T02:21:11.177-03:00
PUCPR,80,livre,0.0,0.0,2026-09-24T02:21:11.177-03:00
PUCPR,81,ocupada,0.3547322750091553,0.7844162408192203,2026-09-24T02:21:11.177-03:00
PUCPR,82,livre,0.0,0.0,2026-09-24T02:21:11.177-03:00
PUCPR,83,ocupada,0.3691127300262451,0.945565471692827,2026-09-24T02:21:11.177-03:00
PUCPR,84,ocupada,0.4883013069629669,0.9105188862919628,2026-09-24T02:21:11.177-03:00
PUCPR,85,ocupada,0.4780840575695038,0.8557324937911673,2026-09-24T02:21:11.177-03:00
PUCPR,86,ocupada,0.4465467631816864,0.8155132061154101,2026-09-24T02:21:11.177-03:00
PUCPR,87,livre,0.0,0.0016981508464595718,2026-09-24T02:21:11.177-03:00
PUCPR,88,livre,0.0,0.0,2026-09-24T02:21:11.177-03:00
PUCPR,89,ocupada,0.36833512783050537,0.9938064408912012,2026-09-24T02:21:11.177-03:00
PUCPR,9,livre,0.0,0.0,2026-09-24T02:21:11.177-03:00
PUCPR,90,livre,0.0,0.20840607023323138,2026-09-24T02:21:11.177-03:00
PUCPR,91,livre,0.2829412817955017,0.9408748273069417,2026-09-24T02:21:11.177-03:00
PUCPR,92,livre,0.0,0.19614327015688798,2026-09-24T02:21:11.177-03:00
PUCPR,93,livre,0.0,0.12246802156796759,2026-09-24T02:21:11.177-03:00
PUCPR,94,livre,0.2961399257183075,0.9700394845591908,2026-09-24T02:21:11.177-03:00
PUCPR,95,ocupada,0.25507789850234985,0.8886462195134963,2026-09-24T02:21:11.177-03:00
PUCPR,96,livre,0.0,0.0016813643701082286,2026-09-24T02:21:11.177-03:00
PUCPR,97,livre,0.0,0.0,2026-09-24T02:21:11.177-03:00
PUCPR,98,livre,0.30451107025146484,0.7945089456553892,2026-09-24T02:21:11.177-03:00
PUCPR,99,ocupada,0.27960848808288574,0.8752002877183179,2026-09-24T02:21:11.177-03:00
PUCPR,1,livre,0.0,0.20110225044753294,2026-09-24T02:21:11.242-03:00
PUCPR,10,livre,0.0,0.0,2026-09-24T02:21:11.242-03:00
PUCPR,100,livre,0.0,0.0,2026-09-24T02:21:11.242-03:00
PUCPR,11,livre,0.0,0.0,2026-09-24T02:21:11.242-03:00
PUCPR,12,livre,0.0,0.0,2026-09-24T02:21:11.242-03:00
PUCPR,13,livre,0.0,0.0,2026-09-24T02:21:11.242-03:00
PUCPR,14,livre,0.0,0.0,2026-09-24T02:21:11.242-03:00
PUCPR,15,livre,0.0,0.0,2026-09-24T02:21:11.242-03:00
PUCPR,16,livre,0.0,0.0,2026-09-24T02:21:11.242-03:00
PUCPR,17,livre,0.0,0.0,2026-09-24T02:21:11.242-03:00
PUCPR,18,livre,0.0,0.0,2026-09-24T02:21:11.242-03:00
PUCPR,19,ocupada,0.43160173296928406,0.7247699787445959,2026-09-24T02:21:11.242-03:00
PUCPR,2,livre,0.0,0.0,2026-09-24T02:21:11.242-03:00
PUCPR,20,livre,0.0,0.0,2026-09-24T02:21:11.242-03:00
PUCPR,21,livre,0.0,0.0,2026-09-24T02:21:11.242-03:00
PUCPR,22,livre,0.0,0.0,2026-09-24T02:21:11.242-03:00
PUCPR,23,livre,0.0,0.005603386476710813,2026-09-24T02:21:11.242-03:00
PUCPR,24,livre,0.0,0.0043218081633062105,2026-09-24T02:21:11.242-03:00
PUCPR,25,livre,0.0,0.0,2026-09-24T02:21:11.242-03:00
PUCPR,26,livre,0.0,0.024559903150570876,2026-09-24T02:21:11.242-03:00
PUCPR,27,livre,0.0,0.004637233059680131,2026-09-24T02:21:11.242-03:00
PUCPR,28,livre,0.0,0.0,2026-09-24T02:21:11.242-03:00
PUCPR,29,livre,0.0,0.0,2026-09-24T02:21:11.242-03:00
PUCPR,3,livre,0.0,0.0,2026-09-24T02:21:11.242-03:00
PUCPR,30,livre,0.0,0.0,2026-09-24T02:21:11.242-03:00
PUCPR,31,livre,0.0,0.0,2026-09-24T02:21:11.242-03:00
PUCPR,32,livre,0.0,0.0,2026-09-24T02:21:11.242-03:00
PUCPR,33,livre,0.0,0.0,2026-09-24T02:21:11.242-03:00
PUCPR,34,livre,0.0,0.0,2026-09-24T02:21:11.242-03:00
PUCPR,35,livre,0.0,0.0,2026-09-24T02:21:11.242-03:00
PUCPR,36,livre,0.0,0.03734683784800091,2026-09-24T02:21:11.242-03:00
PUCPR,37,livre,0.0,0.0006663378100223249,2026-09-24T02:21:11.242-03:00
PUCPR,38,livre,0.0,0.0,2026-09-24T02:21:11.242-03:00
PUCPR,39,livre,0.0,0.0,2026-09-24T02:21:11.242-03:00
PUCPR,4,livre,0.0,0.0,2026-09-24T02:21:11.242-03:00
PUCPR,40,livre,0.0,0.0,2026-09-24T02:21:11.242-03:00
PUCPR,41,livre,0.0,0.0,2026-09-24T02:21:11.242-03:00
PUCPR,42,livre,0.0,0.0,2026-09-24T02:21:11.242-03:00
PUCPR,43,livre,0.0,0.0,2026-09-24T02:21:11.242-03:00
PUCPR,44,ocupada,0.2780289351940155,0.8587441960599169,2026-09-24T02:21:11.242-03:00
PUCPR,45,livre,0.0,0.23482338455567325,2026-09-24T02:21:11.242-03:00
PUCPR,46,ocupada,0.3496357500553131,0.8493928112909807,2026-09-24T02:21:11.242-03:00
PUCPR,47,livre,0.0,0.06379012861666553,2026-09-24T02:21:11.242-03:00
PUCPR,48,livre,0.0,0.061703872565649534,2026-09-24T02:21:11.242-03:00
PUCPR,49,livre,0.3044036030769348,0.9544149313213157,2026-09-24T02:21:11.242-03:00
PUCPR,5,livre,0.0,0.0,2026-09-24T02:21:11.242-03:00
PUCPR,50,livre,0.0,0.0,2026-09-24T02:21:11.242-03:00
PUCPR,51,ocupada,0.40917539596557617,0.8656077705969214,2026-09-24T02:21:11.242-03:00
PUCPR,52,livre,0.0,0.09493106466619788,2026-09-24T02:21:11.242-03:00
PUCPR,53,livre,0.0,0.0,2026-09-24T02:21:11.242-03:00
PUCPR,54,livre,0.0,0.0,2026-09-24T02:21:11.242-03:00
PUCPR,55,livre,0.0,0.0,2026-09-24T02:21:11.242-03:00
PUCPR,56,livre,0.0,0.0,2026-09-24T02:21:11.242-03:00
PUCPR,57,livre,0.0,0.0,2026-09-24T02:21:11.242-03:00
PUCPR,58,livre,0.3563195765018463,0.8256725765644101,2026-09-24T02:21:11.242-03:00
PUCPR,59,livre,0.0,0.0,2026-09-24T02:21:11.242-03:00
PUCPR,6,livre,0.0,0.0,2026-09-24T02:21:11.242-03:00
PUCPR,60,livre,0.0,0.0,2026-09-24T02:21:11.242-03:00
PUCPR,61,livre,0.0,0.0,2026-09-24T02:21:11.242-03:00
PUCPR,62,livre,0.0,0.0,2026-09-24T02:21:11.242-03:00
PUCPR,63,livre,0.0,0.0,2026-09-24T02:21:11.242-03:00
PUCPR,64,livre,0.0,0.0,2026-09-24T02:21:11.242-03:00
PUCPR,65,livre,0.2520110309123993,0.8118341868593444,2026-09-24T02:21:11.242-03:00
PUCPR,66,ocupada,0.33395829796791077,0.7615412190355983,2026-09-24T02:21:11.242-03:00
PUCPR,67,livre,0.0,0.254571555638536,2026-09-24T02:21:11.242-03:00
PUCPR,68,ocupada,0.27405527234077454,0.9816938384197372,2026-09-24T02:21:11.242-03:00
PUCPR,69,livre,0.0,0.1632992125581867,2026-09-24T02:21:11.242-03:00
PUCPR,7,livre,0.0,0.0,2026-09-24T02:21:11.242-03:00
PUCPR,70,livre,0.0,0.0,2026-09-24T02:21:11.242-03:00
PUCPR,71,livre,0.0,0.0,2026-09-24T02:21:11.242-03:00
PUCPR,72,ocupada,0.3438607454299927,0.9839054705693229,2026-09-24T02:21:11.242-03:00
PUCPR,73,ocupada,0.3308870196342468,0.8968946571583171,2026-09-24T02:21:11.242-03:00
PUCPR,74,ocupada,0.0,0.15670302468321312,2026-09-24T02:21:11.242-03:00
PUCPR,75,ocupada,0.6967712044715881,0.7676727891532773,2026-09-24T02:21:11.242-03:00
PUCPR,76,livre,0.45277950167655945,0.8328409344473707,2026-09-24T02:21:11.242-03:00
PUCPR,77,livre,0.25952696800231934,0.7876203208420933,2026-09-24T02:21:11.242-03:00
PUCPR,78,livre,0.0,0.0,2026-09-24T02:21:11.242-03:00
PUCPR,79,ocupada,0.3570854961872101,0.7557815575244949,2026-09-24T02:21:11.242-03:00
PUCPR,8,livre,0.0,0.0,2026-09-24T02:21:11.242-03:00
PUCPR,80,livre,0.0,0.0,2026-09-24T02:21:11.242-03:00
PUCPR,81,ocupada,0.30110007524490356,0.784009588311908,2026-09-24T02:21:11.242-03:00
PUCPR,82,livre,0.0,0.0,2026-09-24T02:21:11.242-03:00
PUCPR,83,ocupada,0.33317556977272034,0.9470290278252412,2026-09-24T02:21:11.242-03:00
PUCPR,84,ocupada,0.4885455071926117,0.9062177036171363,2026-09-24T02:21:11.242-03:00
PUCPR,85,ocupada,0.47174152731895447,0.831922950794942,2026-09-24T02:21:11.242-03:00
PUCPR,86,ocupada,0.0,0.011002916730947188,2026-09-24T02:21:11.242-03:00
PUCPR,87,livre,0.0,0.07330032139588102,2026-09-24T02:21:11.242-03:00
PUCPR,88,livre,0.0,0.03423390191582054,2026-09-24T02:21:11.242-03:00
PUCPR,89,ocupada,0.44761213660240173,0.9940359649719736,2026-09-24T02:21:11.242-03:00
PUCPR,9,livre,0.0,0.0,2026-09-24T02:21:11.242-03:00
PUCPR,90,livre,0.3168940246105194,0.9577057893696201,2026-09-24T02:21:11.242-03:00
PUCPR,91,livre,0.0,0.043354647729012485,2026-09-24T02:21:11.242-03:00
PUCPR,92,livre,0.0,0.0,2026-09-24T02:21:11.242-03:00
PUCPR,93,livre,0.0,0.0,2026-09-24T02:21:11.242-03:00
PUCPR,94,livre,0.0,0.009257520675111439,2026-09-24T02:21:11.242-03:00
PUCPR,95,ocupada,0.3349621891975403,0.8853120772189864,2026-09-24T02:21:11.242-03:00
PUCPR,96,livre,0.0,0.0021489154596773144,2026-09-24T02:21:11.242-03:00
PUCPR,97,livre,0.0,0.0,2026-09-24T02:21:11.242-03:00
PUCPR,98,ocupada,0.44591736793518066,0.7989826834041102,2026-09-24T02:21:11.242-03:00
PUCPR,99,ocupada,0.43691787123680115,0.8965613519151973,2026-09-24T02:21:11.242-03:00
PUCPR,1,livre,0.0,0.2110983360523914,2026-09-24T02:21:11.308-03:00
PUCPR,10,livre,0.0,0.0,2026-09-24T02:21:11.308-03:00
PUCPR,100,livre,0.0,0.0,2026-09-24T02:21:11.308-03:00
PUCPR,11,livre,0.0,0.0,2026-09-24T02:21:11.308-03:00
PUCPR,12,livre,0.0,0.0,2026-09-24T02:21:11.308-03:00
PUCPR,13,livre,0.0,0.0,2026-09-24T02:21:11.308-03:00
PUCPR,14,livre,0.0,0.0,2026-09-24T02:21:11.308-03:00
PUCPR,15,livre,0.0,0.0,2026-09-24T02:21:11.308-03:00
PUCPR,16,livre,0.0,0.0,2026-09-24T02:21:11.308-03:00
PUCPR,17,livre,0.0,0.0,2026-09-24T02:21:11.308-03:00
PUCPR,18,livre,0.0,0.0,2026-09-24T02:21:11.308-03:00
PUCPR,19,ocupada,0.0,0.0,2026-09-24T02:21:11.308-03:00
PUCPR,2,livre,0.2539009153842926,0.8397662043456222,2026-09-24T02:21:11.308-03:00
PUCPR,20,livre,0.2740059494972229,0.8556585176869848,2026-09-24T02:21:11.308-03:00
PUCPR,21,livre,0.320166677236557,0.8544592287543732,2026-09-24T02:21:11.308-03:00
PUCPR,22,livre,0.28832030296325684,0.7919044788478519,2026-09-24T02:21:11.308-03:00
PUCPR,23,livre,0.0,0.00212338030209782,2026-09-24T02:21:11.308-03:00
PUCPR,24,livre,0.0,0.001637731461420633,2026-09-24T02:21:11.308-03:00
PUCPR,25,livre,0.0,0.0,2026-09-24T02:21:11.308-03:00
PUCPR,26,livre,0.0,0.0,2026-09-24T02:21:11.308-03:00
PUCPR,27,livre,0.0,0.0,2026-09-24T02:21:11.308-03:00
PUCPR,28,livre,0.0,0.0,2026-09-24T02:21:11.308-03:00
PUCPR,29,livre,0.0,0.0,2026-09-24T02:21:11.308-03:00
PUCPR,3,livre,0.0,0.13068841517004706,2026-09-24T02:21:11.308-03:00
PUCPR,30,livre,0.0,0.0,2026-09-24T02:21:11.308-03:00
PUCPR,31,livre,0.0,0.04066860957725628,2026-09-24T02:21:11.308-03:00
PUCPR,32,livre,0.2654798924922943,0.8631447069884561,2026-09-24T02:21:11.308-03:00
PUCPR,33,livre,0.0,0.06618471558340011,2026-09-24T02:21:11.308-03:00
PUCPR,34,livre,0.0,0.0,2026-09-24T02:21:11.308-03:00
PUCPR,35,livre,0.0,0.0,2026-09-24T02:21:11.308-03:00
PUCPR,36,livre,0.0,0.03860584186687115,2026-09-24T02:21:11.308-03:00
PUCPR,37,livre,0.0,0.0007238007818953182,2026-09-24T02:21:11.308-03:00
PUCPR,38,livre,0.0,0.0,2026-09-24T02:21:11.308-03:00
PUCPR,39,livre,0.0,0.0,2026-09-24T02:21:11.308-03:00
PUCPR,4,livre,0.0,0.05368520939484245,2026-09-24T02:21:11.308-03:00
PUCPR,40,livre,0.0,0.0,2026-09-24T02:21:11.308-03:00
PUCPR,41,livre,0.0,0.0,2026-09-24T02:21:11.308-03:00
PUCPR,42,livre,0.0,0.06400165562352626,2026-09-24T02:21:11.308-03:00
PUCPR,43,livre,0.27736860513687134,0.8346464409115562,2026-09-24T02:21:11.308-03:00
PUCPR,44,ocupada,0.42477527260780334,0.3468306428923408,2026-09-24T02:21:11.308-03:00
PUCPR,45,livre,0.2526765763759613,0.6726577118915236,2026-09-24T02:21:11.308-03:00
PUCPR,46,ocupada,0.3292958736419678,0.8343246377977043,2026-09-24T02:21:11.308-03:00
PUCPR,47,livre,0.32155841588974,0.8419104943411383,2026-09-24T02:21:11.308-03:00
PUCPR,48,livre,0.0,0.0643831268649813,2026-09-24T02:21:11.308-03:00
PUCPR,49,livre,0.0,0.0,2026-09-24T02:21:11.308-03:00
PUCPR,5,livre,0.27692171931266785,0.9536098768631104,2026-09-24T02:21:11.308-03:00
PUCPR,50,livre,0.0,0.0,2026-09-24T02:21:11.308-03:00
PUCPR,51,ocupada,0.45849549770355225,0.8670007882731481,2026-09-24T02:21:11.308-03:00
PUCPR,52,livre,0.33527347445487976,0.7258365127282449,2026-09-24T02:21:11.308-03:00
PUCPR,53,livre,0.0,0.0911206641417734,2026-09-24T02:21:11.308-03:00
PUCPR,54,livre,0.0,0.07929608729103771,2026-09-24T02:21:11.308-03:00
PUCPR,55,livre,0.0,0.02046635403065673,2026-09-24T02:21:11.308-03:00
PUCPR,56,livre,0.0,0.0,2026-09-24T02:21:11.308-03:00
PUCPR,57,livre,0.0,0.0,2026-09-24T02:21:11.308-03:00
PUCPR,58,ocupada,0.3101409375667572,0.8200626818168208,2026-09-24T02:21:11.308-03:00
PUCPR,59,livre,0.0,0.0,2026-09-24T02:21:11.308-03:00
PUCPR,6,livre,0.0,0.06916352072841431,2026-09-24T02:21:11.308-03:00
PUCPR,60,livre,0.0,0.0,2026-09-24T02:21:11.308-03:00
PUCPR,61,livre,0.0,0.0,2026-09-24T02:21:11.308-03:00
PUCPR,62,livre,0.0,0.0,2026-09-24T02:21:11.308-03:00
PUCPR,63,livre,0.0,0.0,2026-09-24T02:21:11.308-03:00
PUCPR,64,livre,0.0,0.039359082573787965,2026-09-24T02:21:11.308-03:00
PUCPR,65,livre,0.0,0.09742989267047802,2026-09-24T02:21:11.308-03:00
PUCPR,66,ocupada,0.0,0.0,2026-09-24T02:21:11.308-03:00
PUCPR,67,livre,0.0,0.2548224140292368,2026-09-24T02:21:11.308-03:00
PUCPR,68,ocupada,0.0,0.09695255309255474,2026-09-24T02:21:11.308-03:00
PUCPR,69,ocupada,0.2541026175022125,0.9961304115591417,2026-09-24T02:21:11.308-03:00
PUCPR,7,livre,0.25880903005599976,0.9615840182238188,2026-09-24T02:21:11.308-03:00
PUCPR,70,livre,0.0,0.22907791893270066,2026-09-24T02:21:11.308-03:00
PUCPR,71,livre,0.0,0.0,2026-09-24T02:21:11.308-03:00
PUCPR,72,ocupada,0.3795672655105591,0.9948907747141671,2026-09-24T02:21:11.308-03:00
PUCPR,73,ocupada,0.3476932942867279,0.9033322977027064,2026-09-24T02:21:11.308-03:00
PUCPR,74,ocupada,0.0,0.15021173959022585,2026-09-24T02:21:11.308-03:00
PUCPR,75,ocupada,0.7496141791343689,0.7658410775668637,2026-09-24T02:21:11.308-03:00
PUCPR,76,ocupada,0.5181999802589417,0.8387964687089874,2026-09-24T02:21:11.308-03:00
PUCPR,77,livre,0.3357897102832794,0.7991634125455178,2026-09-24T02:21:11.308-03:00
PUCPR,78,livre,0.0,0.0,2026-09-24T02:21:11.308-03:00
PUCPR,79,ocupada,0.3649061918258667,0.7462520788678493,2026-09-24T02:21:11.308-03:00
PUCPR,8,livre,0.0,0.0,2026-09-24T02:21:11.308-03:00
PUCPR,80,livre,0.0,0.0,2026-09-24T02:21:11.308-03:00
PUCPR,81,ocupada,0.3944389820098877,0.7802372653792,2026-09-24T02:21:11.308-03:00
PUCPR,82,livre,0.0,0.0,2026-09-24T02:21:11.308-03:00
PUCPR,83,ocupada,0.27842211723327637,0.9341656727310831,2026-09-24T02:21:11.308-03:00
PUCPR,84,ocupada,0.5497094988822937,0.901511332480424,2026-09-24T02:21:11.308-03:00
PUCPR,85,ocupada,0.563789427280426,0.8297423954958002,2026-09-24T02:21:11.308-03:00
PUCPR,86,ocupada,0.3966847360134125,0.8199825841140572,2026-09-24T02:21:11.308-03:00
PUCPR,87,livre,0.0,0.00233211120329293,2026-09-24T02:21:11.308-03:00
PUCPR,88,livre,0.0,0.0,2026-09-24T02:21:11.308-03:00
PUCPR,89,ocupada,0.4660889208316803,0.992528327083739,2026-09-24T02:21:11.308-03:00
PUCPR,9,livre,0.0,0.0,2026-09-24T02:21:11.308-03:00
PUCPR,90,livre,0.3903387784957886,0.9532480728165142,2026-09-24T02:21:11.308-03:00
PUCPR,91,livre,0.0,0.03880428577033279,2026-09-24T02:21:11.308-03:00
PUCPR,92,livre,0.0,0.0,2026-09-24T02:21:11.308-03:00
PUCPR,93,livre,0.0,0.1368759744757898,2026-09-24T02:21:11.308-03:00
PUCPR,94,ocupada,0.32947978377342224,0.9818019398546008,2026-09-24T02:21:11.308-03:00
PUCPR,95,ocupada,0.3036233186721802,0.8687197449898022,2026-09-24T02:21:11.308-03:00
PUCPR,96,livre,0.0,0.0011953514901326696,2026-09-24T02:21:11.308-03:00
PUCPR,97,livre,0.0,0.0,2026-09-24T02:21:11.308-03:00
PUCPR,98,ocupada,0.43802446126937866,0.8017987052378958,2026-09-24T02:21:11.308-03:00
PUCPR,99,ocupada,0.4352806806564331,0.9004217991915789,2026-09-24T02:21:11.308-03:00
PUCPR,1,livre,0.0,0.05003953303970012,2026-09-24T02:21:11.375-03:00
PUCPR,10,livre,0.0,0.0,2026-09-24T02:21:11.375-03:00
PUCPR,100,livre,0.0,0.0,2026-09-24T02:21:11.375-03:00
PUCPR,11,livre,0.0,0.0,2026-09-24T02:21:11.375-03:00
PUCPR,12,livre,0.0,0.0,2026-09-24T02:21:11.375-03:00
PUCPR,13,livre,0.0,0.0,2026-09-24T02:21:11.375-03:00
PUCPR,14,livre,0.0,0.0,2026-09-24T02:21:11.375-03:00
PUCPR,15,livre,0.0,0.0,2026-09-24T02:21:11.375-03:00
PUCPR,16,livre,0.0,0.0,2026-09-24T02:21:11.375-03:00
PUCPR,17,livre,0.0,0.0,2026-09-24T02:21:11.375-03:00
PUCPR,18,livre,0.0,0.0,2026-09-24T02:21:11.375-03:00
PUCPR,19,ocupada,0.0,0.0,2026-09-24T02:21:11.375-03:00
PUCPR,2,livre,0.4398100674152374,0.8212697424784589,2026-09-24T02:21:11.375-03:00
PUCPR,20,livre,0.3034217059612274,0.8678132291929084,2026-09-24T02:21:11.375-03:00
PUCPR,21,livre,0.0,0.04582731158207576,2026-09-24T02:21:11.375-03:00
PUCPR,22,livre,0.29495635628700256,0.7918211330719097,2026-09-24T02:21:11.375-03:00
PUCPR,23,livre,0.0,0.009265327468350447,2026-09-24T02:21:11.375-03:00
PUCPR,24,livre,0.0,0.10495839200590695,2026-09-24T02:21:11.375-03:00
PUCPR,25,livre,0.4110819697380066,0.9122514859778383,2026-09-24T02:21:11.375-03:00
PUCPR,26,livre,0.0,0.12436229109146821,2026-09-24T02:21:11.375-03:00
PUCPR,27,livre,0.0,0.0018831376069789088,2026-09-24T02:21:11.375-03:00
PUCPR,28,livre,0.0,0.0,2026-09-24T02:21:11.375-03:00
PUCPR,29,livre,0.0,0.00034758836360131797,2026-09-24T02:21:11.375-03:00
PUCPR,3,livre,0.0,0.1926492157315229,2026-09-24T02:21:11.375-03:00
PUCPR,30,livre,0.0,0.0,2026-09-24T02:21:11.375-03:00
PUCPR,31,livre,0.0,0.0,2026-09-24T02:21:11.375-03:00
PUCPR,32,livre,0.0,0.0,2026-09-24T02:21:11.375-03:00
PUCPR,33,livre,0.0,0.0,2026-09-24T02:21:11.375-03:00
PUCPR,34,livre,0.0,0.0,2026-09-24T02:21:11.375-03:00
PUCPR,35,livre,0.0,0.0,2026-09-24T02:21:11.375-03:00
PUCPR,36,livre,0.0,0.03735509007646668,2026-09-24T02:21:11.375-03:00
PUCPR,37,livre,0.0,0.0006077713888093734,2026-09-24T02:21:11.375-03:00
PUCPR,38,livre,0.0,0.0,2026-09-24T02:21:11.375-03:00
PUCPR,39,livre,0.0,0.0,2026-09-24T02:21:11.375-03:00
PUCPR,4,livre,0.2749815881252289,0.8811222700175277,2026-09-24T02:21:11.375-03:00
PUCPR,40,livre,0.0,0.0,2026-09-24T02:21:11.375-03:00
PUCPR,41,livre,0.0,0.0,2026-09-24T02:21:11.375-03:00
PUCPR,42,livre,0.0,0.0,2026-09-24T02:21:11.375-03:00
PUCPR,43,livre,0.0,0.0,2026-09-24T02:21:11.375-03:00
PUCPR,44,ocupada,0.0,0.0,2026-09-24T02:21:11.375-03:00
PUCPR,45,livre,0.3690170347690582,0.8058576378982226,2026-09-24T02:21:11.375-03:00
PUCPR,46,ocupada,0.43502727150917053,0.8853899630070118,2026-09-24T02:21:11.375-03:00
PUCPR,47,livre,0.0,0.15601336355014686,2026-09-24T02:21:11.375-03:00
PUCPR,48,livre,0.0,0.11530277244363167,2026-09-24T02:21:11.375-03:00
PUCPR,49,ocupada,0.3533024489879608,0.9407700054116052,2026-09-24T02:21:11.375-03:00
PUCPR,5,livre,0.3224141001701355,0.9457406506604813,2026-09-24T02:21:11.375-03:00
PUCPR,50,livre,0.0,0.0,2026-09-24T02:21:11.375-03:00
PUCPR,51,ocupada,0.2976483404636383,0.8723084066984979,2026-09-24T02:21:11.375-03:00
PUCPR,52,livre,0.38690122961997986,0.7300720890662493,2026-09-24T02:21:11.375-03:00
PUCPR,53,livre,0.0,0.09084995045149004,2026-09-24T02:21:11.375-03:00
PUCPR,54,livre,0.0,0.0,2026-09-24T02:21:11.375-03:00
PUCPR,55,livre,0.0,0.0,2026-09-24T02:21:11.375-03:00
PUCPR,56,livre,0.0,0.0,2026-09-24T02:21:11.375-03:00
PUCPR,57,livre,0.0,0.0,2026-09-24T02:21:11.375-03:00
PUCPR,58,ocupada,0.2529478669166565,0.8190659511101284,2026-09-24T02:21:11.375-03:00
PUCPR,59,livre,0.0,0.0,2026-09-24T02:21:11.375-03:00
PUCPR,6,livre,0.0,0.05763890771626551,2026-09-24T02:21:11.375-03:00
PUCPR,60,livre,0.0,0.0,2026-09-24T02:21:11.375-03:00
PUCPR,61,livre,0.0,0.0,2026-09-24T02:21:11.375-03:00
PUCPR,62,livre,0.0,0.0,2026-09-24T02:21:11.375-03:00
PUCPR,63,livre,0.0,0.0,2026-09-24T02:21:11.375-03:00
PUCPR,64,livre,0.0,0.0,2026-09-24T02:21:11.375-03:00
PUCPR,65,livre,0.0,0.0,2026-09-24T02:21:11.375-03:00
PUCPR,66,ocupada,0.0,0.0,2026-09-24T02:21:11.375-03:00
PUCPR,67,livre,0.0,0.2579118034827504,2026-09-24T02:21:11.375-03:00
PUCPR,68,ocupada,0.34467563033103943,0.9853335152106587,2026-09-24T02:21:11.375-03:00
PUCPR,69,ocupada,0.46258658170700073,0.9961866019734588,2026-09-24T02:21:11.375-03:00
PUCPR,7,livre,0.3200377821922302,0.9732753375961021,2026-09-24T02:21:11.375-03:00
PUCPR,70,livre,0.0,0.23380320640159458,2026-09-24T02:21:11.375-03:00
PUCPR,71,livre,0.3745480477809906,0.9377722747315708,2026-09-24T02:21:11.375-03:00
PUCPR,72,ocupada,0.3304038941860199,0.9929377241558348,2026-09-24T02:21:11.375-03:00
PUCPR,73,ocupada,0.3260660469532013,0.9014937691501851,2026-09-24T02:21:11.375-03:00
PUCPR,74,livre,0.0,0.1498203022369771,2026-09-24T02:21:11.375-03:00
PUCPR,75,ocupada,0.6865525245666504,0.7648296487712273,2026-09-24T02:21:11.375-03:00
PUCPR,76,ocupada,0.3100093603134155,0.8405511988708417,2026-09-24T02:21:11.375-03:00
PUCPR,77,livre,0.0,0.0007681944835879344,2026-09-24T02:21:11.375-03:00
PUCPR,78,livre,0.0,0.0,2026-09-24T02:21:11.375-03:00
PUCPR,79,ocupada,0.277513712644577,0.7685162658922567,2026-09-24T02:21:11.375-03:00
PUCPR,8,livre,0.0,0.0,2026-09-24T02:21:11.375-03:00
PUCPR,80,livre,0.0,0.0,2026-09-24T02:21:11.375-03:00
PUCPR,81,ocupada,0.25222933292388916,0.7667699569975601,2026-09-24T02:21:11.375-03:00
PUCPR,82,livre,0.0,0.0,2026-09-24T02:21:11.375-03:00
PUCPR,83,ocupada,0.0,0.0021739035690227695,2026-09-24T02:21:11.375-03:00
PUCPR,84,ocupada,0.45917391777038574,0.8960533407794454,2026-09-24T02:21:11.375-03:00
PUCPR,85,ocupada,0.512971818447113,0.8469688564868753,2026-09-24T02:21:11.375-03:00
PUCPR,86,ocupada,0.28001824021339417,0.8195320413961881,2026-09-24T02:21:11.375-03:00
PUCPR,87,livre,0.0,0.002311824532754632,2026-09-24T02:21:11.375-03:00
PUCPR,88,livre,0.0,0.0,2026-09-24T02:21:11.375-03:00
PUCPR,89,ocupada,0.5405726432800293,0.9908694223337403,2026-09-24T02:21:11.375-03:00
PUCPR,9,livre,0.0,0.0,2026-09-24T02:21:11.375-03:00
PUCPR,90,ocupada,0.493371844291687,0.9642688644201525,2026-09-24T02:21:11.375-03:00
PUCPR,91,ocupada,0.29708045721054077,0.9417326507751377,2026-09-24T02:21:11.375-03:00
PUCPR,92,livre,0.0,0.18304206671894419,2026-09-24T02:21:11.375-03:00
PUCPR,93,livre,0.0,0.12087394798815874,2026-09-24T02:21:11.375-03:00
PUCPR,94,ocupada,0.33508944511413574,0.9772633347717206,2026-09-24T02:21:11.375-03:00
PUCPR,95,ocupada,0.4199661910533905,0.8829709649575289,2026-09-24T02:21:11.375-03:00
PUCPR,96,livre,0.0,0.0018510171294337133,2026-09-24T02:21:11.375-03:00
PUCPR,97,livre,0.0,0.0,2026-09-24T02:21:11.375-03:00
PUCPR,98,ocupada,0.5311181545257568,0.8107637724096095,2026-09-24T02:21:11.375-03:00
PUCPR,99,ocupada,0.49360740184783936,0.8916287063310596,2026-09-24T02:21:11.375-03:00
PUCPR,1,livre,0.0,0.13869218544628276,2026-09-24T02:21:11.445-03:00
PUCPR,10,livre,0.0,0.0,2026-09-24T02:21:11.445-03:00
PUCPR,100,livre,0.0,0.0,2026-09-24T02:21:11.445-03:00
PUCPR,11,livre,0.0,0.0,2026-09-24T02:21:11.445-03:00
PUCPR,12,livre,0.0,0.0,2026-09-24T02:21:11.445-03:00
PUCPR,13,livre,0.0,0.0,2026-09-24T02:21:11.445-03:00
PUCPR,14,livre,0.0,0.0,2026-09-24T02:21:11.445-03:00
PUCPR,15,livre,0.0,0.0,2026-09-24T02:21:11.445-03:00
PUCPR,16,livre,0.0,0.0,2026-09-24T02:21:11.445-03:00
PUCPR,17,livre,0.0,0.0,2026-09-24T02:21:11.445-03:00
PUCPR,18,livre,0.0,0.0,2026-09-24T02:21:11.445-03:00
PUCPR,19,livre,0.0,0.0,2026-09-24T02:21:11.445-03:00
PUCPR,2,livre,0.0,0.0,2026-09-24T02:21:11.445-03:00
PUCPR,20,ocupada,0.40945547819137573,0.8685205620281017,2026-09-24T02:21:11.445-03:00
PUCPR,21,livre,0.0,0.0677862689288949,2026-09-24T02:21:11.445-03:00
PUCPR,22,ocupada,0.3235967457294464,0.7999935308471681,2026-09-24T02:21:11.445-03:00
PUCPR,23,livre,0.0,0.00394422495784472,2026-09-24T02:21:11.445-03:00
PUCPR,24,livre,0.0,0.11522342827405448,2026-09-24T02:21:11.445-03:00
PUCPR,25,livre,0.3200747072696686,0.9168503626367339,2026-09-24T02:21:11.445-03:00
PUCPR,26,livre,0.0,0.1259492429592998,2026-09-24T02:21:11.445-03:00
PUCPR,27,livre,0.0,0.002581303540848747,2026-09-24T02:21:11.445-03:00
PUCPR,28,livre,0.0,0.0,2026-09-24T02:21:11.445-03:00
PUCPR,29,livre,0.0,0.0,2026-09-24T02:21:11.445-03:00
PUCPR,3,livre,0.0,0.033401169919856456,2026-09-24T02:21:11.445-03:00
PUCPR,30,livre,0.0,0.0,2026-09-24T02:21:11.445-03:00
PUCPR,31,livre,0.0,0.0,2026-09-24T02:21:11.445-03:00
PUCPR,32,livre,0.0,0.0,2026-09-24T02:21:11.445-03:00
PUCPR,33,livre,0.0,0.0,2026-09-24T02:21:11.445-03:00
PUCPR,34,livre,0.0,0.0,2026-09-24T02:21:11.445-03:00
PUCPR,35,livre,0.29199182987213135,0.9329290038651603,2026-09-24T02:21:11.445-03:00
PUCPR,36,livre,0.0,0.06780295211726987,2026-09-24T02:21:11.445-03:00
PUCPR,37,livre,0.0,0.0,2026-09-24T02:21:11.445-03:00
PUCPR,38,livre,0.0,0.0,2026-09-24T02:21:11.445-03:00
PUCPR,39,livre,0.0,0.0,2026-09-24T02:21:11.445-03:00
PUCPR,4,livre,0.2543815076351166,0.9039143899621127,2026-09-24T02:21:11.445-03:00
PUCPR,40,livre,0.0,0.0,2026-09-24T02:21:11.445-03:00
PUCPR,41,livre,0.0,0.0,2026-09-24T02:21:11.445-03:00
PUCPR,42,livre,0.0,0.03943549792066135,2026-09-24T02:21:11.445-03:00
PUCPR,43,livre,0.29756104946136475,0.8308014944852695,2026-09-24T02:21:11.445-03:00
PUCPR,44,ocupada,0.0,0.03947744914734314,2026-09-24T02:21:11.445-03:00
PUCPR,45,ocupada,0.40642592310905457,0.7550703122563194,2026-09-24T02:21:11.445-03:00
PUCPR,46,ocupada,0.37587201595306396,0.890847287937654,2026-09-24T02:21:11.445-03:00
PUCPR,47,livre,0.0,0.1531175778825458,2026-09-24T02:21:11.445-03:00
PUCPR,48,livre,0.0,0.10529993367081175,2026-09-24T02:21:11.445-03:00
PUCPR,49,ocupada,0.3195890188217163,0.942280818772976,2026-09-24T02:21:11.445-03:00
PUCPR,5,ocupada,0.33136436343193054,0.9544325700823721,2026-09-24T02:21:11.445-03:00
PUCPR,50,livre,0.0,0.0,2026-09-24T02:21:11.445-03:00
PUCPR,51,ocupada,0.3213786780834198,0.8583854081173884,2026-09-24T02:21:11.445-03:00
PUCPR,52,ocupada,0.37951135635375977,0.7343699547424976,2026-09-24T02:21:11.445-03:00
PUCPR,53,livre,0.0,0.09002293186152682,2026-09-24T02:21:11.445-03:00
PUCPR,54,livre,0.26653769612312317,0.9785131906452927,2026-09-24T02:21:11.445-03:00
PUCPR,55,livre,0.0,0.0,2026-09-24T02:21:11.445-03:00
PUCPR,56,livre,0.25653156638145447,0.8914808801625558,2026-09-24T02:21:11.445-03:00
PUCPR,57,livre,0.0,0.07819022699123172,2026-09-24T02:21:11.445-03:00
PUCPR,58,ocupada,0.0,0.008111662490532549,2026-09-24T02:21:11.445-03:00
PUCPR,59,livre,0.0,0.0,2026-09-24T02:21:11.445-03:00
PUCPR,6,livre,0.0,0.06222259382900861,2026-09-24T02:21:11.445-03:00
PUCPR,60,livre,0.0,0.0,2026-09-24T02:21:11.445-03:00
PUCPR,61,livre,0.0,0.0,2026-09-24T02:21:11.445-03:00
PUCPR,62,livre,0.0,0.0,2026-09-24T02:21:11.445-03:00
PUCPR,63,livre,0.0,0.0,2026-09-24T02:21:11.445-03:00
PUCPR,64,livre,0.0,0.030578916837668786,2026-09-24T02:21:11.445-03:00
PUCPR,65,livre,0.0,0.08444381928844957,2026-09-24T02:21:11.445-03:00
PUCPR,66,livre,0.0,0.0,2026-09-24T02:21:11.445-03:00
PUCPR,67,livre,0.0,0.2583604842178016,2026-09-24T02:21:11.445-03:00
PUCPR,68,ocupada,0.35907086730003357,0.9856077363374264,2026-09-24T02:21:11.445-03:00
PUCPR,69,ocupada,0.5127537846565247,0.998749649635944,2026-09-24T02:21:11.445-03:00
PUCPR,7,ocupada,0.3632389307022095,0.9601752843246554,2026-09-24T02:21:11.445-03:00
PUCPR,70,livre,0.0,0.25392294284121986,2026-09-24T02:21:11.445-03:00
PUCPR,71,livre,0.4455036222934723,0.9523961972253331,2026-09-24T02:21:11.445-03:00
PUCPR,72,ocupada,0.4173227548599243,0.9958903675351405,2026-09-24T02:21:11.445-03:00
PUCPR,73,ocupada,0.26564785838127136,0.8978382938948505,2026-09-24T02:21:11.445-03:00
PUCPR,74,livre,0.0,0.16050777096734337,2026-09-24T02:21:11.445-03:00
PUCPR,75,ocupada,0.7045198082923889,0.7687289741711684,2026-09-24T02:21:11.445-03:00
PUCPR,76,ocupada,0.4576493501663208,0.8535057425241366,2026-09-24T02:21:11.445-03:00
PUCPR,77,ocupada,0.34807512164115906,0.7873289461533705,2026-09-24T02:21:11.445-03:00
PUCPR,78,livre,0.0,0.0,2026-09-24T02:21:11.445-03:00
PUCPR,79,ocupada,0.0,0.0,2026-09-24T02:21:11.445-03:00
PUCPR,8,livre,0.0,0.0,2026-09-24T02:21:11.445-03:00
PUCPR,80,livre,0.0,0.0,2026-09-24T02:21:11.445-03:00
PUCPR,81,ocupada,0.2555224895477295,0.7854662615165307,2026-09-24T02:21:11.445-03:00
PUCPR,82,livre,0.0,0.0,2026-09-24T02:21:11.445-03:00
PUCPR,83,ocupada,0.2740422189235687,0.9315113499933849,2026-09-24T02:21:11.445-03:00
PUCPR,84,ocupada,0.6147116422653198,0.9082516976097484,2026-09-24T02:21:11.445-03:00
PUCPR,85,ocupada,0.5223808884620667,0.8461281434132683,2026-09-24T02:21:11.445-03:00
PUCPR,86,ocupada,0.3353476822376251,0.8190438848696748,2026-09-24T02:21:11.445-03:00
PUCPR,87,livre,0.0,0.0019264134834966397,2026-09-24T02:21:11.445-03:00
PUCPR,88,livre,0.0,0.0,2026-09-24T02:21:11.445-03:00
PUCPR,89,ocupada,0.524429202079773,0.9930520668429689,2026-09-24T02:21:11.445-03:00
PUCPR,9,livre,0.0,0.0,2026-09-24T02:21:11.445-03:00
PUCPR,90,ocupada,0.40243059396743774,0.9638465782021359,2026-09-24T02:21:11.445-03:00
PUCPR,91,livre,0.0,0.050987214253729304,2026-09-24T02:21:11.445-03:00
PUCPR,92,livre,0.0,0.0,2026-09-24T02:21:11.445-03:00
PUCPR,93,livre,0.0,0.12480200389034746,2026-09-24T02:21:11.445-03:00
PUCPR,94,ocupada,0.38105377554893494,0.9827264593298113,2026-09-24T02:21:11.445-03:00
PUCPR,95,ocupada,0.48826098442077637,0.8713360303801391,2026-09-24T02:21:11.445-03:00
PUCPR,96,livre,0.0,0.0008002337255292788,2026-09-24T02:21:11.445-03:00
PUCPR,97,livre,0.0,0.0,2026-09-24T02:21:11.445-03:00
PUCPR,98,ocupada,0.44709980487823486,0.8275660156601873,2026-09-24T02:21:11.445-03:00
PUCPR,99,ocupada,0.3831791281700134,0.8842063351444941,2026-09-24T02:21:11.445-03:00
PUCPR,1,livre,0.0,0.16772148877528475,2026-09-24T02:21:11.524-03:00
PUCPR,10,livre,0.0,0.0,2026-09-24T02:21:11.524-03:00
PUCPR,100,livre,0.0,0.0,2026-09-24T02:21:11.524-03:00
PUCPR,11,livre,0.0,0.0,2026-09-24T02:21:11.524-03:00
PUCPR,12,livre,0.0,0.0,2026-09-24T02:21:11.524-03:00
PUCPR,13,livre,0.0,0.0,2026-09-24T02:21:11.524-03:00
PUCPR,14,livre,0.0,0.0,2026-09-24T02:21:11.524-03:00
PUCPR,15,livre,0.0,0.0,2026-09-24T02:21:11.524-03:00
PUCPR,16,livre,0.0,0.0,2026-09-24T02:21:11.524-03:00
PUCPR,17,livre,0.0,0.0,2026-09-24T02:21:11.524-03:00
PUCPR,18,livre,0.0,0.0,2026-09-24T02:21:11.524-03:00
PUCPR,19,livre,0.0,0.0,2026-09-24T02:21:11.524-03:00
PUCPR,2,livre,0.0,0.0,2026-09-24T02:21:11.524-03:00
PUCPR,20,ocupada,0.4025886654853821,0.859601498490105,2026-09-24T02:21:11.524-03:00
PUCPR,21,livre,0.47031015157699585,0.8626728275033085,2026-09-24T02:21:11.524-03:00
PUCPR,22,ocupada,0.3856898248195648,0.7903298227805167,2026-09-24T02:21:11.524-03:00
PUCPR,23,livre,0.0,0.014437145868094381,2026-09-24T02:21:11.524-03:00
PUCPR,24,livre,0.0,0.10667961038033465,2026-09-24T02:21:11.524-03:00
PUCPR,25,ocupada,0.35886722803115845,0.9134615935024749,2026-09-24T02:21:11.524-03:00
PUCPR,26,livre,0.0,0.11756754904351335,2026-09-24T02:21:11.524-03:00
PUCPR,27,livre,0.0,0.0019333719785557806,2026-09-24T02:21:11.524-03:00
PUCPR,28,livre,0.0,0.0,2026-09-24T02:21:11.524-03:00
PUCPR,29,livre,0.0,0.0,2026-09-24T02:21:11.524-03:00
PUCPR,3,livre,0.0,0.03623107318861254,2026-09-24T02:21:11.524-03:00
PUCPR,30,livre,0.0,0.0,2026-09-24T02:21:11.524-03:00
PUCPR,31,livre,0.0,0.0,2026-09-24T02:21:11.524-03:00
PUCPR,32,livre,0.0,0.0,2026-09-24T02:21:11.524-03:00
PUCPR,33,livre,0.0,0.0,2026-09-24T02:21:11.524-03:00
PUCPR,34,livre,0.0,0.0,2026-09-24T02:21:11.524-03:00
PUCPR,35,livre,0.0,0.0,2026-09-24T02:21:11.524-03:00
PUCPR,36,livre,0.0,0.0,2026-09-24T02:21:11.524-03:00
PUCPR,37,livre,0.0,0.0,2026-09-24T02:21:11.524-03:00
PUCPR,38,livre,0.0,0.0,2026-09-24T02:21:11.524-03:00
PUCPR,39,livre,0.0,0.0,2026-09-24T02:21:11.524-03:00
PUCPR,4,ocupada,0.28068026900291443,0.8838686495975434,2026-09-24T02:21:11.524-03:00
PUCPR,40,livre,0.0,0.0,2026-09-24T02:21:11.524-03:00
PUCPR,41,livre,0.0,0.0,2026-09-24T02:21:11.524-03:00
PUCPR,42,livre,0.0,0.011736211935201489,2026-09-24T02:21:11.524-03:00
PUCPR,43,ocupada,0.2818196415901184,0.8243143234687216,2026-09-24T02:21:11.524-03:00
PUCPR,44,livre,0.0,0.04752390892330719,2026-09-24T02:21:11.524-03:00
PUCPR,45,ocupada,0.340578556060791,0.866001865093449,2026-09-24T02:21:11.524-03:00
PUCPR,46,ocupada,0.47779354453086853,0.8907882066427192,2026-09-24T02:21:11.524-03:00
PUCPR,47,livre,0.0,0.14900729664378554,2026-09-24T02:21:11.524-03:00
PUCPR,48,livre,0.0,0.1125186050317055,2026-09-24T02:21:11.524-03:00
PUCPR,49,ocupada,0.3668636977672577,0.9378929852043779,2026-09-24T02:21:11.524-03:00
PUCPR,5,ocupada,0.3644472658634186,0.9628498117086822,2026-09-24T02:21:11.524-03:00
PUCPR,50,livre,0.0,0.0,2026-09-24T02:21:11.524-03:00
PUCPR,51,ocupada,0.516613781452179,0.8294492509450496,2026-09-24T02:21:11.524-03:00
PUCPR,52,ocupada,0.40750446915626526,0.7310962454373003,2026-09-24T02:21:11.524-03:00
PUCPR,53,livre,0.0,0.08986982956515904,2026-09-24T02:21:11.524-03:00
PUCPR,54,livre,0.0,0.0,2026-09-24T02:21:11.524-03:00
PUCPR,55,livre,0.0,0.0,2026-09-24T02:21:11.524-03:00
PUCPR,56,livre,0.0,0.0,2026-09-24T02:21:11.524-03:00
PUCPR,57,livre,0.0,0.0,2026-09-24T02:21:11.524-03:00
PUCPR,58,ocupada,0.0,0.0,2026-09-24T02:21:11.524-03:00
PUCPR,59,livre,0.0,0.0,2026-09-24T02:21:11.524-03:00
PUCPR,6,livre,0.0,0.0667367903826708,2026-09-24T02:21:11.524-03:00
PUCPR,60,livre,0.0,0.0,2026-09-24T02:21:11.524-03:00
PUCPR,61,livre,0.0,0.0,2026-09-24T02:21:11.524-03:00
PUCPR,62,livre,0.0,0.0,2026-09-24T02:21:11.524-03:00
PUCPR,63,livre,0.0,0.0,2026-09-24T02:21:11.524-03:00
PUCPR,64,livre,0.0,0.020802034645163715,2026-09-24T02:21:11.524-03:00
PUCPR,65,livre,0.0,0.09473867663622425,2026-09-24T02:21:11.524-03:00
PUCPR,66,livre,0.0,0.0,2026-09-24T02:21:11.524-03:00
PUCPR,67,livre,0.0,0.2612433793155804,2026-09-24T02:21:11.524-03:00
PUCPR,68,ocupada,0.33036550879478455,0.9829522753430711,2026-09-24T02:21:11.524-03:00
PUCPR,69,ocupada,0.0,0.22378209883127645,2026-09-24T02:21:11.524-03:00
PUCPR,7,ocupada,0.3940263092517853,0.975457095180887,2026-09-24T02:21:11.524-03:00
PUCPR,70,livre,0.0,0.026665818245885257,2026-09-24T02:21:11.524-03:00
PUCPR,71,ocupada,0.2997567653656006,0.9592534370651536,2026-09-24T02:21:11.524-03:00
PUCPR,72,ocupada,0.485218346118927,0.9895401237871196,2026-09-24T02:21:11.524-03:00
PUCPR,73,ocupada,0.3653795123100281,0.9190177487416187,2026-09-24T02:21:11.524-03:00
PUCPR,74,livre,0.0,0.1485322750758699,2026-09-24T02:21:11.524-03:00
PUCPR,75,ocupada,0.6922607421875,0.7718694929786272,2026-09-24T02:21:11.524-03:00
PUCPR,76,ocupada,0.4039498269557953,0.8381219662073228,2026-09-24T02:21:11.524-03:00
PUCPR,77,ocupada,0.2905283272266388,0.7810184436685983,2026-09-24T02:21:11.524-03:00
PUCPR,78,livre,0.0,0.0,2026-09-24T02:21:11.524-03:00
PUCPR,79,ocupada,0.0,0.0,2026-09-24T02:21:11.524-03:00
PUCPR,8,livre,0.0,0.0,2026-09-24T02:21:11.524-03:00
PUCPR,80,livre,0.0,0.0,2026-09-24T02:21:11.524-03:00
PUCPR,81,ocupada,0.278195321559906,0.7685861270690342,2026-09-24T02:21:11.524-03:00
PUCPR,82,livre,0.0,0.0,2026-09-24T02:21:11.524-03:00
PUCPR,83,ocupada,0.3743981719017029,0.8989057163730719,2026-09-24T02:21:11.524-03:00
PUCPR,84,ocupada,0.6001091599464417,0.8956602863424372,2026-09-24T02:21:11.524-03:00
PUCPR,85,ocupada,0.588966429233551,0.8429965387602425,2026-09-24T02:21:11.524-03:00
PUCPR,86,ocupada,0.2863841950893402,0.8257067377670343,2026-09-24T02:21:11.524-03:00
PUCPR,87,livre,0.0,0.003171072346319252,2026-09-24T02:21:11.524-03:00
PUCPR,88,livre,0.0,0.0,2026-09-24T02:21:11.524-03:00
PUCPR,89,ocupada,0.5308091640472412,0.9951533195148871,2026-09-24T02:21:11.524-03:00
PUCPR,9,livre,0.0,0.0,2026-09-24T02:21:11.524-03:00
PUCPR,90,ocupada,0.4507576525211334,0.9704606267405658,2026-09-24T02:21:11.524-03:00
PUCPR,91,livre,0.0,0.05866607187291313,2026-09-24T02:21:11.524-03:00
PUCPR,92,livre,0.0,0.0,2026-09-24T02:21:11.524-03:00
PUCPR,93,livre,0.0,0.1640845599820077,2026-09-24T02:21:11.524-03:00
PUCPR,94,ocupada,0.3892309069633484,0.9951120602670438,2026-09-24T02:21:11.524-03:00
PUCPR,95,ocupada,0.0,0.13014878953851738,2026-09-24T02:21:11.524-03:00
PUCPR,96,livre,0.0,0.0,2026-09-24T02:21:11.524-03:00
PUCPR,97,livre,0.0,0.0,2026-09-24T02:21:11.524-03:00
PUCPR,98,ocupada,0.43133437633514404,0.8318438683417345,2026-09-24T02:21:11.524-03:00
PUCPR,99,ocupada,0.46818670630455017,0.8949045885354261,2026-09-24T02:21:11.524-03:00
PUCPR,1,livre,0.0,0.13541931991606432,2026-09-24T02:21:11.595-03:00
PUCPR,10,livre,0.0,0.0,2026-09-24T02:21:11.595-03:00
PUCPR,100,livre,0.0,0.0,2026-09-24T02:21:11.595-03:00
PUCPR,11,livre,0.0,0.0,2026-09-24T02:21:11.595-03:00
PUCPR,12,livre,0.0,0.0,2026-09-24T02:21:11.595-03:00
PUCPR,13,livre,0.0,0.0,2026-09-24T02:21:11.595-03:00
PUCPR,14,livre,0.0,0.0,2026-09-24T02:21:11.595-03:00
PUCPR,15,livre,0.0,0.0,2026-09-24T02:21:11.595-03:00
PUCPR,16,livre,0.0,0.0,2026-09-24T02:21:11.595-03:00
PUCPR,17,livre,0.0,0.0,2026-09-24T02:21:11.595-03:00
PUCPR,18,livre,0.0,0.0,2026-09-24T02:21:11.595-03:00
PUCPR,19,livre,0.0,0.0,2026-09-24T02:21:11.595-03:00
PUCPR,2,livre,0.0,0.0,2026-09-24T02:21:11.595-03:00
PUCPR,20,ocupada,0.39628374576568604,0.8583384944048938,2026-09-24T02:21:11.595-03:00
PUCPR,21,ocupada,0.36355507373809814,0.8469176704945777,2026-09-24T02:21:11.595-03:00
PUCPR,22,ocupada,0.4348156452178955,0.7773345399834123,2026-09-24T02:21:11.595-03:00
PUCPR,23,livre,0.0,0.014919924585311908,2026-09-24T02:21:11.595-03:00
PUCPR,24,livre,0.0,0.10735772784182634,2026-09-24T02:21:11.595-03:00
PUCPR,25,ocupada,0.3851849138736725,0.9090331353251407,2026-09-24T02:21:11.595-03:00
PUCPR,26,livre,0.0,0.13927778576667044,2026-09-24T02:21:11.595-03:00
PUCPR,27,livre,0.0,0.0008781707226505607,2026-09-24T02:21:11.595-03:00
PUCPR,28,livre,0.0,0.0,2026-09-24T02:21:11.595-03:00
PUCPR,29,livre,0.0,0.0,2026-09-24T02:21:11.595-03:00
PUCPR,3,livre,0.0,0.0,2026-09-24T02:21:11.595-03:00
PUCPR,30,livre,0.0,0.0,2026-09-24T02:21:11.595-03:00
PUCPR,31,livre,0.0,0.0,2026-09-24T02:21:11.595-03:00
PUCPR,32,livre,0.0,0.0,2026-09-24T02:21:11.595-03:00
PUCPR,33,livre,0.0,0.0,2026-09-24T02:21:11.595-03:00
PUCPR,34,livre,0.0,0.0,2026-09-24T02:21:11.595-03:00
PUCPR,35,livre,0.2584904730319977,0.9236070817820747,2026-09-24T02:21:11.595-03:00
PUCPR,36,livre,0.0,0.07748284657193966,2026-09-24T02:21:11.595-03:00
PUCPR,37,livre,0.0,0.0018335968808732867,2026-09-24T02:21:11.595-03:00
PUCPR,38,livre,0.0,0.0,2026-09-24T02:21:11.595-03:00
PUCPR,39,livre,0.0,0.0,2026-09-24T02:21:11.595-03:00
PUCPR,4,ocupada,0.0,0.06267296023735835,2026-09-24T02:21:11.595-03:00
PUCPR,40,livre,0.0,0.0,2026-09-24T02:21:11.595-03:00
PUCPR,41,livre,0.0,0.0,2026-09-24T02:21:11.595-03:00
PUCPR,42,livre,0.0,0.009872258907202863,2026-09-24T02:21:11.595-03:00
PUCPR,43,ocupada,0.3600342571735382,0.818182769800011,2026-09-24T02:21:11.595-03:00
PUCPR,44,livre,0.0,0.051090817100535924,2026-09-24T02:21:11.595-03:00
PUCPR,45,ocupada,0.3625001311302185,0.9088145886919814,2026-09-24T02:21:11.595-03:00
PUCPR,46,ocupada,0.45559805631637573,0.902359764031095,2026-09-24T02:21:11.595-03:00
PUCPR,47,livre,0.0,0.1535436098180606,2026-09-24T02:21:11.595-03:00
PUCPR,48,livre,0.0,0.11189964167458817,2026-09-24T02:21:11.595-03:00
PUCPR,49,ocupada,0.3466119170188904,0.9316826006748493,2026-09-24T02:21:11.595-03:00
PUCPR,5,ocupada,0.2906913161277771,0.9579932090125358,2026-09-24T02:21:11.595-03:00
PUCPR,50,livre,0.0,0.0,2026-09-24T02:21:11.595-03:00
PUCPR,51,ocupada,0.44603610038757324,0.8523902073276539,2026-09-24T02:21:11.595-03:00
PUCPR,52,ocupada,0.4064650535583496,0.7365186827601304,2026-09-24T02:21:11.595-03:00
PUCPR,53,livre,0.0,0.09583283860753428,2026-09-24T02:21:11.595-03:00
PUCPR,54,livre,0.0,0.0,2026-09-24T02:21:11.595-03:00
PUCPR,55,livre,0.0,0.0,2026-09-24T02:21:11.595-03:00
PUCPR,56,livre,0.0,0.0,2026-09-24T02:21:11.595-03:00
PUCPR,57,livre,0.0,0.07747417285956479,2026-09-24T02:21:11.595-03:00
PUCPR,58,ocupada,0.2874526083469391,0.8149557441887747,2026-09-24T02:21:11.595-03:00
PUCPR,59,livre,0.2904514968395233,0.9003625268865801,2026-09-24T02:21:11.595-03:00
PUCPR,6,livre,0.0,0.06190333177885802,2026-09-24T02:21:11.595-03:00
PUCPR,60,livre,0.0,0.0,2026-09-24T02:21:11.595-03:00
PUCPR,61,livre,0.31760460138320923,0.7376316808495392,2026-09-24T02:21:11.595-03:00
PUCPR,62,livre,0.0,0.0,2026-09-24T02:21:11.595-03:00
PUCPR,63,livre,0.0,0.0,2026-09-24T02:21:11.595-03:00
PUCPR,64,livre,0.0,0.016123090105497718,2026-09-24T02:21:11.595-03:00
PUCPR,65,livre,0.0,0.0651298826617797,2026-09-24T02:21:11.595-03:00
PUCPR,66,livre,0.0,0.0,2026-09-24T02:21:11.595-03:00
PUCPR,67,livre,0.0,0.2671008556343783,2026-09-24T02:21:11.595-03:00
PUCPR,68,ocupada,0.29453471302986145,0.9825842677699725,2026-09-24T02:21:11.595-03:00
PUCPR,69,ocupada,0.0,0.20864094696389546,2026-09-24T02:21:11.595-03:00
PUCPR,7,ocupada,0.41047629714012146,0.9776994105240415,2026-09-24T02:21:11.595-03:00
PUCPR,70,livre,0.0,0.01743494078354612,2026-09-24T02:21:11.595-03:00
PUCPR,71,ocupada,0.576725423336029,0.9463263289841475,2026-09-24T02:21:11.595-03:00
PUCPR,72,ocupada,0.46122536063194275,0.9952276209447388,2026-09-24T02:21:11.595-03:00
PUCPR,73,ocupada,0.3673108220100403,0.8977488773557408,2026-09-24T02:21:11.595-03:00
PUCPR,74,livre,0.0,0.15901107890919047,2026-09-24T02:21:11.595-03:00
PUCPR,75,ocupada,0.7171028256416321,0.7756933112298585,2026-09-24T02:21:11.595-03:00
PUCPR,76,ocupada,0.5143331289291382,0.8629425736709078,2026-09-24T02:21:11.595-03:00
PUCPR,77,ocupada,0.5617081522941589,0.7975912467725411,2026-09-24T02:21:11.595-03:00
PUCPR,78,livre,0.0,0.0,2026-09-24T02:21:11.595-03:00
PUCPR,79,livre,0.0,0.0,2026-09-24T02:21:11.595-03:00
PUCPR,8,livre,0.0,0.0,2026-09-24T02:21:11.595-03:00
PUCPR,80,livre,0.0,0.0,2026-09-24T02:21:11.595-03:00
PUCPR,81,ocupada,0.3024836480617523,0.8014088282900659,2026-09-24T02:21:11.595-03:00
PUCPR,82,livre,0.0,0.0,2026-09-24T02:21:11.595-03:00
PUCPR,83,ocupada,0.2919565439224243,0.9169596134116721,2026-09-24T02:21:11.595-03:00
PUCPR,84,ocupada,0.5630990266799927,0.8954599181522807,2026-09-24T02:21:11.595-03:00
PUCPR,85,ocupada,0.5344967246055603,0.8719908014351414,2026-09-24T02:21:11.595-03:00
PUCPR,86,ocupada,0.3346478343009949,0.8151558108229541,2026-09-24T02:21:11.595-03:00
PUCPR,87,livre,0.0,0.003365730325816043,2026-09-24T02:21:11.595-03:00
PUCPR,88,livre,0.0,0.0,2026-09-24T02:21:11.595-03:00
PUCPR,89,ocupada,0.5224049091339111,0.9933885591843461,2026-09-24T02:21:11.595-03:00
PUCPR,9,livre,0.0,0.0,2026-09-24T02:21:11.595-03:00
PUCPR,90,ocupada,0.4091702997684479,0.966848477316786,2026-09-24T02:21:11.595-03:00
PUCPR,91,livre,0.0,0.05557914221256301,2026-09-24T02:21:11.595-03:00
PUCPR,92,livre,0.0,0.0,2026-09-24T02:21:11.595-03:00
PUCPR,93,livre,0.0,0.0,2026-09-24T02:21:11.595-03:00
PUCPR,94,ocupada,0.0,0.0,2026-09-24T02:21:11.595-03:00
PUCPR,95,ocupada,0.0,0.0,2026-09-24T02:21:11.595-03:00
PUCPR,96,livre,0.0,0.0,2026-09-24T02:21:11.595-03:00
PUCPR,97,livre,0.0,0.0,2026-09-24T02:21:11.595-03:00
PUCPR,98,ocupada,0.33610203862190247,0.8174345753647952,2026-09-24T02:21:11.595-03:00
PUCPR,99,ocupada,0.3686258792877197,0.889173306130805,2026-09-24T02:21:11.595-03:00
PUCPR,1,livre,0.0,0.17202440757477389,2026-09-24T02:21:11.665-03:00
PUCPR,10,livre,0.0,0.0,2026-09-24T02:21:11.665-03:00
PUCPR,100,livre,0.0,0.0,2026-09-24T02:21:11.665-03:00
PUCPR,11,livre,0.0,0.0,2026-09-24T02:21:11.665-03:00
PUCPR,12,livre,0.0,0.0,2026-09-24T02:21:11.665-03:00
PUCPR,13,livre,0.0,0.0,2026-09-24T02:21:11.665-03:00
PUCPR,14,livre,0.0,0.0,2026-09-24T02:21:11.665-03:00
PUCPR,15,livre,0.0,0.0,2026-09-24T02:21:11.665-03:00
PUCPR,16,livre,0.0,0.0,2026-09-24T02:21:11.665-03:00
PUCPR,17,livre,0.0,0.0,2026-09-24T02:21:11.665-03:00
PUCPR,18,livre,0.0,0.0,2026-09-24T02:21:11.665-03:00
PUCPR,19,livre,0.0,0.0,2026-09-24T02:21:11.665-03:00
PUCPR,2,livre,0.0,0.0,2026-09-24T02:21:11.665-03:00
PUCPR,20,ocupada,0.4516342580318451,0.8654726888110539,2026-09-24T02:21:11.665-03:00
PUCPR,21,ocupada,0.4612291157245636,0.8635854463942065,2026-09-24T02:21:11.665-03:00
PUCPR,22,ocupada,0.398804247379303,0.7707041606902968,2026-09-24T02:21:11.665-03:00
PUCPR,23,livre,0.0,0.011012510322176709,2026-09-24T02:21:11.665-03:00
PUCPR,24,livre,0.0,0.10441345090947185,2026-09-24T02:21:11.665-03:00
PUCPR,25,ocupada,0.3798372447490692,0.9119127307797911,2026-09-24T02:21:11.665-03:00
PUCPR,26,livre,0.0,0.13420535856512628,2026-09-24T02:21:11.665-03:00
PUCPR,27,livre,0.0,0.001129236838196871,2026-09-24T02:21:11.665-03:00
PUCPR,28,livre,0.0,0.0,2026-09-24T02:21:11.665-03:00
PUCPR,29,livre,0.0,0.0,2026-09-24T02:21:11.665-03:00
PUCPR,3,livre,0.0,0.04236991204424753,2026-09-24T02:21:11.665-03:00
PUCPR,30,livre,0.0,0.0,2026-09-24T02:21:11.665-03:00
PUCPR,31,livre,0.0,0.0,2026-09-24T02:21:11.665-03:00
PUCPR,32,livre,0.0,0.0,2026-09-24T02:21:11.665-03:00
PUCPR,33,livre,0.0,0.0,2026-09-24T02:21:11.665-03:00
PUCPR,34,livre,0.0,0.0,2026-09-24T02:21:11.665-03:00
PUCPR,35,ocupada,0.34977781772613525,0.925113128329009,2026-09-24T02:21:11.665-03:00
PUCPR,36,livre,0.0,0.07175196009642526,2026-09-24T02:21:11.665-03:00
PUCPR,37,livre,0.0,0.00257621609711853,2026-09-24T02:21:11.665-03:00
PUCPR,38,livre,0.0,0.0,2026-09-24T02:21:11.665-03:00
PUCPR,39,livre,0.0,0.0,2026-09-24T02:21:11.665-03:00
PUCPR,4,ocupada,0.28465598821640015,0.8975737519975684,2026-09-24T02:21:11.665-03:00
PUCPR,40,livre,0.0,0.0,2026-09-24T02:21:11.665-03:00
PUCPR,41,livre,0.0,0.024335364241425135,2026-09-24T02:21:11.665-03:00
PUCPR,42,livre,0.0,0.043310895915180544,2026-09-24T02:21:11.665-03:00
PUCPR,43,ocupada,0.35719454288482666,0.8137832346520899,2026-09-24T02:21:11.665-03:00
PUCPR,44,livre,0.0,0.06281429453509925,2026-09-24T02:21:11.665-03:00
PUCPR,45,ocupada,0.4072839021682739,0.8581769864437369,2026-09-24T02:21:11.665-03:00
PUCPR,46,ocupada,0.49810630083084106,0.8938840251916701,2026-09-24T02:21:11.665-03:00
PUCPR,47,livre,0.0,0.15226555118385215,2026-09-24T02:21:11.665-03:00
PUCPR,48,livre,0.0,0.11199880124637003,2026-09-24T02:21:11.665-03:00
PUCPR,49,ocupada,0.42604267597198486,0.9344877303143152,2026-09-24T02:21:11.665-03:00
PUCPR,5,ocupada,0.427666038274765,0.9524789372427415,2026-09-24T02:21:11.665-03:00
PUCPR,50,livre,0.0,0.0,2026-09-24T02:21:11.665-03:00
PUCPR,51,ocupada,0.533229410648346,0.8482242899757246,2026-09-24T02:21:11.665-03:00
PUCPR,52,ocupada,0.45908963680267334,0.7585421885419059,2026-09-24T02:21:11.665-03:00
PUCPR,53,livre,0.0,0.09867913718210944,2026-09-24T02:21:11.665-03:00
PUCPR,54,livre,0.0,0.0,2026-09-24T02:21:11.665-03:00
PUCPR,55,livre,0.0,0.0,2026-09-24T02:21:11.665-03:00
PUCPR,56,livre,0.0,0.0,2026-09-24T02:21:11.665-03:00
PUCPR,57,livre,0.0,0.06699164393302931,2026-09-24T02:21:11.665-03:00
PUCPR,58,ocupada,0.38402408361434937,0.8274993532749533,2026-09-24T02:21:11.665-03:00
PUCPR,59,livre,0.0,0.011726418145071606,2026-09-24T02:21:11.665-03:00
PUCPR,6,livre,0.0,0.06302472388763483,2026-09-24T02:21:11.665-03:00
PUCPR,60,livre,0.0,0.0,2026-09-24T02:21:11.665-03:00
PUCPR,61,livre,0.33183279633522034,0.7349805293445774,2026-09-24T02:21:11.665-03:00
PUCPR,62,livre,0.0,0.0,2026-09-24T02:21:11.665-03:00
PUCPR,63,livre,0.3220570981502533,0.8832696658640162,2026-09-24T02:21:11.665-03:00
PUCPR,64,livre,0.0,0.029174640173794442,2026-09-24T02:21:11.665-03:00
PUCPR,65,livre,0.0,0.07376459538149471,2026-09-24T02:21:11.665-03:00
PUCPR,66,livre,0.0,0.0,2026-09-24T02:21:11.665-03:00
PUCPR,67,livre,0.0,0.2838953835562742,2026-09-24T02:21:11.665-03:00
PUCPR,68,ocupada,0.4124201536178589,0.9817372960295591,2026-09-24T02:21:11.665-03:00
PUCPR,69,livre,0.0,0.2334489113322115,2026-09-24T02:21:11.665-03:00
PUCPR,7,ocupada,0.47784656286239624,0.9805428489172766,2026-09-24T02:21:11.665-03:00
PUCPR,70,livre,0.0,0.02365357828505532,2026-09-24T02:21:11.665-03:00
PUCPR,71,ocupada,0.6140488982200623,0.9527703218104951,2026-09-24T02:21:11.665-03:00
PUCPR,72,ocupada,0.47832557559013367,0.9931617304566865,2026-09-24T02:21:11.665-03:00
PUCPR,73,ocupada,0.3562176525592804,0.90510049449853,2026-09-24T02:21:11.665-03:00
PUCPR,74,livre,0.0,0.15127782113700505,2026-09-24T02:21:11.665-03:00
PUCPR,75,ocupada,0.7192577123641968,0.7748920869789058,2026-09-24T02:21:11.665-03:00
PUCPR,76,ocupada,0.464643657207489,0.8491333231351271,2026-09-24T02:21:11.665-03:00
PUCPR,77,ocupada,0.3309769630432129,0.791920840483992,2026-09-24T02:21:11.665-03:00
PUCPR,78,livre,0.0,0.0,2026-09-24T02:21:11.665-03:00
PUCPR,79,livre,0.0,0.0,2026-09-24T02:21:11.665-03:00
PUCPR,8,livre,0.0,0.0,2026-09-24T02:21:11.665-03:00
PUCPR,80,livre,0.0,0.0,2026-09-24T02:21:11.665-03:00
PUCPR,81,ocupada,0.0,0.0,2026-09-24T02:21:11.665-03:00
PUCPR,82,livre,0.0,0.0,2026-09-24T02:21:11.665-03:00
PUCPR,83,ocupada,0.28483331203460693,0.9249845234186591,2026-09-24T02:21:11.665-03:00
PUCPR,84,ocupada,0.2685401737689972,0.8989784496305354,2026-09-24T02:21:11.665-03:00
PUCPR,85,ocupada,0.4628666341304779,0.8513163361244597,2026-09-24T02:21:11.665-03:00
PUCPR,86,ocupada,0.2713857591152191,0.809325505956951,2026-09-24T02:21:11.665-03:00
PUCPR,87,livre,0.0,0.0014934831925757202,2026-09-24T02:21:11.665-03:00
PUCPR,88,livre,0.2829529047012329,0.7886870788935794,2026-09-24T02:21:11.665-03:00
PUCPR,89,ocupada,0.6337634325027466,0.9910927777010213,2026-09-24T02:21:11.665-03:00
PUCPR,9,livre,0.0,0.0,2026-09-24T02:21:11.665-03:00
PUCPR,90,ocupada,0.0,0.2611848746078876,2026-09-24T02:21:11.665-03:00
PUCPR,91,livre,0.0,0.0,2026-09-24T02:21:11.665-03:00
PUCPR,92,livre,0.0,0.0,2026-09-24T02:21:11.665-03:00
PUCPR,93,livre,0.0,0.0,2026-09-24T02:21:11.665-03:00
PUCPR,94,ocupada,0.0,0.0,2026-09-24T02:21:11.665-03:00
PUCPR,95,livre,0.0,0.0,2026-09-24T02:21:11.665-03:00
PUCPR,96,livre,0.0,0.0,2026-09-24T02:21:11.665-03:00
PUCPR,97,livre,0.0,0.0,2026-09-24T02:21:11.665-03:00
PUCPR,98,ocupada,0.4695390462875366,0.8260672385345741,2026-09-24T02:21:11.665-03:00
PUCPR,99,ocupada,0.5064228773117065,0.8949895042926093,2026-09-24T02:21:11.665-03:00
PUCPR,1,livre,0.0,0.16443931198919712,2026-09-24T02:21:11.738-03:00
PUCPR,10,livre,0.0,0.0,2026-09-24T02:21:11.738-03:00
PUCPR,100,livre,0.0,0.0,2026-09-24T02:21:11.738-03:00
PUCPR,11,livre,0.0,0.0,2026-09-24T02:21:11.738-03:00
PUCPR,12,livre,0.0,0.0,2026-09-24T02:21:11.738-03:00
PUCPR,13,livre,0.0,0.0,2026-09-24T02:21:11.738-03:00
PUCPR,14,livre,0.0,0.0,2026-09-24T02:21:11.738-03:00
PUCPR,15,livre,0.0,0.0,2026-09-24T02:21:11.738-03:00
PUCPR,16,livre,0.0,0.0,2026-09-24T02:21:11.738-03:00
PUCPR,17,livre,0.0,0.0,2026-09-24T02:21:11.738-03:00
PUCPR,18,livre,0.0,0.0,2026-09-24T02:21:11.738-03:00
PUCPR,19,livre,0.0,0.0,2026-09-24T02:21:11.738-03:00
PUCPR,2,livre,0.0,0.0,2026-09-24T02:21:11.738-03:00
PUCPR,20,ocupada,0.4328969120979309,0.854904079292912,2026-09-24T02:21:11.738-03:00
PUCPR,21,ocupada,0.4116784930229187,0.8665107747373281,2026-09-24T02:21:11.738-03:00
PUCPR,22,ocupada,0.39260604977607727,0.7528803469291223,2026-09-24T02:21:11.738-03:00
PUCPR,23,livre,0.0,0.01565369591146643,2026-09-24T02:21:11.738-03:00
PUCPR,24,livre,0.0,0.1015247103904108,2026-09-24T02:21:11.738-03:00
PUCPR,25,ocupada,0.4460853338241577,0.9058495655207449,2026-09-24T02:21:11.738-03:00
PUCPR,26,livre,0.0,0.12758506536780995,2026-09-24T02:21:11.738-03:00
PUCPR,27,livre,0.0,0.0,2026-09-24T02:21:11.738-03:00
PUCPR,28,livre,0.0,0.0,2026-09-24T02:21:11.738-03:00
PUCPR,29,livre,0.0,0.0,2026-09-24T02:21:11.738-03:00
PUCPR,3,livre,0.0,0.0,2026-09-24T02:21:11.738-03:00
PUCPR,30,livre,0.0,0.0,2026-09-24T02:21:11.738-03:00
PUCPR,31,livre,0.0,0.0,2026-09-24T02:21:11.738-03:00
PUCPR,32,livre,0.0,0.0,2026-09-24T02:21:11.738-03:00
PUCPR,33,livre,0.0,0.0,2026-09-24T02:21:11.738-03:00
PUCPR,34,livre,0.0,0.0,2026-09-24T02:21:11.738-03:00
PUCPR,35,ocupada,0.3353208601474762,0.9290203571624258,2026-09-24T02:21:11.738-03:00
PUCPR,36,livre,0.0,0.07724606505866524,2026-09-24T02:21:11.738-03:00
PUCPR,37,livre,0.0,0.0016213969668710407,2026-09-24T02:21:11.738-03:00
PUCPR,38,livre,0.0,0.0,2026-09-24T02:21:11.738-03:00
PUCPR,39,livre,0.0,0.0,2026-09-24T02:21:11.738-03:00
PUCPR,4,ocupada,0.0,0.07137015259460712,2026-09-24T02:21:11.738-03:00
PUCPR,40,livre,0.0,0.0,2026-09-24T02:21:11.738-03:00
PUCPR,41,livre,0.0,0.013533655410470177,2026-09-24T02:21:11.738-03:00
PUCPR,42,livre,0.0,0.03995403731763455,2026-09-24T02:21:11.738-03:00
PUCPR,43,ocupada,0.4198765158653259,0.8142041914706736,2026-09-24T02:21:11.738-03:00
PUCPR,44,livre,0.0,0.060042784991477326,2026-09-24T02:21:11.738-03:00
PUCPR,45,ocupada,0.370295912027359,0.9049977354010666,2026-09-24T02:21:11.738-03:00
PUCPR,46,ocupada,0.5341663956642151,0.8963356310714166,2026-09-24T02:21:11.738-03:00
PUCPR,47,livre,0.0,0.1519455191476467,2026-09-24T02:21:11.738-03:00
PUCPR,48,livre,0.0,0.11105053480842739,2026-09-24T02:21:11.738-03:00
PUCPR,49,ocupada,0.0,0.0,2026-09-24T02:21:11.738-03:00
PUCPR,5,ocupada,0.38215765357017517,0.9540195583521782,2026-09-24T02:21:11.738-03:00
PUCPR,50,livre,0.0,0.0,2026-09-24T02:21:11.738-03:00
PUCPR,51,ocupada,0.44965291023254395,0.8367508576049627,2026-09-24T02:21:11.738-03:00
PUCPR,52,ocupada,0.4502328038215637,0.7486046683461502,2026-09-24T02:21:11.738-03:00
PUCPR,53,livre,0.0,0.09861634318881041,2026-09-24T02:21:11.738-03:00
PUCPR,54,livre,0.0,0.0,2026-09-24T02:21:11.738-03:00
PUCPR,55,livre,0.0,0.0,2026-09-24T02:21:11.738-03:00
PUCPR,56,livre,0.0,0.0,2026-09-24T02:21:11.738-03:00
PUCPR,57,livre,0.0,0.06934014556731534,2026-09-24T02:21:11.738-03:00
PUCPR,58,ocupada,0.3697545826435089,0.8200155904445937,2026-09-24T02:21:11.738-03:00
PUCPR,59,livre,0.0,0.010723698266156963,2026-09-24T02:21:11.738-03:00
PUCPR,6,livre,0.0,0.05479372029852942,2026-09-24T02:21:11.738-03:00
PUCPR,60,livre,0.0,0.0,2026-09-24T02:21:11.738-03:00
PUCPR,61,ocupada,0.35804107785224915,0.7396068571665372,2026-09-24T02:21:11.738-03:00
PUCPR,62,livre,0.0,0.0,2026-09-24T02:21:11.738-03:00
PUCPR,63,livre,0.35226011276245117,0.9050276765391835,2026-09-24T02:21:11.738-03:00
PUCPR,64,livre,0.0,0.02816634572981585,2026-09-24T02:21:11.738-03:00
PUCPR,65,livre,0.0,0.07309531032803107,2026-09-24T02:21:11.738-03:00
PUCPR,66,livre,0.0,0.0,2026-09-24T02:21:11.738-03:00
PUCPR,67,livre,0.0,0.29266482717015385,2026-09-24T02:21:11.738-03:00
PUCPR,68,ocupada,0.25432589650154114,0.9836922750671186,2026-09-24T02:21:11.738-03:00
PUCPR,69,livre,0.0,0.256936169692384,2026-09-24T02:21:11.738-03:00
PUCPR,7,ocupada,0.4829556345939636,0.9812370345886298,2026-09-24T02:21:11.738-03:00
PUCPR,70,livre,0.0,0.015909395949941313,2026-09-24T02:21:11.738-03:00
PUCPR,71,ocupada,0.6128895282745361,0.9406486392056748,2026-09-24T02:21:11.738-03:00
PUCPR,72,ocupada,0.4675886631011963,0.9919492001175517,2026-09-24T02:21:11.738-03:00
PUCPR,73,ocupada,0.38634440302848816,0.9076956127351694,2026-09-24T02:21:11.738-03:00
PUCPR,74,livre,0.0,0.01631849098819992,2026-09-24T02:21:11.738-03:00
PUCPR,75,ocupada,0.0,0.018986749062097585,2026-09-24T02:21:11.738-03:00
PUCPR,76,ocupada,0.44434481859207153,0.8832551732205935,2026-09-24T02:21:11.738-03:00
PUCPR,77,ocupada,0.4097975492477417,0.7938401079519958,2026-09-24T02:21:11.738-03:00
PUCPR,78,livre,0.0,0.0,2026-09-24T02:21:11.738-03:00
PUCPR,79,livre,0.0,0.0,2026-09-24T02:21:11.738-03:00
PUCPR,8,livre,0.0,0.0,2026-09-24T02:21:11.738-03:00
PUCPR,80,livre,0.0,0.0,2026-09-24T02:21:11.738-03:00
PUCPR,81,ocupada,0.25288912653923035,0.78045021744432,2026-09-24T02:21:11.738-03:00
PUCPR,82,livre,0.0,0.0,2026-09-24T02:21:11.738-03:00
PUCPR,83,ocupada,0.3734736144542694,0.9323297025152799,2026-09-24T02:21:11.738-03:00
PUCPR,84,ocupada,0.5861393213272095,0.8919519034881864,2026-09-24T02:21:11.738-03:00
PUCPR,85,ocupada,0.4872630834579468,0.847428448173123,2026-09-24T02:21:11.738-03:00
PUCPR,86,ocupada,0.29114440083503723,0.8185689578460289,2026-09-24T02:21:11.738-03:00
PUCPR,87,livre,0.27531328797340393,0.8658389716608178,2026-09-24T02:21:11.738-03:00
PUCPR,88,livre,0.0,0.09072873826678264,2026-09-24T02:21:11.738-03:00
PUCPR,89,ocupada,0.6333965063095093,0.9897690960771771,2026-09-24T02:21:11.738-03:00
PUCPR,9,livre,0.0,0.0,2026-09-24T02:21:11.738-03:00
PUCPR,90,ocupada,0.0,0.26679057311242493,2026-09-24T02:21:11.738-03:00
PUCPR,91,livre,0.0,0.0,2026-09-24T02:21:11.738-03:00
PUCPR,92,livre,0.0,0.0,2026-09-24T02:21:11.738-03:00
PUCPR,93,livre,0.0,0.0,2026-09-24T02:21:11.738-03:00
PUCPR,94,livre,0.0,0.0,2026-09-24T02:21:11.738-03:00
PUCPR,95,livre,0.0,0.0,2026-09-24T02:21:11.738-03:00
PUCPR,96,livre,0.0,0.0,2026-09-24T02:21:11.738-03:00
PUCPR,97,livre,0.0,0.0,2026-09-24T02:21:11.738-03:00
PUCPR,98,ocupada,0.4615035653114319,0.8211835303669563,2026-09-24T02:21:11.738-03:00
PUCPR,99,ocupada,0.47171324491500854,0.8859391540832084,2026-09-24T02:21:11.738-03:00
PUCPR,1,livre,0.0,0.1656368286335683,2026-09-24T02:21:11.811-03:00
PUCPR,10,livre,0.0,0.0,2026-09-24T02:21:11.811-03:00
PUCPR,100,livre,0.0,0.0,2026-09-24T02:21:11.811-03:00
PUCPR,11,livre,0.0,0.0,2026-09-24T02:21:11.811-03:00
PUCPR,12,livre,0.0,0.0,2026-09-24T02:21:11.811-03:00
PUCPR,13,livre,0.0,0.0,2026-09-24T02:21:11.811-03:00
PUCPR,14,livre,0.0,0.0,2026-09-24T02:21:11.811-03:00
PUCPR,15,livre,0.0,0.0,2026-09-24T02:21:11.811-03:00
PUCPR,16,livre,0.0,0.0,2026-09-24T02:21:11.811-03:00
PUCPR,17,livre,0.0,0.0,2026-09-24T02:21:11.811-03:00
PUCPR,18,livre,0.0,0.0,2026-09-24T02:21:11.811-03:00
PUCPR,19,livre,0.0,0.0,2026-09-24T02:21:11.811-03:00
PUCPR,2,livre,0.0,0.0,2026-09-24T02:21:11.811-03:00
PUCPR,20,ocupada,0.472089946269989,0.8552354703189844,2026-09-24T02:21:11.811-03:00
PUCPR,21,ocupada,0.5017833709716797,0.8921486800580543,2026-09-24T02:21:11.811-03:00
PUCPR,22,ocupada,0.40056750178337097,0.7571717142213887,2026-09-24T02:21:11.811-03:00
PUCPR,23,livre,0.0,0.015431619751649531,2026-09-24T02:21:11.811-03:00
PUCPR,24,livre,0.0,0.10168521552130817,2026-09-24T02:21:11.811-03:00
PUCPR,25,ocupada,0.5215566158294678,0.9024208155768342,2026-09-24T02:21:11.811-03:00
PUCPR,26,livre,0.0,0.1240284899616004,2026-09-24T02:21:11.811-03:00
PUCPR,27,livre,0.0,0.0019598888684889296,2026-09-24T02:21:11.811-03:00
PUCPR,28,livre,0.0,0.0,2026-09-24T02:21:11.811-03:00
PUCPR,29,livre,0.0,0.0,2026-09-24T02:21:11.811-03:00
PUCPR,3,livre,0.0,0.020148051266647787,2026-09-24T02:21:11.811-03:00
PUCPR,30,livre,0.0,0.0,2026-09-24T02:21:11.811-03:00
PUCPR,31,livre,0.0,0.07024365302763073,2026-09-24T02:21:11.811-03:00
PUCPR,32,livre,0.25801703333854675,0.8900486597031398,2026-09-24T02:21:11.811-03:00
PUCPR,33,livre,0.0,0.08918887320214186,2026-09-24T02:21:11.811-03:00
PUCPR,34,livre,0.0,0.0,2026-09-24T02:21:11.811-03:00
PUCPR,35,ocupada,0.396220326423645,0.9378497045447071,2026-09-24T02:21:11.811-03:00
PUCPR,36,livre,0.0,0.0759454871879822,2026-09-24T02:21:11.811-03:00
PUCPR,37,livre,0.0,0.0019490900943510052,2026-09-24T02:21:11.811-03:00
PUCPR,38,livre,0.0,0.0,2026-09-24T02:21:11.811-03:00
PUCPR,39,livre,0.0,0.0,2026-09-24T02:21:11.811-03:00
PUCPR,4,ocupada,0.3372499942779541,0.8306384327449994,2026-09-24T02:21:11.811-03:00
PUCPR,40,livre,0.0,0.022934178394826497,2026-09-24T02:21:11.811-03:00
PUCPR,41,livre,0.0,0.01966297653939156,2026-09-24T02:21:11.811-03:00
PUCPR,42,livre,0.0,0.036513737984751625,2026-09-24T02:21:11.811-03:00
PUCPR,43,ocupada,0.4664810299873352,0.8115224404282246,2026-09-24T02:21:11.811-03:00
PUCPR,44,livre,0.0,0.06770409961481527,2026-09-24T02:21:11.811-03:00
PUCPR,45,ocupada,0.43701454997062683,0.9742786680384525,2026-09-24T02:21:11.811-03:00
PUCPR,46,ocupada,0.5211460590362549,0.905281228694143,2026-09-24T02:21:11.811-03:00
PUCPR,47,livre,0.0,0.1505880272040334,2026-09-24T02:21:11.811-03:00
PUCPR,48,livre,0.0,0.10739723686564052,2026-09-24T02:21:11.811-03:00
PUCPR,49,ocupada,0.3487144708633423,0.9379065017177307,2026-09-24T02:21:11.811-03:00
PUCPR,5,ocupada,0.3975464105606079,0.9500558237146137,2026-09-24T02:21:11.811-03:00
PUCPR,50,livre,0.0,0.0,2026-09-24T02:21:11.811-03:00
PUCPR,51,ocupada,0.5798897743225098,0.8491634288861206,2026-09-24T02:21:11.811-03:00
PUCPR,52,ocupada,0.5329272150993347,0.7409757010325391,2026-09-24T02:21:11.811-03:00
PUCPR,53,livre,0.0,0.10158190634632881,2026-09-24T02:21:11.811-03:00
PUCPR,54,livre,0.0,0.06997904845557648,2026-09-24T02:21:11.811-03:00
PUCPR,55,livre,0.2771163582801819,0.9057812447807417,2026-09-24T02:21:11.811-03:00
PUCPR,56,livre,0.0,0.06627101132635617,2026-09-24T02:21:11.811-03:00
PUCPR,57,livre,0.0,0.06779204865530945,2026-09-24T02:21:11.811-03:00
PUCPR,58,ocupada,0.46824440360069275,0.8118603657244239,2026-09-24T02:21:11.811-03:00
PUCPR,59,livre,0.0,0.01962471401416296,2026-09-24T02:21:11.811-03:00
PUCPR,6,livre,0.0,0.05738765720030663,2026-09-24T02:21:11.811-03:00
PUCPR,60,livre,0.0,0.0,2026-09-24T02:21:11.811-03:00
PUCPR,61,ocupada,0.513671338558197,0.7385495354995928,2026-09-24T02:21:11.811-03:00
PUCPR,62,livre,0.42435675859451294,0.7794364869873414,2026-09-24T02:21:11.811-03:00
PUCPR,63,ocupada,0.42485538125038147,0.909739484789048,2026-09-24T02:21:11.811-03:00
PUCPR,64,livre,0.0,0.06385251005307664,2026-09-24T02:21:11.811-03:00
PUCPR,65,livre,0.0,0.07930678239260702,2026-09-24T02:21:11.811-03:00
PUCPR,66,livre,0.0,0.0,2026-09-24T02:21:11.811-03:00
PUCPR,67,livre,0.0,0.2934673238561052,2026-09-24T02:21:11.811-03:00
PUCPR,68,ocupada,0.3997102677822113,0.9822852968105643,2026-09-24T02:21:11.811-03:00
PUCPR,69,livre,0.0,0.25508046622703934,2026-09-24T02:21:11.811-03:00
PUCPR,7,ocupada,0.4816926419734955,0.9739516803802492,2026-09-24T02:21:11.811-03:00
PUCPR,70,livre,0.0,0.021885952023715377,2026-09-24T02:21:11.811-03:00
PUCPR,71,ocupada,0.7380225658416748,0.9512891970579567,2026-09-24T02:21:11.811-03:00
PUCPR,72,ocupada,0.5685571432113647,0.9875134690190841,2026-09-24T02:21:11.811-03:00
PUCPR,73,ocupada,0.41412487626075745,0.9119721643243429,2026-09-24T02:21:11.811-03:00
PUCPR,74,livre,0.0,0.03053138241345546,2026-09-24T02:21:11.811-03:00
PUCPR,75,ocupada,0.0,0.019924540167817802,2026-09-24T02:21:11.811-03:00
PUCPR,76,ocupada,0.3424525558948517,0.885503193407888,2026-09-24T02:21:11.811-03:00
PUCPR,77,ocupada,0.3059224486351013,0.8036219099767801,2026-09-24T02:21:11.811-03:00
PUCPR,78,livre,0.0,0.0,2026-09-24T02:21:11.811-03:00
PUCPR,79,livre,0.0,0.0,2026-09-24T02:21:11.811-03:00
PUCPR,8,livre,0.0,0.0,2026-09-24T02:21:11.811-03:00
PUCPR,80,livre,0.0,0.0,2026-09-24T02:21:11.811-03:00
PUCPR,81,ocupada,0.0,0.0,2026-09-24T02:21:11.811-03:00
PUCPR,82,livre,0.0,0.0,2026-09-24T02:21:11.811-03:00
PUCPR,83,ocupada,0.2730298638343811,0.9411002166422779,2026-09-24T02:21:11.811-03:00
PUCPR,84,ocupada,0.31849756836891174,0.9238555418688621,2026-09-24T02:21:11.811-03:00
PUCPR,85,ocupada,0.0,0.0007903812805062538,2026-09-24T02:21:11.811-03:00
PUCPR,86,ocupada,0.3073127567768097,0.8388710765704197,2026-09-24T02:21:11.811-03:00
PUCPR,87,livre,0.276236891746521,0.865502434614211,2026-09-24T02:21:11.811-03:00
PUCPR,88,livre,0.41594475507736206,0.8061206904425579,2026-09-24T02:21:11.811-03:00
PUCPR,89,ocupada,0.6337472200393677,0.9909378810012239,2026-09-24T02:21:11.811-03:00
PUCPR,9,livre,0.0,0.0,2026-09-24T02:21:11.811-03:00
PUCPR,90,livre,0.0,0.27017415415974577,2026-09-24T02:21:11.811-03:00
PUCPR,91,livre,0.0,0.0,2026-09-24T02:21:11.811-03:00
PUCPR,92,livre,0.0,0.0,2026-09-24T02:21:11.811-03:00
PUCPR,93,livre,0.0,0.0,2026-09-24T02:21:11.811-03:00
PUCPR,94,livre,0.0,0.0,2026-09-24T02:21:11.811-03:00
PUCPR,95,livre,0.0,0.0,2026-09-24T02:21:11.811-03:00
PUCPR,96,livre,0.0,0.0,2026-09-24T02:21:11.811-03:00
PUCPR,97,livre,0.0,0.0,2026-09-24T02:21:11.811-03:00
PUCPR,98,ocupada,0.5431060791015625,0.8228645053316457,2026-09-24T02:21:11.811-03:00
PUCPR,99,ocupada,0.5196865200996399,0.9061954319072922,2026-09-24T02:21:11.811-03:00
PUCPR,1,livre,0.0,0.1584238672618103,2026-09-24T02:21:11.886-03:00
PUCPR,10,livre,0.0,0.0,2026-09-24T02:21:11.886-03:00
PUCPR,100,livre,0.0,0.0,2026-09-24T02:21:11.886-03:00
PUCPR,11,livre,0.0,0.0,2026-09-24T02:21:11.886-03:00
PUCPR,12,livre,0.0,0.0,2026-09-24T02:21:11.886-03:00
PUCPR,13,livre,0.0,0.0,2026-09-24T02:21:11.886-03:00
PUCPR,14,livre,0.0,0.0,2026-09-24T02:21:11.886-03:00
PUCPR,15,livre,0.0,0.0,2026-09-24T02:21:11.886-03:00
PUCPR,16,livre,0.0,0.0,2026-09-24T02:21:11.886-03:00
PUCPR,17,livre,0.0,0.0,2026-09-24T02:21:11.886-03:00
PUCPR,18,livre,0.0,0.0,2026-09-24T02:21:11.886-03:00
PUCPR,19,livre,0.0,0.0,2026-09-24T02:21:11.886-03:00
PUCPR,2,livre,0.0,0.0,2026-09-24T02:21:11.886-03:00
PUCPR,20,ocupada,0.5061225295066833,0.8597365347981851,2026-09-24T02:21:11.886-03:00
PUCPR,21,ocupada,0.617614209651947,0.8778972079667651,2026-09-24T02:21:11.886-03:00
PUCPR,22,ocupada,0.4795945882797241,0.7743935066284748,2026-09-24T02:21:11.886-03:00
PUCPR,23,livre,0.0,0.012624220955242143,2026-09-24T02:21:11.886-03:00
PUCPR,24,livre,0.0,0.10999829330310225,2026-09-24T02:21:11.886-03:00
PUCPR,25,ocupada,0.47253894805908203,0.9118133987678778,2026-09-24T02:21:11.886-03:00
PUCPR,26,livre,0.0,0.12110082231816877,2026-09-24T02:21:11.886-03:00
PUCPR,27,livre,0.0,0.0017224267919044545,2026-09-24T02:21:11.886-03:00
PUCPR,28,livre,0.0,0.0,2026-09-24T02:21:11.886-03:00
PUCPR,29,livre,0.0,0.0,2026-09-24T02:21:11.886-03:00
PUCPR,3,livre,0.0,0.024486594013754352,2026-09-24T02:21:11.886-03:00
PUCPR,30,livre,0.0,0.0,2026-09-24T02:21:11.886-03:00
PUCPR,31,livre,0.0,0.0,2026-09-24T02:21:11.886-03:00
PUCPR,32,livre,0.0,0.0,2026-09-24T02:21:11.886-03:00
PUCPR,33,livre,0.0,0.0,2026-09-24T02:21:11.886-03:00
PUCPR,34,livre,0.0,0.0,2026-09-24T02:21:11.886-03:00
PUCPR,35,ocupada,0.47809427976608276,0.9388511824430374,2026-09-24T02:21:11.886-03:00
PUCPR,36,livre,0.0,0.07802877577379334,2026-09-24T02:21:11.886-03:00
PUCPR,37,livre,0.0,0.002168586462880308,2026-09-24T02:21:11.886-03:00
PUCPR,38,livre,0.0,0.0,2026-09-24T02:21:11.886-03:00
PUCPR,39,livre,0.0,0.0,2026-09-24T02:21:11.886-03:00
PUCPR,4,ocupada,0.43158021569252014,0.84378899747292,2026-09-24T02:21:11.886-03:00
PUCPR,40,livre,0.0,0.028653754743078977,2026-09-24T02:21:11.886-03:00
PUCPR,41,livre,0.0,0.025931908510289665,2026-09-24T02:21:11.886-03:00
PUCPR,42,livre,0.0,0.05447200448854586,2026-09-24T02:21:11.886-03:00
PUCPR,43,ocupada,0.49644312262535095,0.8164012831248499,2026-09-24T02:21:11.886-03:00
PUCPR,44,livre,0.0,0.027077881963863855,2026-09-24T02:21:11.886-03:00
PUCPR,45,ocupada,0.44262754917144775,0.9506764776843231,2026-09-24T02:21:11.886-03:00
PUCPR,46,ocupada,0.5883887410163879,0.89577180200095,2026-09-24T02:21:11.886-03:00
PUCPR,47,livre,0.0,0.1531879735687241,2026-09-24T02:21:11.886-03:00
PUCPR,48,livre,0.0,0.10689812506609989,2026-09-24T02:21:11.886-03:00
PUCPR,49,ocupada,0.38903865218162537,0.9361210666763614,2026-09-24T02:21:11.886-03:00
PUCPR,5,ocupada,0.44477370381355286,0.9458554213506201,2026-09-24T02:21:11.886-03:00
PUCPR,50,livre,0.0,0.0,2026-09-24T02:21:11.886-03:00
PUCPR,51,ocupada,0.6209154725074768,0.8372997021281646,2026-09-24T02:21:11.886-03:00
PUCPR,52,ocupada,0.5328145027160645,0.755885497422848,2026-09-24T02:21:11.886-03:00
PUCPR,53,livre,0.0,0.09752617402924603,2026-09-24T02:21:11.886-03:00
PUCPR,54,livre,0.0,0.0,2026-09-24T02:21:11.886-03:00
PUCPR,55,livre,0.0,0.0,2026-09-24T02:21:11.886-03:00
PUCPR,56,livre,0.0,0.0,2026-09-24T02:21:11.886-03:00
PUCPR,57,livre,0.0,0.06943345286221603,2026-09-24T02:21:11.886-03:00
PUCPR,58,ocupada,0.5533636212348938,0.8162694107703025,2026-09-24T02:21:11.886-03:00
PUCPR,59,livre,0.0,0.023532275675240015,2026-09-24T02:21:11.886-03:00
PUCPR,6,livre,0.0,0.05514463761253518,2026-09-24T02:21:11.886-03:00
PUCPR,60,livre,0.3082978129386902,0.8398663592406019,2026-09-24T02:21:11.886-03:00
PUCPR,61,ocupada,0.4880753755569458,0.7483962636416094,2026-09-24T02:21:11.886-03:00
PUCPR,62,livre,0.4062621295452118,0.7735354709549119,2026-09-24T02:21:11.886-03:00
PUCPR,63,ocupada,0.4564206600189209,0.8887634435615701,2026-09-24T02:21:11.886-03:00
PUCPR,64,livre,0.0,0.03774090789363561,2026-09-24T02:21:11.886-03:00
PUCPR,65,livre,0.0,0.07025308920008062,2026-09-24T02:21:11.886-03:00
PUCPR,66,livre,0.0,0.0,2026-09-24T02:21:11.886-03:00
PUCPR,67,livre,0.0,0.2803833707233014,2026-09-24T02:21:11.886-03:00
PUCPR,68,ocupada,0.3954104781150818,0.9816895832304732,2026-09-24T02:21:11.886-03:00
PUCPR,69,livre,0.0,0.26060245979173413,2026-09-24T02:21:11.886-03:00
PUCPR,7,ocupada,0.5527926683425903,0.9742123791771712,2026-09-24T02:21:11.886-03:00
PUCPR,70,livre,0.0,0.01858986283593148,2026-09-24T02:21:11.886-03:00
PUCPR,71,ocupada,0.7130820751190186,0.9455768963059108,2026-09-24T02:21:11.886-03:00
PUCPR,72,ocupada,0.5322461128234863,0.9942192467084775,2026-09-24T02:21:11.886-03:00
PUCPR,73,ocupada,0.4196312427520752,0.9100824830153972,2026-09-24T02:21:11.886-03:00
PUCPR,74,livre,0.0,0.027834586915235982,2026-09-24T02:21:11.886-03:00
PUCPR,75,livre,0.0,0.016428505044823807,2026-09-24T02:21:11.886-03:00
PUCPR,76,ocupada,0.4685291647911072,0.8715915329357617,2026-09-24T02:21:11.886-03:00
PUCPR,77,ocupada,0.42999863624572754,0.8122146671615876,2026-09-24T02:21:11.886-03:00
PUCPR,78,livre,0.0,0.0,2026-09-24T02:21:11.886-03:00
PUCPR,79,livre,0.0,0.0,2026-09-24T02:21:11.886-03:00
PUCPR,8,livre,0.0,0.0,2026-09-24T02:21:11.886-03:00
PUCPR,80,livre,0.0,0.0,2026-09-24T02:21:11.886-03:00
PUCPR,81,livre,0.0,0.0,2026-09-24T02:21:11.886-03:00
PUCPR,82,livre,0.0,0.0,2026-09-24T02:21:11.886-03:00
PUCPR,83,ocupada,0.3464454412460327,0.9295899501699606,2026-09-24T02:21:11.886-03:00
PUCPR,84,ocupada,0.5496793389320374,0.9134499538310401,2026-09-24T02:21:11.886-03:00
PUCPR,85,ocupada,0.0,0.0,2026-09-24T02:21:11.886-03:00
PUCPR,86,ocupada,0.0,0.0,2026-09-24T02:21:11.886-03:00
PUCPR,87,livre,0.0,0.0,2026-09-24T02:21:11.886-03:00
PUCPR,88,ocupada,0.35213106870651245,0.7962279994960492,2026-09-24T02:21:11.886-03:00
PUCPR,89,ocupada,0.6227573752403259,0.9895305365026287,2026-09-24T02:21:11.886-03:00
PUCPR,9,livre,0.0,0.0,2026-09-24T02:21:11.886-03:00
PUCPR,90,livre,0.0,0.264126346543842,2026-09-24T02:21:11.886-03:00
PUCPR,91,livre,0.0,0.0,2026-09-24T02:21:11.886-03:00
PUCPR,92,livre,0.0,0.0,2026-09-24T02:21:11.886-03:00
PUCPR,93,livre,0.0,0.0,2026-09-24T02:21:11.886-03:00
PUCPR,94,livre,0.0,0.0,2026-09-24T02:21:11.886-03:00
PUCPR,95,livre,0.0,0.0,2026-09-24T02:21:11.886-03:00
PUCPR,96,livre,0.0,0.0,2026-09-24T02:21:11.886-03:00
PUCPR,97,livre,0.0,0.0,2026-09-24T02:21:11.886-03:00
PUCPR,98,ocupada,0.4776862561702728,0.8395012984155173,2026-09-24T02:21:11.886-03:00
PUCPR,99,ocupada,0.4864808917045593,0.9200269405730088,2026-09-24T02:21:11.886-03:00
PUCPR,1,livre,0.0,0.15906599341778915,2026-09-24T02:21:11.959-03:00
PUCPR,10,livre,0.0,0.0,2026-09-24T02:21:11.959-03:00
PUCPR,100,livre,0.0,0.0,2026-09-24T02:21:11.959-03:00
PUCPR,11,livre,0.0,0.0,2026-09-24T02:21:11.959-03:00
PUCPR,12,livre,0.0,0.0,2026-09-24T02:21:11.959-03:00
PUCPR,13,livre,0.0,0.0,2026-09-24T02:21:11.959-03:00
PUCPR,14,livre,0.0,0.0,2026-09-24T02:21:11.959-03:00
PUCPR,15,livre,0.0,0.0,2026-09-24T02:21:11.959-03:00
PUCPR,16,livre,0.0,0.0,2026-09-24T02:21:11.959-03:00
PUCPR,17,livre,0.0,0.0,2026-09-24T02:21:11.959-03:00
PUCPR,18,livre,0.0,0.0,2026-09-24T02:21:11.959-03:00
PUCPR,19,livre,0.0,0.0,2026-09-24T02:21:11.959-03:00
PUCPR,2,livre,0.0,0.0,2026-09-24T02:21:11.959-03:00
PUCPR,20,ocupada,0.5159915089607239,0.8703247671742493,2026-09-24T02:21:11.959-03:00
PUCPR,21,ocupada,0.6073338985443115,0.8704053068856391,2026-09-24T02:21:11.959-03:00
PUCPR,22,ocupada,0.5202773213386536,0.7315631954409544,2026-09-24T02:21:11.959-03:00
PUCPR,23,livre,0.0,0.01279821773175204,2026-09-24T02:21:11.959-03:00
PUCPR,24,livre,0.0,0.11543378314653874,2026-09-24T02:21:11.959-03:00
PUCPR,25,ocupada,0.5305212736129761,0.9138603426147865,2026-09-24T02:21:11.959-03:00
PUCPR,26,livre,0.0,0.11978381697261414,2026-09-24T02:21:11.959-03:00
PUCPR,27,livre,0.0,0.002168360961271647,2026-09-24T02:21:11.959-03:00
PUCPR,28,livre,0.0,0.0,2026-09-24T02:21:11.959-03:00
PUCPR,29,livre,0.0,0.0,2026-09-24T02:21:11.959-03:00
PUCPR,3,livre,0.0,0.02840527148152589,2026-09-24T02:21:11.959-03:00
PUCPR,30,livre,0.0,0.0,2026-09-24T02:21:11.959-03:00
PUCPR,31,livre,0.0,0.0,2026-09-24T02:21:11.959-03:00
PUCPR,32,livre,0.0,0.0,2026-09-24T02:21:11.959-03:00
PUCPR,33,livre,0.0,0.0,2026-09-24T02:21:11.959-03:00
PUCPR,34,livre,0.0,0.0,2026-09-24T02:21:11.959-03:00
PUCPR,35,ocupada,0.5343285202980042,0.9376252865970578,2026-09-24T02:21:11.959-03:00
PUCPR,36,livre,0.0,0.07598494656842839,2026-09-24T02:21:11.959-03:00
PUCPR,37,livre,0.0,0.0029006080409804697,2026-09-24T02:21:11.959-03:00
PUCPR,38,livre,0.0,0.0,2026-09-24T02:21:11.959-03:00
PUCPR,39,livre,0.0,0.0,2026-09-24T02:21:11.959-03:00
PUCPR,4,ocupada,0.37901875376701355,0.8474637585976873,2026-09-24T02:21:11.959-03:00
PUCPR,40,livre,0.0,0.025747340534538327,2026-09-24T02:21:11.959-03:00
PUCPR,41,livre,0.0,0.024788208370392667,2026-09-24T02:21:11.959-03:00
PUCPR,42,livre,0.0,0.0347672572465915,2026-09-24T02:21:11.959-03:00
PUCPR,43,ocupada,0.5105165243148804,0.8241699357253309,2026-09-24T02:21:11.959-03:00
PUCPR,44,livre,0.0,0.032829759910430446,2026-09-24T02:21:11.959-03:00
PUCPR,45,ocupada,0.39739862084388733,0.9616768319154181,2026-09-24T02:21:11.959-03:00
PUCPR,46,ocupada,0.632209837436676,0.8988666617844693,2026-09-24T02:21:11.959-03:00
PUCPR,47,livre,0.0,0.15459917221451597,2026-09-24T02:21:11.959-03:00
PUCPR,48,livre,0.0,0.10544783364641823,2026-09-24T02:21:11.959-03:00
PUCPR,49,ocupada,0.42438217997550964,0.9394112235291455,2026-09-24T02:21:11.959-03:00
PUCPR,5,ocupada,0.48847833275794983,0.9566027876031984,2026-09-24T02:21:11.959-03:00
PUCPR,50,livre,0.0,0.0,2026-09-24T02:21:11.959-03:00
PUCPR,51,ocupada,0.6190215945243835,0.8462369849630353,2026-09-24T02:21:11.959-03:00
PUCPR,52,ocupada,0.5256223082542419,0.7545973071662433,2026-09-24T02:21:11.959-03:00
PUCPR,53,livre,0.0,0.09615079368403284,2026-09-24T02:21:11.959-03:00
PUCPR,54,livre,0.0,0.0,2026-09-24T02:21:11.959-03:00
PUCPR,55,livre,0.0,0.0,2026-09-24T02:21:11.959-03:00
PUCPR,56,livre,0.0,0.0,2026-09-24T02:21:11.959-03:00
PUCPR,57,livre,0.0,0.07295684841448476,2026-09-24T02:21:11.959-03:00
PUCPR,58,ocupada,0.6167345643043518,0.8252328458474553,2026-09-24T02:21:11.959-03:00
PUCPR,59,livre,0.0,0.013886448070616408,2026-09-24T02:21:11.959-03:00
PUCPR,6,livre,0.0,0.06198929366475787,2026-09-24T02:21:11.959-03:00
PUCPR,60,livre,0.2714947462081909,0.838134689781901,2026-09-24T02:21:11.959-03:00
PUCPR,61,ocupada,0.4105713665485382,0.7587088851808576,2026-09-24T02:21:11.959-03:00
PUCPR,62,ocupada,0.43057966232299805,0.7758982079269119,2026-09-24T02:21:11.959-03:00
PUCPR,63,ocupada,0.5382556915283203,0.9062266038337369,2026-09-24T02:21:11.959-03:00
PUCPR,64,livre,0.0,0.041422130903567826,2026-09-24T02:21:11.959-03:00
PUCPR,65,livre,0.0,0.06229103665152466,2026-09-24T02:21:11.959-03:00
PUCPR,66,livre,0.0,0.0,2026-09-24T02:21:11.959-03:00
PUCPR,67,livre,0.0,0.2930535983229218,2026-09-24T02:21:11.959-03:00
PUCPR,68,ocupada,0.5671981573104858,0.9830219074346945,2026-09-24T02:21:11.959-03:00
PUCPR,69,livre,0.0,0.2498536593109203,2026-09-24T02:21:11.959-03:00
PUCPR,7,ocupada,0.5302535891532898,0.976877231910766,2026-09-24T02:21:11.959-03:00
PUCPR,70,livre,0.0,0.03383419133761618,2026-09-24T02:21:11.959-03:00
PUCPR,71,ocupada,0.7063890695571899,0.9669969913509365,2026-09-24T02:21:11.959-03:00
PUCPR,72,ocupada,0.5651674866676331,0.9773300142247916,2026-09-24T02:21:11.959-03:00
PUCPR,73,ocupada,0.4236631393432617,0.9015310873046918,2026-09-24T02:21:11.959-03:00
PUCPR,74,livre,0.0,0.03127779338024142,2026-09-24T02:21:11.959-03:00
PUCPR,75,livre,0.0,0.01862328171283454,2026-09-24T02:21:11.959-03:00
PUCPR,76,ocupada,0.4544830322265625,0.874317503837973,2026-09-24T02:21:11.959-03:00
PUCPR,77,ocupada,0.2875497043132782,0.8071491909377679,2026-09-24T02:21:11.959-03:00
PUCPR,78,livre,0.0,5.042925187960503e-06,2026-09-24T02:21:11.959-03:00
PUCPR,79,livre,0.0,0.0,2026-09-24T02:21:11.959-03:00
PUCPR,8,livre,0.0,0.0,2026-09-24T02:21:11.959-03:00
PUCPR,80,livre,0.0,0.0,2026-09-24T02:21:11.959-03:00
PUCPR,81,livre,0.0,0.0,2026-09-24T02:21:11.959-03:00
PUCPR,82,livre,0.0,0.0,2026-09-24T02:21:11.959-03:00
PUCPR,83,ocupada,0.3393491804599762,0.9184930002390393,2026-09-24T02:21:11.959-03:00
PUCPR,84,ocupada,0.5297554135322571,0.9010318137686821,2026-09-24T02:21:11.959-03:00
PUCPR,85,livre,0.0,0.00042985566374189314,2026-09-24T02:21:11.959-03:00
PUCPR,86,ocupada,0.30900052189826965,0.8360945674167012,2026-09-24T02:21:11.959-03:00
PUCPR,87,ocupada,0.274530827999115,0.8757541281141008,2026-09-24T02:21:11.959-03:00
PUCPR,88,ocupada,0.4061349332332611,0.7993466631745892,2026-09-24T02:21:11.959-03:00
PUCPR,89,ocupada,0.0,0.25507810113336543,2026-09-24T02:21:11.959-03:00
PUCPR,9,livre,0.0,0.0,2026-09-24T02:21:11.959-03:00
PUCPR,90,livre,0.0,0.0,2026-09-24T02:21:11.959-03:00
PUCPR,91,livre,0.0,0.0,2026-09-24T02:21:11.959-03:00
PUCPR,92,livre,0.0,0.0,2026-09-24T02:21:11.959-03:00
PUCPR,93,livre,0.0,0.0,2026-09-24T02:21:11.959-03:00
PUCPR,94,livre,0.0,0.0,2026-09-24T02:21:11.959-03:00
PUCPR,95,livre,0.0,0.0,2026-09-24T02:21:11.959-03:00
PUCPR,96,livre,0.0,0.0,2026-09-24T02:21:11.959-03:00
PUCPR,97,livre,0.0,0.0,2026-09-24T02:21:11.959-03:00
PUCPR,98,ocupada,0.5066128373146057,0.8391920077927816,2026-09-24T02:21:11.959-03:00
PUCPR,99,ocupada,0.529367208480835,0.9024790188191375,2026-09-24T02:21:11.959-03:00
PUCPR,1,livre,0.0,0.16635667753229685,2026-09-24T02:21:12.034-03:00
PUCPR,10,livre,0.0,0.0,2026-09-24T02:21:12.034-03:00
PUCPR,100,livre,0.30487918853759766,0.7032076102235416,2026-09-24T02:21:12.034-03:00
PUCPR,11,livre,0.0,0.0,2026-09-24T02:21:12.034-03:00
PUCPR,12,livre,0.0,0.0,2026-09-24T02:21:12.034-03:00
PUCPR,13,livre,0.0,0.0,2026-09-24T02:21:12.034-03:00
PUCPR,14,livre,0.0,0.0,2026-09-24T02:21:12.034-03:00
PUCPR,15,livre,0.28129589557647705,0.8205893747084233,2026-09-24T02:21:12.034-03:00
PUCPR,16,livre,0.0,0.0,2026-09-24T02:21:12.034-03:00
PUCPR,17,livre,0.0,0.0,2026-09-24T02:21:12.034-03:00
PUCPR,18,livre,0.0,0.0,2026-09-24T02:21:12.034-03:00
PUCPR,19,livre,0.0,0.0,2026-09-24T02:21:12.034-03:00
PUCPR,2,livre,0.0,0.0,2026-09-24T02:21:12.034-03:00
PUCPR,20,ocupada,0.5487256646156311,0.8628969832842013,2026-09-24T02:21:12.034-03:00
PUCPR,21,ocupada,0.6901112198829651,0.8679610560059602,2026-09-24T02:21:12.034-03:00
PUCPR,22,ocupada,0.5413375496864319,0.7639064786922486,2026-09-24T02:21:12.034-03:00
PUCPR,23,livre,0.0,0.014830961025452984,2026-09-24T02:21:12.034-03:00
PUCPR,24,livre,0.0,0.11772365048071795,2026-09-24T02:21:12.034-03:00
PUCPR,25,ocupada,0.4707757830619812,0.9175099326315251,2026-09-24T02:21:12.034-03:00
PUCPR,26,livre,0.0,0.1247971928926192,2026-09-24T02:21:12.034-03:00
PUCPR,27,livre,0.0,0.0029911216611412253,2026-09-24T02:21:12.034-03:00
PUCPR,28,livre,0.0,0.0,2026-09-24T02:21:12.034-03:00
PUCPR,29,livre,0.0,0.0,2026-09-24T02:21:12.034-03:00
PUCPR,3,livre,0.0,0.0270008535145236,2026-09-24T02:21:12.034-03:00
PUCPR,30,livre,0.0,0.0,2026-09-24T02:21:12.034-03:00
PUCPR,31,livre,0.0,0.0,2026-09-24T02:21:12.034-03:00
PUCPR,32,livre,0.0,0.0,2026-09-24T02:21:12.034-03:00
PUCPR,33,livre,0.0,0.0,2026-09-24T02:21:12.034-03:00
PUCPR,34,livre,0.0,0.0,2026-09-24T02:21:12.034-03:00
PUCPR,35,ocupada,0.5516692996025085,0.9340280527132013,2026-09-24T02:21:12.034-03:00
PUCPR,36,livre,0.0,0.0728532271251105,2026-09-24T02:21:12.034-03:00
PUCPR,37,livre,0.0,0.0018786083204137933,2026-09-24T02:21:12.034-03:00
PUCPR,38,livre,0.0,0.0,2026-09-24T02:21:12.034-03:00
PUCPR,39,livre,0.0,0.0,2026-09-24T02:21:12.034-03:00
PUCPR,4,ocupada,0.4694998264312744,0.8456654524800968,2026-09-24T02:21:12.034-03:00
PUCPR,40,livre,0.0,0.02205206295443318,2026-09-24T02:21:12.034-03:00
PUCPR,41,livre,0.0,0.022857647014885123,2026-09-24T02:21:12.034-03:00
PUCPR,42,livre,0.0,0.029647879604042145,2026-09-24T02:21:12.034-03:00
PUCPR,43,ocupada,0.5194920301437378,0.8137701350015472,2026-09-24T02:21:12.034-03:00
PUCPR,44,livre,0.0,0.03066413938447535,2026-09-24T02:21:12.034-03:00
PUCPR,45,ocupada,0.4616146981716156,0.9769959548163755,2026-09-24T02:21:12.034-03:00
PUCPR,46,ocupada,0.6386486887931824,0.8993274143658422,2026-09-24T02:21:12.034-03:00
PUCPR,47,livre,0.0,0.15521179316765668,2026-09-24T02:21:12.034-03:00
PUCPR,48,livre,0.0,0.10652634626903904,2026-09-24T02:21:12.034-03:00
PUCPR,49,ocupada,0.5128305554389954,0.9419758449473425,2026-09-24T02:21:12.034-03:00
PUCPR,5,ocupada,0.49550139904022217,0.9420448452942056,2026-09-24T02:21:12.034-03:00
PUCPR,50,livre,0.0,0.0,2026-09-24T02:21:12.034-03:00
PUCPR,51,ocupada,0.6021972894668579,0.8419348655872391,2026-09-24T02:21:12.034-03:00
PUCPR,52,ocupada,0.5414287447929382,0.7529977280303354,2026-09-24T02:21:12.034-03:00
PUCPR,53,livre,0.0,0.09715772441585185,2026-09-24T02:21:12.034-03:00
PUCPR,54,livre,0.0,0.0,2026-09-24T02:21:12.034-03:00
PUCPR,55,livre,0.32077059149742126,0.904935211768588,2026-09-24T02:21:12.034-03:00
PUCPR,56,livre,0.0,0.05746936848543126,2026-09-24T02:21:12.034-03:00
PUCPR,57,livre,0.0,0.06869199057260819,2026-09-24T02:21:12.034-03:00
PUCPR,58,ocupada,0.5356215238571167,0.820086046964616,2026-09-24T02:21:12.034-03:00
PUCPR,59,livre,0.0,0.007958619232611822,2026-09-24T02:21:12.034-03:00
PUCPR,6,livre,0.0,0.056077668867518665,2026-09-24T02:21:12.034-03:00
PUCPR,60,livre,0.0,0.0,2026-09-24T02:21:12.034-03:00
PUCPR,61,ocupada,0.36825594305992126,0.7702243227401825,2026-09-24T02:21:12.034-03:00
PUCPR,62,ocupada,0.3788784444332123,0.7771457241610799,2026-09-24T02:21:12.034-03:00
PUCPR,63,ocupada,0.36795756220817566,0.9022388784047591,2026-09-24T02:21:12.034-03:00
PUCPR,64,livre,0.28626084327697754,0.8801112834541532,2026-09-24T02:21:12.034-03:00
PUCPR,65,livre,0.0,0.08447579652118953,2026-09-24T02:21:12.034-03:00
PUCPR,66,livre,0.0,0.0,2026-09-24T02:21:12.034-03:00
PUCPR,67,livre,0.0,0.2867338827931832,2026-09-24T02:21:12.034-03:00
PUCPR,68,ocupada,0.0,0.0,2026-09-24T02:21:12.034-03:00
PUCPR,69,livre,0.0,0.0,2026-09-24T02:21:12.034-03:00
PUCPR,7,ocupada,0.449565589427948,0.9770098021761198,2026-09-24T02:21:12.034-03:00
PUCPR,70,livre,0.0,0.025790851624715425,2026-09-24T02:21:12.034-03:00
PUCPR,71,ocupada,0.6804818511009216,0.9562882155607751,2026-09-24T02:21:12.034-03:00
PUCPR,72,ocupada,0.5813919305801392,0.984475348165617,2026-09-24T02:21:12.034-03:00
PUCPR,73,ocupada,0.4131321310997009,0.9138804896518615,2026-09-24T02:21:12.034-03:00
PUCPR,74,livre,0.0,0.01960219099473914,2026-09-24T02:21:12.034-03:00
PUCPR,75,livre,0.0,0.06116769825265543,2026-09-24T02:21:12.034-03:00
PUCPR,76,ocupada,0.2609783709049225,0.917664249185299,2026-09-24T02:21:12.034-03:00
PUCPR,77,ocupada,0.360209196805954,0.8161685760857391,2026-09-24T02:21:12.034-03:00
PUCPR,78,livre,0.0,0.00024658192806345313,2026-09-24T02:21:12.034-03:00
PUCPR,79,livre,0.0,0.0,2026-09-24T02:21:12.034-03:00
PUCPR,8,livre,0.0,0.0,2026-09-24T02:21:12.034-03:00
PUCPR,80,livre,0.0,0.0,2026-09-24T02:21:12.034-03:00
PUCPR,81,livre,0.0,0.0,2026-09-24T02:21:12.034-03:00
PUCPR,82,livre,0.0,0.0,2026-09-24T02:21:12.034-03:00
PUCPR,83,ocupada,0.3092930018901825,0.9127342251974817,2026-09-24T02:21:12.034-03:00
PUCPR,84,ocupada,0.5463850498199463,0.9077924683695999,2026-09-24T02:21:12.034-03:00
PUCPR,85,livre,0.0,0.0,2026-09-24T02:21:12.034-03:00
PUCPR,86,ocupada,0.25931277871131897,0.7940253142767782,2026-09-24T02:21:12.034-03:00
PUCPR,87,ocupada,0.2512694001197815,0.8792130023510569,2026-09-24T02:21:12.034-03:00
PUCPR,88,ocupada,0.35211846232414246,0.7949522304116511,2026-09-24T02:21:12.034-03:00
PUCPR,89,ocupada,0.0,0.2524210967047521,2026-09-24T02:21:12.034-03:00
PUCPR,9,livre,0.0,0.0,2026-09-24T02:21:12.034-03:00
PUCPR,90,livre,0.0,0.0,2026-09-24T02:21:12.034-03:00
PUCPR,91,livre,0.0,0.0,2026-09-24T02:21:12.034-03:00
PUCPR,92,livre,0.0,0.0,2026-09-24T02:21:12.034-03:00
PUCPR,93,livre,0.0,0.0,2026-09-24T02:21:12.034-03:00
PUCPR,94,livre,0.0,0.0,2026-09-24T02:21:12.034-03:00
PUCPR,95,livre,0.0,0.0,2026-09-24T02:21:12.034-03:00
PUCPR,96,livre,0.0,0.0,2026-09-24T02:21:12.034-03:00
PUCPR,97,livre,0.0,0.0,2026-09-24T02:21:12.034-03:00
PUCPR,98,ocupada,0.5290533304214478,0.8382766552053115,2026-09-24T02:21:12.034-03:00
PUCPR,99,ocupada,0.4740578830242157,0.914587308033868,2026-09-24T02:21:12.034-03:00
PUCPR,1,livre,0.0,0.16747679904750168,2026-09-24T02:21:12.106-03:00
PUCPR,10,livre,0.0,0.10212212677762973,2026-09-24T02:21:12.106-03:00
PUCPR,100,livre,0.31324371695518494,0.6770554930966065,2026-09-24T02:21:12.106-03:00
PUCPR,11,livre,0.0,0.02862542204882667,2026-09-24T02:21:12.106-03:00
PUCPR,12,livre,0.0,0.0,2026-09-24T02:21:12.106-03:00
PUCPR,13,livre,0.0,0.0,2026-09-24T02:21:12.106-03:00
PUCPR,14,livre,0.0,0.0,2026-09-24T02:21:12.106-03:00
PUCPR,15,livre,0.0,0.0,2026-09-24T02:21:12.106-03:00
PUCPR,16,livre,0.0,0.0,2026-09-24T02:21:12.106-03:00
PUCPR,17,livre,0.0,0.0,2026-09-24T02:21:12.106-03:00
PUCPR,18,livre,0.0,0.0,2026-09-24T02:21:12.106-03:00
PUCPR,19,livre,0.0,0.0,2026-09-24T02:21:12.106-03:00
PUCPR,2,livre,0.0,0.0,2026-09-24T02:21:12.106-03:00
PUCPR,20,ocupada,0.5471426844596863,0.8560576794278784,2026-09-24T02:21:12.106-03:00
PUCPR,21,ocupada,0.6481582522392273,0.8752384505702081,2026-09-24T02:21:12.106-03:00
PUCPR,22,ocupada,0.5117065906524658,0.7559086395752712,2026-09-24T02:21:12.106-03:00
PUCPR,23,livre,0.0,0.012670849365053716,2026-09-24T02:21:12.106-03:00
PUCPR,24,livre,0.0,0.1260313763174856,2026-09-24T02:21:12.106-03:00
PUCPR,25,ocupada,0.48293232917785645,0.9211659259924437,2026-09-24T02:21:12.106-03:00
PUCPR,26,livre,0.0,0.12507836467455558,2026-09-24T02:21:12.106-03:00
PUCPR,27,livre,0.0,0.002441750964106727,2026-09-24T02:21:12.106-03:00
PUCPR,28,livre,0.0,0.0,2026-09-24T02:21:12.106-03:00
PUCPR,29,livre,0.0,0.0,2026-09-24T02:21:12.106-03:00
PUCPR,3,livre,0.0,0.030141260578103388,2026-09-24T02:21:12.106-03:00
PUCPR,30,livre,0.0,0.0,2026-09-24T02:21:12.106-03:00
PUCPR,31,livre,0.0,0.0,2026-09-24T02:21:12.106-03:00
PUCPR,32,livre,0.0,0.0,2026-09-24T02:21:12.106-03:00
PUCPR,33,livre,0.0,0.0,2026-09-24T02:21:12.106-03:00
PUCPR,34,livre,0.0,0.0,2026-09-24T02:21:12.106-03:00
PUCPR,35,ocupada,0.5189549326896667,0.9329036296362649,2026-09-24T02:21:12.106-03:00
PUCPR,36,livre,0.0,0.07214643318433062,2026-09-24T02:21:12.106-03:00
PUCPR,37,livre,0.0,0.0017554521916619045,2026-09-24T02:21:12.106-03:00
PUCPR,38,livre,0.0,0.0,2026-09-24T02:21:12.106-03:00
PUCPR,39,livre,0.0,0.0,2026-09-24T02:21:12.106-03:00
PUCPR,4,ocupada,0.44800055027008057,0.8529823983990175,2026-09-24T02:21:12.106-03:00
PUCPR,40,livre,0.0,0.021697536115381003,2026-09-24T02:21:12.106-03:00
PUCPR,41,livre,0.0,0.01576079287924713,2026-09-24T02:21:12.106-03:00
PUCPR,42,livre,0.0,0.04273511937698594,2026-09-24T02:21:12.106-03:00
PUCPR,43,ocupada,0.4835774302482605,0.818345773168182,2026-09-24T02:21:12.106-03:00
PUCPR,44,livre,0.0,0.02213625141017191,2026-09-24T02:21:12.106-03:00
PUCPR,45,ocupada,0.45395228266716003,0.9698056613295561,2026-09-24T02:21:12.106-03:00
PUCPR,46,ocupada,0.6249204874038696,0.8886935862344552,2026-09-24T02:21:12.106-03:00
PUCPR,47,livre,0.0,0.15793249798974546,2026-09-24T02:21:12.106-03:00
PUCPR,48,livre,0.0,0.10593831253516617,2026-09-24T02:21:12.106-03:00
PUCPR,49,ocupada,0.450104683637619,0.9399541254948367,2026-09-24T02:21:12.106-03:00
PUCPR,5,ocupada,0.5349007844924927,0.948379365890926,2026-09-24T02:21:12.106-03:00
PUCPR,50,livre,0.0,0.0,2026-09-24T02:21:12.106-03:00
PUCPR,51,ocupada,0.6068516373634338,0.8378909422230719,2026-09-24T02:21:12.106-03:00
PUCPR,52,ocupada,0.5277032256126404,0.7640691232310728,2026-09-24T02:21:12.106-03:00
PUCPR,53,livre,0.0,0.09409857304258902,2026-09-24T02:21:12.106-03:00
PUCPR,54,livre,0.0,0.0,2026-09-24T02:21:12.106-03:00
PUCPR,55,livre,0.0,0.0,2026-09-24T02:21:12.106-03:00
PUCPR,56,livre,0.0,0.0,2026-09-24T02:21:12.106-03:00
PUCPR,57,livre,0.0,0.06501865925132419,2026-09-24T02:21:12.106-03:00
PUCPR,58,ocupada,0.5763142704963684,0.8175494168892496,2026-09-24T02:21:12.106-03:00
PUCPR,59,livre,0.0,0.005792419094904785,2026-09-24T02:21:12.106-03:00
PUCPR,6,livre,0.0,0.05592340006343967,2026-09-24T02:21:12.106-03:00
PUCPR,60,livre,0.0,0.0,2026-09-24T02:21:12.106-03:00
PUCPR,61,ocupada,0.3932744264602661,0.7897317081878803,2026-09-24T02:21:12.106-03:00
PUCPR,62,ocupada,0.3149920105934143,0.7715040752540622,2026-09-24T02:21:12.106-03:00
PUCPR,63,ocupada,0.3766186535358429,0.9087020835184686,2026-09-24T02:21:12.106-03:00
PUCPR,64,livre,0.2739790081977844,0.8582791272817523,2026-09-24T02:21:12.106-03:00
PUCPR,65,livre,0.0,0.06821390806771764,2026-09-24T02:21:12.106-03:00
PUCPR,66,livre,0.0,0.0,2026-09-24T02:21:12.106-03:00
PUCPR,67,livre,0.0,0.2833138790251105,2026-09-24T02:21:12.106-03:00
PUCPR,68,ocupada,0.0,0.0,2026-09-24T02:21:12.106-03:00
PUCPR,69,livre,0.0,0.0,2026-09-24T02:21:12.106-03:00
PUCPR,7,ocupada,0.49563896656036377,0.9747200464074439,2026-09-24T02:21:12.106-03:00
PUCPR,70,livre,0.0,0.035470804203358706,2026-09-24T02:21:12.106-03:00
PUCPR,71,ocupada,0.6721209287643433,0.9660829372890016,2026-09-24T02:21:12.106-03:00
PUCPR,72,ocupada,0.5850791335105896,0.9885460766508647,2026-09-24T02:21:12.106-03:00
PUCPR,73,ocupada,0.4376072883605957,0.9255140134067271,2026-09-24T02:21:12.106-03:00
PUCPR,74,livre,0.0,0.02188832276095093,2026-09-24T02:21:12.106-03:00
PUCPR,75,livre,0.0,0.022165878357360464,2026-09-24T02:21:12.106-03:00
PUCPR,76,ocupada,0.33972281217575073,0.8810967956543756,2026-09-24T02:21:12.106-03:00
PUCPR,77,ocupada,0.0,0.004164513365698577,2026-09-24T02:21:12.106-03:00
PUCPR,78,livre,0.0,0.0,2026-09-24T02:21:12.106-03:00
PUCPR,79,livre,0.0,0.0,2026-09-24T02:21:12.106-03:00
PUCPR,8,livre,0.0,0.0,2026-09-24T02:21:12.106-03:00
PUCPR,80,livre,0.0,0.0,2026-09-24T02:21:12.106-03:00
PUCPR,81,livre,0.0,0.0,2026-09-24T02:21:12.106-03:00
PUCPR,82,livre,0.0,0.0,2026-09-24T02:21:12.106-03:00
PUCPR,83,ocupada,0.29017090797424316,0.9149330628107245,2026-09-24T02:21:12.106-03:00
PUCPR,84,ocupada,0.5696941614151001,0.9037772401337479,2026-09-24T02:21:12.106-03:00
PUCPR,85,livre,0.0,0.0,2026-09-24T02:21:12.106-03:00
PUCPR,86,ocupada,0.25137588381767273,0.794795420343945,2026-09-24T02:21:12.106-03:00
PUCPR,87,ocupada,0.0,0.001208275235108904,2026-09-24T02:21:12.106-03:00
PUCPR,88,ocupada,0.3625922203063965,0.7995813130383044,2026-09-24T02:21:12.106-03:00
PUCPR,89,livre,0.0,0.2623130339233998,2026-09-24T02:21:12.106-03:00
PUCPR,9,livre,0.0,0.0,2026-09-24T02:21:12.106-03:00
PUCPR,90,livre,0.0,0.0,2026-09-24T02:21:12.106-03:00
PUCPR,91,livre,0.0,0.0,2026-09-24T02:21:12.106-03:00
PUCPR,92,livre,0.0,0.0,2026-09-24T02:21:12.106-03:00
PUCPR,93,livre,0.0,0.0,2026-09-24T02:21:12.106-03:00
PUCPR,94,livre,0.0,0.0,2026-09-24T02:21:12.106-03:00
PUCPR,95,livre,0.0,0.0,2026-09-24T02:21:12.106-03:00
PUCPR,96,livre,0.0,0.0,2026-09-24T02:21:12.106-03:00
PUCPR,97,livre,0.0,0.0,2026-09-24T02:21:12.106-03:00
PUCPR,98,ocupada,0.5720281004905701,0.8397832986332946,2026-09-24T02:21:12.106-03:00
PUCPR,99,ocupada,0.4922916293144226,0.9118224381244595,2026-09-24T02:21:12.106-03:00
PUCPR,1,livre,0.0,0.16113903054831152,2026-09-24T02:21:12.205-03:00
PUCPR,10,livre,0.0,0.10055395974323741,2026-09-24T02:21:12.205-03:00
PUCPR,100,ocupada,0.36029714345932007,0.6771823133901262,2026-09-24T02:21:12.205-03:00
PUCPR,11,livre,0.0,0.027495252226374438,2026-09-24T02:21:12.205-03:00
PUCPR,12,livre,0.0,0.0,2026-09-24T02:21:12.205-03:00
PUCPR,13,livre,0.0,0.0,2026-09-24T02:21:12.205-03:00
PUCPR,14,livre,0.0,0.0,2026-09-24T02:21:12.205-03:00
PUCPR,15,livre,0.0,0.0,2026-09-24T02:21:12.205-03:00
PUCPR,16,livre,0.0,0.0,2026-09-24T02:21:12.205-03:00
PUCPR,17,livre,0.0,0.0,2026-09-24T02:21:12.205-03:00
PUCPR,18,livre,0.0,0.0,2026-09-24T02:21:12.205-03:00
PUCPR,19,livre,0.0,0.0,2026-09-24T02:21:12.205-03:00
PUCPR,2,livre,0.0,0.0,2026-09-24T02:21:12.205-03:00
PUCPR,20,ocupada,0.5119065046310425,0.8516240854432675,2026-09-24T02:21:12.205-03:00
PUCPR,21,ocupada,0.6350982189178467,0.8716221473467051,2026-09-24T02:21:12.205-03:00
PUCPR,22,ocupada,0.5025395750999451,0.7687149466855178,2026-09-24T02:21:12.205-03:00
PUCPR,23,livre,0.0,0.014363435370751253,2026-09-24T02:21:12.205-03:00
PUCPR,24,livre,0.0,0.10528021981715072,2026-09-24T02:21:12.205-03:00
PUCPR,25,ocupada,0.4547386169433594,0.9158341017420131,2026-09-24T02:21:12.205-03:00
PUCPR,26,livre,0.0,0.1164300959433552,2026-09-24T02:21:12.205-03:00
PUCPR,27,livre,0.0,0.0016825620126848324,2026-09-24T02:21:12.205-03:00
PUCPR,28,livre,0.0,0.0,2026-09-24T02:21:12.205-03:00
PUCPR,29,livre,0.0,0.0,2026-09-24T02:21:12.205-03:00
PUCPR,3,livre,0.0,0.03349974908597029,2026-09-24T02:21:12.205-03:00
PUCPR,30,livre,0.0,0.0,2026-09-24T02:21:12.205-03:00
PUCPR,31,livre,0.0,0.0,2026-09-24T02:21:12.205-03:00
PUCPR,32,livre,0.0,0.0,2026-09-24T02:21:12.205-03:00
PUCPR,33,livre,0.0,0.0,2026-09-24T02:21:12.205-03:00
PUCPR,34,livre,0.0,0.0,2026-09-24T02:21:12.205-03:00
PUCPR,35,ocupada,0.4641292095184326,0.9335848842443657,2026-09-24T02:21:12.205-03:00
PUCPR,36,livre,0.0,0.07928186777137558,2026-09-24T02:21:12.205-03:00
PUCPR,37,livre,0.0,0.00223695598668097,2026-09-24T02:21:12.205-03:00
PUCPR,38,livre,0.0,0.0,2026-09-24T02:21:12.205-03:00
PUCPR,39,livre,0.0,0.0,2026-09-24T02:21:12.205-03:00
PUCPR,4,ocupada,0.41654908657073975,0.8629707649503475,2026-09-24T02:21:12.205-03:00
PUCPR,40,livre,0.0,0.01647582724307543,2026-09-24T02:21:12.205-03:00
PUCPR,41,livre,0.0,0.01569509968109228,2026-09-24T02:21:12.205-03:00
PUCPR,42,livre,0.0,0.05500706937856153,2026-09-24T02:21:12.205-03:00
PUCPR,43,ocupada,0.5081696510314941,0.8233308588855822,2026-09-24T02:21:12.205-03:00
PUCPR,44,livre,0.0,0.03608442613015497,2026-09-24T02:21:12.205-03:00
PUCPR,45,ocupada,0.4538007080554962,0.7080612741964595,2026-09-24T02:21:12.205-03:00
PUCPR,46,ocupada,0.6548550724983215,0.8848347043773589,2026-09-24T02:21:12.205-03:00
PUCPR,47,livre,0.33250850439071655,0.8774071689982732,2026-09-24T02:21:12.205-03:00
PUCPR,48,livre,0.0,0.19819185566175804,2026-09-24T02:21:12.205-03:00
PUCPR,49,ocupada,0.3830893933773041,0.937154358561934,2026-09-24T02:21:12.205-03:00
PUCPR,5,ocupada,0.48651328682899475,0.9445700223019046,2026-09-24T02:21:12.205-03:00
PUCPR,50,livre,0.0,0.0,2026-09-24T02:21:12.205-03:00
PUCPR,51,ocupada,0.519932210445404,0.8380949562784321,2026-09-24T02:21:12.205-03:00
PUCPR,52,ocupada,0.47528305649757385,0.712995201376514,2026-09-24T02:21:12.205-03:00
PUCPR,53,livre,0.26790651679039,0.7909736848856777,2026-09-24T02:21:12.205-03:00
PUCPR,54,livre,0.0,0.0926269085182494,2026-09-24T02:21:12.205-03:00
PUCPR,55,livre,0.0,0.0,2026-09-24T02:21:12.205-03:00
PUCPR,56,livre,0.0,0.0,2026-09-24T02:21:12.205-03:00
PUCPR,57,livre,0.0,0.06517901169670891,2026-09-24T02:21:12.205-03:00
PUCPR,58,ocupada,0.5565699934959412,0.8252719387297002,2026-09-24T02:21:12.205-03:00
PUCPR,59,livre,0.0,0.008611309742239124,2026-09-24T02:21:12.205-03:00
PUCPR,6,livre,0.0,0.05162657516738865,2026-09-24T02:21:12.205-03:00
PUCPR,60,livre,0.0,0.0,2026-09-24T02:21:12.205-03:00
PUCPR,61,ocupada,0.32870617508888245,0.7847888256173525,2026-09-24T02:21:12.205-03:00
PUCPR,62,ocupada,0.28560441732406616,0.7654676074047664,2026-09-24T02:21:12.205-03:00
PUCPR,63,ocupada,0.3914761543273926,0.9080977479708174,2026-09-24T02:21:12.205-03:00
PUCPR,64,ocupada,0.26464036107063293,0.8551999326469564,2026-09-24T02:21:12.205-03:00
PUCPR,65,livre,0.0,0.0695653545133565,2026-09-24T02:21:12.205-03:00
PUCPR,66,livre,0.0,0.0,2026-09-24T02:21:12.205-03:00
PUCPR,67,livre,0.6021299362182617,0.30199260456545995,2026-09-24T02:21:12.205-03:00
PUCPR,68,livre,0.0,0.0,2026-09-24T02:21:12.205-03:00
PUCPR,69,livre,0.0,0.0823106862778214,2026-09-24T02:21:12.205-03:00
PUCPR,7,ocupada,0.4464833736419678,0.9729491377206663,2026-09-24T02:21:12.205-03:00
PUCPR,70,livre,0.41307199001312256,0.9367760394975723,2026-09-24T02:21:12.205-03:00
PUCPR,71,ocupada,0.5601791143417358,0.9375757458368172,2026-09-24T02:21:12.205-03:00
PUCPR,72,ocupada,0.5615933537483215,0.968660154364099,2026-09-24T02:21:12.205-03:00
PUCPR,73,ocupada,0.36389032006263733,0.926963565328865,2026-09-24T02:21:12.205-03:00
PUCPR,74,livre,0.0,0.16068131234292074,2026-09-24T02:21:12.205-03:00
PUCPR,75,livre,0.29978540539741516,0.9761534250681657,2026-09-24T02:21:12.205-03:00
PUCPR,76,ocupada,0.38658976554870605,0.8453206689602868,2026-09-24T02:21:12.205-03:00
PUCPR,77,ocupada,0.36632290482521057,0.8064318092114471,2026-09-24T02:21:12.205-03:00
PUCPR,78,livre,0.0,0.00021468137865770465,2026-09-24T02:21:12.205-03:00
PUCPR,79,livre,0.0,0.0,2026-09-24T02:21:12.205-03:00
PUCPR,8,livre,0.0,0.0,2026-09-24T02:21:12.205-03:00
PUCPR,80,livre,0.0,0.0,2026-09-24T02:21:12.205-03:00
PUCPR,81,livre,0.25119537115097046,0.7870453787998528,2026-09-24T02:21:12.205-03:00
PUCPR,82,livre,0.0,0.0,2026-09-24T02:21:12.205-03:00
PUCPR,83,ocupada,0.3232215344905853,0.924252863602906,2026-09-24T02:21:12.205-03:00
PUCPR,84,ocupada,0.5192844271659851,0.8981999532111724,2026-09-24T02:21:12.205-03:00
PUCPR,85,livre,0.0,0.00021892238244622402,2026-09-24T02:21:12.205-03:00
PUCPR,86,ocupada,0.25126516819000244,0.8247411143978748,2026-09-24T02:21:12.205-03:00
PUCPR,87,livre,0.0,0.0009635008728874168,2026-09-24T02:21:12.205-03:00
PUCPR,88,ocupada,0.3877202272415161,0.7980869041543561,2026-09-24T02:21:12.205-03:00
PUCPR,89,livre,0.0,0.26240568372388157,2026-09-24T02:21:12.205-03:00
PUCPR,9,livre,0.0,0.0,2026-09-24T02:21:12.205-03:00
PUCPR,90,livre,0.0,0.0,2026-09-24T02:21:12.205-03:00
PUCPR,91,livre,0.0,0.0,2026-09-24T02:21:12.205-03:00
PUCPR,92,livre,0.0,0.0,2026-09-24T02:21:12.205-03:00
PUCPR,93,livre,0.0,0.0,2026-09-24T02:21:12.205-03:00
PUCPR,94,livre,0.0,0.0,2026-09-24T02:21:12.205-03:00
PUCPR,95,livre,0.0,0.0,2026-09-24T02:21:12.205-03:00
PUCPR,96,livre,0.0,0.0,2026-09-24T02:21:12.205-03:00
PUCPR,97,livre,0.0,0.0,2026-09-24T02:21:12.205-03:00
PUCPR,98,ocupada,0.5410860776901245,0.8423799770114904,2026-09-24T02:21:12.205-03:00
PUCPR,99,ocupada,0.5477582216262817,0.9116447297429925,2026-09-24T02:21:12.205-03:00
PUCPR,1,livre,0.0,0.15890938545002833,2026-09-24T02:21:12.280-03:00
PUCPR,10,livre,0.0,0.0,2026-09-24T02:21:12.280-03:00
PUCPR,100,ocupada,0.3160226345062256,0.6648346561415915,2026-09-24T02:21:12.280-03:00
PUCPR,11,livre,0.0,0.0,2026-09-24T02:21:12.280-03:00
PUCPR,12,livre,0.0,0.0,2026-09-24T02:21:12.280-03:00
PUCPR,13,livre,0.0,0.0,2026-09-24T02:21:12.280-03:00
PUCPR,14,livre,0.0,0.0,2026-09-24T02:21:12.280-03:00
PUCPR,15,livre,0.0,0.0,2026-09-24T02:21:12.280-03:00
PUCPR,16,livre,0.0,0.0,2026-09-24T02:21:12.280-03:00
PUCPR,17,livre,0.0,0.0,2026-09-24T02:21:12.280-03:00
PUCPR,18,livre,0.0,0.0,2026-09-24T02:21:12.280-03:00
PUCPR,19,livre,0.0,0.0,2026-09-24T02:21:12.280-03:00
PUCPR,2,livre,0.0,0.0,2026-09-24T02:21:12.280-03:00
PUCPR,20,ocupada,0.5867825150489807,0.8507903697349076,2026-09-24T02:21:12.280-03:00
PUCPR,21,ocupada,0.6422460675239563,0.8678726242674483,2026-09-24T02:21:12.280-03:00
PUCPR,22,ocupada,0.5734288096427917,0.7759140202833895,2026-09-24T02:21:12.280-03:00
PUCPR,23,livre,0.0,0.015235761247054242,2026-09-24T02:21:12.280-03:00
PUCPR,24,livre,0.0,0.10191972165537426,2026-09-24T02:21:12.280-03:00
PUCPR,25,ocupada,0.5183233022689819,0.9083661897984122,2026-09-24T02:21:12.280-03:00
PUCPR,26,livre,0.0,0.11327229627662215,2026-09-24T02:21:12.280-03:00
PUCPR,27,livre,0.0,0.0027686761507084157,2026-09-24T02:21:12.280-03:00
PUCPR,28,livre,0.0,0.0,2026-09-24T02:21:12.280-03:00
PUCPR,29,livre,0.0,0.0,2026-09-24T02:21:12.280-03:00
PUCPR,3,livre,0.0,0.04122631840209139,2026-09-24T02:21:12.280-03:00
PUCPR,30,livre,0.0,0.0,2026-09-24T02:21:12.280-03:00
PUCPR,31,livre,0.0,0.0,2026-09-24T02:21:12.280-03:00
PUCPR,32,livre,0.0,0.0,2026-09-24T02:21:12.280-03:00
PUCPR,33,livre,0.0,0.0,2026-09-24T02:21:12.280-03:00
PUCPR,34,livre,0.0,0.0,2026-09-24T02:21:12.280-03:00
PUCPR,35,ocupada,0.5247657299041748,0.9377021135955809,2026-09-24T02:21:12.280-03:00
PUCPR,36,livre,0.0,0.0774565373040735,2026-09-24T02:21:12.280-03:00
PUCPR,37,livre,0.0,0.0032081873637171674,2026-09-24T02:21:12.280-03:00
PUCPR,38,livre,0.0,0.0,2026-09-24T02:21:12.280-03:00
PUCPR,39,livre,0.0,0.0,2026-09-24T02:21:12.280-03:00
PUCPR,4,ocupada,0.45503729581832886,0.8672140354289151,2026-09-24T02:21:12.280-03:00
PUCPR,40,livre,0.0,0.01803541187205313,2026-09-24T02:21:12.280-03:00
PUCPR,41,livre,0.0,0.018575235969005472,2026-09-24T02:21:12.280-03:00
PUCPR,42,livre,0.0,0.04743579387383911,2026-09-24T02:21:12.280-03:00
PUCPR,43,ocupada,0.48596271872520447,0.817897203593746,2026-09-24T02:21:12.280-03:00
PUCPR,44,livre,0.0,0.02124630735497091,2026-09-24T02:21:12.280-03:00
PUCPR,45,ocupada,0.47307759523391724,0.7053943837148344,2026-09-24T02:21:12.280-03:00
PUCPR,46,ocupada,0.6698634028434753,0.879539144153594,2026-09-24T02:21:12.280-03:00
PUCPR,47,livre,0.3824096620082855,0.8684074979123604,2026-09-24T02:21:12.280-03:00
PUCPR,48,livre,0.0,0.2053734282234158,2026-09-24T02:21:12.280-03:00
PUCPR,49,ocupada,0.40098342299461365,0.9419520676803395,2026-09-24T02:21:12.280-03:00
PUCPR,5,ocupada,0.49338310956954956,0.9376242879369161,2026-09-24T02:21:12.280-03:00
PUCPR,50,livre,0.0,0.0,2026-09-24T02:21:12.280-03:00
PUCPR,51,ocupada,0.5279040932655334,0.8373139028866717,2026-09-24T02:21:12.280-03:00
PUCPR,52,ocupada,0.5021724700927734,0.736793255976262,2026-09-24T02:21:12.280-03:00
PUCPR,53,livre,0.31970974802970886,0.7927681534127674,2026-09-24T02:21:12.280-03:00
PUCPR,54,livre,0.0,0.08883964841610519,2026-09-24T02:21:12.280-03:00
PUCPR,55,livre,0.2676226794719696,0.8793567589524048,2026-09-24T02:21:12.280-03:00
PUCPR,56,livre,0.0,0.05463445388050767,2026-09-24T02:21:12.280-03:00
PUCPR,57,livre,0.0,0.061756170638682474,2026-09-24T02:21:12.280-03:00
PUCPR,58,ocupada,0.6085308790206909,0.8447889641402321,2026-09-24T02:21:12.280-03:00
PUCPR,59,livre,0.0,0.0001851838509400894,2026-09-24T02:21:12.280-03:00
PUCPR,6,livre,0.0,0.061647342518089183,2026-09-24T02:21:12.280-03:00
PUCPR,60,livre,0.0,0.0,2026-09-24T02:21:12.280-03:00
PUCPR,61,ocupada,0.3797244727611542,0.7900171824007047,2026-09-24T02:21:12.280-03:00
PUCPR,62,ocupada,0.3413635492324829,0.7703928758135518,2026-09-24T02:21:12.280-03:00
PUCPR,63,ocupada,0.42730242013931274,0.9161710772257717,2026-09-24T02:21:12.280-03:00
PUCPR,64,ocupada,0.37627166509628296,0.8679000557579644,2026-09-24T02:21:12.280-03:00
PUCPR,65,livre,0.0,0.0647210791312047,2026-09-24T02:21:12.280-03:00
PUCPR,66,livre,0.0,0.0,2026-09-24T02:21:12.280-03:00
PUCPR,67,livre,0.6208207607269287,0.30588493257824967,2026-09-24T02:21:12.280-03:00
PUCPR,68,livre,0.0,0.0,2026-09-24T02:21:12.280-03:00
PUCPR,69,livre,0.0,0.07607917714721726,2026-09-24T02:21:12.280-03:00
PUCPR,7,ocupada,0.4353955388069153,0.9794054143063684,2026-09-24T02:21:12.280-03:00
PUCPR,70,livre,0.4282861649990082,0.9403789252687759,2026-09-24T02:21:12.280-03:00
PUCPR,71,ocupada,0.6033801436424255,0.9439579937774809,2026-09-24T02:21:12.280-03:00
PUCPR,72,ocupada,0.559690535068512,0.9549178406819754,2026-09-24T02:21:12.280-03:00
PUCPR,73,ocupada,0.37556979060173035,0.9161580942401427,2026-09-24T02:21:12.280-03:00
PUCPR,74,livre,0.0,0.15708539032158478,2026-09-24T02:21:12.280-03:00
PUCPR,75,livre,0.2849693298339844,0.9764938621452778,2026-09-24T02:21:12.280-03:00
PUCPR,76,ocupada,0.2989234924316406,0.8483454206786806,2026-09-24T02:21:12.280-03:00
PUCPR,77,ocupada,0.2708701193332672,0.8063462595497071,2026-09-24T02:21:12.280-03:00
PUCPR,78,livre,0.0,0.00015591430997068134,2026-09-24T02:21:12.280-03:00
PUCPR,79,livre,0.0,0.0,2026-09-24T02:21:12.280-03:00
PUCPR,8,livre,0.0,0.0,2026-09-24T02:21:12.280-03:00
PUCPR,80,livre,0.2535971701145172,0.8091592100479775,2026-09-24T02:21:12.280-03:00
PUCPR,81,livre,0.0,0.0,2026-09-24T02:21:12.280-03:00
PUCPR,82,livre,0.0,0.0,2026-09-24T02:21:12.280-03:00
PUCPR,83,ocupada,0.2731756269931793,0.9248445783515483,2026-09-24T02:21:12.280-03:00
PUCPR,84,ocupada,0.482016921043396,0.9029995754997484,2026-09-24T02:21:12.280-03:00
PUCPR,85,livre,0.0,0.0,2026-09-24T02:21:12.280-03:00
PUCPR,86,ocupada,0.0,0.009868014345095466,2026-09-24T02:21:12.280-03:00
PUCPR,87,ocupada,0.2662443518638611,0.874296955523878,2026-09-24T02:21:12.280-03:00
PUCPR,88,ocupada,0.4026228189468384,0.7922682077346389,2026-09-24T02:21:12.280-03:00
PUCPR,89,livre,0.0,0.2635578984409247,2026-09-24T02:21:12.280-03:00
PUCPR,9,livre,0.0,0.0,2026-09-24T02:21:12.280-03:00
PUCPR,90,livre,0.0,0.0,2026-09-24T02:21:12.280-03:00
PUCPR,91,livre,0.0,0.0,2026-09-24T02:21:12.280-03:00
PUCPR,92,livre,0.0,0.0,2026-09-24T02:21:12.280-03:00
PUCPR,93,livre,0.0,0.0,2026-09-24T02:21:12.280-03:00
PUCPR,94,livre,0.0,0.0,2026-09-24T02:21:12.280-03:00
PUCPR,95,livre,0.0,0.0,2026-09-24T02:21:12.280-03:00
PUCPR,96,livre,0.0,0.0,2026-09-24T02:21:12.280-03:00
PUCPR,97,livre,0.0,0.0,2026-09-24T02:21:12.280-03:00
PUCPR,98,ocupada,0.501150369644165,0.840895873937991,2026-09-24T02:21:12.280-03:00
PUCPR,99,ocupada,0.45017290115356445,0.9103134910707246,2026-09-24T02:21:12.280-03:00
PUCPR,1,livre,0.0,0.14697761333355042,2026-09-24T02:21:12.351-03:00
PUCPR,10,livre,0.0,0.0,2026-09-24T02:21:12.351-03:00
PUCPR,100,ocupada,0.0,0.0,2026-09-24T02:21:12.351-03:00
PUCPR,11,livre,0.0,0.0,2026-09-24T02:21:12.351-03:00
PUCPR,12,livre,0.0,0.0,2026-09-24T02:21:12.351-03:00
PUCPR,13,livre,0.0,0.0,2026-09-24T02:21:12.351-03:00
PUCPR,14,livre,0.0,0.0,2026-09-24T02:21:12.351-03:00
PUCPR,15,livre,0.0,0.0,2026-09-24T02:21:12.351-03:00
PUCPR,16,livre,0.0,0.0,2026-09-24T02:21:12.351-03:00
PUCPR,17,livre,0.0,0.0,2026-09-24T02:21:12.351-03:00
PUCPR,18,livre,0.272842675447464,0.9469686921317576,2026-09-24T02:21:12.351-03:00
PUCPR,19,livre,0.0,0.0,2026-09-24T02:21:12.351-03:00
PUCPR,2,livre,0.0,0.0,2026-09-24T02:21:12.351-03:00
PUCPR,20,ocupada,0.28785499930381775,0.8393421894068374,2026-09-24T02:21:12.351-03:00
PUCPR,21,ocupada,0.39078885316848755,0.7969674214784084,2026-09-24T02:21:12.351-03:00
PUCPR,22,ocupada,0.39174309372901917,0.7601459476401048,2026-09-24T02:21:12.351-03:00
PUCPR,23,livre,0.0,0.015952911941380234,2026-09-24T02:21:12.351-03:00
PUCPR,24,livre,0.0,0.08974079860485716,2026-09-24T02:21:12.351-03:00
PUCPR,25,ocupada,0.3291250765323639,0.8912413951676854,2026-09-24T02:21:12.351-03:00
PUCPR,26,livre,0.0,0.1412896344247247,2026-09-24T02:21:12.351-03:00
PUCPR,27,livre,0.0,0.0024814860272208746,2026-09-24T02:21:12.351-03:00
PUCPR,28,livre,0.0,0.0,2026-09-24T02:21:12.351-03:00
PUCPR,29,livre,0.0,0.0,2026-09-24T02:21:12.351-03:00
PUCPR,3,livre,0.0,0.007390999376762795,2026-09-24T02:21:12.351-03:00
PUCPR,30,livre,0.0,0.0,2026-09-24T02:21:12.351-03:00
PUCPR,31,livre,0.0,0.0,2026-09-24T02:21:12.351-03:00
PUCPR,32,livre,0.0,0.053904062252232585,2026-09-24T02:21:12.351-03:00
PUCPR,33,livre,0.33700811862945557,0.8389635479885794,2026-09-24T02:21:12.351-03:00
PUCPR,34,livre,0.0,0.0006560325094111093,2026-09-24T02:21:12.351-03:00
PUCPR,35,ocupada,0.3042445182800293,0.9313016135455618,2026-09-24T02:21:12.351-03:00
PUCPR,36,livre,0.0,0.07070008984032589,2026-09-24T02:21:12.351-03:00
PUCPR,37,livre,0.0,0.0020366933588146768,2026-09-24T02:21:12.351-03:00
PUCPR,38,livre,0.0,0.0,2026-09-24T02:21:12.351-03:00
PUCPR,39,livre,0.0,0.0,2026-09-24T02:21:12.351-03:00
PUCPR,4,ocupada,0.2566596567630768,0.5307854439027705,2026-09-24T02:21:12.351-03:00
PUCPR,40,livre,0.0,0.009348850812119626,2026-09-24T02:21:12.351-03:00
PUCPR,41,livre,0.0,0.008609670317592895,2026-09-24T02:21:12.351-03:00
PUCPR,42,livre,0.0,0.0087033042950363,2026-09-24T02:21:12.351-03:00
PUCPR,43,ocupada,0.39264950156211853,0.8225130386199736,2026-09-24T02:21:12.351-03:00
PUCPR,44,livre,0.0,0.021980774538513194,2026-09-24T02:21:12.351-03:00
PUCPR,45,ocupada,0.38967829942703247,0.6694793645954049,2026-09-24T02:21:12.351-03:00
PUCPR,46,ocupada,0.47972238063812256,0.866342711339562,2026-09-24T02:21:12.351-03:00
PUCPR,47,ocupada,0.3422784209251404,0.8831248354610128,2026-09-24T02:21:12.351-03:00
PUCPR,48,livre,0.0,0.2116836175269459,2026-09-24T02:21:12.351-03:00
PUCPR,49,ocupada,0.4236522316932678,0.9434570404462911,2026-09-24T02:21:12.351-03:00
PUCPR,5,ocupada,0.3652496933937073,0.938008768948147,2026-09-24T02:21:12.351-03:00
PUCPR,50,livre,0.0,0.0,2026-09-24T02:21:12.351-03:00
PUCPR,51,ocupada,0.41298043727874756,0.8673165174802929,2026-09-24T02:21:12.351-03:00
PUCPR,52,ocupada,0.3347606062889099,0.7240603879758482,2026-09-24T02:21:12.351-03:00
PUCPR,53,ocupada,0.2655423879623413,0.7972643780528,2026-09-24T02:21:12.351-03:00
PUCPR,54,livre,0.0,0.05605587151708462,2026-09-24T02:21:12.351-03:00
PUCPR,55,livre,0.0,0.0032655535045011505,2026-09-24T02:21:12.351-03:00
PUCPR,56,livre,0.0,0.0,2026-09-24T02:21:12.351-03:00
PUCPR,57,livre,0.0,0.032505761274409135,2026-09-24T02:21:12.351-03:00
PUCPR,58,ocupada,0.34227368235588074,0.8248348763533456,2026-09-24T02:21:12.351-03:00
PUCPR,59,livre,0.0,0.0,2026-09-24T02:21:12.351-03:00
PUCPR,6,livre,0.0,0.058599094767798066,2026-09-24T02:21:12.351-03:00
PUCPR,60,livre,0.0,0.0,2026-09-24T02:21:12.351-03:00
PUCPR,61,ocupada,0.0,0.0,2026-09-24T02:21:12.351-03:00
PUCPR,62,ocupada,0.3021416664123535,0.7695015623433905,2026-09-24T02:21:12.351-03:00
PUCPR,63,ocupada,0.2556026875972748,0.9281343066326119,2026-09-24T02:21:12.351-03:00
PUCPR,64,ocupada,0.30965229868888855,0.8873288397473083,2026-09-24T02:21:12.351-03:00
PUCPR,65,livre,0.0,0.04500413507246476,2026-09-24T02:21:12.351-03:00
PUCPR,66,livre,0.0,0.0,2026-09-24T02:21:12.351-03:00
PUCPR,67,livre,0.0,0.0,2026-09-24T02:21:12.351-03:00
PUCPR,68,livre,0.0,0.11702250501959446,2026-09-24T02:21:12.351-03:00
PUCPR,69,livre,0.5976911187171936,0.9442234164563661,2026-09-24T02:21:12.351-03:00
PUCPR,7,ocupada,0.27494925260543823,0.9693734270854012,2026-09-24T02:21:12.351-03:00
PUCPR,70,ocupada,0.4306769371032715,0.93057404642527,2026-09-24T02:21:12.351-03:00
PUCPR,71,ocupada,0.45622116327285767,0.9567176623608279,2026-09-24T02:21:12.351-03:00
PUCPR,72,ocupada,0.48713064193725586,0.9883163299188514,2026-09-24T02:21:12.351-03:00
PUCPR,73,ocupada,0.32433339953422546,0.9082574322967998,2026-09-24T02:21:12.351-03:00
PUCPR,74,livre,0.0,0.1408616475904044,2026-09-24T02:21:12.351-03:00
PUCPR,75,ocupada,0.29564639925956726,0.9420105770047055,2026-09-24T02:21:12.351-03:00
PUCPR,76,ocupada,0.3919074237346649,0.8471073686382823,2026-09-24T02:21:12.351-03:00
PUCPR,77,ocupada,0.35763412714004517,0.8075624993151591,2026-09-24T02:21:12.351-03:00
PUCPR,78,livre,0.0,0.0003416987185804783,2026-09-24T02:21:12.351-03:00
PUCPR,79,livre,0.28477737307548523,0.8094399131473511,2026-09-24T02:21:12.351-03:00
PUCPR,8,livre,0.0,0.0,2026-09-24T02:21:12.351-03:00
PUCPR,80,livre,0.36014020442962646,0.8481852916083242,2026-09-24T02:21:12.351-03:00
PUCPR,81,livre,0.0,0.0,2026-09-24T02:21:12.351-03:00
PUCPR,82,livre,0.0,0.0,2026-09-24T02:21:12.351-03:00
PUCPR,83,ocupada,0.31344032287597656,0.9207049084391014,2026-09-24T02:21:12.351-03:00
PUCPR,84,ocupada,0.4988879859447479,0.9118486071688663,2026-09-24T02:21:12.351-03:00
PUCPR,85,livre,0.0,0.0002134218385920807,2026-09-24T02:21:12.351-03:00
PUCPR,86,ocupada,0.3245401382446289,0.8276620003546367,2026-09-24T02:21:12.351-03:00
PUCPR,87,livre,0.0,0.0006941146507850825,2026-09-24T02:21:12.351-03:00
PUCPR,88,ocupada,0.0,0.0,2026-09-24T02:21:12.351-03:00
PUCPR,89,livre,0.0,0.23717559021547052,2026-09-24T02:21:12.351-03:00
PUCPR,9,livre,0.0,0.0,2026-09-24T02:21:12.351-03:00
PUCPR,90,livre,0.0,0.0,2026-09-24T02:21:12.351-03:00
PUCPR,91,livre,0.0,0.0,2026-09-24T02:21:12.351-03:00
PUCPR,92,livre,0.0,0.0,2026-09-24T02:21:12.351-03:00
PUCPR,93,livre,0.0,0.0,2026-09-24T02:21:12.351-03:00
PUCPR,94,livre,0.0,0.0,2026-09-24T02:21:12.351-03:00
PUCPR,95,livre,0.0,0.0,2026-09-24T02:21:12.351-03:00
PUCPR,96,livre,0.0,0.0,2026-09-24T02:21:12.351-03:00
PUCPR,97,livre,0.0,0.0,2026-09-24T02:21:12.351-03:00
PUCPR,98,ocupada,0.3720064163208008,0.8327588696747759,2026-09-24T02:21:12.351-03:00
PUCPR,99,ocupada,0.37178143858909607,0.8611261251868474,2026-09-24T02:21:12.351-03:00
PUCPR,1,livre,0.0,0.14155273502328833,2026-09-24T02:21:12.428-03:00
PUCPR,10,livre,0.0,0.0,2026-09-24T02:21:12.428-03:00
PUCPR,100,ocupada,0.32420843839645386,0.6647115503469793,2026-09-24T02:21:12.428-03:00
PUCPR,11,livre,0.0,0.0,2026-09-24T02:21:12.428-03:00
PUCPR,12,livre,0.0,0.0,2026-09-24T02:21:12.428-03:00
PUCPR,13,livre,0.0,0.0,2026-09-24T02:21:12.428-03:00
PUCPR,14,livre,0.0,0.0,2026-09-24T02:21:12.428-03:00
PUCPR,15,livre,0.0,0.0,2026-09-24T02:21:12.428-03:00
PUCPR,16,livre,0.0,0.0,2026-09-24T02:21:12.428-03:00
PUCPR,17,livre,0.0,0.0,2026-09-24T02:21:12.428-03:00
PUCPR,18,livre,0.0,0.0,2026-09-24T02:21:12.428-03:00
PUCPR,19,livre,0.0,0.0,2026-09-24T02:21:12.428-03:00
PUCPR,2,livre,0.0,0.0,2026-09-24T02:21:12.428-03:00
PUCPR,20,ocupada,0.45043137669563293,0.8500598361546006,2026-09-24T02:21:12.428-03:00
PUCPR,21,ocupada,0.3762320280075073,0.8760069073534343,2026-09-24T02:21:12.428-03:00
PUCPR,22,ocupada,0.5076214075088501,0.8228642397003979,2026-09-24T02:21:12.428-03:00
PUCPR,23,livre,0.0,0.013515038346525413,2026-09-24T02:21:12.428-03:00
PUCPR,24,livre,0.0,0.10665547846460112,2026-09-24T02:21:12.428-03:00
PUCPR,25,ocupada,0.4875028133392334,0.911396776445565,2026-09-24T02:21:12.428-03:00
PUCPR,26,livre,0.0,0.11027497982907726,2026-09-24T02:21:12.428-03:00
PUCPR,27,livre,0.0,0.003664722244545987,2026-09-24T02:21:12.428-03:00
PUCPR,28,livre,0.0,0.0,2026-09-24T02:21:12.428-03:00
PUCPR,29,livre,0.0,0.0,2026-09-24T02:21:12.428-03:00
PUCPR,3,livre,0.0,0.02786464950689998,2026-09-24T02:21:12.428-03:00
PUCPR,30,livre,0.0,0.0,2026-09-24T02:21:12.428-03:00
PUCPR,31,livre,0.0,0.0,2026-09-24T02:21:12.428-03:00
PUCPR,32,livre,0.0,0.008583564253964449,2026-09-24T02:21:12.428-03:00
PUCPR,33,livre,0.3202098309993744,0.8453165065334023,2026-09-24T02:21:12.428-03:00
PUCPR,34,livre,0.0,0.003099826096447045,2026-09-24T02:21:12.428-03:00
PUCPR,35,ocupada,0.31493666768074036,0.9394860981006641,2026-09-24T02:21:12.428-03:00
PUCPR,36,livre,0.0,0.07070173332181504,2026-09-24T02:21:12.428-03:00
PUCPR,37,livre,0.0,0.00035062797807994977,2026-09-24T02:21:12.428-03:00
PUCPR,38,livre,0.0,0.0,2026-09-24T02:21:12.428-03:00
PUCPR,39,livre,0.0,0.0,2026-09-24T02:21:12.428-03:00
PUCPR,4,ocupada,0.3448675870895386,0.8340651268486331,2026-09-24T02:21:12.428-03:00
PUCPR,40,livre,0.0,0.014991534019596733,2026-09-24T02:21:12.428-03:00
PUCPR,41,livre,0.0,0.016837838115079794,2026-09-24T02:21:12.428-03:00
PUCPR,42,livre,0.0,0.010584546214567139,2026-09-24T02:21:12.428-03:00
PUCPR,43,ocupada,0.41245779395103455,0.8106353529456977,2026-09-24T02:21:12.428-03:00
PUCPR,44,livre,0.0,0.037037641577536216,2026-09-24T02:21:12.428-03:00
PUCPR,45,ocupada,0.4896619915962219,0.6829677255350134,2026-09-24T02:21:12.428-03:00
PUCPR,46,ocupada,0.6601867079734802,0.8755913802593249,2026-09-24T02:21:12.428-03:00
PUCPR,47,ocupada,0.3434922397136688,0.8690018419703195,2026-09-24T02:21:12.428-03:00
PUCPR,48,livre,0.0,0.22287531295457663,2026-09-24T02:21:12.428-03:00
PUCPR,49,ocupada,0.4843960404396057,0.9394235087192161,2026-09-24T02:21:12.428-03:00
PUCPR,5,ocupada,0.39006417989730835,0.9509894834804842,2026-09-24T02:21:12.428-03:00
PUCPR,50,livre,0.0,0.0,2026-09-24T02:21:12.428-03:00
PUCPR,51,ocupada,0.49727490544319153,0.8729508076307786,2026-09-24T02:21:12.428-03:00
PUCPR,52,ocupada,0.0,0.15785286819514469,2026-09-24T02:21:12.428-03:00
PUCPR,53,ocupada,0.0,0.0,2026-09-24T02:21:12.428-03:00
PUCPR,54,livre,0.0,0.0,2026-09-24T02:21:12.428-03:00
PUCPR,55,livre,0.31180328130722046,0.8970724953184152,2026-09-24T02:21:12.428-03:00
PUCPR,56,livre,0.0,0.058370726779062874,2026-09-24T02:21:12.428-03:00
PUCPR,57,livre,0.0,0.0444525852772734,2026-09-24T02:21:12.428-03:00
PUCPR,58,ocupada,0.27912214398384094,0.7793266740462467,2026-09-24T02:21:12.428-03:00
PUCPR,59,livre,0.6343790292739868,0.8516032138588037,2026-09-24T02:21:12.428-03:00
PUCPR,6,livre,0.0,0.0017930294366213311,2026-09-24T02:21:12.428-03:00
PUCPR,60,livre,0.47444429993629456,0.8129984927546408,2026-09-24T02:21:12.428-03:00
PUCPR,61,ocupada,0.2572055160999298,0.7864200454300748,2026-09-24T02:21:12.428-03:00
PUCPR,62,ocupada,0.2875991463661194,0.7657200639451731,2026-09-24T02:21:12.428-03:00
PUCPR,63,ocupada,0.2953723967075348,0.9207381979560526,2026-09-24T02:21:12.428-03:00
PUCPR,64,ocupada,0.3083730638027191,0.873051660023347,2026-09-24T02:21:12.428-03:00
PUCPR,65,livre,0.0,0.055864019687621926,2026-09-24T02:21:12.428-03:00
PUCPR,66,livre,0.48939910531044006,0.8490753450991172,2026-09-24T02:21:12.428-03:00
PUCPR,67,livre,0.0,0.0,2026-09-24T02:21:12.428-03:00
PUCPR,68,livre,0.0,0.11840253875384679,2026-09-24T02:21:12.428-03:00
PUCPR,69,livre,0.6394155025482178,0.9398050074514697,2026-09-24T02:21:12.428-03:00
PUCPR,7,ocupada,0.47483381628990173,0.6438907798738375,2026-09-24T02:21:12.428-03:00
PUCPR,70,ocupada,0.47115808725357056,0.9278347124975199,2026-09-24T02:21:12.428-03:00
PUCPR,71,ocupada,0.5081841945648193,0.9551088765639281,2026-09-24T02:21:12.428-03:00
PUCPR,72,ocupada,0.4778915345668793,0.9888143195948829,2026-09-24T02:21:12.428-03:00
PUCPR,73,ocupada,0.41752520203590393,0.9370921777557673,2026-09-24T02:21:12.428-03:00
PUCPR,74,livre,0.2586866617202759,0.8033861382942037,2026-09-24T02:21:12.428-03:00
PUCPR,75,ocupada,0.37816324830055237,0.9350523432163853,2026-09-24T02:21:12.428-03:00
PUCPR,76,ocupada,0.40014055371284485,0.8513544653693987,2026-09-24T02:21:12.428-03:00
PUCPR,77,ocupada,0.29536962509155273,0.8086366985589998,2026-09-24T02:21:12.428-03:00
PUCPR,78,livre,0.0,0.0016227479865112285,2026-09-24T02:21:12.428-03:00
PUCPR,79,livre,0.0,0.0,2026-09-24T02:21:12.428-03:00
PUCPR,8,livre,0.0,0.014313637229957078,2026-09-24T02:21:12.428-03:00
PUCPR,80,ocupada,0.3514701724052429,0.8175632469497166,2026-09-24T02:21:12.428-03:00
PUCPR,81,livre,0.0,0.0,2026-09-24T02:21:12.428-03:00
PUCPR,82,livre,0.0,0.0,2026-09-24T02:21:12.428-03:00
PUCPR,83,ocupada,0.2795931100845337,0.918933693388091,2026-09-24T02:21:12.428-03:00
PUCPR,84,ocupada,0.5215715765953064,0.8950958485002609,2026-09-24T02:21:12.428-03:00
PUCPR,85,livre,0.0,0.0,2026-09-24T02:21:12.428-03:00
PUCPR,86,ocupada,0.290313720703125,0.7983142855850005,2026-09-24T02:21:12.428-03:00
PUCPR,87,livre,0.2790638208389282,0.8775837524414942,2026-09-24T02:21:12.428-03:00
PUCPR,88,ocupada,0.3959159851074219,0.7907195649488153,2026-09-24T02:21:12.428-03:00
PUCPR,89,livre,0.0,0.27470732310090434,2026-09-24T02:21:12.428-03:00
PUCPR,9,livre,0.0,0.0,2026-09-24T02:21:12.428-03:00
PUCPR,90,livre,0.0,0.0,2026-09-24T02:21:12.428-03:00
PUCPR,91,livre,0.0,0.0,2026-09-24T02:21:12.428-03:00
PUCPR,92,livre,0.0,0.0,2026-09-24T02:21:12.428-03:00
PUCPR,93,livre,0.0,0.0,2026-09-24T02:21:12.428-03:00
PUCPR,94,livre,0.0,0.0,2026-09-24T02:21:12.428-03:00
PUCPR,95,livre,0.0,0.0,2026-09-24T02:21:12.428-03:00
PUCPR,96,livre,0.0,0.0,2026-09-24T02:21:12.428-03:00
PUCPR,97,livre,0.0,0.0,2026-09-24T02:21:12.428-03:00
PUCPR,98,ocupada,0.41233810782432556,0.833298851839407,2026-09-24T02:21:12.428-03:00
PUCPR,99,ocupada,0.4561712443828583,0.9153826848599399,2026-09-24T02:21:12.428-03:00
PUCPR,1,livre,0.0,0.145733372239431,2026-09-24T02:21:12.499-03:00
PUCPR,10,livre,0.0,0.0,2026-09-24T02:21:12.499-03:00
PUCPR,100,ocupada,0.367270290851593,0.7035979077438995,2026-09-24T02:21:12.499-03:00
PUCPR,11,livre,0.0,0.0,2026-09-24T02:21:12.499-03:00
PUCPR,12,livre,0.0,0.0,2026-09-24T02:21:12.499-03:00
PUCPR,13,livre,0.0,0.0,2026-09-24T02:21:12.499-03:00
PUCPR,14,livre,0.0,0.0,2026-09-24T02:21:12.499-03:00
PUCPR,15,livre,0.27324339747428894,0.8184909103296827,2026-09-24T02:21:12.499-03:00
PUCPR,16,livre,0.0,0.0,2026-09-24T02:21:12.499-03:00
PUCPR,17,livre,0.0,0.0,2026-09-24T02:21:12.499-03:00
PUCPR,18,livre,0.0,0.0,2026-09-24T02:21:12.499-03:00
PUCPR,19,livre,0.0,0.0,2026-09-24T02:21:12.499-03:00
PUCPR,2,livre,0.0,0.0,2026-09-24T02:21:12.499-03:00
PUCPR,20,ocupada,0.5151664018630981,0.8474881443475781,2026-09-24T02:21:12.499-03:00
PUCPR,21,ocupada,0.31109628081321716,0.8736666591036404,2026-09-24T02:21:12.499-03:00
PUCPR,22,ocupada,0.48212119936943054,0.7973198390455027,2026-09-24T02:21:12.499-03:00
PUCPR,23,livre,0.0,0.010874358319948074,2026-09-24T02:21:12.499-03:00
PUCPR,24,livre,0.0,0.10378686783020143,2026-09-24T02:21:12.499-03:00
PUCPR,25,ocupada,0.47029516100883484,0.9139654639424818,2026-09-24T02:21:12.499-03:00
PUCPR,26,livre,0.0,0.10930220182050743,2026-09-24T02:21:12.499-03:00
PUCPR,27,livre,0.0,0.003122853804825354,2026-09-24T02:21:12.499-03:00
PUCPR,28,livre,0.0,0.0,2026-09-24T02:21:12.499-03:00
PUCPR,29,livre,0.0,0.0,2026-09-24T02:21:12.499-03:00
PUCPR,3,livre,0.0,0.02812676345419183,2026-09-24T02:21:12.499-03:00
PUCPR,30,livre,0.0,0.0,2026-09-24T02:21:12.499-03:00
PUCPR,31,livre,0.0,0.0,2026-09-24T02:21:12.499-03:00
PUCPR,32,livre,0.0,0.0,2026-09-24T02:21:12.499-03:00
PUCPR,33,livre,0.0,0.0,2026-09-24T02:21:12.499-03:00
PUCPR,34,livre,0.0,0.0,2026-09-24T02:21:12.499-03:00
PUCPR,35,ocupada,0.26914456486701965,0.9367166846659142,2026-09-24T02:21:12.499-03:00
PUCPR,36,livre,0.0,0.0735156755396056,2026-09-24T02:21:12.499-03:00
PUCPR,37,livre,0.0,0.0003469353693718505,2026-09-24T02:21:12.499-03:00
PUCPR,38,livre,0.0,0.0,2026-09-24T02:21:12.499-03:00
PUCPR,39,livre,0.0,0.0,2026-09-24T02:21:12.499-03:00
PUCPR,4,ocupada,0.2985932528972626,0.8272060254944862,2026-09-24T02:21:12.499-03:00
PUCPR,40,livre,0.0,0.0,2026-09-24T02:21:12.499-03:00
PUCPR,41,livre,0.0,0.0,2026-09-24T02:21:12.499-03:00
PUCPR,42,livre,0.0,0.010809303015619318,2026-09-24T02:21:12.499-03:00
PUCPR,43,ocupada,0.4882500171661377,0.8109946155513815,2026-09-24T02:21:12.499-03:00
PUCPR,44,livre,0.0,0.040944924131342535,2026-09-24T02:21:12.499-03:00
PUCPR,45,ocupada,0.5026054382324219,0.7098146699639099,2026-09-24T02:21:12.499-03:00
PUCPR,46,ocupada,0.6156147122383118,0.865115814870411,2026-09-24T02:21:12.499-03:00
PUCPR,47,ocupada,0.3156500458717346,0.8708011891366924,2026-09-24T02:21:12.499-03:00
PUCPR,48,livre,0.0,0.2293318767353123,2026-09-24T02:21:12.499-03:00
PUCPR,49,ocupada,0.3953400254249573,0.9376485225843798,2026-09-24T02:21:12.499-03:00
PUCPR,5,ocupada,0.4200972318649292,0.9285922625400641,2026-09-24T02:21:12.499-03:00
PUCPR,50,livre,0.0,0.0,2026-09-24T02:21:12.499-03:00
PUCPR,51,ocupada,0.48985785245895386,0.8904421942061354,2026-09-24T02:21:12.499-03:00
PUCPR,52,ocupada,0.0,0.18058677392844205,2026-09-24T02:21:12.499-03:00
PUCPR,53,ocupada,0.0,0.0,2026-09-24T02:21:12.499-03:00
PUCPR,54,livre,0.0,0.0,2026-09-24T02:21:12.499-03:00
PUCPR,55,livre,0.0,0.0,2026-09-24T02:21:12.499-03:00
PUCPR,56,livre,0.0,0.0,2026-09-24T02:21:12.499-03:00
PUCPR,57,livre,0.0,0.047679418856731194,2026-09-24T02:21:12.499-03:00
PUCPR,58,ocupada,0.3717108368873596,0.7839965711844543,2026-09-24T02:21:12.499-03:00
PUCPR,59,livre,0.5436486601829529,0.8490957207271888,2026-09-24T02:21:12.499-03:00
PUCPR,6,livre,0.0,0.0,2026-09-24T02:21:12.499-03:00
PUCPR,60,livre,0.2732310891151428,0.8117700293470228,2026-09-24T02:21:12.499-03:00
PUCPR,61,ocupada,0.0,0.0,2026-09-24T02:21:12.499-03:00
PUCPR,62,ocupada,0.0,0.0,2026-09-24T02:21:12.499-03:00
PUCPR,63,ocupada,0.0,0.0,2026-09-24T02:21:12.499-03:00
PUCPR,64,ocupada,0.0,0.016002791015101107,2026-09-24T02:21:12.499-03:00
PUCPR,65,livre,0.0,0.05906222580997071,2026-09-24T02:21:12.499-03:00
PUCPR,66,livre,0.43392783403396606,0.8466472902602308,2026-09-24T02:21:12.499-03:00
PUCPR,67,livre,0.0,0.0,2026-09-24T02:21:12.499-03:00
PUCPR,68,livre,0.0,0.11747637368079213,2026-09-24T02:21:12.499-03:00
PUCPR,69,ocupada,0.6389428377151489,0.9519098895297894,2026-09-24T02:21:12.499-03:00
PUCPR,7,ocupada,0.0,0.0,2026-09-24T02:21:12.499-03:00
PUCPR,70,ocupada,0.43478819727897644,0.9318400178417554,2026-09-24T02:21:12.499-03:00
PUCPR,71,ocupada,0.500373363494873,0.960329770880132,2026-09-24T02:21:12.499-03:00
PUCPR,72,ocupada,0.5132083892822266,0.9883094173178796,2026-09-24T02:21:12.499-03:00
PUCPR,73,ocupada,0.3438011705875397,0.9166138475483007,2026-09-24T02:21:12.499-03:00
PUCPR,74,livre,0.0,0.10988761027375639,2026-09-24T02:21:12.499-03:00
PUCPR,75,ocupada,0.2560417056083679,0.9690131890262467,2026-09-24T02:21:12.499-03:00
PUCPR,76,ocupada,0.25190478563308716,0.841775415740953,2026-09-24T02:21:12.499-03:00
PUCPR,77,ocupada,0.0,0.0034299256386950226,2026-09-24T02:21:12.499-03:00
PUCPR,78,livre,0.0,0.0,2026-09-24T02:21:12.499-03:00
PUCPR,79,livre,0.0,0.0,2026-09-24T02:21:12.499-03:00
PUCPR,8,livre,0.0,0.0,2026-09-24T02:21:12.499-03:00
PUCPR,80,ocupada,0.0,0.0,2026-09-24T02:21:12.499-03:00
PUCPR,81,livre,0.0,0.0,2026-09-24T02:21:12.499-03:00
PUCPR,82,livre,0.0,0.0,2026-09-24T02:21:12.499-03:00
PUCPR,83,ocupada,0.28919580578804016,0.9092414277395199,2026-09-24T02:21:12.499-03:00
PUCPR,84,ocupada,0.42699670791625977,0.9015128456873226,2026-09-24T02:21:12.499-03:00
PUCPR,85,livre,0.0,0.0,2026-09-24T02:21:12.499-03:00
PUCPR,86,ocupada,0.0,0.0,2026-09-24T02:21:12.499-03:00
PUCPR,87,livre,0.0,0.0,2026-09-24T02:21:12.499-03:00
PUCPR,88,ocupada,0.37457215785980225,0.799422322856218,2026-09-24T02:21:12.499-03:00
PUCPR,89,livre,0.0,0.26675000763225654,2026-09-24T02:21:12.499-03:00
PUCPR,9,livre,0.0,0.0,2026-09-24T02:21:12.499-03:00
PUCPR,90,livre,0.0,0.0,2026-09-24T02:21:12.499-03:00
PUCPR,91,livre,0.0,0.0,2026-09-24T02:21:12.499-03:00
PUCPR,92,livre,0.0,0.0,2026-09-24T02:21:12.499-03:00
PUCPR,93,livre,0.0,0.0,2026-09-24T02:21:12.499-03:00
PUCPR,94,livre,0.0,0.0,2026-09-24T02:21:12.499-03:00
PUCPR,95,livre,0.0,0.0,2026-09-24T02:21:12.499-03:00
PUCPR,96,livre,0.0,0.0,2026-09-24T02:21:12.499-03:00
PUCPR,97,livre,0.0,0.0,2026-09-24T02:21:12.499-03:00
PUCPR,98,ocupada,0.5013267993927002,0.8365039652423598,2026-09-24T02:21:12.499-03:00
PUCPR,99,ocupada,0.4983675181865692,0.9102900329694829,2026-09-24T02:21:12.499-03:00
PUCPR,1,livre,0.0,0.14913810025200067,2026-09-24T02:21:12.575-03:00
PUCPR,10,livre,0.0,0.0,2026-09-24T02:21:12.575-03:00
PUCPR,100,ocupada,0.4108218252658844,0.6976660238294872,2026-09-24T02:21:12.575-03:00
PUCPR,11,livre,0.0,0.0,2026-09-24T02:21:12.575-03:00
PUCPR,12,livre,0.0,0.0,2026-09-24T02:21:12.575-03:00
PUCPR,13,livre,0.0,0.0,2026-09-24T02:21:12.575-03:00
PUCPR,14,livre,0.0,0.0,2026-09-24T02:21:12.575-03:00
PUCPR,15,livre,0.25232645869255066,0.8133510255865433,2026-09-24T02:21:12.575-03:00
PUCPR,16,livre,0.0,0.0,2026-09-24T02:21:12.575-03:00
PUCPR,17,livre,0.0,0.0,2026-09-24T02:21:12.575-03:00
PUCPR,18,livre,0.0,0.0,2026-09-24T02:21:12.575-03:00
PUCPR,19,livre,0.0,0.0,2026-09-24T02:21:12.575-03:00
PUCPR,2,livre,0.0,0.0,2026-09-24T02:21:12.575-03:00
PUCPR,20,ocupada,0.4934803247451782,0.8467991386069763,2026-09-24T02:21:12.575-03:00
PUCPR,21,ocupada,0.2818681001663208,0.8575968154316732,2026-09-24T02:21:12.575-03:00
PUCPR,22,ocupada,0.46523913741111755,0.7871571519537159,2026-09-24T02:21:12.575-03:00
PUCPR,23,livre,0.0,0.01099438853654016,2026-09-24T02:21:12.575-03:00
PUCPR,24,livre,0.0,0.1007038279443279,2026-09-24T02:21:12.575-03:00
PUCPR,25,ocupada,0.4955674409866333,0.9111377785561462,2026-09-24T02:21:12.575-03:00
PUCPR,26,livre,0.0,0.11421750284140529,2026-09-24T02:21:12.575-03:00
PUCPR,27,livre,0.0,0.003062570410837759,2026-09-24T02:21:12.575-03:00
PUCPR,28,livre,0.0,0.0,2026-09-24T02:21:12.575-03:00
PUCPR,29,livre,0.0,0.008564490672452173,2026-09-24T02:21:12.575-03:00
PUCPR,3,livre,0.0,0.035440927052108676,2026-09-24T02:21:12.575-03:00
PUCPR,30,livre,0.0,0.0,2026-09-24T02:21:12.575-03:00
PUCPR,31,livre,0.0,0.0,2026-09-24T02:21:12.575-03:00
PUCPR,32,livre,0.0,0.0,2026-09-24T02:21:12.575-03:00
PUCPR,33,livre,0.0,0.0,2026-09-24T02:21:12.575-03:00
PUCPR,34,livre,0.0,0.0,2026-09-24T02:21:12.575-03:00
PUCPR,35,ocupada,0.33234935998916626,0.9372636642658869,2026-09-24T02:21:12.575-03:00
PUCPR,36,livre,0.0,0.07054396003728458,2026-09-24T02:21:12.575-03:00
PUCPR,37,livre,0.0,0.0006182223472691855,2026-09-24T02:21:12.575-03:00
PUCPR,38,livre,0.0,0.0,2026-09-24T02:21:12.575-03:00
PUCPR,39,livre,0.0,0.0,2026-09-24T02:21:12.575-03:00
PUCPR,4,ocupada,0.3119453191757202,0.8427290605288058,2026-09-24T02:21:12.575-03:00
PUCPR,40,livre,0.0,0.0,2026-09-24T02:21:12.575-03:00
PUCPR,41,livre,0.0,0.019139427808769607,2026-09-24T02:21:12.575-03:00
PUCPR,42,livre,0.0,0.01606476357012858,2026-09-24T02:21:12.575-03:00
PUCPR,43,ocupada,0.49407580494880676,0.8119971968577538,2026-09-24T02:21:12.575-03:00
PUCPR,44,livre,0.0,0.041454239511159764,2026-09-24T02:21:12.575-03:00
PUCPR,45,ocupada,0.5200609564781189,0.6947761512287852,2026-09-24T02:21:12.575-03:00
PUCPR,46,ocupada,0.6657226085662842,0.8694208357426217,2026-09-24T02:21:12.575-03:00
PUCPR,47,ocupada,0.37203899025917053,0.8710544906357145,2026-09-24T02:21:12.575-03:00
PUCPR,48,livre,0.0,0.21999134077185237,2026-09-24T02:21:12.575-03:00
PUCPR,49,ocupada,0.47465139627456665,0.9383667733393923,2026-09-24T02:21:12.575-03:00
PUCPR,5,ocupada,0.3975989520549774,0.9237231526827808,2026-09-24T02:21:12.575-03:00
PUCPR,50,livre,0.0,0.0,2026-09-24T02:21:12.575-03:00
PUCPR,51,ocupada,0.543367326259613,0.8796795296257378,2026-09-24T02:21:12.575-03:00
PUCPR,52,ocupada,0.5475616455078125,0.8087527061385003,2026-09-24T02:21:12.575-03:00
PUCPR,53,livre,0.0,0.09102860222474325,2026-09-24T02:21:12.575-03:00
PUCPR,54,livre,0.0,0.0,2026-09-24T02:21:12.575-03:00
PUCPR,55,livre,0.0,0.0,2026-09-24T02:21:12.575-03:00
PUCPR,56,livre,0.0,0.0,2026-09-24T02:21:12.575-03:00
PUCPR,57,livre,0.0,0.05109121619147088,2026-09-24T02:21:12.575-03:00
PUCPR,58,ocupada,0.3098001182079315,0.7995480242620941,2026-09-24T02:21:12.575-03:00
PUCPR,59,ocupada,0.4901665151119232,0.8593780056132899,2026-09-24T02:21:12.575-03:00
PUCPR,6,livre,0.0,0.0,2026-09-24T02:21:12.575-03:00
PUCPR,60,livre,0.0,0.0,2026-09-24T02:21:12.575-03:00
PUCPR,61,livre,0.0,0.0,2026-09-24T02:21:12.575-03:00
PUCPR,62,ocupada,0.0,0.0,2026-09-24T02:21:12.575-03:00
PUCPR,63,ocupada,0.28516021370887756,0.9149493513634639,2026-09-24T02:21:12.575-03:00
PUCPR,64,ocupada,0.2671685516834259,0.8661402136140758,2026-09-24T02:21:12.575-03:00
PUCPR,65,livre,0.0,0.06510365168825247,2026-09-24T02:21:12.575-03:00
PUCPR,66,ocupada,0.4966832101345062,0.8471257960466382,2026-09-24T02:21:12.575-03:00
PUCPR,67,livre,0.0,0.0,2026-09-24T02:21:12.575-03:00
PUCPR,68,livre,0.0,0.11924259702200385,2026-09-24T02:21:12.575-03:00
PUCPR,69,ocupada,0.6595272421836853,0.9535669097515324,2026-09-24T02:21:12.575-03:00
PUCPR,7,ocupada,0.0,0.0,2026-09-24T02:21:12.575-03:00
PUCPR,70,ocupada,0.4941008388996124,0.9258884798332695,2026-09-24T02:21:12.575-03:00
PUCPR,71,ocupada,0.49170809984207153,0.9618910504892035,2026-09-24T02:21:12.575-03:00
PUCPR,72,ocupada,0.5304441452026367,0.9685394811188573,2026-09-24T02:21:12.575-03:00
PUCPR,73,ocupada,0.35143300890922546,0.9034874491661422,2026-09-24T02:21:12.575-03:00
PUCPR,74,livre,0.0,0.02718385550160209,2026-09-24T02:21:12.575-03:00
PUCPR,75,ocupada,0.0,0.0,2026-09-24T02:21:12.575-03:00
PUCPR,76,ocupada,0.0,0.0,2026-09-24T02:21:12.575-03:00
PUCPR,77,ocupada,0.0,0.0,2026-09-24T02:21:12.575-03:00
PUCPR,78,livre,0.0,0.0,2026-09-24T02:21:12.575-03:00
PUCPR,79,livre,0.0,0.0,2026-09-24T02:21:12.575-03:00
PUCPR,8,livre,0.0,0.0,2026-09-24T02:21:12.575-03:00
PUCPR,80,ocupada,0.0,0.0,2026-09-24T02:21:12.575-03:00
PUCPR,81,livre,0.0,0.0,2026-09-24T02:21:12.575-03:00
PUCPR,82,livre,0.0,0.0,2026-09-24T02:21:12.575-03:00
PUCPR,83,ocupada,0.33435824513435364,0.9113089534291863,2026-09-24T02:21:12.575-03:00
PUCPR,84,ocupada,0.3484625816345215,0.9261517224919019,2026-09-24T02:21:12.575-03:00
PUCPR,85,livre,0.0,1.5189873892572838e-05,2026-09-24T02:21:12.575-03:00
PUCPR,86,ocupada,0.25012195110321045,0.8340808512447221,2026-09-24T02:21:12.575-03:00
PUCPR,87,ocupada,0.3425034284591675,0.8700488348859571,2026-09-24T02:21:12.575-03:00
PUCPR,88,ocupada,0.3712610602378845,0.8084118713665599,2026-09-24T02:21:12.575-03:00
PUCPR,89,livre,0.0,0.2573523635299002,2026-09-24T02:21:12.575-03:00
PUCPR,9,livre,0.0,0.0,2026-09-24T02:21:12.575-03:00
PUCPR,90,livre,0.0,0.0,2026-09-24T02:21:12.575-03:00
PUCPR,91,livre,0.0,0.0,2026-09-24T02:21:12.575-03:00
PUCPR,92,livre,0.0,0.0,2026-09-24T02:21:12.575-03:00
PUCPR,93,livre,0.0,0.0,2026-09-24T02:21:12.575-03:00
PUCPR,94,livre,0.0,0.0,2026-09-24T02:21:12.575-03:00
PUCPR,95,livre,0.0,0.0,2026-09-24T02:21:12.575-03:00
PUCPR,96,livre,0.0,0.0,2026-09-24T02:21:12.575-03:00
PUCPR,97,livre,0.0,0.0,2026-09-24T02:21:12.575-03:00
PUCPR,98,ocupada,0.5330110192298889,0.8448720015550923,2026-09-24T02:21:12.575-03:00
PUCPR,99,ocupada,0.5102572441101074,0.9040823726719998,2026-09-24T02:21:12.575-03:00
PUCPR,1,livre,0.0,0.15767021154459268,2026-09-24T02:21:12.654-03:00
PUCPR,10,livre,0.0,0.0,2026-09-24T02:21:12.654-03:00
PUCPR,100,ocupada,0.29579198360443115,0.6850125374186306,2026-09-24T02:21:12.654-03:00
PUCPR,11,livre,0.0,0.0,2026-09-24T02:21:12.654-03:00
PUCPR,12,livre,0.0,0.0,2026-09-24T02:21:12.654-03:00
PUCPR,13,livre,0.0,0.0,2026-09-24T02:21:12.654-03:00
PUCPR,14,livre,0.0,0.0,2026-09-24T02:21:12.654-03:00
PUCPR,15,livre,0.0,0.0,2026-09-24T02:21:12.654-03:00
PUCPR,16,livre,0.0,0.0,2026-09-24T02:21:12.654-03:00
PUCPR,17,livre,0.0,0.0,2026-09-24T02:21:12.654-03:00
PUCPR,18,livre,0.0,0.0,2026-09-24T02:21:12.654-03:00
PUCPR,19,livre,0.0,0.0,2026-09-24T02:21:12.654-03:00
PUCPR,2,livre,0.0,0.0,2026-09-24T02:21:12.654-03:00
PUCPR,20,ocupada,0.4240886867046356,0.8373169408608107,2026-09-24T02:21:12.654-03:00
PUCPR,21,ocupada,0.0,0.050127173614558825,2026-09-24T02:21:12.654-03:00
PUCPR,22,ocupada,0.40135321021080017,0.7816834217398547,2026-09-24T02:21:12.654-03:00
PUCPR,23,livre,0.0,0.009843910053277612,2026-09-24T02:21:12.654-03:00
PUCPR,24,livre,0.0,0.10395694609842177,2026-09-24T02:21:12.654-03:00
PUCPR,25,ocupada,0.5166411995887756,0.9041266491892762,2026-09-24T02:21:12.654-03:00
PUCPR,26,livre,0.0,0.11289517552100078,2026-09-24T02:21:12.654-03:00
PUCPR,27,livre,0.0,0.0022550512325070424,2026-09-24T02:21:12.654-03:00
PUCPR,28,livre,0.25286388397216797,0.879815975015729,2026-09-24T02:21:12.654-03:00
PUCPR,29,livre,0.25286388397216797,0.31538070383891764,2026-09-24T02:21:12.654-03:00
PUCPR,3,livre,0.0,0.028095249436035,2026-09-24T02:21:12.654-03:00
PUCPR,30,livre,0.0,0.0,2026-09-24T02:21:12.654-03:00
PUCPR,31,livre,0.0,0.0,2026-09-24T02:21:12.654-03:00
PUCPR,32,livre,0.0,0.0,2026-09-24T02:21:12.654-03:00
PUCPR,33,livre,0.0,0.0,2026-09-24T02:21:12.654-03:00
PUCPR,34,livre,0.0,0.0,2026-09-24T02:21:12.654-03:00
PUCPR,35,ocupada,0.0,0.0,2026-09-24T02:21:12.654-03:00
PUCPR,36,livre,0.0,0.02903717309626849,2026-09-24T02:21:12.654-03:00
PUCPR,37,livre,0.0,0.00023966414828218146,2026-09-24T02:21:12.654-03:00
PUCPR,38,livre,0.0,0.0,2026-09-24T02:21:12.654-03:00
PUCPR,39,livre,0.0,0.0,2026-09-24T02:21:12.654-03:00
PUCPR,4,ocupada,0.2975130081176758,0.827414769503985,2026-09-24T02:21:12.654-03:00
PUCPR,40,livre,0.0,0.0,2026-09-24T02:21:12.654-03:00
PUCPR,41,livre,0.0,0.0,2026-09-24T02:21:12.654-03:00
PUCPR,42,livre,0.0,0.03774969457341759,2026-09-24T02:21:12.654-03:00
PUCPR,43,ocupada,0.392890602350235,0.8124052011284985,2026-09-24T02:21:12.654-03:00
PUCPR,44,livre,0.0,0.06089928725968677,2026-09-24T02:21:12.654-03:00
PUCPR,45,ocupada,0.41309675574302673,0.6844535181200356,2026-09-24T02:21:12.654-03:00
PUCPR,46,ocupada,0.5084270238876343,0.8677397861037383,2026-09-24T02:21:12.654-03:00
PUCPR,47,ocupada,0.27294278144836426,0.8714629780023949,2026-09-24T02:21:12.654-03:00
PUCPR,48,livre,0.0,0.2145508186879333,2026-09-24T02:21:12.654-03:00
PUCPR,49,ocupada,0.3451727628707886,0.9390228453132953,2026-09-24T02:21:12.654-03:00
PUCPR,5,ocupada,0.3862376809120178,0.9359065369581654,2026-09-24T02:21:12.654-03:00
PUCPR,50,livre,0.27482932806015015,0.4860536336959326,2026-09-24T02:21:12.654-03:00
PUCPR,51,ocupada,0.29922735691070557,0.840452574851071,2026-09-24T02:21:12.654-03:00
PUCPR,52,livre,0.0,0.1255038444658222,2026-09-24T02:21:12.654-03:00
PUCPR,53,livre,0.0,0.0,2026-09-24T02:21:12.654-03:00
PUCPR,54,livre,0.0,0.0,2026-09-24T02:21:12.654-03:00
PUCPR,55,livre,0.0,0.0,2026-09-24T02:21:12.654-03:00
PUCPR,56,livre,0.0,0.0,2026-09-24T02:21:12.654-03:00
PUCPR,57,livre,0.0,0.0,2026-09-24T02:21:12.654-03:00
PUCPR,58,ocupada,0.2799959182739258,0.7773310299124411,2026-09-24T02:21:12.654-03:00
PUCPR,59,ocupada,0.42801693081855774,0.8579524462170297,2026-09-24T02:21:12.654-03:00
PUCPR,6,livre,0.0,0.0,2026-09-24T02:21:12.654-03:00
PUCPR,60,livre,0.0,0.0,2026-09-24T02:21:12.654-03:00
PUCPR,61,livre,0.0,0.0,2026-09-24T02:21:12.654-03:00
PUCPR,62,livre,0.0,0.0,2026-09-24T02:21:12.654-03:00
PUCPR,63,ocupada,0.0,0.0,2026-09-24T02:21:12.654-03:00
PUCPR,64,ocupada,0.2649860680103302,0.8611279114116173,2026-09-24T02:21:12.654-03:00
PUCPR,65,livre,0.0,0.07110235854569409,2026-09-24T02:21:12.654-03:00
PUCPR,66,ocupada,0.41056981682777405,0.8448502277266048,2026-09-24T02:21:12.654-03:00
PUCPR,67,livre,0.0,0.1779527586290696,2026-09-24T02:21:12.654-03:00
PUCPR,68,livre,0.5048647522926331,0.9900091039742832,2026-09-24T02:21:12.654-03:00
PUCPR,69,ocupada,0.45792609453201294,0.9439283315144803,2026-09-24T02:21:12.654-03:00
PUCPR,7,livre,0.0,0.0,2026-09-24T02:21:12.654-03:00
PUCPR,70,ocupada,0.26042455434799194,0.9253464294999711,2026-09-24T02:21:12.654-03:00
PUCPR,71,ocupada,0.37860268354415894,0.9571842840516385,2026-09-24T02:21:12.654-03:00
PUCPR,72,ocupada,0.47293803095817566,0.9894831318869809,2026-09-24T02:21:12.654-03:00
PUCPR,73,ocupada,0.32495757937431335,0.9279428475934604,2026-09-24T02:21:12.654-03:00
PUCPR,74,livre,0.0,0.10858705152552432,2026-09-24T02:21:12.654-03:00
PUCPR,75,ocupada,0.2831551432609558,0.9702926062851537,2026-09-24T02:21:12.654-03:00
PUCPR,76,ocupada,0.3749690353870392,0.8561376934478813,2026-09-24T02:21:12.654-03:00
PUCPR,77,livre,0.0,0.006367322453086968,2026-09-24T02:21:12.654-03:00
PUCPR,78,livre,0.0,0.0,2026-09-24T02:21:12.654-03:00
PUCPR,79,livre,0.0,0.0,2026-09-24T02:21:12.654-03:00
PUCPR,8,livre,0.0,0.0,2026-09-24T02:21:12.654-03:00
PUCPR,80,livre,0.0,0.0,2026-09-24T02:21:12.654-03:00
PUCPR,81,livre,0.0,0.0,2026-09-24T02:21:12.654-03:00
PUCPR,82,livre,0.0,0.0,2026-09-24T02:21:12.654-03:00
PUCPR,83,ocupada,0.4052528738975525,0.9127596669975412,2026-09-24T02:21:12.654-03:00
PUCPR,84,ocupada,0.406654417514801,0.9290739278271253,2026-09-24T02:21:12.654-03:00
PUCPR,85,livre,0.0,0.0,2026-09-24T02:21:12.654-03:00
PUCPR,86,ocupada,0.0,0.008507135259362334,2026-09-24T02:21:12.654-03:00
PUCPR,87,ocupada,0.33483240008354187,0.8542688052716846,2026-09-24T02:21:12.654-03:00
PUCPR,88,ocupada,0.35147061944007874,0.8016833574854046,2026-09-24T02:21:12.654-03:00
PUCPR,89,livre,0.0,0.2787705964742279,2026-09-24T02:21:12.654-03:00
PUCPR,9,livre,0.0,0.0,2026-09-24T02:21:12.654-03:00
PUCPR,90,livre,0.0,0.0,2026-09-24T02:21:12.654-03:00
PUCPR,91,livre,0.0,0.0,2026-09-24T02:21:12.654-03:00
PUCPR,92,livre,0.0,0.0,2026-09-24T02:21:12.654-03:00
PUCPR,93,livre,0.0,0.0,2026-09-24T02:21:12.654-03:00
PUCPR,94,livre,0.0,0.0,2026-09-24T02:21:12.654-03:00
PUCPR,95,livre,0.0,0.0,2026-09-24T02:21:12.654-03:00
PUCPR,96,livre,0.0,0.0,2026-09-24T02:21:12.654-03:00
PUCPR,97,livre,0.0,0.0,2026-09-24T02:21:12.654-03:00
PUCPR,98,ocupada,0.4711650311946869,0.8384542049159136,2026-09-24T02:21:12.654-03:00
PUCPR,99,ocupada,0.44545698165893555,0.9053854217458184,2026-09-24T02:21:12.654-03:00
PUCPR,1,livre,0.0,0.15306055493074164,2026-09-24T02:21:12.732-03:00
PUCPR,10,livre,0.0,0.0,2026-09-24T02:21:12.732-03:00
PUCPR,100,ocupada,0.2666757106781006,0.6615510343220762,2026-09-24T02:21:12.732-03:00
PUCPR,11,livre,0.0,0.0,2026-09-24T02:21:12.732-03:00
PUCPR,12,livre,0.0,0.0,2026-09-24T02:21:12.732-03:00
PUCPR,13,livre,0.0,0.0,2026-09-24T02:21:12.732-03:00
PUCPR,14,livre,0.0,0.0,2026-09-24T02:21:12.732-03:00
PUCPR,15,livre,0.0,0.0,2026-09-24T02:21:12.732-03:00
PUCPR,16,livre,0.0,0.0,2026-09-24T02:21:12.732-03:00
PUCPR,17,livre,0.0,0.0,2026-09-24T02:21:12.732-03:00
PUCPR,18,livre,0.0,0.0,2026-09-24T02:21:12.732-03:00
PUCPR,19,livre,0.0,0.0,2026-09-24T02:21:12.732-03:00
PUCPR,2,livre,0.0,0.0,2026-09-24T02:21:12.732-03:00
PUCPR,20,ocupada,0.0,0.0,2026-09-24T02:21:12.732-03:00
PUCPR,21,ocupada,0.2928914725780487,0.8827009616080125,2026-09-24T02:21:12.732-03:00
PUCPR,22,ocupada,0.3631110191345215,0.788252835244113,2026-09-24T02:21:12.732-03:00
PUCPR,23,livre,0.0,0.008648839061050184,2026-09-24T02:21:12.732-03:00
PUCPR,24,livre,0.0,0.1086928798046083,2026-09-24T02:21:12.732-03:00
PUCPR,25,ocupada,0.4915805757045746,0.9147480001395072,2026-09-24T02:21:12.732-03:00
PUCPR,26,livre,0.0,0.13022389079893126,2026-09-24T02:21:12.732-03:00
PUCPR,27,livre,0.0,0.0016624054442006529,2026-09-24T02:21:12.732-03:00
PUCPR,28,livre,0.0,0.0,2026-09-24T02:21:12.732-03:00
PUCPR,29,livre,0.0,0.0,2026-09-24T02:21:12.732-03:00
PUCPR,3,livre,0.0,0.027505628072976834,2026-09-24T02:21:12.732-03:00
PUCPR,30,livre,0.0,0.0,2026-09-24T02:21:12.732-03:00
PUCPR,31,livre,0.0,0.0,2026-09-24T02:21:12.732-03:00
PUCPR,32,livre,0.0,0.005631644900641444,2026-09-24T02:21:12.732-03:00
PUCPR,33,livre,0.0,0.0,2026-09-24T02:21:12.732-03:00
PUCPR,34,livre,0.0,0.0,2026-09-24T02:21:12.732-03:00
PUCPR,35,ocupada,0.0,0.0,2026-09-24T02:21:12.732-03:00
PUCPR,36,livre,0.0,0.03347305954499388,2026-09-24T02:21:12.732-03:00
PUCPR,37,livre,0.0,0.0003948110361933092,2026-09-24T02:21:12.732-03:00
PUCPR,38,livre,0.0,0.0,2026-09-24T02:21:12.732-03:00
PUCPR,39,livre,0.0,0.0,2026-09-24T02:21:12.732-03:00
PUCPR,4,ocupada,0.31747007369995117,0.8275959122011654,2026-09-24T02:21:12.732-03:00
PUCPR,40,livre,0.0,0.0,2026-09-24T02:21:12.732-03:00
PUCPR,41,livre,0.0,0.12507128901559733,2026-09-24T02:21:12.732-03:00
PUCPR,42,livre,0.519469678401947,0.4216753082136952,2026-09-24T02:21:12.732-03:00
PUCPR,43,ocupada,0.523563802242279,0.8069953947779032,2026-09-24T02:21:12.732-03:00
PUCPR,44,livre,0.0,0.06704456517720216,2026-09-24T02:21:12.732-03:00
PUCPR,45,ocupada,0.37785089015960693,0.6687767349346514,2026-09-24T02:21:12.732-03:00
PUCPR,46,ocupada,0.40140342712402344,0.8454272910822622,2026-09-24T02:21:12.732-03:00
PUCPR,47,ocupada,0.2733856737613678,0.8931122918086093,2026-09-24T02:21:12.732-03:00
PUCPR,48,livre,0.0,0.22592640952118068,2026-09-24T02:21:12.732-03:00
PUCPR,49,ocupada,0.284233421087265,0.9336783703837289,2026-09-24T02:21:12.732-03:00
PUCPR,5,ocupada,0.3763851523399353,0.9273606489143527,2026-09-24T02:21:12.732-03:00
PUCPR,50,livre,0.0,0.0,2026-09-24T02:21:12.732-03:00
PUCPR,51,ocupada,0.0,0.0,2026-09-24T02:21:12.732-03:00
PUCPR,52,livre,0.0,0.0,2026-09-24T02:21:12.732-03:00
PUCPR,53,livre,0.0,0.004663883190634057,2026-09-24T02:21:12.732-03:00
PUCPR,54,livre,0.263507217168808,0.9367126367524384,2026-09-24T02:21:12.732-03:00
PUCPR,55,livre,0.0,0.0,2026-09-24T02:21:12.732-03:00
PUCPR,56,livre,0.0,0.0,2026-09-24T02:21:12.732-03:00
PUCPR,57,livre,0.0,0.0,2026-09-24T02:21:12.732-03:00
PUCPR,58,ocupada,0.2538544833660126,0.7787123797020516,2026-09-24T02:21:12.732-03:00
PUCPR,59,ocupada,0.5012292861938477,0.873229299885296,2026-09-24T02:21:12.732-03:00
PUCPR,6,livre,0.0,0.0,2026-09-24T02:21:12.732-03:00
PUCPR,60,livre,0.0,0.0,2026-09-24T02:21:12.732-03:00
PUCPR,61,livre,0.0,0.0,2026-09-24T02:21:12.732-03:00
PUCPR,62,livre,0.0,0.0,2026-09-24T02:21:12.732-03:00
PUCPR,63,livre,0.0,0.0,2026-09-24T02:21:12.732-03:00
PUCPR,64,ocupada,0.25457918643951416,0.8502845229577265,2026-09-24T02:21:12.732-03:00
PUCPR,65,livre,0.0,0.05845995149234446,2026-09-24T02:21:12.732-03:00
PUCPR,66,ocupada,0.4778589904308319,0.8488875159945828,2026-09-24T02:21:12.732-03:00
PUCPR,67,livre,0.0,0.17943195088412292,2026-09-24T02:21:12.732-03:00
PUCPR,68,livre,0.5374698042869568,0.9840041743536568,2026-09-24T02:21:12.732-03:00
PUCPR,69,ocupada,0.4677425026893616,0.945915614423043,2026-09-24T02:21:12.732-03:00
PUCPR,7,livre,0.0,0.0,2026-09-24T02:21:12.732-03:00
PUCPR,70,ocupada,0.28108635544776917,0.9322692827667144,2026-09-24T02:21:12.732-03:00
PUCPR,71,ocupada,0.42921724915504456,0.9602521221773341,2026-09-24T02:21:12.732-03:00
PUCPR,72,ocupada,0.4301522970199585,0.9787793111307874,2026-09-24T02:21:12.732-03:00
PUCPR,73,ocupada,0.3201843202114105,0.9087512738680023,2026-09-24T02:21:12.732-03:00
PUCPR,74,livre,0.2854384779930115,0.8039163015977231,2026-09-24T02:21:12.732-03:00
PUCPR,75,ocupada,0.2961609959602356,0.9462316420493387,2026-09-24T02:21:12.732-03:00
PUCPR,76,ocupada,0.34360989928245544,0.8464914777107524,2026-09-24T02:21:12.732-03:00
PUCPR,77,livre,0.0,0.003432965342222925,2026-09-24T02:21:12.732-03:00
PUCPR,78,livre,0.0,0.0,2026-09-24T02:21:12.732-03:00
PUCPR,79,livre,0.0,0.0,2026-09-24T02:21:12.732-03:00
PUCPR,8,livre,0.0,0.0,2026-09-24T02:21:12.732-03:00
PUCPR,80,livre,0.2829703092575073,0.8314001261296029,2026-09-24T02:21:12.732-03:00
PUCPR,81,livre,0.0,0.0,2026-09-24T02:21:12.732-03:00
PUCPR,82,livre,0.0,0.0,2026-09-24T02:21:12.732-03:00
PUCPR,83,ocupada,0.2934337258338928,0.9011642863828767,2026-09-24T02:21:12.732-03:00
PUCPR,84,ocupada,0.35522252321243286,0.9171872851045604,2026-09-24T02:21:12.732-03:00
PUCPR,85,livre,0.0,0.0,2026-09-24T02:21:12.732-03:00
PUCPR,86,livre,0.0,0.01082802523067298,2026-09-24T02:21:12.732-03:00
PUCPR,87,ocupada,0.28776898980140686,0.8752461005856579,2026-09-24T02:21:12.732-03:00
PUCPR,88,ocupada,0.28005167841911316,0.8048991035580512,2026-09-24T02:21:12.732-03:00
PUCPR,89,livre,0.0,0.26976627424936733,2026-09-24T02:21:12.732-03:00
PUCPR,9,livre,0.0,0.0,2026-09-24T02:21:12.732-03:00
PUCPR,90,livre,0.0,0.0,2026-09-24T02:21:12.732-03:00
PUCPR,91,livre,0.0,0.0,2026-09-24T02:21:12.732-03:00
PUCPR,92,livre,0.0,0.0,2026-09-24T02:21:12.732-03:00
PUCPR,93,livre,0.0,0.0,2026-09-24T02:21:12.732-03:00
PUCPR,94,livre,0.0,0.0,2026-09-24T02:21:12.732-03:00
PUCPR,95,livre,0.0,0.0,2026-09-24T02:21:12.732-03:00
PUCPR,96,livre,0.0,0.0,2026-09-24T02:21:12.732-03:00
PUCPR,97,livre,0.0,0.0,2026-09-24T02:21:12.732-03:00
PUCPR,98,ocupada,0.3901807963848114,0.8402004990152288,2026-09-24T02:21:12.732-03:00
PUCPR,99,ocupada,0.4101569652557373,0.9122076554987977,2026-09-24T02:21:12.732-03:00
PUCPR,1,livre,0.0,0.15055719708367138,2026-09-24T02:21:12.803-03:00
PUCPR,10,livre,0.0,0.0,2026-09-24T02:21:12.803-03:00
PUCPR,100,ocupada,0.0,0.0,2026-09-24T02:21:12.803-03:00
PUCPR,11,livre,0.0,0.0,2026-09-24T02:21:12.803-03:00
PUCPR,12,livre,0.0,0.0,2026-09-24T02:21:12.803-03:00
PUCPR,13,livre,0.0,0.0,2026-09-24T02:21:12.803-03:00
PUCPR,14,livre,0.0,0.0,2026-09-24T02:21:12.803-03:00
PUCPR,15,livre,0.0,0.0,2026-09-24T02:21:12.803-03:00
PUCPR,16,livre,0.0,0.0,2026-09-24T02:21:12.803-03:00
PUCPR,17,livre,0.0,0.0,2026-09-24T02:21:12.803-03:00
PUCPR,18,livre,0.0,0.0,2026-09-24T02:21:12.803-03:00
PUCPR,19,livre,0.0,0.0,2026-09-24T02:21:12.803-03:00
PUCPR,2,livre,0.0,0.0,2026-09-24T02:21:12.803-03:00
PUCPR,20,ocupada,0.0,0.0,2026-09-24T02:21:12.803-03:00
PUCPR,21,ocupada,0.0,0.0,2026-09-24T02:21:12.803-03:00
PUCPR,22,ocupada,0.0,0.0,2026-09-24T02:21:12.803-03:00
PUCPR,23,livre,0.0,0.00011933431703241626,2026-09-24T02:21:12.803-03:00
PUCPR,24,livre,0.0,0.10175796141123038,2026-09-24T02:21:12.803-03:00
PUCPR,25,ocupada,0.35828638076782227,0.8978285169817396,2026-09-24T02:21:12.803-03:00
PUCPR,26,livre,0.0,0.1429436041473343,2026-09-24T02:21:12.803-03:00
PUCPR,27,livre,0.0,0.0,2026-09-24T02:21:12.803-03:00
PUCPR,28,livre,0.0,0.0,2026-09-24T02:21:12.803-03:00
PUCPR,29,livre,0.0,0.0,2026-09-24T02:21:12.803-03:00
PUCPR,3,livre,0.0,0.026154323441100885,2026-09-24T02:21:12.803-03:00
PUCPR,30,livre,0.0,0.0,2026-09-24T02:21:12.803-03:00
PUCPR,31,livre,0.0,0.0,2026-09-24T02:21:12.803-03:00
PUCPR,32,livre,0.0,0.0,2026-09-24T02:21:12.803-03:00
PUCPR,33,livre,0.0,0.0,2026-09-24T02:21:12.803-03:00
PUCPR,34,livre,0.0,0.0,2026-09-24T02:21:12.803-03:00
PUCPR,35,livre,0.0,0.0,2026-09-24T02:21:12.803-03:00
PUCPR,36,livre,0.0,0.03440071170836964,2026-09-24T02:21:12.803-03:00
PUCPR,37,livre,0.0,0.0006019657936220393,2026-09-24T02:21:12.803-03:00
PUCPR,38,livre,0.0,0.0,2026-09-24T02:21:12.803-03:00
PUCPR,39,livre,0.0,0.0,2026-09-24T02:21:12.803-03:00
PUCPR,4,ocupada,0.3022870719432831,0.8181623630243697,2026-09-24T02:21:12.803-03:00
PUCPR,40,livre,0.0,0.0,2026-09-24T02:21:12.803-03:00
PUCPR,41,livre,0.0,0.0,2026-09-24T02:21:12.803-03:00
PUCPR,42,livre,0.0,0.0,2026-09-24T02:21:12.803-03:00
PUCPR,43,ocupada,0.0,0.0,2026-09-24T02:21:12.803-03:00
PUCPR,44,livre,0.0,0.0,2026-09-24T02:21:12.803-03:00
PUCPR,45,ocupada,0.31449446082115173,0.7055387046914479,2026-09-24T02:21:12.803-03:00
PUCPR,46,ocupada,0.33317768573760986,0.8182370152290771,2026-09-24T02:21:12.803-03:00
PUCPR,47,ocupada,0.0,0.13705068029888479,2026-09-24T02:21:12.803-03:00
PUCPR,48,livre,0.0,0.09009473214010141,2026-09-24T02:21:12.803-03:00
PUCPR,49,ocupada,0.0,0.0,2026-09-24T02:21:12.803-03:00
PUCPR,5,ocupada,0.3162457048892975,0.9278152079713685,2026-09-24T02:21:12.803-03:00
PUCPR,50,livre,0.0,0.0,2026-09-24T02:21:12.803-03:00
PUCPR,51,ocupada,0.0,0.0,2026-09-24T02:21:12.803-03:00
PUCPR,52,livre,0.0,0.0,2026-09-24T02:21:12.803-03:00
PUCPR,53,livre,0.0,0.0,2026-09-24T02:21:12.803-03:00
PUCPR,54,livre,0.0,0.0,2026-09-24T02:21:12.803-03:00
PUCPR,55,livre,0.0,0.0,2026-09-24T02:21:12.803-03:00
PUCPR,56,livre,0.0,0.0,2026-09-24T02:21:12.803-03:00
PUCPR,57,livre,0.0,0.0,2026-09-24T02:21:12.803-03:00
PUCPR,58,ocupada,0.33014804124832153,0.7643363029541619,2026-09-24T02:21:12.803-03:00
PUCPR,59,ocupada,0.3969143331050873,0.8554039344902971,2026-09-24T02:21:12.803-03:00
PUCPR,6,livre,0.0,0.0,2026-09-24T02:21:12.803-03:00
PUCPR,60,livre,0.0,0.0,2026-09-24T02:21:12.803-03:00
PUCPR,61,livre,0.0,0.0,2026-09-24T02:21:12.803-03:00
PUCPR,62,livre,0.0,0.0,2026-09-24T02:21:12.803-03:00
PUCPR,63,livre,0.0,0.0,2026-09-24T02:21:12.803-03:00
PUCPR,64,ocupada,0.0,0.0,2026-09-24T02:21:12.803-03:00
PUCPR,65,livre,0.0,0.0,2026-09-24T02:21:12.803-03:00
PUCPR,66,ocupada,0.3631182610988617,0.717496956457568,2026-09-24T02:21:12.803-03:00
PUCPR,67,livre,0.5432111620903015,0.41625926545888825,2026-09-24T02:21:12.803-03:00
PUCPR,68,ocupada,0.47508424520492554,0.9895438503346038,2026-09-24T02:21:12.803-03:00
PUCPR,69,ocupada,0.4034048318862915,0.9354925268605644,2026-09-24T02:21:12.803-03:00
PUCPR,7,livre,0.0,0.0,2026-09-24T02:21:12.803-03:00
PUCPR,70,ocupada,0.0,0.10617429854938709,2026-09-24T02:21:12.803-03:00
PUCPR,71,ocupada,0.3525930941104889,0.935835535953465,2026-09-24T02:21:12.803-03:00
PUCPR,72,ocupada,0.3909691870212555,0.985968057988712,2026-09-24T02:21:12.803-03:00
PUCPR,73,ocupada,0.0,0.12328396822282361,2026-09-24T02:21:12.803-03:00
PUCPR,74,livre,0.0,0.0,2026-09-24T02:21:12.803-03:00
PUCPR,75,ocupada,0.0,0.0,2026-09-24T02:21:12.803-03:00
PUCPR,76,ocupada,0.0,0.0,2026-09-24T02:21:12.803-03:00
PUCPR,77,livre,0.0,0.0,2026-09-24T02:21:12.803-03:00
PUCPR,78,livre,0.0,0.0,2026-09-24T02:21:12.803-03:00
PUCPR,79,livre,0.0,0.0,2026-09-24T02:21:12.803-03:00
PUCPR,8,livre,0.0,0.0,2026-09-24T02:21:12.803-03:00
PUCPR,80,livre,0.0,0.0,2026-09-24T02:21:12.803-03:00
PUCPR,81,livre,0.3885008990764618,0.7364632481135587,2026-09-24T02:21:12.803-03:00
PUCPR,82,livre,0.0,0.0,2026-09-24T02:21:12.803-03:00
PUCPR,83,ocupada,0.2747994661331177,0.8733363564351192,2026-09-24T02:21:12.803-03:00
PUCPR,84,ocupada,0.3796490430831909,0.9204251445960409,2026-09-24T02:21:12.803-03:00
PUCPR,85,livre,0.0,0.0,2026-09-24T02:21:12.803-03:00
PUCPR,86,livre,0.0,0.0,2026-09-24T02:21:12.803-03:00
PUCPR,87,ocupada,0.0,0.0,2026-09-24T02:21:12.803-03:00
PUCPR,88,ocupada,0.0,0.0,2026-09-24T02:21:12.803-03:00
PUCPR,89,livre,0.6077343225479126,0.9932008705761833,2026-09-24T02:21:12.803-03:00
PUCPR,9,livre,0.0,0.0,2026-09-24T02:21:12.803-03:00
PUCPR,90,livre,0.0,0.28710815187714755,2026-09-24T02:21:12.803-03:00
PUCPR,91,livre,0.4198742210865021,0.925574738598358,2026-09-24T02:21:12.803-03:00
PUCPR,92,livre,0.0,0.22725731917750014,2026-09-24T02:21:12.803-03:00
PUCPR,93,livre,0.0,0.0,2026-09-24T02:21:12.803-03:00
PUCPR,94,livre,0.0,0.0,2026-09-24T02:21:12.803-03:00
PUCPR,95,livre,0.0,0.0,2026-09-24T02:21:12.803-03:00
PUCPR,96,livre,0.0,0.0,2026-09-24T02:21:12.803-03:00
PUCPR,97,livre,0.0,0.0,2026-09-24T02:21:12.803-03:00
PUCPR,98,ocupada,0.31973400712013245,0.83790343933503,2026-09-24T02:21:12.803-03:00
PUCPR,99,ocupada,0.0,0.0,2026-09-24T02:21:12.803-03:00
PUCPR,1,livre,0.0,0.1436020387905954,2026-09-24T02:21:12.874-03:00
PUCPR,10,livre,0.0,0.0,2026-09-24T02:21:12.874-03:00
PUCPR,100,ocupada,0.0,0.0,2026-09-24T02:21:12.874-03:00
PUCPR,11,livre,0.0,0.0,2026-09-24T02:21:12.874-03:00
PUCPR,12,livre,0.0,0.0,2026-09-24T02:21:12.874-03:00
PUCPR,13,livre,0.0,0.0,2026-09-24T02:21:12.874-03:00
PUCPR,14,livre,0.0,0.0,2026-09-24T02:21:12.874-03:00
PUCPR,15,livre,0.0,0.0,2026-09-24T02:21:12.874-03:00
PUCPR,16,livre,0.0,0.0,2026-09-24T02:21:12.874-03:00
PUCPR,17,livre,0.0,0.0,2026-09-24T02:21:12.874-03:00
PUCPR,18,livre,0.0,0.0,2026-09-24T02:21:12.874-03:00
PUCPR,19,livre,0.0,0.0,2026-09-24T02:21:12.874-03:00
PUCPR,2,livre,0.0,0.0,2026-09-24T02:21:12.874-03:00
PUCPR,20,livre,0.0,0.0,2026-09-24T02:21:12.874-03:00
PUCPR,21,livre,0.0,0.0,2026-09-24T02:21:12.874-03:00
PUCPR,22,ocupada,0.28603795170783997,0.7409259708650366,2026-09-24T02:21:12.874-03:00
PUCPR,23,livre,0.0,3.784811445468977e-05,2026-09-24T02:21:12.874-03:00
PUCPR,24,livre,0.0,0.10095269728838456,2026-09-24T02:21:12.874-03:00
PUCPR,25,ocupada,0.3245275914669037,0.9004316584270831,2026-09-24T02:21:12.874-03:00
PUCPR,26,livre,0.0,0.15053564120052204,2026-09-24T02:21:12.874-03:00
PUCPR,27,livre,0.0,0.0,2026-09-24T02:21:12.874-03:00
PUCPR,28,livre,0.0,0.0,2026-09-24T02:21:12.874-03:00
PUCPR,29,livre,0.0,0.0,2026-09-24T02:21:12.874-03:00
PUCPR,3,livre,0.0,0.032391483357877685,2026-09-24T02:21:12.874-03:00
PUCPR,30,livre,0.0,0.0,2026-09-24T02:21:12.874-03:00
PUCPR,31,livre,0.0,0.0,2026-09-24T02:21:12.874-03:00
PUCPR,32,livre,0.0,0.0,2026-09-24T02:21:12.874-03:00
PUCPR,33,livre,0.0,0.0,2026-09-24T02:21:12.874-03:00
PUCPR,34,livre,0.0,0.0,2026-09-24T02:21:12.874-03:00
PUCPR,35,livre,0.0,0.0,2026-09-24T02:21:12.874-03:00
PUCPR,36,livre,0.0,0.04120678621402476,2026-09-24T02:21:12.874-03:00
PUCPR,37,livre,0.0,0.0008433317963404929,2026-09-24T02:21:12.874-03:00
PUCPR,38,livre,0.0,0.0,2026-09-24T02:21:12.874-03:00
PUCPR,39,livre,0.0,0.0,2026-09-24T02:21:12.874-03:00
PUCPR,4,ocupada,0.2781141400337219,0.8272436709860174,2026-09-24T02:21:12.874-03:00
PUCPR,40,livre,0.0,0.0,2026-09-24T02:21:12.874-03:00
PUCPR,41,livre,0.0,0.0,2026-09-24T02:21:12.874-03:00
PUCPR,42,livre,0.0,0.0,2026-09-24T02:21:12.874-03:00
PUCPR,43,ocupada,0.0,0.0,2026-09-24T02:21:12.874-03:00
PUCPR,44,livre,0.0,0.0,2026-09-24T02:21:12.874-03:00
PUCPR,45,ocupada,0.3062058389186859,0.6804189558240631,2026-09-24T02:21:12.874-03:00
PUCPR,46,ocupada,0.34372565150260925,0.8159751473786296,2026-09-24T02:21:12.874-03:00
PUCPR,47,ocupada,0.0,0.13937886232215296,2026-09-24T02:21:12.874-03:00
PUCPR,48,livre,0.0,0.09563424594725972,2026-09-24T02:21:12.874-03:00
PUCPR,49,ocupada,0.0,0.0,2026-09-24T02:21:12.874-03:00
PUCPR,5,ocupada,0.2514391541481018,0.9277225299315418,2026-09-24T02:21:12.874-03:00
PUCPR,50,livre,0.0,0.0,2026-09-24T02:21:12.874-03:00
PUCPR,51,livre,0.0,0.0,2026-09-24T02:21:12.874-03:00
PUCPR,52,livre,0.0,0.0,2026-09-24T02:21:12.874-03:00
PUCPR,53,livre,0.0,0.0,2026-09-24T02:21:12.874-03:00
PUCPR,54,livre,0.0,0.0,2026-09-24T02:21:12.874-03:00
PUCPR,55,livre,0.0,0.0,2026-09-24T02:21:12.874-03:00
PUCPR,56,livre,0.0,0.0,2026-09-24T02:21:12.874-03:00
PUCPR,57,livre,0.0,0.0,2026-09-24T02:21:12.874-03:00
PUCPR,58,ocupada,0.26257362961769104,0.7662715455239835,2026-09-24T02:21:12.874-03:00
PUCPR,59,ocupada,0.31546056270599365,0.8740507803958113,2026-09-24T02:21:12.874-03:00
PUCPR,6,livre,0.41527417302131653,0.8467548294300679,2026-09-24T02:21:12.874-03:00
PUCPR,60,livre,0.0,0.0,2026-09-24T02:21:12.874-03:00
PUCPR,61,livre,0.0,0.0,2026-09-24T02:21:12.874-03:00
PUCPR,62,livre,0.0,0.0,2026-09-24T02:21:12.874-03:00
PUCPR,63,livre,0.0,0.0,2026-09-24T02:21:12.874-03:00
PUCPR,64,ocupada,0.0,0.0,2026-09-24T02:21:12.874-03:00
PUCPR,65,livre,0.0,0.0,2026-09-24T02:21:12.874-03:00
PUCPR,66,ocupada,0.2845841646194458,0.8174692031494378,2026-09-24T02:21:12.874-03:00
PUCPR,67,livre,0.42452752590179443,0.4226812758087838,2026-09-24T02:21:12.874-03:00
PUCPR,68,ocupada,0.5002102851867676,0.9856407343936601,2026-09-24T02:21:12.874-03:00
PUCPR,69,ocupada,0.47958701848983765,0.933900664003935,2026-09-24T02:21:12.874-03:00
PUCPR,7,livre,0.0,0.0,2026-09-24T02:21:12.874-03:00
PUCPR,70,ocupada,0.0,0.09644671925242365,2026-09-24T02:21:12.874-03:00
PUCPR,71,ocupada,0.42921486496925354,0.952609245877377,2026-09-24T02:21:12.874-03:00
PUCPR,72,ocupada,0.4320545196533203,0.9685213115937324,2026-09-24T02:21:12.874-03:00
PUCPR,73,ocupada,0.0,0.11073971855208438,2026-09-24T02:21:12.874-03:00
PUCPR,74,livre,0.0,0.0,2026-09-24T02:21:12.874-03:00
PUCPR,75,livre,0.0,0.0,2026-09-24T02:21:12.874-03:00
PUCPR,76,livre,0.0,0.0,2026-09-24T02:21:12.874-03:00
PUCPR,77,livre,0.0,0.0,2026-09-24T02:21:12.874-03:00
PUCPR,78,livre,0.0,0.0,2026-09-24T02:21:12.874-03:00
PUCPR,79,livre,0.0,0.0,2026-09-24T02:21:12.874-03:00
PUCPR,8,livre,0.0,0.0,2026-09-24T02:21:12.874-03:00
PUCPR,80,livre,0.0,0.0,2026-09-24T02:21:12.874-03:00
PUCPR,81,livre,0.3113512098789215,0.7226111240501822,2026-09-24T02:21:12.874-03:00
PUCPR,82,livre,0.0,0.0,2026-09-24T02:21:12.874-03:00
PUCPR,83,ocupada,0.0,0.004476220854068092,2026-09-24T02:21:12.874-03:00
PUCPR,84,ocupada,0.3098822832107544,0.9199650009188841,2026-09-24T02:21:12.874-03:00
PUCPR,85,livre,0.0,0.0,2026-09-24T02:21:12.874-03:00
PUCPR,86,livre,0.0,0.0,2026-09-24T02:21:12.874-03:00
PUCPR,87,ocupada,0.0,0.0,2026-09-24T02:21:12.874-03:00
PUCPR,88,ocupada,0.0,0.0,2026-09-24T02:21:12.874-03:00
PUCPR,89,livre,0.4662548303604126,0.992080131796516,2026-09-24T02:21:12.874-03:00
PUCPR,9,livre,0.0,0.0,2026-09-24T02:21:12.874-03:00
PUCPR,90,livre,0.0,0.282998685335561,2026-09-24T02:21:12.874-03:00
PUCPR,91,livre,0.47026190161705017,0.9233048976460874,2026-09-24T02:21:12.874-03:00
PUCPR,92,livre,0.0,0.22737226122844356,2026-09-24T02:21:12.874-03:00
PUCPR,93,livre,0.0,0.0,2026-09-24T02:21:12.874-03:00
PUCPR,94,livre,0.0,0.0,2026-09-24T02:21:12.874-03:00
PUCPR,95,livre,0.0,0.0,2026-09-24T02:21:12.874-03:00
PUCPR,96,livre,0.0,0.0,2026-09-24T02:21:12.874-03:00
PUCPR,97,livre,0.0,0.0,2026-09-24T02:21:12.874-03:00
PUCPR,98,ocupada,0.0,0.0,2026-09-24T02:21:12.874-03:00
PUCPR,99,ocupada,0.0,0.0,2026-09-24T02:21:12.874-03:00
PUCPR,1,livre,0.0,0.1613831168536872,2026-09-24T02:21:12.945-03:00
PUCPR,10,livre,0.0,0.0,2026-09-24T02:21:12.945-03:00
PUCPR,100,livre,0.0,0.0,2026-09-24T02:21:12.945-03:00
PUCPR,11,livre,0.0,0.0,2026-09-24T02:21:12.945-03:00
PUCPR,12,livre,0.0,0.0,2026-09-24T02:21:12.945-03:00
PUCPR,13,livre,0.0,0.0,2026-09-24T02:21:12.945-03:00
PUCPR,14,livre,0.0,0.0,2026-09-24T02:21:12.945-03:00
PUCPR,15,livre,0.0,0.0,2026-09-24T02:21:12.945-03:00
PUCPR,16,livre,0.0,0.0,2026-09-24T02:21:12.945-03:00
PUCPR,17,livre,0.0,0.0,2026-09-24T02:21:12.945-03:00
PUCPR,18,livre,0.0,0.0,2026-09-24T02:21:12.945-03:00
PUCPR,19,livre,0.0,0.0,2026-09-24T02:21:12.945-03:00
PUCPR,2,livre,0.0,0.0,2026-09-24T02:21:12.945-03:00
PUCPR,20,livre,0.0,0.0,2026-09-24T02:21:12.945-03:00
PUCPR,21,livre,0.0,0.0,2026-09-24T02:21:12.945-03:00
PUCPR,22,ocupada,0.39408981800079346,0.7550690041725723,2026-09-24T02:21:12.945-03:00
PUCPR,23,livre,0.0,0.010036818239686954,2026-09-24T02:21:12.945-03:00
PUCPR,24,livre,0.0,0.10253711663300089,2026-09-24T02:21:12.945-03:00
PUCPR,25,ocupada,0.2887026369571686,0.9081443600201241,2026-09-24T02:21:12.945-03:00
PUCPR,26,livre,0.0,0.14126574577115775,2026-09-24T02:21:12.945-03:00
PUCPR,27,livre,0.0,0.0,2026-09-24T02:21:12.945-03:00
PUCPR,28,livre,0.0,0.0,2026-09-24T02:21:12.945-03:00
PUCPR,29,livre,0.0,0.0,2026-09-24T02:21:12.945-03:00
PUCPR,3,livre,0.0,0.030190689377396385,2026-09-24T02:21:12.945-03:00
PUCPR,30,livre,0.0,0.0,2026-09-24T02:21:12.945-03:00
PUCPR,31,livre,0.0,0.0,2026-09-24T02:21:12.945-03:00
PUCPR,32,livre,0.0,0.0,2026-09-24T02:21:12.945-03:00
PUCPR,33,livre,0.0,0.0,2026-09-24T02:21:12.945-03:00
PUCPR,34,livre,0.0,0.0,2026-09-24T02:21:12.945-03:00
PUCPR,35,livre,0.0,0.0,2026-09-24T02:21:12.945-03:00
PUCPR,36,livre,0.0,0.040406673253495576,2026-09-24T02:21:12.945-03:00
PUCPR,37,livre,0.0,0.0010009447539614533,2026-09-24T02:21:12.945-03:00
PUCPR,38,livre,0.0,0.0,2026-09-24T02:21:12.945-03:00
PUCPR,39,livre,0.0,0.0,2026-09-24T02:21:12.945-03:00
PUCPR,4,ocupada,0.31146183609962463,0.8289617119224968,2026-09-24T02:21:12.945-03:00
PUCPR,40,livre,0.0,0.0,2026-09-24T02:21:12.945-03:00
PUCPR,41,livre,0.0,0.0,2026-09-24T02:21:12.945-03:00
PUCPR,42,livre,0.0,0.0,2026-09-24T02:21:12.945-03:00
PUCPR,43,livre,0.0,0.0,2026-09-24T02:21:12.945-03:00
PUCPR,44,livre,0.0,0.0,2026-09-24T02:21:12.945-03:00
PUCPR,45,ocupada,0.3582703769207001,0.6956427454923747,2026-09-24T02:21:12.945-03:00
PUCPR,46,ocupada,0.36147305369377136,0.8489207956445521,2026-09-24T02:21:12.945-03:00
PUCPR,47,livre,0.0,0.14050156280783754,2026-09-24T02:21:12.945-03:00
PUCPR,48,livre,0.0,0.09660812137419236,2026-09-24T02:21:12.945-03:00
PUCPR,49,livre,0.0,0.0,2026-09-24T02:21:12.945-03:00
PUCPR,5,ocupada,0.0,0.10660331159959609,2026-09-24T02:21:12.945-03:00
PUCPR,50,livre,0.0,0.0,2026-09-24T02:21:12.945-03:00
PUCPR,51,livre,0.0,0.0,2026-09-24T02:21:12.945-03:00
PUCPR,52,livre,0.0,0.0,2026-09-24T02:21:12.945-03:00
PUCPR,53,livre,0.0,0.0,2026-09-24T02:21:12.945-03:00
PUCPR,54,livre,0.0,0.0,2026-09-24T02:21:12.945-03:00
PUCPR,55,livre,0.0,0.0,2026-09-24T02:21:12.945-03:00
PUCPR,56,livre,0.0,0.0,2026-09-24T02:21:12.945-03:00
PUCPR,57,livre,0.0,0.0,2026-09-24T02:21:12.945-03:00
PUCPR,58,ocupada,0.2893805205821991,0.7724421016512467,2026-09-24T02:21:12.945-03:00
PUCPR,59,ocupada,0.3626585602760315,0.8806273287441887,2026-09-24T02:21:12.945-03:00
PUCPR,6,livre,0.38622844219207764,0.8505939205100812,2026-09-24T02:21:12.945-03:00
PUCPR,60,livre,0.0,0.0,2026-09-24T02:21:12.945-03:00
PUCPR,61,livre,0.2689710557460785,0.7799549900171434,2026-09-24T02:21:12.945-03:00
PUCPR,62,livre,0.0,0.000530996447868596,2026-09-24T02:21:12.945-03:00
PUCPR,63,livre,0.0,0.0,2026-09-24T02:21:12.945-03:00
PUCPR,64,livre,0.0,0.0,2026-09-24T02:21:12.945-03:00
PUCPR,65,livre,0.0,0.0,2026-09-24T02:21:12.945-03:00
PUCPR,66,ocupada,0.28369104862213135,0.8084917141482714,2026-09-24T02:21:12.945-03:00
PUCPR,67,ocupada,0.4026145935058594,0.4281852825144445,2026-09-24T02:21:12.945-03:00
PUCPR,68,ocupada,0.41953879594802856,0.9849268758600451,2026-09-24T02:21:12.945-03:00
PUCPR,69,ocupada,0.3989887833595276,0.9309578941081129,2026-09-24T02:21:12.945-03:00
PUCPR,7,livre,0.0,0.0,2026-09-24T02:21:12.945-03:00
PUCPR,70,livre,0.0,0.09309978287439409,2026-09-24T02:21:12.945-03:00
PUCPR,71,ocupada,0.3762902319431305,0.9403486745565083,2026-09-24T02:21:12.945-03:00
PUCPR,72,ocupada,0.3392818570137024,0.9626251650781588,2026-09-24T02:21:12.945-03:00
PUCPR,73,livre,0.0,0.11031311781145536,2026-09-24T02:21:12.945-03:00
PUCPR,74,livre,0.0,0.0,2026-09-24T02:21:12.945-03:00
PUCPR,75,livre,0.0,0.0,2026-09-24T02:21:12.945-03:00
PUCPR,76,livre,0.0,0.0,2026-09-24T02:21:12.945-03:00
PUCPR,77,livre,0.0,0.0,2026-09-24T02:21:12.945-03:00
PUCPR,78,livre,0.0,0.0,2026-09-24T02:21:12.945-03:00
PUCPR,79,livre,0.0,0.0,2026-09-24T02:21:12.945-03:00
PUCPR,8,livre,0.0,0.0,2026-09-24T02:21:12.945-03:00
PUCPR,80,livre,0.0,0.0,2026-09-24T02:21:12.945-03:00
PUCPR,81,ocupada,0.4885474443435669,0.7191667559062229,2026-09-24T02:21:12.945-03:00
PUCPR,82,livre,0.3815334439277649,0.7766542855294386,2026-09-24T02:21:12.945-03:00
PUCPR,83,ocupada,0.0,0.0033466238250579637,2026-09-24T02:21:12.945-03:00
PUCPR,84,ocupada,0.377612829208374,0.9225154958953063,2026-09-24T02:21:12.945-03:00
PUCPR,85,livre,0.0,0.0,2026-09-24T02:21:12.945-03:00
PUCPR,86,livre,0.0,0.0,2026-09-24T02:21:12.945-03:00
PUCPR,87,livre,0.0,0.0,2026-09-24T02:21:12.945-03:00
PUCPR,88,livre,0.0,0.0,2026-09-24T02:21:12.945-03:00
PUCPR,89,ocupada,0.4754830598831177,0.9950005007972753,2026-09-24T02:21:12.945-03:00
PUCPR,9,livre,0.0,0.0,2026-09-24T02:21:12.945-03:00
PUCPR,90,livre,0.0,0.28859812526759865,2026-09-24T02:21:12.945-03:00
PUCPR,91,ocupada,0.45128780603408813,0.921796518968339,2026-09-24T02:21:12.945-03:00
PUCPR,92,livre,0.0,0.22550534857565613,2026-09-24T02:21:12.945-03:00
PUCPR,93,livre,0.0,0.0,2026-09-24T02:21:12.945-03:00
PUCPR,94,livre,0.0,0.0,2026-09-24T02:21:12.945-03:00
PUCPR,95,livre,0.0,0.0,2026-09-24T02:21:12.945-03:00
PUCPR,96,livre,0.0,0.0,2026-09-24T02:21:12.945-03:00
PUCPR,97,livre,0.0,0.0,2026-09-24T02:21:12.945-03:00
PUCPR,98,ocupada,0.31439539790153503,0.8349715810650102,2026-09-24T02:21:12.945-03:00
PUCPR,99,livre,0.0,0.0,2026-09-24T02:21:12.945-03:00
PUCPR,1,livre,0.0,0.15220071315016548,2026-09-24T02:21:13.020-03:00
PUCPR,10,livre,0.0,0.0,2026-09-24T02:21:13.020-03:00
PUCPR,100,livre,0.0,0.0,2026-09-24T02:21:13.020-03:00
PUCPR,11,livre,0.0,0.0,2026-09-24T02:21:13.020-03:00
PUCPR,12,livre,0.0,0.0,2026-09-24T02:21:13.020-03:00
PUCPR,13,livre,0.0,0.0,2026-09-24T02:21:13.020-03:00
PUCPR,14,livre,0.0,0.0,2026-09-24T02:21:13.020-03:00
PUCPR,15,livre,0.0,0.0,2026-09-24T02:21:13.020-03:00
PUCPR,16,livre,0.0,0.0,2026-09-24T02:21:13.020-03:00
PUCPR,17,livre,0.0,0.0,2026-09-24T02:21:13.020-03:00
PUCPR,18,livre,0.0,0.0,2026-09-24T02:21:13.020-03:00
PUCPR,19,livre,0.0,0.0,2026-09-24T02:21:13.020-03:00
PUCPR,2,livre,0.0,0.0,2026-09-24T02:21:13.020-03:00
PUCPR,20,livre,0.0,0.0,2026-09-24T02:21:13.020-03:00
PUCPR,21,livre,0.3289734721183777,0.8895188385811499,2026-09-24T02:21:13.020-03:00
PUCPR,22,ocupada,0.392138808965683,0.6984228347111193,2026-09-24T02:21:13.020-03:00
PUCPR,23,livre,0.0,0.009736032401145454,2026-09-24T02:21:13.020-03:00
PUCPR,24,livre,0.0,0.11378595677757715,2026-09-24T02:21:13.020-03:00
PUCPR,25,ocupada,0.4521208107471466,0.9208998988015321,2026-09-24T02:21:13.020-03:00
PUCPR,26,livre,0.0,0.16120818717459937,2026-09-24T02:21:13.020-03:00
PUCPR,27,livre,0.0,0.0,2026-09-24T02:21:13.020-03:00
PUCPR,28,livre,0.0,0.0,2026-09-24T02:21:13.020-03:00
PUCPR,29,livre,0.0,0.0,2026-09-24T02:21:13.020-03:00
PUCPR,3,livre,0.0,0.027933705338665307,2026-09-24T02:21:13.020-03:00
PUCPR,30,livre,0.0,0.0,2026-09-24T02:21:13.020-03:00
PUCPR,31,livre,0.0,0.0,2026-09-24T02:21:13.020-03:00
PUCPR,32,livre,0.0,0.0,2026-09-24T02:21:13.020-03:00
PUCPR,33,livre,0.0,0.0,2026-09-24T02:21:13.020-03:00
PUCPR,34,livre,0.0,0.0,2026-09-24T02:21:13.020-03:00
PUCPR,35,livre,0.0,0.0,2026-09-24T02:21:13.020-03:00
PUCPR,36,livre,0.0,0.040835352671065174,2026-09-24T02:21:13.020-03:00
PUCPR,37,livre,0.0,0.0009435165385768665,2026-09-24T02:21:13.020-03:00
PUCPR,38,livre,0.0,0.0,2026-09-24T02:21:13.020-03:00
PUCPR,39,livre,0.0,0.0,2026-09-24T02:21:13.020-03:00
PUCPR,4,ocupada,0.34646159410476685,0.823784732217119,2026-09-24T02:21:13.020-03:00
PUCPR,40,livre,0.0,0.0,2026-09-24T02:21:13.020-03:00
PUCPR,41,livre,0.0,0.0,2026-09-24T02:21:13.020-03:00
PUCPR,42,livre,0.0,0.0,2026-09-24T02:21:13.020-03:00
PUCPR,43,livre,0.0,0.0,2026-09-24T02:21:13.020-03:00
PUCPR,44,livre,0.0,0.0,2026-09-24T02:21:13.020-03:00
PUCPR,45,ocupada,0.3762764036655426,0.701367318594145,2026-09-24T02:21:13.020-03:00
PUCPR,46,ocupada,0.487556129693985,0.8407196383329281,2026-09-24T02:21:13.020-03:00
PUCPR,47,livre,0.30799630284309387,0.8773400396076418,2026-09-24T02:21:13.020-03:00
PUCPR,48,livre,0.0,0.21068618655011043,2026-09-24T02:21:13.020-03:00
PUCPR,49,livre,0.0,0.0,2026-09-24T02:21:13.020-03:00
PUCPR,5,ocupada,0.2846486270427704,0.9206678699728381,2026-09-24T02:21:13.020-03:00
PUCPR,50,livre,0.0,0.0,2026-09-24T02:21:13.020-03:00
PUCPR,51,livre,0.25728005170822144,0.8746452775138575,2026-09-24T02:21:13.020-03:00
PUCPR,52,livre,0.0,0.13518092168937615,2026-09-24T02:21:13.020-03:00
PUCPR,53,livre,0.0,0.0,2026-09-24T02:21:13.020-03:00
PUCPR,54,livre,0.0,0.0,2026-09-24T02:21:13.020-03:00
PUCPR,55,livre,0.0,0.0,2026-09-24T02:21:13.020-03:00
PUCPR,56,livre,0.0,0.0,2026-09-24T02:21:13.020-03:00
PUCPR,57,livre,0.0,0.0,2026-09-24T02:21:13.020-03:00
PUCPR,58,ocupada,0.3039674162864685,0.7655403203404347,2026-09-24T02:21:13.020-03:00
PUCPR,59,ocupada,0.4075447618961334,0.8821852917724523,2026-09-24T02:21:13.020-03:00
PUCPR,6,ocupada,0.4045441746711731,0.8540758843185916,2026-09-24T02:21:13.020-03:00
PUCPR,60,livre,0.0,0.0,2026-09-24T02:21:13.020-03:00
PUCPR,61,livre,0.31132543087005615,0.7562238878677513,2026-09-24T02:21:13.020-03:00
PUCPR,62,livre,0.0,0.0,2026-09-24T02:21:13.020-03:00
PUCPR,63,livre,0.0,0.0,2026-09-24T02:21:13.020-03:00
PUCPR,64,livre,0.0,0.0,2026-09-24T02:21:13.020-03:00
PUCPR,65,livre,0.2606860101222992,0.8791032048604018,2026-09-24T02:21:13.020-03:00
PUCPR,66,ocupada,0.3125761151313782,0.808518070791578,2026-09-24T02:21:13.020-03:00
PUCPR,67,ocupada,0.42848047614097595,0.44397832627909106,2026-09-24T02:21:13.020-03:00
PUCPR,68,ocupada,0.4816916584968567,0.9842527969653463,2026-09-24T02:21:13.020-03:00
PUCPR,69,ocupada,0.45486846566200256,0.9387351351434187,2026-09-24T02:21:13.020-03:00
PUCPR,7,livre,0.0,0.0,2026-09-24T02:21:13.020-03:00
PUCPR,70,livre,0.0,0.09319062679399946,2026-09-24T02:21:13.020-03:00
PUCPR,71,ocupada,0.4275587201118469,0.9459090672491418,2026-09-24T02:21:13.020-03:00
PUCPR,72,ocupada,0.4007761478424072,0.9823321758777803,2026-09-24T02:21:13.020-03:00
PUCPR,73,livre,0.0,0.11362814057013049,2026-09-24T02:21:13.020-03:00
PUCPR,74,livre,0.0,0.0,2026-09-24T02:21:13.020-03:00
PUCPR,75,livre,0.0,0.0,2026-09-24T02:21:13.020-03:00
PUCPR,76,livre,0.0,0.0,2026-09-24T02:21:13.020-03:00
PUCPR,77,livre,0.0,0.0,2026-09-24T02:21:13.020-03:00
PUCPR,78,livre,0.0,0.0,2026-09-24T02:21:13.020-03:00
PUCPR,79,livre,0.0,0.0,2026-09-24T02:21:13.020-03:00
PUCPR,8,livre,0.0,0.0,2026-09-24T02:21:13.020-03:00
PUCPR,80,livre,0.0,0.0,2026-09-24T02:21:13.020-03:00
PUCPR,81,ocupada,0.5347546339035034,0.7307603223933102,2026-09-24T02:21:13.020-03:00
PUCPR,82,livre,0.3698654770851135,0.7843278680573292,2026-09-24T02:21:13.020-03:00
PUCPR,83,ocupada,0.32199379801750183,0.8911825498427276,2026-09-24T02:21:13.020-03:00
PUCPR,84,ocupada,0.4498636722564697,0.9258936679382231,2026-09-24T02:21:13.020-03:00
PUCPR,85,livre,0.0,0.0,2026-09-24T02:21:13.020-03:00
PUCPR,86,livre,0.0,0.0,2026-09-24T02:21:13.020-03:00
PUCPR,87,livre,0.0,0.0,2026-09-24T02:21:13.020-03:00
PUCPR,88,livre,0.0,0.0,2026-09-24T02:21:13.020-03:00
PUCPR,89,ocupada,0.5292165875434875,0.9941686952168645,2026-09-24T02:21:13.020-03:00
PUCPR,9,livre,0.0,0.0,2026-09-24T02:21:13.020-03:00
PUCPR,90,livre,0.0,0.2784504431316052,2026-09-24T02:21:13.020-03:00
PUCPR,91,ocupada,0.5189987421035767,0.9267681553791829,2026-09-24T02:21:13.020-03:00
PUCPR,92,livre,0.0,0.22019734771038518,2026-09-24T02:21:13.020-03:00
PUCPR,93,livre,0.0,0.0,2026-09-24T02:21:13.020-03:00
PUCPR,94,livre,0.0,0.0,2026-09-24T02:21:13.020-03:00
PUCPR,95,livre,0.0,0.0,2026-09-24T02:21:13.020-03:00
PUCPR,96,livre,0.0,0.0,2026-09-24T02:21:13.020-03:00
PUCPR,97,livre,0.0,0.0,2026-09-24T02:21:13.020-03:00
PUCPR,98,ocupada,0.4029157757759094,0.8359521759037376,2026-09-24T02:21:13.020-03:00
PUCPR,99,livre,0.3570403754711151,0.9006803046511943,2026-09-24T02:21:13.020-03:00
PUCPR,1,livre,0.0,0.1452351430011786,2026-09-24T02:21:13.089-03:00
PUCPR,10,livre,0.0,0.0,2026-09-24T02:21:13.089-03:00
PUCPR,100,livre,0.0,0.0,2026-09-24T02:21:13.089-03:00
PUCPR,11,livre,0.0,0.07677836035253587,2026-09-24T02:21:13.089-03:00
PUCPR,12,livre,0.0,0.01671768132689122,2026-09-24T02:21:13.089-03:00
PUCPR,13,livre,0.0,0.0,2026-09-24T02:21:13.089-03:00
PUCPR,14,livre,0.0,0.0,2026-09-24T02:21:13.089-03:00
PUCPR,15,livre,0.0,0.0,2026-09-24T02:21:13.089-03:00
PUCPR,16,livre,0.0,0.0,2026-09-24T02:21:13.089-03:00
PUCPR,17,livre,0.0,0.0,2026-09-24T02:21:13.089-03:00
PUCPR,18,livre,0.0,0.0,2026-09-24T02:21:13.089-03:00
PUCPR,19,livre,0.0,0.0,2026-09-24T02:21:13.089-03:00
PUCPR,2,livre,0.0,0.0,2026-09-24T02:21:13.089-03:00
PUCPR,20,livre,0.0,0.0,2026-09-24T02:21:13.089-03:00
PUCPR,21,livre,0.0,0.0,2026-09-24T02:21:13.089-03:00
PUCPR,22,ocupada,0.0,0.0,2026-09-24T02:21:13.089-03:00
PUCPR,23,livre,0.0,0.010952965950503067,2026-09-24T02:21:13.089-03:00
PUCPR,24,livre,0.0,0.11023632281315425,2026-09-24T02:21:13.089-03:00
PUCPR,25,ocupada,0.2916809916496277,0.9163292701923488,2026-09-24T02:21:13.089-03:00
PUCPR,26,livre,0.0,0.1605040941126991,2026-09-24T02:21:13.089-03:00
PUCPR,27,livre,0.0,0.00015784005611135929,2026-09-24T02:21:13.089-03:00
PUCPR,28,livre,0.0,0.0,2026-09-24T02:21:13.089-03:00
PUCPR,29,livre,0.0,0.0,2026-09-24T02:21:13.089-03:00
PUCPR,3,livre,0.0,0.02146417468153984,2026-09-24T02:21:13.089-03:00
PUCPR,30,livre,0.0,0.0,2026-09-24T02:21:13.089-03:00
PUCPR,31,livre,0.0,0.0,2026-09-24T02:21:13.089-03:00
PUCPR,32,livre,0.0,0.0,2026-09-24T02:21:13.089-03:00
PUCPR,33,livre,0.0,0.0,2026-09-24T02:21:13.089-03:00
PUCPR,34,livre,0.0,0.0,2026-09-24T02:21:13.089-03:00
PUCPR,35,livre,0.0,0.0,2026-09-24T02:21:13.089-03:00
PUCPR,36,livre,0.0,0.036864955754930005,2026-09-24T02:21:13.089-03:00
PUCPR,37,livre,0.0,0.000652031943403616,2026-09-24T02:21:13.089-03:00
PUCPR,38,livre,0.0,0.0,2026-09-24T02:21:13.089-03:00
PUCPR,39,livre,0.0,0.0,2026-09-24T02:21:13.089-03:00
PUCPR,4,ocupada,0.3067091107368469,0.8118970396019539,2026-09-24T02:21:13.089-03:00
PUCPR,40,livre,0.0,0.0,2026-09-24T02:21:13.089-03:00
PUCPR,41,livre,0.0,0.0,2026-09-24T02:21:13.089-03:00
PUCPR,42,livre,0.0,0.0,2026-09-24T02:21:13.089-03:00
PUCPR,43,livre,0.0,0.0,2026-09-24T02:21:13.089-03:00
PUCPR,44,livre,0.0,0.0,2026-09-24T02:21:13.089-03:00
PUCPR,45,ocupada,0.36448633670806885,0.6898565418090458,2026-09-24T02:21:13.089-03:00
PUCPR,46,ocupada,0.39047062397003174,0.8431893689717024,2026-09-24T02:21:13.089-03:00
PUCPR,47,livre,0.0,0.1388413222762374,2026-09-24T02:21:13.089-03:00
PUCPR,48,livre,0.26789194345474243,0.8360892129568579,2026-09-24T02:21:13.089-03:00
PUCPR,49,livre,0.25672197341918945,0.9244822685597744,2026-09-24T02:21:13.089-03:00
PUCPR,5,ocupada,0.0,0.11029294382654761,2026-09-24T02:21:13.089-03:00
PUCPR,50,livre,0.0,0.0,2026-09-24T02:21:13.089-03:00
PUCPR,51,livre,0.0,0.0,2026-09-24T02:21:13.089-03:00
PUCPR,52,livre,0.0,0.0,2026-09-24T02:21:13.089-03:00
PUCPR,53,livre,0.0,0.0,2026-09-24T02:21:13.089-03:00
PUCPR,54,livre,0.0,0.0,2026-09-24T02:21:13.089-03:00
PUCPR,55,livre,0.0,0.0,2026-09-24T02:21:13.089-03:00
PUCPR,56,livre,0.0,0.0,2026-09-24T02:21:13.089-03:00
PUCPR,57,livre,0.0,0.0,2026-09-24T02:21:13.089-03:00
PUCPR,58,ocupada,0.302480012178421,0.7677050757428495,2026-09-24T02:21:13.089-03:00
PUCPR,59,ocupada,0.434783011674881,0.8587699462196415,2026-09-24T02:21:13.089-03:00
PUCPR,6,ocupada,0.3145230710506439,0.8515830353727255,2026-09-24T02:21:13.089-03:00
PUCPR,60,livre,0.0,0.0,2026-09-24T02:21:13.089-03:00
PUCPR,61,livre,0.0,0.0,2026-09-24T02:21:13.089-03:00
PUCPR,62,livre,0.0,0.0,2026-09-24T02:21:13.089-03:00
PUCPR,63,livre,0.0,0.0,2026-09-24T02:21:13.089-03:00
PUCPR,64,livre,0.0,0.0,2026-09-24T02:21:13.089-03:00
PUCPR,65,livre,0.0,0.0,2026-09-24T02:21:13.089-03:00
PUCPR,66,ocupada,0.344387024641037,0.838794961207365,2026-09-24T02:21:13.089-03:00
PUCPR,67,ocupada,0.30389800667762756,0.4526026895465322,2026-09-24T02:21:13.089-03:00
PUCPR,68,ocupada,0.4676477909088135,0.9823001661545419,2026-09-24T02:21:13.089-03:00
PUCPR,69,ocupada,0.46022066473960876,0.9477732310270292,2026-09-24T02:21:13.089-03:00
PUCPR,7,livre,0.0,0.0,2026-09-24T02:21:13.089-03:00
PUCPR,70,livre,0.0,0.11616282869251615,2026-09-24T02:21:13.089-03:00
PUCPR,71,ocupada,0.3638755679130554,0.9471800376950865,2026-09-24T02:21:13.089-03:00
PUCPR,72,ocupada,0.35297393798828125,0.9823481909722002,2026-09-24T02:21:13.089-03:00
PUCPR,73,livre,0.2672646939754486,0.9012245586637913,2026-09-24T02:21:13.089-03:00
PUCPR,74,livre,0.0,0.01539855207454478,2026-09-24T02:21:13.089-03:00
PUCPR,75,livre,0.0,0.0,2026-09-24T02:21:13.089-03:00
PUCPR,76,livre,0.0,0.0,2026-09-24T02:21:13.089-03:00
PUCPR,77,livre,0.0,0.0,2026-09-24T02:21:13.089-03:00
PUCPR,78,livre,0.0,0.0,2026-09-24T02:21:13.089-03:00
PUCPR,79,livre,0.0,0.0,2026-09-24T02:21:13.089-03:00
PUCPR,8,livre,0.0,0.0,2026-09-24T02:21:13.089-03:00
PUCPR,80,livre,0.0,0.0,2026-09-24T02:21:13.089-03:00
PUCPR,81,ocupada,0.4690704345703125,0.7371161644092831,2026-09-24T02:21:13.089-03:00
PUCPR,82,ocupada,0.33132657408714294,0.7667021821032031,2026-09-24T02:21:13.089-03:00
PUCPR,83,livre,0.0,0.0026577356449361826,2026-09-24T02:21:13.089-03:00
PUCPR,84,ocupada,0.3466464877128601,0.9078895797537718,2026-09-24T02:21:13.089-03:00
PUCPR,85,livre,0.0,0.0,2026-09-24T02:21:13.089-03:00
PUCPR,86,livre,0.0,0.0,2026-09-24T02:21:13.089-03:00
PUCPR,87,livre,0.0,0.0,2026-09-24T02:21:13.089-03:00
PUCPR,88,livre,0.0,0.0,2026-09-24T02:21:13.089-03:00
PUCPR,89,ocupada,0.378527969121933,0.996647379888395,2026-09-24T02:21:13.089-03:00
PUCPR,9,livre,0.0,0.0,2026-09-24T02:21:13.089-03:00
PUCPR,90,livre,0.0,0.28703606187891567,2026-09-24T02:21:13.089-03:00
PUCPR,91,ocupada,0.4433751404285431,0.9286675946634468,2026-09-24T02:21:13.089-03:00
PUCPR,92,livre,0.0,0.21889006451281737,2026-09-24T02:21:13.089-03:00
PUCPR,93,livre,0.0,0.0,2026-09-24T02:21:13.089-03:00
PUCPR,94,livre,0.0,0.0,2026-09-24T02:21:13.089-03:00
PUCPR,95,livre,0.0,0.0,2026-09-24T02:21:13.089-03:00
PUCPR,96,livre,0.0,0.0,2026-09-24T02:21:13.089-03:00
PUCPR,97,livre,0.0,0.0,2026-09-24T02:21:13.089-03:00
PUCPR,98,ocupada,0.2786464989185333,0.834893543315714,2026-09-24T02:21:13.089-03:00
PUCPR,99,livre,0.0,0.0,2026-09-24T02:21:13.089-03:00
PUCPR,1,livre,0.0,0.15250341949815333,2026-09-24T02:21:13.167-03:00
PUCPR,10,livre,0.0,0.0,2026-09-24T02:21:13.167-03:00
PUCPR,100,livre,0.0,0.0,2026-09-24T02:21:13.167-03:00
PUCPR,11,livre,0.0,0.0,2026-09-24T02:21:13.167-03:00
PUCPR,12,livre,0.0,0.0,2026-09-24T02:21:13.167-03:00
PUCPR,13,livre,0.0,0.0,2026-09-24T02:21:13.167-03:00
PUCPR,14,livre,0.0,0.0,2026-09-24T02:21:13.167-03:00
PUCPR,15,livre,0.0,0.0,2026-09-24T02:21:13.167-03:00
PUCPR,16,livre,0.0,0.0,2026-09-24T02:21:13.167-03:00
PUCPR,17,livre,0.0,0.0,2026-09-24T02:21:13.167-03:00
PUCPR,18,livre,0.0,0.0,2026-09-24T02:21:13.167-03:00
PUCPR,19,livre,0.0,0.0,2026-09-24T02:21:13.167-03:00
PUCPR,2,livre,0.0,0.0,2026-09-24T02:21:13.167-03:00
PUCPR,20,livre,0.0,0.0,2026-09-24T02:21:13.167-03:00
PUCPR,21,livre,0.0,0.0,2026-09-24T02:21:13.167-03:00
PUCPR,22,ocupada,0.2753762900829315,0.7105720844699891,2026-09-24T02:21:13.167-03:00
PUCPR,23,livre,0.0,0.009778884354296493,2026-09-24T02:21:13.167-03:00
PUCPR,24,livre,0.0,0.0075423072111983035,2026-09-24T02:21:13.167-03:00
PUCPR,25,ocupada,0.0,0.0,2026-09-24T02:21:13.167-03:00
PUCPR,26,livre,0.0,0.0,2026-09-24T02:21:13.167-03:00
PUCPR,27,livre,0.0,0.0,2026-09-24T02:21:13.167-03:00
PUCPR,28,livre,0.0,0.0,2026-09-24T02:21:13.167-03:00
PUCPR,29,livre,0.0,0.0,2026-09-24T02:21:13.167-03:00
PUCPR,3,livre,0.0,0.025184309711295445,2026-09-24T02:21:13.167-03:00
PUCPR,30,livre,0.0,0.0,2026-09-24T02:21:13.167-03:00
PUCPR,31,livre,0.0,0.0,2026-09-24T02:21:13.167-03:00
PUCPR,32,livre,0.0,0.0,2026-09-24T02:21:13.167-03:00
PUCPR,33,livre,0.0,0.0,2026-09-24T02:21:13.167-03:00
PUCPR,34,livre,0.0,0.0,2026-09-24T02:21:13.167-03:00
PUCPR,35,livre,0.0,0.0,2026-09-24T02:21:13.167-03:00
PUCPR,36,livre,0.0,0.0,2026-09-24T02:21:13.167-03:00
PUCPR,37,livre,0.0,1.916393992897416e-06,2026-09-24T02:21:13.167-03:00
PUCPR,38,livre,0.0,0.0,2026-09-24T02:21:13.167-03:00
PUCPR,39,livre,0.0,0.0,2026-09-24T02:21:13.167-03:00
PUCPR,4,ocupada,0.27754583954811096,0.8270497188917104,2026-09-24T02:21:13.167-03:00
PUCPR,40,livre,0.0,0.0,2026-09-24T02:21:13.167-03:00
PUCPR,41,livre,0.0,0.0,2026-09-24T02:21:13.167-03:00
PUCPR,42,livre,0.0,0.0,2026-09-24T02:21:13.167-03:00
PUCPR,43,livre,0.0,0.0,2026-09-24T02:21:13.167-03:00
PUCPR,44,livre,0.0,0.0,2026-09-24T02:21:13.167-03:00
PUCPR,45,ocupada,0.3224303424358368,0.703911263397391,2026-09-24T02:21:13.167-03:00
PUCPR,46,ocupada,0.2905556857585907,0.8491723689671377,2026-09-24T02:21:13.167-03:00
PUCPR,47,livre,0.0,0.1090561613244199,2026-09-24T02:21:13.167-03:00
PUCPR,48,livre,0.0,0.07229478516244717,2026-09-24T02:21:13.167-03:00
PUCPR,49,livre,0.25563862919807434,0.919587860607186,2026-09-24T02:21:13.167-03:00
PUCPR,5,livre,0.0,0.11361481173072997,2026-09-24T02:21:13.167-03:00
PUCPR,50,livre,0.0,0.0,2026-09-24T02:21:13.167-03:00
PUCPR,51,livre,0.0,0.0,2026-09-24T02:21:13.167-03:00
PUCPR,52,livre,0.0,0.0,2026-09-24T02:21:13.167-03:00
PUCPR,53,livre,0.0,0.0,2026-09-24T02:21:13.167-03:00
PUCPR,54,livre,0.0,0.0,2026-09-24T02:21:13.167-03:00
PUCPR,55,livre,0.0,0.0,2026-09-24T02:21:13.167-03:00
PUCPR,56,livre,0.0,0.0,2026-09-24T02:21:13.167-03:00
PUCPR,57,livre,0.0,0.0,2026-09-24T02:21:13.167-03:00
PUCPR,58,ocupada,0.0,0.0,2026-09-24T02:21:13.167-03:00
PUCPR,59,ocupada,0.3249151110649109,0.8621158904482448,2026-09-24T02:21:13.167-03:00
PUCPR,6,ocupada,0.0,0.0,2026-09-24T02:21:13.167-03:00
PUCPR,60,livre,0.0,0.0,2026-09-24T02:21:13.167-03:00
PUCPR,61,livre,0.0,0.0,2026-09-24T02:21:13.167-03:00
PUCPR,62,livre,0.0,0.0,2026-09-24T02:21:13.167-03:00
PUCPR,63,livre,0.0,0.0,2026-09-24T02:21:13.167-03:00
PUCPR,64,livre,0.0,0.0,2026-09-24T02:21:13.167-03:00
PUCPR,65,livre,0.0,0.0,2026-09-24T02:21:13.167-03:00
PUCPR,66,ocupada,0.0,0.0,2026-09-24T02:21:13.167-03:00
PUCPR,67,ocupada,0.42482835054397583,0.44438706379123344,2026-09-24T02:21:13.167-03:00
PUCPR,68,ocupada,0.4097147583961487,0.9759817332640093,2026-09-24T02:21:13.167-03:00
PUCPR,69,ocupada,0.4642297923564911,0.9338434020763234,2026-09-24T02:21:13.167-03:00
PUCPR,7,livre,0.0,0.0,2026-09-24T02:21:13.167-03:00
PUCPR,70,livre,0.0,0.1069874998216028,2026-09-24T02:21:13.167-03:00
PUCPR,71,ocupada,0.41644829511642456,0.9404550269421387,2026-09-24T02:21:13.167-03:00
PUCPR,72,ocupada,0.27572086453437805,0.9646686393478493,2026-09-24T02:21:13.167-03:00
PUCPR,73,livre,0.0,0.11760128271221892,2026-09-24T02:21:13.167-03:00
PUCPR,74,livre,0.0,0.0,2026-09-24T02:21:13.167-03:00
PUCPR,75,livre,0.0,0.0,2026-09-24T02:21:13.167-03:00
PUCPR,76,livre,0.0,0.0,2026-09-24T02:21:13.167-03:00
PUCPR,77,livre,0.0,0.0,2026-09-24T02:21:13.167-03:00
PUCPR,78,livre,0.0,0.0,2026-09-24T02:21:13.167-03:00
PUCPR,79,livre,0.0,0.0,2026-09-24T02:21:13.167-03:00
PUCPR,8,livre,0.0,0.0,2026-09-24T02:21:13.167-03:00
PUCPR,80,livre,0.0,0.0,2026-09-24T02:21:13.167-03:00
PUCPR,81,ocupada,0.38720256090164185,0.7331055644190679,2026-09-24T02:21:13.167-03:00
PUCPR,82,ocupada,0.3435201942920685,0.7868854894022262,2026-09-24T02:21:13.167-03:00
PUCPR,83,livre,0.2668234407901764,0.8759329846802326,2026-09-24T02:21:13.167-03:00
PUCPR,84,ocupada,0.5561192035675049,0.9123077984764161,2026-09-24T02:21:13.167-03:00
PUCPR,85,livre,0.3301767110824585,0.7735181384457406,2026-09-24T02:21:13.167-03:00
PUCPR,86,livre,0.0,0.02406871417504901,2026-09-24T02:21:13.167-03:00
PUCPR,87,livre,0.0,0.0,2026-09-24T02:21:13.167-03:00
PUCPR,88,livre,0.0,0.0,2026-09-24T02:21:13.167-03:00
PUCPR,89,ocupada,0.4438968002796173,0.9972112479454521,2026-09-24T02:21:13.167-03:00
PUCPR,9,livre,0.0,0.0,2026-09-24T02:21:13.167-03:00
PUCPR,90,livre,0.0,0.29785592173129405,2026-09-24T02:21:13.167-03:00
PUCPR,91,ocupada,0.3951973021030426,0.9292721068461823,2026-09-24T02:21:13.167-03:00
PUCPR,92,livre,0.0,0.21661410146568236,2026-09-24T02:21:13.167-03:00
PUCPR,93,livre,0.0,0.0,2026-09-24T02:21:13.167-03:00
PUCPR,94,livre,0.0,0.0,2026-09-24T02:21:13.167-03:00
PUCPR,95,livre,0.0,0.0,2026-09-24T02:21:13.167-03:00
PUCPR,96,livre,0.0,0.0,2026-09-24T02:21:13.167-03:00
PUCPR,97,livre,0.0,0.0,2026-09-24T02:21:13.167-03:00
PUCPR,98,ocupada,0.0,0.0,2026-09-24T02:21:13.167-03:00
PUCPR,99,livre,0.0,0.0,2026-09-24T02:21:13.167-03:00
PUCPR,1,livre,0.0,0.14351644404827157,2026-09-24T02:21:13.239-03:00
PUCPR,10,livre,0.0,0.0,2026-09-24T02:21:13.239-03:00
PUCPR,100,livre,0.0,0.0,2026-09-24T02:21:13.239-03:00
PUCPR,11,livre,0.0,0.0,2026-09-24T02:21:13.239-03:00
PUCPR,12,livre,0.0,0.0,2026-09-24T02:21:13.239-03:00
PUCPR,13,livre,0.0,0.0,2026-09-24T02:21:13.239-03:00
PUCPR,14,livre,0.0,0.0,2026-09-24T02:21:13.239-03:00
PUCPR,15,livre,0.0,0.0,2026-09-24T02:21:13.239-03:00
PUCPR,16,livre,0.0,0.0,2026-09-24T02:21:13.239-03:00
PUCPR,17,livre,0.0,0.0,2026-09-24T02:21:13.239-03:00
PUCPR,18,livre,0.0,0.0,2026-09-24T02:21:13.239-03:00
PUCPR,19,livre,0.0,0.0,2026-09-24T02:21:13.239-03:00
PUCPR,2,livre,0.0,0.0,2026-09-24T02:21:13.239-03:00
PUCPR,20,livre,0.0,0.0,2026-09-24T02:21:13.239-03:00
PUCPR,21,livre,0.0,0.0,2026-09-24T02:21:13.239-03:00
PUCPR,22,ocupada,0.0,0.0,2026-09-24T02:21:13.239-03:00
PUCPR,23,livre,0.0,0.009886616771280027,2026-09-24T02:21:13.239-03:00
PUCPR,24,livre,0.0,0.007625399612749568,2026-09-24T02:21:13.239-03:00
PUCPR,25,ocupada,0.0,0.0,2026-09-24T02:21:13.239-03:00
PUCPR,26,livre,0.0,0.0,2026-09-24T02:21:13.239-03:00
PUCPR,27,livre,0.0,0.0,2026-09-24T02:21:13.239-03:00
PUCPR,28,livre,0.0,0.0,2026-09-24T02:21:13.239-03:00
PUCPR,29,livre,0.0,0.0,2026-09-24T02:21:13.239-03:00
PUCPR,3,livre,0.0,0.0,2026-09-24T02:21:13.239-03:00
PUCPR,30,livre,0.0,0.0,2026-09-24T02:21:13.239-03:00
PUCPR,31,livre,0.0,0.0,2026-09-24T02:21:13.239-03:00
PUCPR,32,livre,0.0,0.0,2026-09-24T02:21:13.239-03:00
PUCPR,33,livre,0.0,0.0,2026-09-24T02:21:13.239-03:00
PUCPR,34,livre,0.0,0.0,2026-09-24T02:21:13.239-03:00
PUCPR,35,livre,0.0,0.0,2026-09-24T02:21:13.239-03:00
PUCPR,36,livre,0.0,0.0,2026-09-24T02:21:13.239-03:00
PUCPR,37,livre,0.0,0.0,2026-09-24T02:21:13.239-03:00
PUCPR,38,livre,0.0,0.0,2026-09-24T02:21:13.239-03:00
PUCPR,39,livre,0.0,0.0,2026-09-24T02:21:13.239-03:00
PUCPR,4,ocupada,0.0,0.0,2026-09-24T02:21:13.239-03:00
PUCPR,40,livre,0.0,0.0,2026-09-24T02:21:13.239-03:00
PUCPR,41,livre,0.0,0.0,2026-09-24T02:21:13.239-03:00
PUCPR,42,livre,0.0,0.0,2026-09-24T02:21:13.239-03:00
PUCPR,43,livre,0.0,0.0,2026-09-24T02:21:13.239-03:00
PUCPR,44,livre,0.0,0.0,2026-09-24T02:21:13.239-03:00
PUCPR,45,ocupada,0.3473539650440216,0.763676550253697,2026-09-24T02:21:13.239-03:00
PUCPR,46,ocupada,0.2787935733795166,0.8482183031408951,2026-09-24T02:21:13.239-03:00
PUCPR,47,livre,0.0,0.10539664291982136,2026-09-24T02:21:13.239-03:00
PUCPR,48,livre,0.0,0.05890716563704003,2026-09-24T02:21:13.239-03:00
PUCPR,49,ocupada,0.2636754810810089,0.9091905455029528,2026-09-24T02:21:13.239-03:00
PUCPR,5,livre,0.0,0.0,2026-09-24T02:21:13.239-03:00
PUCPR,50,livre,0.0,0.0,2026-09-24T02:21:13.239-03:00
PUCPR,51,livre,0.0,0.0,2026-09-24T02:21:13.239-03:00
PUCPR,52,livre,0.0,0.0,2026-09-24T02:21:13.239-03:00
PUCPR,53,livre,0.0,0.0,2026-09-24T02:21:13.239-03:00
PUCPR,54,livre,0.0,0.0,2026-09-24T02:21:13.239-03:00
PUCPR,55,livre,0.0,0.0,2026-09-24T02:21:13.239-03:00
PUCPR,56,livre,0.0,0.0,2026-09-24T02:21:13.239-03:00
PUCPR,57,livre,0.0,0.0,2026-09-24T02:21:13.239-03:00
PUCPR,58,ocupada,0.0,0.0,2026-09-24T02:21:13.239-03:00
PUCPR,59,ocupada,0.2933870851993561,0.8639730153715343,2026-09-24T02:21:13.239-03:00
PUCPR,6,ocupada,0.0,0.0,2026-09-24T02:21:13.239-03:00
PUCPR,60,livre,0.0,0.0,2026-09-24T02:21:13.239-03:00
PUCPR,61,livre,0.0,0.0,2026-09-24T02:21:13.239-03:00
PUCPR,62,livre,0.0,0.0,2026-09-24T02:21:13.239-03:00
PUCPR,63,livre,0.0,0.0,2026-09-24T02:21:13.239-03:00
PUCPR,64,livre,0.0,0.0,2026-09-24T02:21:13.239-03:00
PUCPR,65,livre,0.0,0.0,2026-09-24T02:21:13.239-03:00
PUCPR,66,ocupada,0.2652255594730377,0.8123751872200389,2026-09-24T02:21:13.239-03:00
PUCPR,67,ocupada,0.347262978553772,0.42697969558063514,2026-09-24T02:21:13.239-03:00
PUCPR,68,ocupada,0.4112667441368103,0.9815717596877587,2026-09-24T02:21:13.239-03:00
PUCPR,69,ocupada,0.4223373532295227,0.9334964402569127,2026-09-24T02:21:13.239-03:00
PUCPR,7,livre,0.0,0.0,2026-09-24T02:21:13.239-03:00
PUCPR,70,livre,0.0,0.10510818805284036,2026-09-24T02:21:13.239-03:00
PUCPR,71,ocupada,0.3211226761341095,0.9402403232450518,2026-09-24T02:21:13.239-03:00
PUCPR,72,ocupada,0.2709955871105194,0.9199865379561711,2026-09-24T02:21:13.239-03:00
PUCPR,73,livre,0.0,0.09505522786993499,2026-09-24T02:21:13.239-03:00
PUCPR,74,livre,0.0,0.0,2026-09-24T02:21:13.239-03:00
PUCPR,75,livre,0.0,0.0,2026-09-24T02:21:13.239-03:00
PUCPR,76,livre,0.0,0.0,2026-09-24T02:21:13.239-03:00
PUCPR,77,livre,0.0,0.0,2026-09-24T02:21:13.239-03:00
PUCPR,78,livre,0.0,0.0,2026-09-24T02:21:13.239-03:00
PUCPR,79,livre,0.0,0.0,2026-09-24T02:21:13.239-03:00
PUCPR,8,livre,0.0,0.0,2026-09-24T02:21:13.239-03:00
PUCPR,80,livre,0.0,0.0,2026-09-24T02:21:13.239-03:00
PUCPR,81,ocupada,0.33182305097579956,0.7396957242695879,2026-09-24T02:21:13.239-03:00
PUCPR,82,ocupada,0.4232648015022278,0.7918046511382819,2026-09-24T02:21:13.239-03:00
PUCPR,83,ocupada,0.3293965756893158,0.875108971664693,2026-09-24T02:21:13.239-03:00
PUCPR,84,ocupada,0.5829657316207886,0.9160076590216569,2026-09-24T02:21:13.239-03:00
PUCPR,85,livre,0.44335630536079407,0.7750363485095411,2026-09-24T02:21:13.239-03:00
PUCPR,86,livre,0.3538336753845215,0.8229799349861718,2026-09-24T02:21:13.239-03:00
PUCPR,87,livre,0.0,0.0010279857811023754,2026-09-24T02:21:13.239-03:00
PUCPR,88,livre,0.0,0.0,2026-09-24T02:21:13.239-03:00
PUCPR,89,ocupada,0.41547495126724243,0.9950834334860855,2026-09-24T02:21:13.239-03:00
PUCPR,9,livre,0.0,0.0,2026-09-24T02:21:13.239-03:00
PUCPR,90,livre,0.41547495126724243,0.3012269642503498,2026-09-24T02:21:13.239-03:00
PUCPR,91,ocupada,0.4251408874988556,0.9292015774859848,2026-09-24T02:21:13.239-03:00
PUCPR,92,livre,0.0,0.20332547783053925,2026-09-24T02:21:13.239-03:00
PUCPR,93,livre,0.0,0.0,2026-09-24T02:21:13.239-03:00
PUCPR,94,livre,0.0,0.0,2026-09-24T02:21:13.239-03:00
PUCPR,95,livre,0.0,0.0,2026-09-24T02:21:13.239-03:00
PUCPR,96,livre,0.0,0.0,2026-09-24T02:21:13.239-03:00
PUCPR,97,livre,0.0,0.0,2026-09-24T02:21:13.239-03:00
PUCPR,98,ocupada,0.0,0.0,2026-09-24T02:21:13.239-03:00
PUCPR,99,livre,0.0,0.0,2026-09-24T02:21:13.239-03:00
PUCPR,1,livre,0.0,0.13189775850614707,2026-09-24T02:21:13.306-03:00
PUCPR,10,livre,0.0,0.0,2026-09-24T02:21:13.306-03:00
PUCPR,100,livre,0.0,0.0,2026-09-24T02:21:13.306-03:00
PUCPR,11,livre,0.0,0.0,2026-09-24T02:21:13.306-03:00
PUCPR,12,livre,0.0,0.0,2026-09-24T02:21:13.306-03:00
PUCPR,13,livre,0.0,0.0,2026-09-24T02:21:13.306-03:00
PUCPR,14,livre,0.0,0.0,2026-09-24T02:21:13.306-03:00
PUCPR,15,livre,0.0,0.0,2026-09-24T02:21:13.306-03:00
PUCPR,16,livre,0.0,0.0,2026-09-24T02:21:13.306-03:00
PUCPR,17,livre,0.0,0.0,2026-09-24T02:21:13.306-03:00
PUCPR,18,livre,0.0,0.0,2026-09-24T02:21:13.306-03:00
PUCPR,19,livre,0.0,0.0,2026-09-24T02:21:13.306-03:00
PUCPR,2,livre,0.0,0.0,2026-09-24T02:21:13.306-03:00
PUCPR,20,livre,0.0,0.0,2026-09-24T02:21:13.306-03:00
PUCPR,21,livre,0.0,0.0,2026-09-24T02:21:13.306-03:00
PUCPR,22,ocupada,0.26693910360336304,0.5379431029090039,2026-09-24T02:21:13.306-03:00
PUCPR,23,livre,0.0,0.0,2026-09-24T02:21:13.306-03:00
PUCPR,24,livre,0.0,0.0,2026-09-24T02:21:13.306-03:00
PUCPR,25,livre,0.0,0.0,2026-09-24T02:21:13.306-03:00
PUCPR,26,livre,0.0,0.007434608516660726,2026-09-24T02:21:13.306-03:00
PUCPR,27,livre,0.0,0.0014350650576806254,2026-09-24T02:21:13.306-03:00
PUCPR,28,livre,0.0,0.0,2026-09-24T02:21:13.306-03:00
PUCPR,29,livre,0.0,0.0,2026-09-24T02:21:13.306-03:00
PUCPR,3,livre,0.0,0.0,2026-09-24T02:21:13.306-03:00
PUCPR,30,livre,0.0,0.0,2026-09-24T02:21:13.306-03:00
PUCPR,31,livre,0.0,0.0,2026-09-24T02:21:13.306-03:00
PUCPR,32,livre,0.0,0.0,2026-09-24T02:21:13.306-03:00
PUCPR,33,livre,0.0,0.0,2026-09-24T02:21:13.306-03:00
PUCPR,34,livre,0.0,0.0,2026-09-24T02:21:13.306-03:00
PUCPR,35,livre,0.0,0.0,2026-09-24T02:21:13.306-03:00
PUCPR,36,livre,0.0,0.0,2026-09-24T02:21:13.306-03:00
PUCPR,37,livre,0.0,0.0003112497470303133,2026-09-24T02:21:13.306-03:00
PUCPR,38,livre,0.0,0.0,2026-09-24T02:21:13.306-03:00
PUCPR,39,livre,0.0,0.0,2026-09-24T02:21:13.306-03:00
PUCPR,4,ocupada,0.0,0.0,2026-09-24T02:21:13.306-03:00
PUCPR,40,livre,0.0,0.0,2026-09-24T02:21:13.306-03:00
PUCPR,41,livre,0.0,0.0,2026-09-24T02:21:13.306-03:00
PUCPR,42,livre,0.0,0.0,2026-09-24T02:21:13.306-03:00
PUCPR,43,livre,0.0,0.0,2026-09-24T02:21:13.306-03:00
PUCPR,44,livre,0.0,0.0,2026-09-24T02:21:13.306-03:00
PUCPR,45,ocupada,0.2758800983428955,0.7234098392311187,2026-09-24T02:21:13.306-03:00
PUCPR,46,ocupada,0.0,0.02007513981325406,2026-09-24T02:21:13.306-03:00
PUCPR,47,livre,0.0,0.0,2026-09-24T02:21:13.306-03:00
PUCPR,48,livre,0.0,0.053454934542870966,2026-09-24T02:21:13.306-03:00
PUCPR,49,ocupada,0.2998652756214142,0.9292579260133352,2026-09-24T02:21:13.306-03:00
PUCPR,5,livre,0.0,0.0,2026-09-24T02:21:13.306-03:00
PUCPR,50,livre,0.0,0.0,2026-09-24T02:21:13.306-03:00
PUCPR,51,livre,0.0,0.0,2026-09-24T02:21:13.306-03:00
PUCPR,52,livre,0.0,0.0,2026-09-24T02:21:13.306-03:00
PUCPR,53,livre,0.0,0.0,2026-09-24T02:21:13.306-03:00
PUCPR,54,livre,0.0,0.0,2026-09-24T02:21:13.306-03:00
PUCPR,55,livre,0.0,0.0,2026-09-24T02:21:13.306-03:00
PUCPR,56,livre,0.0,0.0,2026-09-24T02:21:13.306-03:00
PUCPR,57,livre,0.0,0.0,2026-09-24T02:21:13.306-03:00
PUCPR,58,livre,0.0,0.0,2026-09-24T02:21:13.306-03:00
PUCPR,59,ocupada,0.3415653109550476,0.8680096651109941,2026-09-24T02:21:13.306-03:00
PUCPR,6,livre,0.0,0.0,2026-09-24T02:21:13.306-03:00
PUCPR,60,livre,0.0,0.0,2026-09-24T02:21:13.306-03:00
PUCPR,61,livre,0.27700039744377136,0.7571358280287226,2026-09-24T02:21:13.306-03:00
PUCPR,62,livre,0.0,0.0,2026-09-24T02:21:13.306-03:00
PUCPR,63,livre,0.0,0.0,2026-09-24T02:21:13.306-03:00
PUCPR,64,livre,0.0,0.0,2026-09-24T02:21:13.306-03:00
PUCPR,65,livre,0.0,0.0,2026-09-24T02:21:13.306-03:00
PUCPR,66,ocupada,0.3307662606239319,0.8504212824607594,2026-09-24T02:21:13.306-03:00
PUCPR,67,ocupada,0.36472785472869873,0.47865750854224415,2026-09-24T02:21:13.306-03:00
PUCPR,68,ocupada,0.45636457204818726,0.9871737723837657,2026-09-24T02:21:13.306-03:00
PUCPR,69,ocupada,0.3930446207523346,0.93747374596303,2026-09-24T02:21:13.306-03:00
PUCPR,7,livre,0.0,0.0,2026-09-24T02:21:13.306-03:00
PUCPR,70,livre,0.0,0.1258555222110542,2026-09-24T02:21:13.306-03:00
PUCPR,71,ocupada,0.37920257449150085,0.9532902545652262,2026-09-24T02:21:13.306-03:00
PUCPR,72,ocupada,0.3996839225292206,0.955667156300407,2026-09-24T02:21:13.306-03:00
PUCPR,73,livre,0.2543407380580902,0.9007262542380156,2026-09-24T02:21:13.306-03:00
PUCPR,74,livre,0.0,0.025923075503749372,2026-09-24T02:21:13.306-03:00
PUCPR,75,livre,0.0,0.0,2026-09-24T02:21:13.306-03:00
PUCPR,76,livre,0.0,0.0,2026-09-24T02:21:13.306-03:00
PUCPR,77,livre,0.0,0.0,2026-09-24T02:21:13.306-03:00
PUCPR,78,livre,0.0,0.0,2026-09-24T02:21:13.306-03:00
PUCPR,79,livre,0.0,0.0,2026-09-24T02:21:13.306-03:00
PUCPR,8,livre,0.0,0.0,2026-09-24T02:21:13.306-03:00
PUCPR,80,livre,0.0,0.0,2026-09-24T02:21:13.306-03:00
PUCPR,81,ocupada,0.48756757378578186,0.7425145515900309,2026-09-24T02:21:13.306-03:00
PUCPR,82,ocupada,0.4485909044742584,0.8068612719368274,2026-09-24T02:21:13.306-03:00
PUCPR,83,ocupada,0.3482474088668823,0.8883808349251722,2026-09-24T02:21:13.306-03:00
PUCPR,84,ocupada,0.5920130610466003,0.9233310785086675,2026-09-24T02:21:13.306-03:00
PUCPR,85,ocupada,0.40865442156791687,0.7956392513917822,2026-09-24T02:21:13.306-03:00
PUCPR,86,livre,0.3061811029911041,0.813065994786433,2026-09-24T02:21:13.306-03:00
PUCPR,87,livre,0.0,0.0013779754106955976,2026-09-24T02:21:13.306-03:00
PUCPR,88,livre,0.0,0.0,2026-09-24T02:21:13.306-03:00
PUCPR,89,ocupada,0.0,0.0,2026-09-24T02:21:13.306-03:00
PUCPR,9,livre,0.0,0.0,2026-09-24T02:21:13.306-03:00
PUCPR,90,livre,0.0,0.061029717963934076,2026-09-24T02:21:13.306-03:00
PUCPR,91,ocupada,0.35067278146743774,0.9271355856107771,2026-09-24T02:21:13.306-03:00
PUCPR,92,livre,0.0,0.20994588080947213,2026-09-24T02:21:13.306-03:00
PUCPR,93,livre,0.0,0.0,2026-09-24T02:21:13.306-03:00
PUCPR,94,livre,0.0,0.0,2026-09-24T02:21:13.306-03:00
PUCPR,95,livre,0.0,0.0,2026-09-24T02:21:13.306-03:00
PUCPR,96,livre,0.0,0.0,2026-09-24T02:21:13.306-03:00
PUCPR,97,livre,0.0,0.0,2026-09-24T02:21:13.306-03:00
PUCPR,98,livre,0.0,0.0,2026-09-24T02:21:13.306-03:00
PUCPR,99,livre,0.0,0.0,2026-09-24T02:21:13.306-03:00
PUCPR,1,livre,0.0,0.13315718453839767,2026-09-24T02:21:13.385-03:00
PUCPR,10,livre,0.0,0.0,2026-09-24T02:21:13.385-03:00
PUCPR,100,livre,0.0,0.0,2026-09-24T02:21:13.385-03:00
PUCPR,11,livre,0.0,0.0,2026-09-24T02:21:13.385-03:00
PUCPR,12,livre,0.0,0.0,2026-09-24T02:21:13.385-03:00
PUCPR,13,livre,0.0,0.0,2026-09-24T02:21:13.385-03:00
PUCPR,14,livre,0.0,0.0,2026-09-24T02:21:13.385-03:00
PUCPR,15,livre,0.0,0.0,2026-09-24T02:21:13.385-03:00
PUCPR,16,livre,0.0,0.0,2026-09-24T02:21:13.385-03:00
PUCPR,17,livre,0.0,0.0,2026-09-24T02:21:13.385-03:00
PUCPR,18,livre,0.0,0.0,2026-09-24T02:21:13.385-03:00
PUCPR,19,livre,0.0,0.0,2026-09-24T02:21:13.385-03:00
PUCPR,2,livre,0.0,0.0,2026-09-24T02:21:13.385-03:00
PUCPR,20,livre,0.0,0.0,2026-09-24T02:21:13.385-03:00
PUCPR,21,livre,0.0,0.0,2026-09-24T02:21:13.385-03:00
PUCPR,22,ocupada,0.28585880994796753,0.712018503989003,2026-09-24T02:21:13.385-03:00
PUCPR,23,livre,0.0,0.0,2026-09-24T02:21:13.385-03:00
PUCPR,24,livre,0.0,0.0,2026-09-24T02:21:13.385-03:00
PUCPR,25,livre,0.0,0.0,2026-09-24T02:21:13.385-03:00
PUCPR,26,livre,0.0,0.00221714629490093,2026-09-24T02:21:13.385-03:00
PUCPR,27,livre,0.0,0.0005763157684594811,2026-09-24T02:21:13.385-03:00
PUCPR,28,livre,0.0,0.0,2026-09-24T02:21:13.385-03:00
PUCPR,29,livre,0.0,0.0,2026-09-24T02:21:13.385-03:00
PUCPR,3,livre,0.0,0.0,2026-09-24T02:21:13.385-03:00
PUCPR,30,livre,0.0,0.0,2026-09-24T02:21:13.385-03:00
PUCPR,31,livre,0.0,0.0,2026-09-24T02:21:13.385-03:00
PUCPR,32,livre,0.0,0.0,2026-09-24T02:21:13.385-03:00
PUCPR,33,livre,0.0,0.0,2026-09-24T02:21:13.385-03:00
PUCPR,34,livre,0.0,0.0,2026-09-24T02:21:13.385-03:00
PUCPR,35,livre,0.0,0.0,2026-09-24T02:21:13.385-03:00
PUCPR,36,livre,0.0,0.0,2026-09-24T02:21:13.385-03:00
PUCPR,37,livre,0.0,9.692210824289397e-05,2026-09-24T02:21:13.385-03:00
PUCPR,38,livre,0.0,0.0,2026-09-24T02:21:13.385-03:00
PUCPR,39,livre,0.0,0.0,2026-09-24T02:21:13.385-03:00
PUCPR,4,livre,0.0,0.0,2026-09-24T02:21:13.385-03:00
PUCPR,40,livre,0.0,0.0,2026-09-24T02:21:13.385-03:00
PUCPR,41,livre,0.0,0.0,2026-09-24T02:21:13.385-03:00
PUCPR,42,livre,0.0,0.0,2026-09-24T02:21:13.385-03:00
PUCPR,43,livre,0.0,0.0,2026-09-24T02:21:13.385-03:00
PUCPR,44,livre,0.0,0.0,2026-09-24T02:21:13.385-03:00
PUCPR,45,ocupada,0.2859536409378052,0.7075933251036143,2026-09-24T02:21:13.385-03:00
PUCPR,46,ocupada,0.0,0.01157319068806828,2026-09-24T02:21:13.385-03:00
PUCPR,47,livre,0.0,0.0,2026-09-24T02:21:13.385-03:00
PUCPR,48,livre,0.0,0.05690125185704508,2026-09-24T02:21:13.385-03:00
PUCPR,49,ocupada,0.29845383763313293,0.9237896795867938,2026-09-24T02:21:13.385-03:00
PUCPR,5,livre,0.0,0.0,2026-09-24T02:21:13.385-03:00
PUCPR,50,livre,0.0,0.0,2026-09-24T02:21:13.385-03:00
PUCPR,51,livre,0.0,0.0,2026-09-24T02:21:13.385-03:00
PUCPR,52,livre,0.0,0.0,2026-09-24T02:21:13.385-03:00
PUCPR,53,livre,0.0,0.0,2026-09-24T02:21:13.385-03:00
PUCPR,54,livre,0.0,0.0,2026-09-24T02:21:13.385-03:00
PUCPR,55,livre,0.0,0.0,2026-09-24T02:21:13.385-03:00
PUCPR,56,livre,0.0,0.0,2026-09-24T02:21:13.385-03:00
PUCPR,57,livre,0.0,0.0,2026-09-24T02:21:13.385-03:00
PUCPR,58,livre,0.0,0.0,2026-09-24T02:21:13.385-03:00
PUCPR,59,ocupada,0.4064093828201294,0.8615501586958552,2026-09-24T02:21:13.385-03:00
PUCPR,6,livre,0.0,0.0,2026-09-24T02:21:13.385-03:00
PUCPR,60,livre,0.0,0.0,2026-09-24T02:21:13.385-03:00
PUCPR,61,livre,0.0,0.0,2026-09-24T02:21:13.385-03:00
PUCPR,62,livre,0.0,0.0,2026-09-24T02:21:13.385-03:00
PUCPR,63,livre,0.0,0.0,2026-09-24T02:21:13.385-03:00
PUCPR,64,livre,0.0,0.0,2026-09-24T02:21:13.385-03:00
PUCPR,65,livre,0.0,0.0,2026-09-24T02:21:13.385-03:00
PUCPR,66,ocupada,0.2989106774330139,0.8480265887378594,2026-09-24T02:21:13.385-03:00
PUCPR,67,ocupada,0.36833468079566956,0.4775044361648071,2026-09-24T02:21:13.385-03:00
PUCPR,68,ocupada,0.38768354058265686,0.980216697053626,2026-09-24T02:21:13.385-03:00
PUCPR,69,ocupada,0.39691638946533203,0.9355516153895939,2026-09-24T02:21:13.385-03:00
PUCPR,7,livre,0.0,0.0,2026-09-24T02:21:13.385-03:00
PUCPR,70,livre,0.0,0.12668838928791712,2026-09-24T02:21:13.385-03:00
PUCPR,71,ocupada,0.3286476731300354,0.9688722110309803,2026-09-24T02:21:13.385-03:00
PUCPR,72,ocupada,0.3607126474380493,0.9701158980736942,2026-09-24T02:21:13.385-03:00
PUCPR,73,livre,0.0,0.1055115733756887,2026-09-24T02:21:13.385-03:00
PUCPR,74,livre,0.0,0.0,2026-09-24T02:21:13.385-03:00
PUCPR,75,livre,0.0,0.0,2026-09-24T02:21:13.385-03:00
PUCPR,76,livre,0.0,0.0,2026-09-24T02:21:13.385-03:00
PUCPR,77,livre,0.0,0.0,2026-09-24T02:21:13.385-03:00
PUCPR,78,livre,0.0,0.0,2026-09-24T02:21:13.385-03:00
PUCPR,79,livre,0.0,0.0,2026-09-24T02:21:13.385-03:00
PUCPR,8,livre,0.0,0.0,2026-09-24T02:21:13.385-03:00
PUCPR,80,livre,0.0,0.0,2026-09-24T02:21:13.385-03:00
PUCPR,81,ocupada,0.5270082354545593,0.7342519424592302,2026-09-24T02:21:13.385-03:00
PUCPR,82,ocupada,0.33506521582603455,0.799885993734453,2026-09-24T02:21:13.385-03:00
PUCPR,83,ocupada,0.3001270294189453,0.887558115709179,2026-09-24T02:21:13.385-03:00
PUCPR,84,ocupada,0.5697965621948242,0.9211388994774748,2026-09-24T02:21:13.385-03:00
PUCPR,85,ocupada,0.3945494294166565,0.791806071194705,2026-09-24T02:21:13.385-03:00
PUCPR,86,livre,0.0,0.029819997918504305,2026-09-24T02:21:13.385-03:00
PUCPR,87,livre,0.0,0.0007697954577639422,2026-09-24T02:21:13.385-03:00
PUCPR,88,livre,0.2679719924926758,0.8091263423302185,2026-09-24T02:21:13.385-03:00
PUCPR,89,ocupada,0.3469964563846588,0.995854013664126,2026-09-24T02:21:13.385-03:00
PUCPR,9,livre,0.0,0.0,2026-09-24T02:21:13.385-03:00
PUCPR,90,livre,0.3469964563846588,0.3077818255537204,2026-09-24T02:21:13.385-03:00
PUCPR,91,ocupada,0.4247584939002991,0.9324101028719413,2026-09-24T02:21:13.385-03:00
PUCPR,92,livre,0.0,0.2165822968746665,2026-09-24T02:21:13.385-03:00
PUCPR,93,livre,0.0,0.0,2026-09-24T02:21:13.385-03:00
PUCPR,94,livre,0.0,0.0,2026-09-24T02:21:13.385-03:00
PUCPR,95,livre,0.0,0.0,2026-09-24T02:21:13.385-03:00
PUCPR,96,livre,0.0,0.0,2026-09-24T02:21:13.385-03:00
PUCPR,97,livre,0.0,0.0,2026-09-24T02:21:13.385-03:00
PUCPR,98,livre,0.0,0.0,2026-09-24T02:21:13.385-03:00
PUCPR,99,livre,0.0,0.0,2026-09-24T02:21:13.385-03:00
PUCPR,1,livre,0.0,0.14247918845881458,2026-09-24T02:21:13.457-03:00
PUCPR,10,livre,0.0,0.0,2026-09-24T02:21:13.457-03:00
PUCPR,100,livre,0.0,0.0,2026-09-24T02:21:13.457-03:00
PUCPR,11,livre,0.0,0.0,2026-09-24T02:21:13.457-03:00
PUCPR,12,livre,0.0,0.0,2026-09-24T02:21:13.457-03:00
PUCPR,13,livre,0.0,0.0,2026-09-24T02:21:13.457-03:00
PUCPR,14,livre,0.0,0.0,2026-09-24T02:21:13.457-03:00
PUCPR,15,livre,0.0,0.0,2026-09-24T02:21:13.457-03:00
PUCPR,16,livre,0.0,0.0,2026-09-24T02:21:13.457-03:00
PUCPR,17,livre,0.0,0.0,2026-09-24T02:21:13.457-03:00
PUCPR,18,livre,0.0,0.0,2026-09-24T02:21:13.457-03:00
PUCPR,19,livre,0.0,0.0,2026-09-24T02:21:13.457-03:00
PUCPR,2,livre,0.0,0.0,2026-09-24T02:21:13.457-03:00
PUCPR,20,livre,0.0,0.0,2026-09-24T02:21:13.457-03:00
PUCPR,21,livre,0.0,0.0,2026-09-24T02:21:13.457-03:00
PUCPR,22,ocupada,0.35988858342170715,0.6572444706717631,2026-09-24T02:21:13.457-03:00
PUCPR,23,livre,0.0,0.0,2026-09-24T02:21:13.457-03:00
PUCPR,24,livre,0.0,0.0,2026-09-24T02:21:13.457-03:00
PUCPR,25,livre,0.0,0.0,2026-09-24T02:21:13.457-03:00
PUCPR,26,livre,0.0,0.0020795869055551764,2026-09-24T02:21:13.457-03:00
PUCPR,27,livre,0.0,0.0006098059295815146,2026-09-24T02:21:13.457-03:00
PUCPR,28,livre,0.0,0.0,2026-09-24T02:21:13.457-03:00
PUCPR,29,livre,0.0,0.0,2026-09-24T02:21:13.457-03:00
PUCPR,3,livre,0.0,0.03413512289393613,2026-09-24T02:21:13.457-03:00
PUCPR,30,livre,0.0,0.0,2026-09-24T02:21:13.457-03:00
PUCPR,31,livre,0.0,0.0,2026-09-24T02:21:13.457-03:00
PUCPR,32,livre,0.0,0.0,2026-09-24T02:21:13.457-03:00
PUCPR,33,livre,0.0,0.0,2026-09-24T02:21:13.457-03:00
PUCPR,34,livre,0.0,0.0,2026-09-24T02:21:13.457-03:00
PUCPR,35,livre,0.0,0.0,2026-09-24T02:21:13.457-03:00
PUCPR,36,livre,0.0,0.0,2026-09-24T02:21:13.457-03:00
PUCPR,37,livre,0.0,0.00016741096606821346,2026-09-24T02:21:13.457-03:00
PUCPR,38,livre,0.0,0.0,2026-09-24T02:21:13.457-03:00
PUCPR,39,livre,0.0,0.0,2026-09-24T02:21:13.457-03:00
PUCPR,4,livre,0.26194533705711365,0.8378282762152912,2026-09-24T02:21:13.457-03:00
PUCPR,40,livre,0.0,0.0,2026-09-24T02:21:13.457-03:00
PUCPR,41,livre,0.0,0.0,2026-09-24T02:21:13.457-03:00
PUCPR,42,livre,0.0,0.00037723996728546974,2026-09-24T02:21:13.457-03:00
PUCPR,43,livre,0.0,0.0,2026-09-24T02:21:13.457-03:00
PUCPR,44,livre,0.0,0.0,2026-09-24T02:21:13.457-03:00
PUCPR,45,ocupada,0.29583409428596497,0.7161590469382717,2026-09-24T02:21:13.457-03:00
PUCPR,46,livre,0.0,0.02257964405068873,2026-09-24T02:21:13.457-03:00
PUCPR,47,livre,0.0,0.0,2026-09-24T02:21:13.457-03:00
PUCPR,48,livre,0.0,0.05775722528612116,2026-09-24T02:21:13.457-03:00
PUCPR,49,ocupada,0.2848314046859741,0.9239269876426598,2026-09-24T02:21:13.457-03:00
PUCPR,5,livre,0.0,0.12146824135928573,2026-09-24T02:21:13.457-03:00
PUCPR,50,livre,0.0,0.0,2026-09-24T02:21:13.457-03:00
PUCPR,51,livre,0.0,0.0,2026-09-24T02:21:13.457-03:00
PUCPR,52,livre,0.0,0.0,2026-09-24T02:21:13.457-03:00
PUCPR,53,livre,0.0,0.0,2026-09-24T02:21:13.457-03:00
PUCPR,54,livre,0.0,0.0,2026-09-24T02:21:13.457-03:00
PUCPR,55,livre,0.0,0.0,2026-09-24T02:21:13.457-03:00
PUCPR,56,livre,0.0,0.0,2026-09-24T02:21:13.457-03:00
PUCPR,57,livre,0.0,0.0,2026-09-24T02:21:13.457-03:00
PUCPR,58,livre,0.0,0.0,2026-09-24T02:21:13.457-03:00
PUCPR,59,ocupada,0.47199511528015137,0.8576664982128331,2026-09-24T02:21:13.457-03:00
PUCPR,6,livre,0.0,0.0,2026-09-24T02:21:13.457-03:00
PUCPR,60,livre,0.0,0.0,2026-09-24T02:21:13.457-03:00
PUCPR,61,livre,0.28411316871643066,0.7566918828533389,2026-09-24T02:21:13.457-03:00
PUCPR,62,livre,0.0,0.0,2026-09-24T02:21:13.457-03:00
PUCPR,63,livre,0.0,0.0,2026-09-24T02:21:13.457-03:00
PUCPR,64,livre,0.2702610492706299,0.8951968790173455,2026-09-24T02:21:13.457-03:00
PUCPR,65,livre,0.26286253333091736,0.9098695535933173,2026-09-24T02:21:13.457-03:00
PUCPR,66,ocupada,0.3187122941017151,0.8421956656837819,2026-09-24T02:21:13.457-03:00
PUCPR,67,ocupada,0.3541690707206726,0.49102895856616763,2026-09-24T02:21:13.457-03:00
PUCPR,68,ocupada,0.349811851978302,0.9785366705984428,2026-09-24T02:21:13.457-03:00
PUCPR,69,ocupada,0.0,0.19003015023280773,2026-09-24T02:21:13.457-03:00
PUCPR,7,livre,0.0,0.0,2026-09-24T02:21:13.457-03:00
PUCPR,70,livre,0.0,0.033072103614197663,2026-09-24T02:21:13.457-03:00
PUCPR,71,ocupada,0.29822444915771484,0.9676472523167741,2026-09-24T02:21:13.457-03:00
PUCPR,72,ocupada,0.33055856823921204,0.9614641768654926,2026-09-24T02:21:13.457-03:00
PUCPR,73,livre,0.0,0.106636294921751,2026-09-24T02:21:13.457-03:00
PUCPR,74,livre,0.0,0.0,2026-09-24T02:21:13.457-03:00
PUCPR,75,livre,0.0,0.0,2026-09-24T02:21:13.457-03:00
PUCPR,76,livre,0.0,0.0,2026-09-24T02:21:13.457-03:00
PUCPR,77,livre,0.0,0.0,2026-09-24T02:21:13.457-03:00
PUCPR,78,livre,0.0,0.0,2026-09-24T02:21:13.457-03:00
PUCPR,79,livre,0.0,0.0,2026-09-24T02:21:13.457-03:00
PUCPR,8,livre,0.0,0.0,2026-09-24T02:21:13.457-03:00
PUCPR,80,livre,0.0,0.0,2026-09-24T02:21:13.457-03:00
PUCPR,81,ocupada,0.49574124813079834,0.7412687813163684,2026-09-24T02:21:13.457-03:00
PUCPR,82,ocupada,0.3182380497455597,0.8046903058952217,2026-09-24T02:21:13.457-03:00
PUCPR,83,ocupada,0.2801705300807953,0.9040831377927715,2026-09-24T02:21:13.457-03:00
PUCPR,84,ocupada,0.5308073163032532,0.9191906061975861,2026-09-24T02:21:13.457-03:00
PUCPR,85,ocupada,0.3545939028263092,0.7847759210963716,2026-09-24T02:21:13.457-03:00
PUCPR,86,livre,0.0,0.03205099313567214,2026-09-24T02:21:13.457-03:00
PUCPR,87,livre,0.0,9.582008864716657e-06,2026-09-24T02:21:13.457-03:00
PUCPR,88,livre,0.26116859912872314,0.806894023629707,2026-09-24T02:21:13.457-03:00
PUCPR,89,ocupada,0.453407883644104,0.9947528458104441,2026-09-24T02:21:13.457-03:00
PUCPR,9,livre,0.0,0.0,2026-09-24T02:21:13.457-03:00
PUCPR,90,ocupada,0.453407883644104,0.3298559718530575,2026-09-24T02:21:13.457-03:00
PUCPR,91,ocupada,0.494333952665329,0.9297898985284351,2026-09-24T02:21:13.457-03:00
PUCPR,92,livre,0.0,0.19976849047619855,2026-09-24T02:21:13.457-03:00
PUCPR,93,livre,0.0,0.06627475258546327,2026-09-24T02:21:13.457-03:00
PUCPR,94,livre,0.43699389696121216,0.9534520514448924,2026-09-24T02:21:13.457-03:00
PUCPR,95,livre,0.0,0.15212102493757496,2026-09-24T02:21:13.457-03:00
PUCPR,96,livre,0.0,0.0,2026-09-24T02:21:13.457-03:00
PUCPR,97,livre,0.0,0.0,2026-09-24T02:21:13.457-03:00
PUCPR,98,livre,0.32780906558036804,0.8304176891773356,2026-09-24T02:21:13.457-03:00
PUCPR,99,livre,0.2951323091983795,0.8987236536994012,2026-09-24T02:21:13.457-03:00
PUCPR,1,livre,0.0,0.14644363242378278,2026-09-24T02:21:13.529-03:00
PUCPR,10,livre,0.0,0.0,2026-09-24T02:21:13.529-03:00
PUCPR,100,livre,0.0,0.0,2026-09-24T02:21:13.529-03:00
PUCPR,11,livre,0.0,0.0,2026-09-24T02:21:13.529-03:00
PUCPR,12,livre,0.0,0.0,2026-09-24T02:21:13.529-03:00
PUCPR,13,livre,0.0,0.0,2026-09-24T02:21:13.529-03:00
PUCPR,14,livre,0.0,0.0,2026-09-24T02:21:13.529-03:00
PUCPR,15,livre,0.0,0.0,2026-09-24T02:21:13.529-03:00
PUCPR,16,livre,0.0,0.0,2026-09-24T02:21:13.529-03:00
PUCPR,17,livre,0.0,0.0,2026-09-24T02:21:13.529-03:00
PUCPR,18,livre,0.0,0.0,2026-09-24T02:21:13.529-03:00
PUCPR,19,livre,0.0,0.0,2026-09-24T02:21:13.529-03:00
PUCPR,2,livre,0.0,0.0,2026-09-24T02:21:13.529-03:00
PUCPR,20,livre,0.0,0.0,2026-09-24T02:21:13.529-03:00
PUCPR,21,livre,0.0,0.0,2026-09-24T02:21:13.529-03:00
PUCPR,22,ocupada,0.32535243034362793,0.7151913493852861,2026-09-24T02:21:13.529-03:00
PUCPR,23,livre,0.0,0.011042343038323427,2026-09-24T02:21:13.529-03:00
PUCPR,24,livre,0.0,0.008516793992957716,2026-09-24T02:21:13.529-03:00
PUCPR,25,livre,0.0,0.0,2026-09-24T02:21:13.529-03:00
PUCPR,26,livre,0.0,0.0,2026-09-24T02:21:13.529-03:00
PUCPR,27,livre,0.0,0.0003122747013845202,2026-09-24T02:21:13.529-03:00
PUCPR,28,livre,0.0,0.0,2026-09-24T02:21:13.529-03:00
PUCPR,29,livre,0.0,0.0,2026-09-24T02:21:13.529-03:00
PUCPR,3,livre,0.0,0.0,2026-09-24T02:21:13.529-03:00
PUCPR,30,livre,0.0,0.0,2026-09-24T02:21:13.529-03:00
PUCPR,31,livre,0.0,0.0,2026-09-24T02:21:13.529-03:00
PUCPR,32,livre,0.0,0.0,2026-09-24T02:21:13.529-03:00
PUCPR,33,livre,0.0,0.0,2026-09-24T02:21:13.529-03:00
PUCPR,34,livre,0.0,0.0,2026-09-24T02:21:13.529-03:00
PUCPR,35,livre,0.0,0.0,2026-09-24T02:21:13.529-03:00
PUCPR,36,livre,0.0,0.03550117824970858,2026-09-24T02:21:13.529-03:00
PUCPR,37,livre,0.0,0.000575399895359227,2026-09-24T02:21:13.529-03:00
PUCPR,38,livre,0.0,0.0,2026-09-24T02:21:13.529-03:00
PUCPR,39,livre,0.0,0.0,2026-09-24T02:21:13.529-03:00
PUCPR,4,livre,0.0,0.0,2026-09-24T02:21:13.529-03:00
PUCPR,40,livre,0.0,0.0,2026-09-24T02:21:13.529-03:00
PUCPR,41,livre,0.0,0.0,2026-09-24T02:21:13.529-03:00
PUCPR,42,livre,0.0,0.0,2026-09-24T02:21:13.529-03:00
PUCPR,43,livre,0.0,0.0,2026-09-24T02:21:13.529-03:00
PUCPR,44,livre,0.0,0.0,2026-09-24T02:21:13.529-03:00
PUCPR,45,ocupada,0.4076838493347168,0.7118947114933161,2026-09-24T02:21:13.529-03:00
PUCPR,46,livre,0.2926126718521118,0.8573031695230863,2026-09-24T02:21:13.529-03:00
PUCPR,47,livre,0.0,0.11569267353536508,2026-09-24T02:21:13.529-03:00
PUCPR,48,livre,0.0,0.057179791729980355,2026-09-24T02:21:13.529-03:00
PUCPR,49,ocupada,0.2983763515949249,0.919088807027976,2026-09-24T02:21:13.529-03:00
PUCPR,5,livre,0.0,0.0,2026-09-24T02:21:13.529-03:00
PUCPR,50,livre,0.0,0.0,2026-09-24T02:21:13.529-03:00
PUCPR,51,livre,0.0,0.0,2026-09-24T02:21:13.529-03:00
PUCPR,52,livre,0.0,0.0,2026-09-24T02:21:13.529-03:00
PUCPR,53,livre,0.0,0.0,2026-09-24T02:21:13.529-03:00
PUCPR,54,livre,0.0,0.0,2026-09-24T02:21:13.529-03:00
PUCPR,55,livre,0.0,0.0,2026-09-24T02:21:13.529-03:00
PUCPR,56,livre,0.0,0.0,2026-09-24T02:21:13.529-03:00
PUCPR,57,livre,0.0,0.0,2026-09-24T02:21:13.529-03:00
PUCPR,58,livre,0.30418798327445984,0.7703480641261063,2026-09-24T02:21:13.529-03:00
PUCPR,59,ocupada,0.5370686054229736,0.8548581485202975,2026-09-24T02:21:13.529-03:00
PUCPR,6,livre,0.0,0.0,2026-09-24T02:21:13.529-03:00
PUCPR,60,livre,0.0,0.0,2026-09-24T02:21:13.529-03:00
PUCPR,61,ocupada,0.25338494777679443,0.7687572079517572,2026-09-24T02:21:13.529-03:00
PUCPR,62,livre,0.0,0.0,2026-09-24T02:21:13.529-03:00
PUCPR,63,livre,0.0,0.0,2026-09-24T02:21:13.529-03:00
PUCPR,64,livre,0.0,0.0,2026-09-24T02:21:13.529-03:00
PUCPR,65,livre,0.0,0.0,2026-09-24T02:21:13.529-03:00
PUCPR,66,ocupada,0.3301454782485962,0.8452268056739288,2026-09-24T02:21:13.529-03:00
PUCPR,67,ocupada,0.3245917558670044,0.4926951191007802,2026-09-24T02:21:13.529-03:00
PUCPR,68,ocupada,0.3281119465827942,0.9772120228988718,2026-09-24T02:21:13.529-03:00
PUCPR,69,ocupada,0.0,0.18236708388914635,2026-09-24T02:21:13.529-03:00
PUCPR,7,livre,0.0,0.0,2026-09-24T02:21:13.529-03:00
PUCPR,70,livre,0.0,0.03427714071793728,2026-09-24T02:21:13.529-03:00
PUCPR,71,ocupada,0.32541629672050476,0.9682646845004,2026-09-24T02:21:13.529-03:00
PUCPR,72,ocupada,0.342611700296402,0.9527254328121635,2026-09-24T02:21:13.529-03:00
PUCPR,73,livre,0.0,0.10013526095096364,2026-09-24T02:21:13.529-03:00
PUCPR,74,livre,0.0,0.0,2026-09-24T02:21:13.529-03:00
PUCPR,75,livre,0.0,0.0,2026-09-24T02:21:13.529-03:00
PUCPR,76,livre,0.0,0.0,2026-09-24T02:21:13.529-03:00
PUCPR,77,livre,0.0,0.0,2026-09-24T02:21:13.529-03:00
PUCPR,78,livre,0.0,0.0,2026-09-24T02:21:13.529-03:00
PUCPR,79,livre,0.0,0.0,2026-09-24T02:21:13.529-03:00
PUCPR,8,livre,0.0,0.0,2026-09-24T02:21:13.529-03:00
PUCPR,80,livre,0.0,0.0,2026-09-24T02:21:13.529-03:00
PUCPR,81,ocupada,0.6400432586669922,0.7320660432325353,2026-09-24T02:21:13.529-03:00
PUCPR,82,ocupada,0.5047215223312378,0.7887252658224018,2026-09-24T02:21:13.529-03:00
PUCPR,83,ocupada,0.38862255215644836,0.9017361061530407,2026-09-24T02:21:13.529-03:00
PUCPR,84,ocupada,0.6631252765655518,0.9197377481577186,2026-09-24T02:21:13.529-03:00
PUCPR,85,ocupada,0.4917622208595276,0.788045246074582,2026-09-24T02:21:13.529-03:00
PUCPR,86,ocupada,0.38685688376426697,0.8093052707312577,2026-09-24T02:21:13.529-03:00
PUCPR,87,livre,0.25120311975479126,0.8665357439090657,2026-09-24T02:21:13.529-03:00
PUCPR,88,ocupada,0.25264397263526917,0.811114402151793,2026-09-24T02:21:13.529-03:00
PUCPR,89,ocupada,0.4795144200325012,0.9954281376791015,2026-09-24T02:21:13.529-03:00
PUCPR,9,livre,0.0,0.0,2026-09-24T02:21:13.529-03:00
PUCPR,90,ocupada,0.4795144200325012,0.3310478929400294,2026-09-24T02:21:13.529-03:00
PUCPR,91,ocupada,0.47818782925605774,0.9337077850339172,2026-09-24T02:21:13.529-03:00
PUCPR,92,livre,0.0,0.20234375632925924,2026-09-24T02:21:13.529-03:00
PUCPR,93,livre,0.0,0.06325706980444494,2026-09-24T02:21:13.529-03:00
PUCPR,94,livre,0.48686736822128296,0.9508904583336927,2026-09-24T02:21:13.529-03:00
PUCPR,95,livre,0.0,0.15542019741551533,2026-09-24T02:21:13.529-03:00
PUCPR,96,livre,0.0,0.0,2026-09-24T02:21:13.529-03:00
PUCPR,97,livre,0.0,0.0,2026-09-24T02:21:13.529-03:00
PUCPR,98,livre,0.0,0.0,2026-09-24T02:21:13.529-03:00
PUCPR,99,livre,0.0,0.0,2026-09-24T02:21:13.529-03:00
PUCPR,1,livre,0.0,0.14919844072137853,2026-09-24T02:21:13.595-03:00
PUCPR,10,livre,0.0,0.0,2026-09-24T02:21:13.595-03:00
PUCPR,100,livre,0.0,0.0,2026-09-24T02:21:13.595-03:00
PUCPR,11,livre,0.0,0.0,2026-09-24T02:21:13.595-03:00
PUCPR,12,livre,0.0,0.0,2026-09-24T02:21:13.595-03:00
PUCPR,13,livre,0.0,0.0,2026-09-24T02:21:13.595-03:00
PUCPR,14,livre,0.0,0.0,2026-09-24T02:21:13.595-03:00
PUCPR,15,livre,0.0,0.0,2026-09-24T02:21:13.595-03:00
PUCPR,16,livre,0.0,0.0,2026-09-24T02:21:13.595-03:00
PUCPR,17,livre,0.0,0.0,2026-09-24T02:21:13.595-03:00
PUCPR,18,livre,0.0,0.0,2026-09-24T02:21:13.595-03:00
PUCPR,19,livre,0.0,0.0,2026-09-24T02:21:13.595-03:00
PUCPR,2,livre,0.0,0.0,2026-09-24T02:21:13.595-03:00
PUCPR,20,livre,0.0,0.0,2026-09-24T02:21:13.595-03:00
PUCPR,21,livre,0.0,0.0,2026-09-24T02:21:13.595-03:00
PUCPR,22,ocupada,0.3120024502277374,0.7058580413973805,2026-09-24T02:21:13.595-03:00
PUCPR,23,livre,0.0,0.012504591359530687,2026-09-24T02:21:13.595-03:00
PUCPR,24,livre,0.0,0.009644604247987357,2026-09-24T02:21:13.595-03:00
PUCPR,25,livre,0.0,0.0,2026-09-24T02:21:13.595-03:00
PUCPR,26,livre,0.0,0.0,2026-09-24T02:21:13.595-03:00
PUCPR,27,livre,0.0,4.039230430481798e-06,2026-09-24T02:21:13.595-03:00
PUCPR,28,livre,0.0,0.0,2026-09-24T02:21:13.595-03:00
PUCPR,29,livre,0.0,0.0,2026-09-24T02:21:13.595-03:00
PUCPR,3,livre,0.0,0.0,2026-09-24T02:21:13.595-03:00
PUCPR,30,livre,0.0,0.0,2026-09-24T02:21:13.595-03:00
PUCPR,31,livre,0.0,0.0,2026-09-24T02:21:13.595-03:00
PUCPR,32,livre,0.0,0.0,2026-09-24T02:21:13.595-03:00
PUCPR,33,livre,0.0,0.0,2026-09-24T02:21:13.595-03:00
PUCPR,34,livre,0.0,0.0,2026-09-24T02:21:13.595-03:00
PUCPR,35,livre,0.0,0.0,2026-09-24T02:21:13.595-03:00
PUCPR,36,livre,0.0,0.0,2026-09-24T02:21:13.595-03:00
PUCPR,37,livre,0.0,0.0007644198599620407,2026-09-24T02:21:13.595-03:00
PUCPR,38,livre,0.0,0.0,2026-09-24T02:21:13.595-03:00
PUCPR,39,livre,0.0,0.0,2026-09-24T02:21:13.595-03:00
PUCPR,4,livre,0.0,0.0,2026-09-24T02:21:13.595-03:00
PUCPR,40,livre,0.0,0.0,2026-09-24T02:21:13.595-03:00
PUCPR,41,livre,0.0,0.0,2026-09-24T02:21:13.595-03:00
PUCPR,42,livre,0.0,0.0,2026-09-24T02:21:13.595-03:00
PUCPR,43,livre,0.0,0.0,2026-09-24T02:21:13.595-03:00
PUCPR,44,livre,0.0,0.0,2026-09-24T02:21:13.595-03:00
PUCPR,45,ocupada,0.38133811950683594,0.7180658971680461,2026-09-24T02:21:13.595-03:00
PUCPR,46,livre,0.2690310478210449,0.8602713787747537,2026-09-24T02:21:13.595-03:00
PUCPR,47,livre,0.0,0.12251108872038442,2026-09-24T02:21:13.595-03:00
PUCPR,48,livre,0.0,0.05717681519754223,2026-09-24T02:21:13.595-03:00
PUCPR,49,ocupada,0.2945164740085602,0.9122784559202636,2026-09-24T02:21:13.595-03:00
PUCPR,5,livre,0.0,0.0,2026-09-24T02:21:13.595-03:00
PUCPR,50,livre,0.0,0.0,2026-09-24T02:21:13.595-03:00
PUCPR,51,livre,0.0,0.0,2026-09-24T02:21:13.595-03:00
PUCPR,52,livre,0.0,0.0,2026-09-24T02:21:13.595-03:00
PUCPR,53,livre,0.0,0.0,2026-09-24T02:21:13.595-03:00
PUCPR,54,livre,0.0,0.0,2026-09-24T02:21:13.595-03:00
PUCPR,55,livre,0.0,0.0,2026-09-24T02:21:13.595-03:00
PUCPR,56,livre,0.0,0.0,2026-09-24T02:21:13.595-03:00
PUCPR,57,livre,0.0,0.0,2026-09-24T02:21:13.595-03:00
PUCPR,58,livre,0.0,0.0,2026-09-24T02:21:13.595-03:00
PUCPR,59,ocupada,0.4836388826370239,0.8554498675827055,2026-09-24T02:21:13.595-03:00
PUCPR,6,livre,0.0,0.0,2026-09-24T02:21:13.595-03:00
PUCPR,60,livre,0.0,0.0,2026-09-24T02:21:13.595-03:00
PUCPR,61,ocupada,0.27203965187072754,0.7776213748716762,2026-09-24T02:21:13.595-03:00
PUCPR,62,livre,0.0,4.124252522124512e-06,2026-09-24T02:21:13.595-03:00
PUCPR,63,livre,0.0,0.0,2026-09-24T02:21:13.595-03:00
PUCPR,64,livre,0.0,0.0,2026-09-24T02:21:13.595-03:00
PUCPR,65,livre,0.0,0.0,2026-09-24T02:21:13.595-03:00
PUCPR,66,ocupada,0.31618303060531616,0.8505776732612803,2026-09-24T02:21:13.595-03:00
PUCPR,67,ocupada,0.4727633595466614,0.8296822431346093,2026-09-24T02:21:13.595-03:00
PUCPR,68,ocupada,0.0,0.20822562921472615,2026-09-24T02:21:13.595-03:00
PUCPR,69,livre,0.0,0.0,2026-09-24T02:21:13.595-03:00
PUCPR,7,livre,0.0,0.0,2026-09-24T02:21:13.595-03:00
PUCPR,70,livre,0.0,0.027520592100405635,2026-09-24T02:21:13.595-03:00
PUCPR,71,ocupada,0.2565523087978363,0.9528526496821238,2026-09-24T02:21:13.595-03:00
PUCPR,72,ocupada,0.0,0.0,2026-09-24T02:21:13.595-03:00
PUCPR,73,livre,0.0,0.0,2026-09-24T02:21:13.595-03:00
PUCPR,74,livre,0.0,0.0,2026-09-24T02:21:13.595-03:00
PUCPR,75,livre,0.0,0.0,2026-09-24T02:21:13.595-03:00
PUCPR,76,livre,0.0,0.0,2026-09-24T02:21:13.595-03:00
PUCPR,77,livre,0.0,0.0,2026-09-24T02:21:13.595-03:00
PUCPR,78,livre,0.0,0.0,2026-09-24T02:21:13.595-03:00
PUCPR,79,livre,0.0,0.0,2026-09-24T02:21:13.595-03:00
PUCPR,8,livre,0.0,0.0,2026-09-24T02:21:13.595-03:00
PUCPR,80,livre,0.0,0.0,2026-09-24T02:21:13.595-03:00
PUCPR,81,ocupada,0.5721954703330994,0.736466137196608,2026-09-24T02:21:13.595-03:00
PUCPR,82,ocupada,0.5045651197433472,0.7924038191174062,2026-09-24T02:21:13.595-03:00
PUCPR,83,ocupada,0.3315978944301605,0.8958258958799991,2026-09-24T02:21:13.595-03:00
PUCPR,84,ocupada,0.6797173023223877,0.9139180527552099,2026-09-24T02:21:13.595-03:00
PUCPR,85,ocupada,0.47136056423187256,0.7903175869320779,2026-09-24T02:21:13.595-03:00
PUCPR,86,ocupada,0.3577252924442291,0.799593840254593,2026-09-24T02:21:13.595-03:00
PUCPR,87,livre,0.0,0.002329998020955097,2026-09-24T02:21:13.595-03:00
PUCPR,88,ocupada,0.29655277729034424,0.808360215675126,2026-09-24T02:21:13.595-03:00
PUCPR,89,ocupada,0.47869470715522766,0.9959806847212874,2026-09-24T02:21:13.595-03:00
PUCPR,9,livre,0.0,0.0,2026-09-24T02:21:13.595-03:00
PUCPR,90,ocupada,0.47869470715522766,0.33346667373546857,2026-09-24T02:21:13.595-03:00
PUCPR,91,ocupada,0.5143041014671326,0.934885921337711,2026-09-24T02:21:13.595-03:00
PUCPR,92,livre,0.0,0.20300700058574334,2026-09-24T02:21:13.595-03:00
PUCPR,93,livre,0.0,0.0600101487676845,2026-09-24T02:21:13.595-03:00
PUCPR,94,ocupada,0.4369978904724121,0.9479854805144499,2026-09-24T02:21:13.595-03:00
PUCPR,95,livre,0.4744844436645508,0.8859494109560823,2026-09-24T02:21:13.595-03:00
PUCPR,96,livre,0.0,0.0,2026-09-24T02:21:13.595-03:00
PUCPR,97,livre,0.0,0.0,2026-09-24T02:21:13.595-03:00
PUCPR,98,livre,0.0,0.0,2026-09-24T02:21:13.595-03:00
PUCPR,99,livre,0.0,0.0,2026-09-24T02:21:13.595-03:00
PUCPR,1,livre,0.0,0.1485714850107527,2026-09-24T02:21:13.667-03:00
PUCPR,10,livre,0.0,0.0,2026-09-24T02:21:13.667-03:00
PUCPR,100,livre,0.0,0.0,2026-09-24T02:21:13.667-03:00
PUCPR,11,livre,0.0,0.0,2026-09-24T02:21:13.667-03:00
PUCPR,12,livre,0.0,0.0,2026-09-24T02:21:13.667-03:00
PUCPR,13,livre,0.0,0.0,2026-09-24T02:21:13.667-03:00
PUCPR,14,livre,0.0,0.0,2026-09-24T02:21:13.667-03:00
PUCPR,15,livre,0.0,0.0,2026-09-24T02:21:13.667-03:00
PUCPR,16,livre,0.0,0.0,2026-09-24T02:21:13.667-03:00
PUCPR,17,livre,0.0,0.0,2026-09-24T02:21:13.667-03:00
PUCPR,18,livre,0.0,0.0,2026-09-24T02:21:13.667-03:00
PUCPR,19,livre,0.0,0.0,2026-09-24T02:21:13.667-03:00
PUCPR,2,livre,0.0,0.0,2026-09-24T02:21:13.667-03:00
PUCPR,20,livre,0.0,0.0,2026-09-24T02:21:13.667-03:00
PUCPR,21,livre,0.0,0.0,2026-09-24T02:21:13.667-03:00
PUCPR,22,ocupada,0.34003517031669617,0.7475638492738694,2026-09-24T02:21:13.667-03:00
PUCPR,23,livre,0.0,0.0009970569963332178,2026-09-24T02:21:13.667-03:00
PUCPR,24,livre,0.0,0.0007690151453864765,2026-09-24T02:21:13.667-03:00
PUCPR,25,livre,0.0,0.0,2026-09-24T02:21:13.667-03:00
PUCPR,26,livre,0.0,0.0,2026-09-24T02:21:13.667-03:00
PUCPR,27,livre,0.0,0.0003553437739059899,2026-09-24T02:21:13.667-03:00
PUCPR,28,livre,0.0,0.0,2026-09-24T02:21:13.667-03:00
PUCPR,29,livre,0.0,0.0,2026-09-24T02:21:13.667-03:00
PUCPR,3,livre,0.0,0.0,2026-09-24T02:21:13.667-03:00
PUCPR,30,livre,0.0,0.0,2026-09-24T02:21:13.667-03:00
PUCPR,31,livre,0.0,0.0,2026-09-24T02:21:13.667-03:00
PUCPR,32,livre,0.0,0.0,2026-09-24T02:21:13.667-03:00
PUCPR,33,livre,0.0,0.0,2026-09-24T02:21:13.667-03:00
PUCPR,34,livre,0.0,0.0,2026-09-24T02:21:13.667-03:00
PUCPR,35,livre,0.0,0.0,2026-09-24T02:21:13.667-03:00
PUCPR,36,livre,0.0,0.0,2026-09-24T02:21:13.667-03:00
PUCPR,37,livre,0.0,0.0,2026-09-24T02:21:13.667-03:00
PUCPR,38,livre,0.0,0.0,2026-09-24T02:21:13.667-03:00
PUCPR,39,livre,0.0,0.0,2026-09-24T02:21:13.667-03:00
PUCPR,4,livre,0.0,0.0,2026-09-24T02:21:13.667-03:00
PUCPR,40,livre,0.0,0.0,2026-09-24T02:21:13.667-03:00
PUCPR,41,livre,0.0,0.0,2026-09-24T02:21:13.667-03:00
PUCPR,42,livre,0.0,0.0006173503968254436,2026-09-24T02:21:13.667-03:00
PUCPR,43,livre,0.0,0.0,2026-09-24T02:21:13.667-03:00
PUCPR,44,livre,0.0,0.0,2026-09-24T02:21:13.667-03:00
PUCPR,45,ocupada,0.40919336676597595,0.7118613391994572,2026-09-24T02:21:13.667-03:00
PUCPR,46,ocupada,0.2840414047241211,0.8286344068006145,2026-09-24T02:21:13.667-03:00
PUCPR,47,livre,0.0,0.10894782078231409,2026-09-24T02:21:13.667-03:00
PUCPR,48,livre,0.0,0.05447295529491929,2026-09-24T02:21:13.667-03:00
PUCPR,49,ocupada,0.3503091633319855,0.9164537756932842,2026-09-24T02:21:13.667-03:00
PUCPR,5,livre,0.0,0.0,2026-09-24T02:21:13.667-03:00
PUCPR,50,livre,0.0,0.0,2026-09-24T02:21:13.667-03:00
PUCPR,51,livre,0.0,0.0,2026-09-24T02:21:13.667-03:00
PUCPR,52,livre,0.0,0.0,2026-09-24T02:21:13.667-03:00
PUCPR,53,livre,0.0,0.0,2026-09-24T02:21:13.667-03:00
PUCPR,54,livre,0.0,0.0,2026-09-24T02:21:13.667-03:00
PUCPR,55,livre,0.0,0.0,2026-09-24T02:21:13.667-03:00
PUCPR,56,livre,0.0,0.0,2026-09-24T02:21:13.667-03:00
PUCPR,57,livre,0.0,0.0,2026-09-24T02:21:13.667-03:00
PUCPR,58,livre,0.0,0.0,2026-09-24T02:21:13.667-03:00
PUCPR,59,ocupada,0.4017336368560791,0.8641124267022133,2026-09-24T02:21:13.667-03:00
PUCPR,6,livre,0.0,0.0,2026-09-24T02:21:13.667-03:00
PUCPR,60,livre,0.0,0.0,2026-09-24T02:21:13.667-03:00
PUCPR,61,ocupada,0.341977059841156,0.775399684292418,2026-09-24T02:21:13.667-03:00
PUCPR,62,livre,0.0,0.0,2026-09-24T02:21:13.667-03:00
PUCPR,63,livre,0.0,0.0,2026-09-24T02:21:13.667-03:00
PUCPR,64,livre,0.2942185401916504,0.8894321372119907,2026-09-24T02:21:13.667-03:00
PUCPR,65,livre,0.0,0.032275922120271784,2026-09-24T02:21:13.667-03:00
PUCPR,66,ocupada,0.3047775328159332,0.8473634887739133,2026-09-24T02:21:13.667-03:00
PUCPR,67,ocupada,0.5125164985656738,0.8426325281195989,2026-09-24T02:21:13.667-03:00
PUCPR,68,ocupada,0.2977522313594818,0.9695152569329109,2026-09-24T02:21:13.667-03:00
PUCPR,69,livre,0.0,0.17021447366341086,2026-09-24T02:21:13.667-03:00
PUCPR,7,livre,0.0,0.0,2026-09-24T02:21:13.667-03:00
PUCPR,70,livre,0.0,0.0,2026-09-24T02:21:13.667-03:00
PUCPR,71,ocupada,0.0,0.0,2026-09-24T02:21:13.667-03:00
PUCPR,72,ocupada,0.0,0.0,2026-09-24T02:21:13.667-03:00
PUCPR,73,livre,0.0,0.0,2026-09-24T02:21:13.667-03:00
PUCPR,74,livre,0.0,0.08086233218533195,2026-09-24T02:21:13.667-03:00
PUCPR,75,livre,0.2507518529891968,0.9777112873493612,2026-09-24T02:21:13.667-03:00
PUCPR,76,livre,0.0,0.09511980370997979,2026-09-24T02:21:13.667-03:00
PUCPR,77,livre,0.0,0.0,2026-09-24T02:21:13.667-03:00
PUCPR,78,livre,0.0,0.0,2026-09-24T02:21:13.667-03:00
PUCPR,79,livre,0.0,0.0,2026-09-24T02:21:13.667-03:00
PUCPR,8,livre,0.0,0.0,2026-09-24T02:21:13.667-03:00
PUCPR,80,livre,0.0,0.0,2026-09-24T02:21:13.667-03:00
PUCPR,81,ocupada,0.5238692164421082,0.7127221312254607,2026-09-24T02:21:13.667-03:00
PUCPR,82,ocupada,0.4298320412635803,0.7841871552872031,2026-09-24T02:21:13.667-03:00
PUCPR,83,ocupada,0.3749151825904846,0.888227721707537,2026-09-24T02:21:13.667-03:00
PUCPR,84,ocupada,0.645184338092804,0.9101328621912632,2026-09-24T02:21:13.667-03:00
PUCPR,85,ocupada,0.25634703040122986,0.7916343030402951,2026-09-24T02:21:13.667-03:00
PUCPR,86,livre,0.0,0.03588166783898749,2026-09-24T02:21:13.667-03:00
PUCPR,87,livre,0.0,0.0,2026-09-24T02:21:13.667-03:00
PUCPR,88,ocupada,0.0,0.0,2026-09-24T02:21:13.667-03:00
PUCPR,89,ocupada,0.5334691405296326,0.9957776834178209,2026-09-24T02:21:13.667-03:00
PUCPR,9,livre,0.0,0.0,2026-09-24T02:21:13.667-03:00
PUCPR,90,ocupada,0.5334691405296326,0.33994338641393973,2026-09-24T02:21:13.667-03:00
PUCPR,91,ocupada,0.5257533192634583,0.9358881518318748,2026-09-24T02:21:13.667-03:00
PUCPR,92,livre,0.0,0.2035851751514587,2026-09-24T02:21:13.667-03:00
PUCPR,93,livre,0.0,0.06400655201153153,2026-09-24T02:21:13.667-03:00
PUCPR,94,ocupada,0.4693601727485657,0.9515387097239869,2026-09-24T02:21:13.667-03:00
PUCPR,95,livre,0.48414477705955505,0.8794161918100671,2026-09-24T02:21:13.667-03:00
PUCPR,96,livre,0.0,0.0,2026-09-24T02:21:13.667-03:00
PUCPR,97,livre,0.0,0.0,2026-09-24T02:21:13.667-03:00
PUCPR,98,livre,0.2865520119667053,0.826051584263086,2026-09-24T02:21:13.667-03:00
PUCPR,99,livre,0.0,0.0,2026-09-24T02:21:13.667-03:00
PUCPR,1,livre,0.0,0.14377852108941866,2026-09-24T02:21:13.739-03:00
PUCPR,10,livre,0.0,0.0,2026-09-24T02:21:13.739-03:00
PUCPR,100,livre,0.0,0.0,2026-09-24T02:21:13.739-03:00
PUCPR,11,livre,0.0,0.0,2026-09-24T02:21:13.739-03:00
PUCPR,12,livre,0.0,0.0,2026-09-24T02:21:13.739-03:00
PUCPR,13,livre,0.0,0.0,2026-09-24T02:21:13.739-03:00
PUCPR,14,livre,0.0,0.0,2026-09-24T02:21:13.739-03:00
PUCPR,15,livre,0.0,0.0,2026-09-24T02:21:13.739-03:00
PUCPR,16,livre,0.0,0.0,2026-09-24T02:21:13.739-03:00
PUCPR,17,livre,0.0,0.0,2026-09-24T02:21:13.739-03:00
PUCPR,18,livre,0.0,0.0,2026-09-24T02:21:13.739-03:00
PUCPR,19,livre,0.0,0.0,2026-09-24T02:21:13.739-03:00
PUCPR,2,livre,0.0,0.0,2026-09-24T02:21:13.739-03:00
PUCPR,20,livre,0.0,0.0,2026-09-24T02:21:13.739-03:00
PUCPR,21,livre,0.0,0.0,2026-09-24T02:21:13.739-03:00
PUCPR,22,ocupada,0.2904719412326813,0.7322347890355323,2026-09-24T02:21:13.739-03:00
PUCPR,23,livre,0.0,0.012041876766206876,2026-09-24T02:21:13.739-03:00
PUCPR,24,livre,0.0,0.00928771940433169,2026-09-24T02:21:13.739-03:00
PUCPR,25,livre,0.0,0.0,2026-09-24T02:21:13.739-03:00
PUCPR,26,livre,0.0,0.0,2026-09-24T02:21:13.739-03:00
PUCPR,27,livre,0.0,1.1538639085322989e-05,2026-09-24T02:21:13.739-03:00
PUCPR,28,livre,0.0,0.0,2026-09-24T02:21:13.739-03:00
PUCPR,29,livre,0.0,0.0,2026-09-24T02:21:13.739-03:00
PUCPR,3,livre,0.0,0.0,2026-09-24T02:21:13.739-03:00
PUCPR,30,livre,0.0,0.0,2026-09-24T02:21:13.739-03:00
PUCPR,31,livre,0.0,0.0,2026-09-24T02:21:13.739-03:00
PUCPR,32,livre,0.0,0.0,2026-09-24T02:21:13.739-03:00
PUCPR,33,livre,0.0,0.0,2026-09-24T02:21:13.739-03:00
PUCPR,34,livre,0.0,0.0,2026-09-24T02:21:13.739-03:00
PUCPR,35,livre,0.0,0.0,2026-09-24T02:21:13.739-03:00
PUCPR,36,livre,0.0,0.033335211194487506,2026-09-24T02:21:13.739-03:00
PUCPR,37,livre,0.0,0.0005681620806573604,2026-09-24T02:21:13.739-03:00
PUCPR,38,livre,0.0,0.0,2026-09-24T02:21:13.739-03:00
PUCPR,39,livre,0.0,0.0,2026-09-24T02:21:13.739-03:00
PUCPR,4,livre,0.0,0.0,2026-09-24T02:21:13.739-03:00
PUCPR,40,livre,0.0,0.0,2026-09-24T02:21:13.739-03:00
PUCPR,41,livre,0.0,0.0,2026-09-24T02:21:13.739-03:00
PUCPR,42,livre,0.0,0.0,2026-09-24T02:21:13.739-03:00
PUCPR,43,livre,0.0,0.0,2026-09-24T02:21:13.739-03:00
PUCPR,44,livre,0.0,0.0,2026-09-24T02:21:13.739-03:00
PUCPR,45,ocupada,0.34216463565826416,0.7315868625736713,2026-09-24T02:21:13.739-03:00
PUCPR,46,ocupada,0.251654714345932,0.8563855307697802,2026-09-24T02:21:13.739-03:00
PUCPR,47,livre,0.0,0.1199567339325816,2026-09-24T02:21:13.739-03:00
PUCPR,48,livre,0.0,0.0519645125081671,2026-09-24T02:21:13.739-03:00
PUCPR,49,ocupada,0.36537638306617737,0.9064183735966798,2026-09-24T02:21:13.739-03:00
PUCPR,5,livre,0.0,0.0,2026-09-24T02:21:13.739-03:00
PUCPR,50,livre,0.0,0.0,2026-09-24T02:21:13.739-03:00
PUCPR,51,livre,0.0,0.0,2026-09-24T02:21:13.739-03:00
PUCPR,52,livre,0.0,0.0,2026-09-24T02:21:13.739-03:00
PUCPR,53,livre,0.0,0.0,2026-09-24T02:21:13.739-03:00
PUCPR,54,livre,0.0,0.0,2026-09-24T02:21:13.739-03:00
PUCPR,55,livre,0.0,0.0,2026-09-24T02:21:13.739-03:00
PUCPR,56,livre,0.0,0.0,2026-09-24T02:21:13.739-03:00
PUCPR,57,livre,0.0,0.0,2026-09-24T02:21:13.739-03:00
PUCPR,58,livre,0.360105037689209,0.7747523504586852,2026-09-24T02:21:13.739-03:00
PUCPR,59,ocupada,0.5044275522232056,0.8586070892584398,2026-09-24T02:21:13.739-03:00
PUCPR,6,livre,0.0,0.0,2026-09-24T02:21:13.739-03:00
PUCPR,60,livre,0.0,0.0,2026-09-24T02:21:13.739-03:00
PUCPR,61,ocupada,0.3366759717464447,0.7696958691964425,2026-09-24T02:21:13.739-03:00
PUCPR,62,livre,0.0,0.0,2026-09-24T02:21:13.739-03:00
PUCPR,63,livre,0.0,0.0,2026-09-24T02:21:13.739-03:00
PUCPR,64,livre,0.0,0.0,2026-09-24T02:21:13.739-03:00
PUCPR,65,livre,0.0,0.0,2026-09-24T02:21:13.739-03:00
PUCPR,66,ocupada,0.33439308404922485,0.8368895603068459,2026-09-24T02:21:13.739-03:00
PUCPR,67,ocupada,0.45116400718688965,0.8283377800219834,2026-09-24T02:21:13.739-03:00
PUCPR,68,ocupada,0.0,0.19224430003313991,2026-09-24T02:21:13.739-03:00
PUCPR,69,livre,0.0,0.0,2026-09-24T02:21:13.739-03:00
PUCPR,7,livre,0.0,0.0,2026-09-24T02:21:13.739-03:00
PUCPR,70,livre,0.0,0.0,2026-09-24T02:21:13.739-03:00
PUCPR,71,ocupada,0.0,0.0,2026-09-24T02:21:13.739-03:00
PUCPR,72,ocupada,0.33189284801483154,0.9309109664541124,2026-09-24T02:21:13.739-03:00
PUCPR,73,livre,0.0,0.12104816486757078,2026-09-24T02:21:13.739-03:00
PUCPR,74,livre,0.2593732476234436,0.7996228530562574,2026-09-24T02:21:13.739-03:00
PUCPR,75,livre,0.391959011554718,0.9766598125915951,2026-09-24T02:21:13.739-03:00
PUCPR,76,livre,0.3491806983947754,0.8439803460261557,2026-09-24T02:21:13.739-03:00
PUCPR,77,livre,0.0,0.003459620177997709,2026-09-24T02:21:13.739-03:00
PUCPR,78,livre,0.0,0.0,2026-09-24T02:21:13.739-03:00
PUCPR,79,livre,0.0,0.0,2026-09-24T02:21:13.739-03:00
PUCPR,8,livre,0.0,0.0,2026-09-24T02:21:13.739-03:00
PUCPR,80,livre,0.0,0.0,2026-09-24T02:21:13.739-03:00
PUCPR,81,ocupada,0.560875654220581,0.7159929433724384,2026-09-24T02:21:13.739-03:00
PUCPR,82,ocupada,0.5487476587295532,0.7819283571112526,2026-09-24T02:21:13.739-03:00
PUCPR,83,ocupada,0.4398229718208313,0.891752118313288,2026-09-24T02:21:13.739-03:00
PUCPR,84,ocupada,0.6607866287231445,0.9200782059040221,2026-09-24T02:21:13.739-03:00
PUCPR,85,ocupada,0.36136236786842346,0.7857592863505178,2026-09-24T02:21:13.739-03:00
PUCPR,86,ocupada,0.41903308033943176,0.8142151204101478,2026-09-24T02:21:13.739-03:00
PUCPR,87,livre,0.0,0.002196074511871523,2026-09-24T02:21:13.739-03:00
PUCPR,88,ocupada,0.0,0.0,2026-09-24T02:21:13.739-03:00
PUCPR,89,ocupada,0.49644383788108826,0.9961685716227012,2026-09-24T02:21:13.739-03:00
PUCPR,9,livre,0.0,0.0,2026-09-24T02:21:13.739-03:00
PUCPR,90,ocupada,0.49644383788108826,0.3471048340924905,2026-09-24T02:21:13.739-03:00
PUCPR,91,ocupada,0.46125587821006775,0.936525317097099,2026-09-24T02:21:13.739-03:00
PUCPR,92,livre,0.0,0.20602745263870664,2026-09-24T02:21:13.739-03:00
PUCPR,93,livre,0.0,0.08089781896056422,2026-09-24T02:21:13.739-03:00
PUCPR,94,ocupada,0.38451823592185974,0.9642442031875477,2026-09-24T02:21:13.739-03:00
PUCPR,95,ocupada,0.40795978903770447,0.8712259050505834,2026-09-24T02:21:13.739-03:00
PUCPR,96,livre,0.0,0.0,2026-09-24T02:21:13.739-03:00
PUCPR,97,livre,0.0,0.0,2026-09-24T02:21:13.739-03:00
PUCPR,98,livre,0.0,0.0,2026-09-24T02:21:13.739-03:00
PUCPR,99,livre,0.0,0.0,2026-09-24T02:21:13.739-03:00
PUCPR,1,livre,0.0,0.14480214811213948,2026-09-24T02:21:13.810-03:00
PUCPR,10,livre,0.0,0.0,2026-09-24T02:21:13.810-03:00
PUCPR,100,livre,0.0,0.0,2026-09-24T02:21:13.810-03:00
PUCPR,11,livre,0.0,0.0,2026-09-24T02:21:13.810-03:00
PUCPR,12,livre,0.0,0.0,2026-09-24T02:21:13.810-03:00
PUCPR,13,livre,0.0,0.0,2026-09-24T02:21:13.810-03:00
PUCPR,14,livre,0.0,0.0,2026-09-24T02:21:13.810-03:00
PUCPR,15,livre,0.0,0.0,2026-09-24T02:21:13.810-03:00
PUCPR,16,livre,0.0,0.0,2026-09-24T02:21:13.810-03:00
PUCPR,17,livre,0.0,0.0,2026-09-24T02:21:13.810-03:00
PUCPR,18,livre,0.0,0.0,2026-09-24T02:21:13.810-03:00
PUCPR,19,livre,0.0,0.0,2026-09-24T02:21:13.810-03:00
PUCPR,2,livre,0.0,0.0,2026-09-24T02:21:13.810-03:00
PUCPR,20,livre,0.0,0.0,2026-09-24T02:21:13.810-03:00
PUCPR,21,livre,0.0,0.0,2026-09-24T02:21:13.810-03:00
PUCPR,22,ocupada,0.3227675259113312,0.7263785752213838,2026-09-24T02:21:13.810-03:00
PUCPR,23,livre,0.0,0.010651721208369191,2026-09-24T02:21:13.810-03:00
PUCPR,24,livre,0.0,0.00821551321918267,2026-09-24T02:21:13.810-03:00
PUCPR,25,livre,0.0,0.0,2026-09-24T02:21:13.810-03:00
PUCPR,26,livre,0.0,0.0,2026-09-24T02:21:13.810-03:00
PUCPR,27,livre,0.0,0.0,2026-09-24T02:21:13.810-03:00
PUCPR,28,livre,0.0,0.0,2026-09-24T02:21:13.810-03:00
PUCPR,29,livre,0.0,0.0,2026-09-24T02:21:13.810-03:00
PUCPR,3,livre,0.0,0.0,2026-09-24T02:21:13.810-03:00
PUCPR,30,livre,0.0,0.0,2026-09-24T02:21:13.810-03:00
PUCPR,31,livre,0.0,0.0,2026-09-24T02:21:13.810-03:00
PUCPR,32,livre,0.0,0.0,2026-09-24T02:21:13.810-03:00
PUCPR,33,livre,0.0,0.0,2026-09-24T02:21:13.810-03:00
PUCPR,34,livre,0.0,0.0,2026-09-24T02:21:13.810-03:00
PUCPR,35,livre,0.0,0.0,2026-09-24T02:21:13.810-03:00
PUCPR,36,livre,0.0,0.033866092015192514,2026-09-24T02:21:13.810-03:00
PUCPR,37,livre,0.0,0.0006034513435160569,2026-09-24T02:21:13.810-03:00
PUCPR,38,livre,0.0,0.0,2026-09-24T02:21:13.810-03:00
PUCPR,39,livre,0.0,0.0,2026-09-24T02:21:13.810-03:00
PUCPR,4,livre,0.0,0.0,2026-09-24T02:21:13.810-03:00
PUCPR,40,livre,0.0,0.0,2026-09-24T02:21:13.810-03:00
PUCPR,41,livre,0.0,0.0,2026-09-24T02:21:13.810-03:00
PUCPR,42,livre,0.0,0.0,2026-09-24T02:21:13.810-03:00
PUCPR,43,livre,0.0,0.0,2026-09-24T02:21:13.810-03:00
PUCPR,44,livre,0.0,0.0,2026-09-24T02:21:13.810-03:00
PUCPR,45,ocupada,0.3466659188270569,0.7304997783179638,2026-09-24T02:21:13.810-03:00
PUCPR,46,ocupada,0.2518821358680725,0.8554207259197778,2026-09-24T02:21:13.810-03:00
PUCPR,47,livre,0.0,0.12403473134181765,2026-09-24T02:21:13.810-03:00
PUCPR,48,livre,0.0,0.052380321599782724,2026-09-24T02:21:13.810-03:00
PUCPR,49,ocupada,0.37915387749671936,0.9036606490708491,2026-09-24T02:21:13.810-03:00
PUCPR,5,livre,0.0,0.0,2026-09-24T02:21:13.810-03:00
PUCPR,50,livre,0.0,0.0,2026-09-24T02:21:13.810-03:00
PUCPR,51,livre,0.0,0.0,2026-09-24T02:21:13.810-03:00
PUCPR,52,livre,0.0,0.0,2026-09-24T02:21:13.810-03:00
PUCPR,53,livre,0.0,0.0,2026-09-24T02:21:13.810-03:00
PUCPR,54,livre,0.0,0.0,2026-09-24T02:21:13.810-03:00
PUCPR,55,livre,0.0,0.0,2026-09-24T02:21:13.810-03:00
PUCPR,56,livre,0.0,0.0,2026-09-24T02:21:13.810-03:00
PUCPR,57,livre,0.0,0.0,2026-09-24T02:21:13.810-03:00
PUCPR,58,ocupada,0.3578740656375885,0.7759544576041568,2026-09-24T02:21:13.810-03:00
PUCPR,59,ocupada,0.5323847532272339,0.8628597203980404,2026-09-24T02:21:13.810-03:00
PUCPR,6,livre,0.0,0.0,2026-09-24T02:21:13.810-03:00
PUCPR,60,livre,0.0,0.0,2026-09-24T02:21:13.810-03:00
PUCPR,61,ocupada,0.28454065322875977,0.791293841582494,2026-09-24T02:21:13.810-03:00
PUCPR,62,livre,0.0,9.228346515364937e-05,2026-09-24T02:21:13.810-03:00
PUCPR,63,livre,0.0,0.0,2026-09-24T02:21:13.810-03:00
PUCPR,64,livre,0.0,0.0,2026-09-24T02:21:13.810-03:00
PUCPR,65,livre,0.0,0.0,2026-09-24T02:21:13.810-03:00
PUCPR,66,ocupada,0.3581835925579071,0.8397901958803912,2026-09-24T02:21:13.810-03:00
PUCPR,67,ocupada,0.4402565658092499,0.8134343103221194,2026-09-24T02:21:13.810-03:00
PUCPR,68,livre,0.0,0.1799568211545225,2026-09-24T02:21:13.810-03:00
PUCPR,69,livre,0.0,0.0,2026-09-24T02:21:13.810-03:00
PUCPR,7,livre,0.0,0.0,2026-09-24T02:21:13.810-03:00
PUCPR,70,livre,0.0,0.0,2026-09-24T02:21:13.810-03:00
PUCPR,71,livre,0.0,0.0,2026-09-24T02:21:13.810-03:00
PUCPR,72,ocupada,0.348845899105072,0.9335085826642234,2026-09-24T02:21:13.810-03:00
PUCPR,73,livre,0.25501522421836853,0.905307044303595,2026-09-24T02:21:13.810-03:00
PUCPR,74,livre,0.0,0.07225585786298726,2026-09-24T02:21:13.810-03:00
PUCPR,75,ocupada,0.30644112825393677,0.9701251411482976,2026-09-24T02:21:13.810-03:00
PUCPR,76,livre,0.2710762023925781,0.8407044386254984,2026-09-24T02:21:13.810-03:00
PUCPR,77,livre,0.0,0.0035278639372537607,2026-09-24T02:21:13.810-03:00
PUCPR,78,livre,0.0,0.0,2026-09-24T02:21:13.810-03:00
PUCPR,79,livre,0.0,0.0,2026-09-24T02:21:13.810-03:00
PUCPR,8,livre,0.0,0.0,2026-09-24T02:21:13.810-03:00
PUCPR,80,livre,0.0,0.0,2026-09-24T02:21:13.810-03:00
PUCPR,81,ocupada,0.5409894585609436,0.7059818043909314,2026-09-24T02:21:13.810-03:00
PUCPR,82,ocupada,0.5108098387718201,0.7838984785104056,2026-09-24T02:21:13.810-03:00
PUCPR,83,ocupada,0.41832536458969116,0.8801577131219789,2026-09-24T02:21:13.810-03:00
PUCPR,84,ocupada,0.6608244180679321,0.9143955823184328,2026-09-24T02:21:13.810-03:00
PUCPR,85,ocupada,0.4091585576534271,0.7888939252140924,2026-09-24T02:21:13.810-03:00
PUCPR,86,ocupada,0.44661253690719604,0.8035705879245966,2026-09-24T02:21:13.810-03:00
PUCPR,87,livre,0.0,0.0016357274698998617,2026-09-24T02:21:13.810-03:00
PUCPR,88,livre,0.0,0.0,2026-09-24T02:21:13.810-03:00
PUCPR,89,ocupada,0.5012788772583008,0.9953225405817938,2026-09-24T02:21:13.810-03:00
PUCPR,9,livre,0.0,0.0,2026-09-24T02:21:13.810-03:00
PUCPR,90,ocupada,0.5012788772583008,0.34620982044506676,2026-09-24T02:21:13.810-03:00
PUCPR,91,ocupada,0.45221081376075745,0.9319936548678063,2026-09-24T02:21:13.810-03:00
PUCPR,92,livre,0.0,0.20547818043048507,2026-09-24T02:21:13.810-03:00
PUCPR,93,livre,0.0,0.07595724827178305,2026-09-24T02:21:13.810-03:00
PUCPR,94,ocupada,0.40087002515792847,0.960872583374674,2026-09-24T02:21:13.810-03:00
PUCPR,95,ocupada,0.45483818650245667,0.874382165765919,2026-09-24T02:21:13.810-03:00
PUCPR,96,livre,0.0,0.0,2026-09-24T02:21:13.810-03:00
PUCPR,97,livre,0.0,0.0,2026-09-24T02:21:13.810-03:00
PUCPR,98,livre,0.26239013671875,0.827128636276085,2026-09-24T02:21:13.810-03:00
PUCPR,99,livre,0.0,0.0,2026-09-24T02:21:13.810-03:00
PUCPR,1,livre,0.0,0.15848521278464844,2026-09-24T02:21:13.887-03:00
PUCPR,10,livre,0.0,0.0,2026-09-24T02:21:13.887-03:00
PUCPR,100,livre,0.0,0.0,2026-09-24T02:21:13.887-03:00
PUCPR,11,livre,0.0,0.0,2026-09-24T02:21:13.887-03:00
PUCPR,12,livre,0.0,0.0,2026-09-24T02:21:13.887-03:00
PUCPR,13,livre,0.0,0.0,2026-09-24T02:21:13.887-03:00
PUCPR,14,livre,0.0,0.0,2026-09-24T02:21:13.887-03:00
PUCPR,15,livre,0.0,0.0,2026-09-24T02:21:13.887-03:00
PUCPR,16,livre,0.0,0.0,2026-09-24T02:21:13.887-03:00
PUCPR,17,livre,0.0,0.0,2026-09-24T02:21:13.887-03:00
PUCPR,18,livre,0.0,0.0,2026-09-24T02:21:13.887-03:00
PUCPR,19,livre,0.0,0.0,2026-09-24T02:21:13.887-03:00
PUCPR,2,livre,0.0,0.0,2026-09-24T02:21:13.887-03:00
PUCPR,20,livre,0.0,0.0,2026-09-24T02:21:13.887-03:00
PUCPR,21,livre,0.0,0.0,2026-09-24T02:21:13.887-03:00
PUCPR,22,ocupada,0.26945099234580994,0.6906488395024151,2026-09-24T02:21:13.887-03:00
PUCPR,23,livre,0.0,0.0,2026-09-24T02:21:13.887-03:00
PUCPR,24,livre,0.0,0.0,2026-09-24T02:21:13.887-03:00
PUCPR,25,livre,0.0,0.0,2026-09-24T02:21:13.887-03:00
PUCPR,26,livre,0.0,0.0,2026-09-24T02:21:13.887-03:00
PUCPR,27,livre,0.0,0.0,2026-09-24T02:21:13.887-03:00
PUCPR,28,livre,0.0,0.0,2026-09-24T02:21:13.887-03:00
PUCPR,29,livre,0.0,0.0,2026-09-24T02:21:13.887-03:00
PUCPR,3,livre,0.0,0.0,2026-09-24T02:21:13.887-03:00
PUCPR,30,livre,0.0,0.0,2026-09-24T02:21:13.887-03:00
PUCPR,31,livre,0.0,0.0,2026-09-24T02:21:13.887-03:00
PUCPR,32,livre,0.0,0.0,2026-09-24T02:21:13.887-03:00
PUCPR,33,livre,0.0,0.0,2026-09-24T02:21:13.887-03:00
PUCPR,34,livre,0.0,0.0,2026-09-24T02:21:13.887-03:00
PUCPR,35,livre,0.0,0.0,2026-09-24T02:21:13.887-03:00
PUCPR,36,livre,0.0,0.04241243039071326,2026-09-24T02:21:13.887-03:00
PUCPR,37,livre,0.0,0.0028677499737290208,2026-09-24T02:21:13.887-03:00
PUCPR,38,livre,0.0,0.0,2026-09-24T02:21:13.887-03:00
PUCPR,39,livre,0.0,0.0,2026-09-24T02:21:13.887-03:00
PUCPR,4,livre,0.0,0.0,2026-09-24T02:21:13.887-03:00
PUCPR,40,livre,0.0,0.0,2026-09-24T02:21:13.887-03:00
PUCPR,41,livre,0.0,0.0,2026-09-24T02:21:13.887-03:00
PUCPR,42,livre,0.0,0.0,2026-09-24T02:21:13.887-03:00
PUCPR,43,livre,0.0,0.0,2026-09-24T02:21:13.887-03:00
PUCPR,44,livre,0.0,0.0,2026-09-24T02:21:13.887-03:00
PUCPR,45,ocupada,0.324794203042984,0.7216956007002647,2026-09-24T02:21:13.887-03:00
PUCPR,46,ocupada,0.0,0.015767132352189756,2026-09-24T02:21:13.887-03:00
PUCPR,47,livre,0.0,0.0,2026-09-24T02:21:13.887-03:00
PUCPR,48,livre,0.0,0.06355026316531595,2026-09-24T02:21:13.887-03:00
PUCPR,49,ocupada,0.364344984292984,0.9051181047066663,2026-09-24T02:21:13.887-03:00
PUCPR,5,livre,0.0,0.0,2026-09-24T02:21:13.887-03:00
PUCPR,50,livre,0.0,0.0,2026-09-24T02:21:13.887-03:00
PUCPR,51,livre,0.0,0.0,2026-09-24T02:21:13.887-03:00
PUCPR,52,livre,0.0,0.0,2026-09-24T02:21:13.887-03:00
PUCPR,53,livre,0.0,0.0,2026-09-24T02:21:13.887-03:00
PUCPR,54,livre,0.0,0.0,2026-09-24T02:21:13.887-03:00
PUCPR,55,livre,0.0,0.0,2026-09-24T02:21:13.887-03:00
PUCPR,56,livre,0.0,0.0,2026-09-24T02:21:13.887-03:00
PUCPR,57,livre,0.0,0.0,2026-09-24T02:21:13.887-03:00
PUCPR,58,ocupada,0.3297451138496399,0.7769720418762327,2026-09-24T02:21:13.887-03:00
PUCPR,59,ocupada,0.49320974946022034,0.8556546928637809,2026-09-24T02:21:13.887-03:00
PUCPR,6,livre,0.0,0.0,2026-09-24T02:21:13.887-03:00
PUCPR,60,livre,0.0,0.0,2026-09-24T02:21:13.887-03:00
PUCPR,61,ocupada,0.0,0.0,2026-09-24T02:21:13.887-03:00
PUCPR,62,livre,0.0,0.0,2026-09-24T02:21:13.887-03:00
PUCPR,63,livre,0.0,0.0,2026-09-24T02:21:13.887-03:00
PUCPR,64,livre,0.0,0.0,2026-09-24T02:21:13.887-03:00
PUCPR,65,livre,0.0,0.0,2026-09-24T02:21:13.887-03:00
PUCPR,66,ocupada,0.28246960043907166,0.8443646825127826,2026-09-24T02:21:13.887-03:00
PUCPR,67,ocupada,0.336811900138855,0.8269073635070417,2026-09-24T02:21:13.887-03:00
PUCPR,68,livre,0.0,0.18934446261910737,2026-09-24T02:21:13.887-03:00
PUCPR,69,livre,0.0,0.0,2026-09-24T02:21:13.887-03:00
PUCPR,7,livre,0.0,0.0,2026-09-24T02:21:13.887-03:00
PUCPR,70,livre,0.0,0.0,2026-09-24T02:21:13.887-03:00
PUCPR,71,livre,0.0,0.0,2026-09-24T02:21:13.887-03:00
PUCPR,72,ocupada,0.31282535195350647,0.9144341455133795,2026-09-24T02:21:13.887-03:00
PUCPR,73,livre,0.0,0.10145838995816883,2026-09-24T02:21:13.887-03:00
PUCPR,74,livre,0.0,0.0,2026-09-24T02:21:13.887-03:00
PUCPR,75,ocupada,0.0,0.0,2026-09-24T02:21:13.887-03:00
PUCPR,76,livre,0.0,0.0,2026-09-24T02:21:13.887-03:00
PUCPR,77,livre,0.0,0.0,2026-09-24T02:21:13.887-03:00
PUCPR,78,livre,0.0,0.0,2026-09-24T02:21:13.887-03:00
PUCPR,79,livre,0.0,0.0,2026-09-24T02:21:13.887-03:00
PUCPR,8,livre,0.0,0.0,2026-09-24T02:21:13.887-03:00
PUCPR,80,livre,0.0,0.0,2026-09-24T02:21:13.887-03:00
PUCPR,81,ocupada,0.45658034086227417,0.7123606781772883,2026-09-24T02:21:13.887-03:00
PUCPR,82,ocupada,0.4552018940448761,0.775790571263703,2026-09-24T02:21:13.887-03:00
PUCPR,83,ocupada,0.37777087092399597,0.898155305189416,2026-09-24T02:21:13.887-03:00
PUCPR,84,ocupada,0.6237552165985107,0.9236338151008848,2026-09-24T02:21:13.887-03:00
PUCPR,85,ocupada,0.47465041279792786,0.7790685228175448,2026-09-24T02:21:13.887-03:00
PUCPR,86,ocupada,0.41373181343078613,0.8071100678960745,2026-09-24T02:21:13.887-03:00
PUCPR,87,livre,0.0,0.0020755609914375707,2026-09-24T02:21:13.887-03:00
PUCPR,88,livre,0.2711683511734009,0.8027893054675326,2026-09-24T02:21:13.887-03:00
PUCPR,89,ocupada,0.41129744052886963,0.9951540427263358,2026-09-24T02:21:13.887-03:00
PUCPR,9,livre,0.0,0.0,2026-09-24T02:21:13.887-03:00
PUCPR,90,ocupada,0.41129744052886963,0.35549368389023117,2026-09-24T02:21:13.887-03:00
PUCPR,91,ocupada,0.43372565507888794,0.933630289564522,2026-09-24T02:21:13.887-03:00
PUCPR,92,livre,0.0,0.2154501218904663,2026-09-24T02:21:13.887-03:00
PUCPR,93,livre,0.0,0.06949782071264081,2026-09-24T02:21:13.887-03:00
PUCPR,94,ocupada,0.3383706212043762,0.9560512556202431,2026-09-24T02:21:13.887-03:00
PUCPR,95,ocupada,0.3862566649913788,0.8821898701869408,2026-09-24T02:21:13.887-03:00
PUCPR,96,livre,0.0,0.0,2026-09-24T02:21:13.887-03:00
PUCPR,97,livre,0.0,0.0,2026-09-24T02:21:13.887-03:00
PUCPR,98,livre,0.0,0.0,2026-09-24T02:21:13.887-03:00
PUCPR,99,livre,0.0,0.0,2026-09-24T02:21:13.887-03:00
PUCPR,1,livre,0.0,0.1642881362166903,2026-09-24T02:21:13.963-03:00
PUCPR,10,livre,0.0,0.0,2026-09-24T02:21:13.963-03:00
PUCPR,100,livre,0.0,0.0,2026-09-24T02:21:13.963-03:00
PUCPR,11,livre,0.0,0.0,2026-09-24T02:21:13.963-03:00
PUCPR,12,livre,0.0,0.0,2026-09-24T02:21:13.963-03:00
PUCPR,13,livre,0.0,0.0,2026-09-24T02:21:13.963-03:00
PUCPR,14,livre,0.0,0.0,2026-09-24T02:21:13.963-03:00
PUCPR,15,livre,0.0,0.0,2026-09-24T02:21:13.963-03:00
PUCPR,16,livre,0.0,0.0,2026-09-24T02:21:13.963-03:00
PUCPR,17,livre,0.0,0.0,2026-09-24T02:21:13.963-03:00
PUCPR,18,livre,0.0,0.0,2026-09-24T02:21:13.963-03:00
PUCPR,19,livre,0.0,0.0,2026-09-24T02:21:13.963-03:00
PUCPR,2,livre,0.0,0.0,2026-09-24T02:21:13.963-03:00
PUCPR,20,livre,0.0,0.0,2026-09-24T02:21:13.963-03:00
PUCPR,21,livre,0.0,0.0,2026-09-24T02:21:13.963-03:00
PUCPR,22,ocupada,0.2611222267150879,0.6950482324123267,2026-09-24T02:21:13.963-03:00
PUCPR,23,livre,0.0,0.0,2026-09-24T02:21:13.963-03:00
PUCPR,24,livre,0.0,0.0,2026-09-24T02:21:13.963-03:00
PUCPR,25,livre,0.0,0.0,2026-09-24T02:21:13.963-03:00
PUCPR,26,livre,0.0,0.0,2026-09-24T02:21:13.963-03:00
PUCPR,27,livre,0.0,0.0,2026-09-24T02:21:13.963-03:00
PUCPR,28,livre,0.0,0.0,2026-09-24T02:21:13.963-03:00
PUCPR,29,livre,0.0,0.0,2026-09-24T02:21:13.963-03:00
PUCPR,3,livre,0.0,0.029526441622111977,2026-09-24T02:21:13.963-03:00
PUCPR,30,livre,0.0,0.0,2026-09-24T02:21:13.963-03:00
PUCPR,31,livre,0.0,0.0,2026-09-24T02:21:13.963-03:00
PUCPR,32,livre,0.0,0.0,2026-09-24T02:21:13.963-03:00
PUCPR,33,livre,0.0,0.0,2026-09-24T02:21:13.963-03:00
PUCPR,34,livre,0.0,0.0,2026-09-24T02:21:13.963-03:00
PUCPR,35,livre,0.0,0.0,2026-09-24T02:21:13.963-03:00
PUCPR,36,livre,0.0,0.04089878724206996,2026-09-24T02:21:13.963-03:00
PUCPR,37,livre,0.0,0.0013648236564219852,2026-09-24T02:21:13.963-03:00
PUCPR,38,livre,0.0,0.0,2026-09-24T02:21:13.963-03:00
PUCPR,39,livre,0.0,0.0,2026-09-24T02:21:13.963-03:00
PUCPR,4,livre,0.25840821862220764,0.8142301025284158,2026-09-24T02:21:13.963-03:00
PUCPR,40,livre,0.0,0.0,2026-09-24T02:21:13.963-03:00
PUCPR,41,livre,0.0,0.0,2026-09-24T02:21:13.963-03:00
PUCPR,42,livre,0.0,0.0020668504371376454,2026-09-24T02:21:13.963-03:00
PUCPR,43,livre,0.0,0.0006597456079851997,2026-09-24T02:21:13.963-03:00
PUCPR,44,livre,0.0,0.0,2026-09-24T02:21:13.963-03:00
PUCPR,45,ocupada,0.3278292715549469,0.7046243298868253,2026-09-24T02:21:13.963-03:00
PUCPR,46,ocupada,0.0,0.013772935989490769,2026-09-24T02:21:13.963-03:00
PUCPR,47,livre,0.0,0.0,2026-09-24T02:21:13.963-03:00
PUCPR,48,livre,0.0,0.0759565359527425,2026-09-24T02:21:13.963-03:00
PUCPR,49,ocupada,0.3069632649421692,0.907894455978275,2026-09-24T02:21:13.963-03:00
PUCPR,5,livre,0.0,0.10387325100468141,2026-09-24T02:21:13.963-03:00
PUCPR,50,livre,0.0,0.0,2026-09-24T02:21:13.963-03:00
PUCPR,51,livre,0.0,0.0,2026-09-24T02:21:13.963-03:00
PUCPR,52,livre,0.0,0.0,2026-09-24T02:21:13.963-03:00
PUCPR,53,livre,0.0,0.0,2026-09-24T02:21:13.963-03:00
PUCPR,54,livre,0.0,0.0,2026-09-24T02:21:13.963-03:00
PUCPR,55,livre,0.0,0.0,2026-09-24T02:21:13.963-03:00
PUCPR,56,livre,0.0,0.0,2026-09-24T02:21:13.963-03:00
PUCPR,57,livre,0.0,0.0,2026-09-24T02:21:13.963-03:00
PUCPR,58,ocupada,0.368232399225235,0.7677631392890784,2026-09-24T02:21:13.963-03:00
PUCPR,59,ocupada,0.5647373795509338,0.8493992041876481,2026-09-24T02:21:13.963-03:00
PUCPR,6,livre,0.0,0.0,2026-09-24T02:21:13.963-03:00
PUCPR,60,livre,0.0,0.0,2026-09-24T02:21:13.963-03:00
PUCPR,61,ocupada,0.0,0.0,2026-09-24T02:21:13.963-03:00
PUCPR,62,livre,0.0,0.0,2026-09-24T02:21:13.963-03:00
PUCPR,63,livre,0.0,0.0,2026-09-24T02:21:13.963-03:00
PUCPR,64,livre,0.28132230043411255,0.8964590935244301,2026-09-24T02:21:13.963-03:00
PUCPR,65,livre,0.0,0.03746878672375402,2026-09-24T02:21:13.963-03:00
PUCPR,66,ocupada,0.0,0.0,2026-09-24T02:21:13.963-03:00
PUCPR,67,ocupada,0.355254203081131,0.8156761902912203,2026-09-24T02:21:13.963-03:00
PUCPR,68,livre,0.0,0.19896022571124586,2026-09-24T02:21:13.963-03:00
PUCPR,69,livre,0.0,0.0,2026-09-24T02:21:13.963-03:00
PUCPR,7,livre,0.0,0.0,2026-09-24T02:21:13.963-03:00
PUCPR,70,livre,0.0,0.022420436070067783,2026-09-24T02:21:13.963-03:00
PUCPR,71,livre,0.27678024768829346,0.955428390587188,2026-09-24T02:21:13.963-03:00
PUCPR,72,ocupada,0.2755146622657776,0.9125293501520498,2026-09-24T02:21:13.963-03:00
PUCPR,73,livre,0.0,0.12896981782313394,2026-09-24T02:21:13.963-03:00
PUCPR,74,livre,0.0,0.0,2026-09-24T02:21:13.963-03:00
PUCPR,75,ocupada,0.0,0.0,2026-09-24T02:21:13.963-03:00
PUCPR,76,livre,0.0,0.0,2026-09-24T02:21:13.963-03:00
PUCPR,77,livre,0.0,0.0,2026-09-24T02:21:13.963-03:00
PUCPR,78,livre,0.0,0.0,2026-09-24T02:21:13.963-03:00
PUCPR,79,livre,0.0,0.0,2026-09-24T02:21:13.963-03:00
PUCPR,8,livre,0.0,0.0,2026-09-24T02:21:13.963-03:00
PUCPR,80,livre,0.0,0.0,2026-09-24T02:21:13.963-03:00
PUCPR,81,ocupada,0.5229131579399109,0.7237694041377072,2026-09-24T02:21:13.963-03:00
PUCPR,82,ocupada,0.49803873896598816,0.7769541706155103,2026-09-24T02:21:13.963-03:00
PUCPR,83,ocupada,0.42901256680488586,0.8894194740949148,2026-09-24T02:21:13.963-03:00
PUCPR,84,ocupada,0.6919240355491638,0.9178194730346958,2026-09-24T02:21:13.963-03:00
PUCPR,85,ocupada,0.4381397068500519,0.7782918001760485,2026-09-24T02:21:13.963-03:00
PUCPR,86,ocupada,0.4355434477329254,0.8164068740617672,2026-09-24T02:21:13.963-03:00
PUCPR,87,livre,0.0,0.0013255855184672234,2026-09-24T02:21:13.963-03:00
PUCPR,88,livre,0.25713229179382324,0.8035270299747947,2026-09-24T02:21:13.963-03:00
PUCPR,89,ocupada,0.271728515625,0.998319366126266,2026-09-24T02:21:13.963-03:00
PUCPR,9,livre,0.0,0.0,2026-09-24T02:21:13.963-03:00
PUCPR,90,ocupada,0.271728515625,0.3215346119393563,2026-09-24T02:21:13.963-03:00
PUCPR,91,ocupada,0.3060455918312073,0.9256074387541623,2026-09-24T02:21:13.963-03:00
PUCPR,92,livre,0.0,0.23406938619568446,2026-09-24T02:21:13.963-03:00
PUCPR,93,livre,0.0,0.07224483254795967,2026-09-24T02:21:13.963-03:00
PUCPR,94,ocupada,0.33630168437957764,0.9581622256430451,2026-09-24T02:21:13.963-03:00
PUCPR,95,ocupada,0.3478669226169586,0.8713563643375271,2026-09-24T02:21:13.963-03:00
PUCPR,96,livre,0.0,0.0,2026-09-24T02:21:13.963-03:00
PUCPR,97,livre,0.0,0.0,2026-09-24T02:21:13.963-03:00
PUCPR,98,livre,0.0,0.0,2026-09-24T02:21:13.963-03:00
PUCPR,99,livre,0.0,0.0,2026-09-24T02:21:13.963-03:00
PUCPR,1,livre,0.0,0.15126928736273054,2026-09-24T02:21:14.042-03:00
PUCPR,10,livre,0.0,0.0,2026-09-24T02:21:14.042-03:00
PUCPR,100,livre,0.0,0.0,2026-09-24T02:21:14.042-03:00
PUCPR,11,livre,0.0,0.0,2026-09-24T02:21:14.042-03:00
PUCPR,12,livre,0.0,0.0,2026-09-24T02:21:14.042-03:00
PUCPR,13,livre,0.0,0.0,2026-09-24T02:21:14.042-03:00
PUCPR,14,livre,0.0,0.0,2026-09-24T02:21:14.042-03:00
PUCPR,15,livre,0.0,0.0,2026-09-24T02:21:14.042-03:00
PUCPR,16,livre,0.0,0.0,2026-09-24T02:21:14.042-03:00
PUCPR,17,livre,0.0,0.0,2026-09-24T02:21:14.042-03:00
PUCPR,18,livre,0.0,0.0,2026-09-24T02:21:14.042-03:00
PUCPR,19,livre,0.0,0.0,2026-09-24T02:21:14.042-03:00
PUCPR,2,livre,0.0,0.0,2026-09-24T02:21:14.042-03:00
PUCPR,20,livre,0.0,0.0,2026-09-24T02:21:14.042-03:00
PUCPR,21,livre,0.0,0.0,2026-09-24T02:21:14.042-03:00
PUCPR,22,ocupada,0.0,0.0,2026-09-24T02:21:14.042-03:00
PUCPR,23,livre,0.0,0.0,2026-09-24T02:21:14.042-03:00
PUCPR,24,livre,0.0,0.0,2026-09-24T02:21:14.042-03:00
PUCPR,25,livre,0.0,0.0,2026-09-24T02:21:14.042-03:00
PUCPR,26,livre,0.0,0.0,2026-09-24T02:21:14.042-03:00
PUCPR,27,livre,0.0,0.0,2026-09-24T02:21:14.042-03:00
PUCPR,28,livre,0.0,0.0,2026-09-24T02:21:14.042-03:00
PUCPR,29,livre,0.0,0.0,2026-09-24T02:21:14.042-03:00
PUCPR,3,livre,0.0,0.0,2026-09-24T02:21:14.042-03:00
PUCPR,30,livre,0.0,0.0,2026-09-24T02:21:14.042-03:00
PUCPR,31,livre,0.0,0.0,2026-09-24T02:21:14.042-03:00
PUCPR,32,livre,0.0,0.0,2026-09-24T02:21:14.042-03:00
PUCPR,33,livre,0.0,0.0,2026-09-24T02:21:14.042-03:00
PUCPR,34,livre,0.0,0.0,2026-09-24T02:21:14.042-03:00
PUCPR,35,livre,0.0,0.0,2026-09-24T02:21:14.042-03:00
PUCPR,36,livre,0.0,0.03983348984262333,2026-09-24T02:21:14.042-03:00
PUCPR,37,livre,0.0,0.0011660956419000483,2026-09-24T02:21:14.042-03:00
PUCPR,38,livre,0.0,0.0,2026-09-24T02:21:14.042-03:00
PUCPR,39,livre,0.0,0.0,2026-09-24T02:21:14.042-03:00
PUCPR,4,livre,0.0,0.0,2026-09-24T02:21:14.042-03:00
PUCPR,40,livre,0.0,0.0,2026-09-24T02:21:14.042-03:00
PUCPR,41,livre,0.0,0.0,2026-09-24T02:21:14.042-03:00
PUCPR,42,livre,0.0,0.0,2026-09-24T02:21:14.042-03:00
PUCPR,43,livre,0.0,0.0,2026-09-24T02:21:14.042-03:00
PUCPR,44,livre,0.0,0.0,2026-09-24T02:21:14.042-03:00
PUCPR,45,ocupada,0.31191399693489075,0.753159553752687,2026-09-24T02:21:14.042-03:00
PUCPR,46,livre,0.0,0.02369228578467492,2026-09-24T02:21:14.042-03:00
PUCPR,47,livre,0.0,0.0,2026-09-24T02:21:14.042-03:00
PUCPR,48,livre,0.0,0.06290355269843997,2026-09-24T02:21:14.042-03:00
PUCPR,49,ocupada,0.2683202922344208,0.9097548973234084,2026-09-24T02:21:14.042-03:00
PUCPR,5,livre,0.0,0.0,2026-09-24T02:21:14.042-03:00
PUCPR,50,livre,0.0,0.0,2026-09-24T02:21:14.042-03:00
PUCPR,51,livre,0.0,0.0,2026-09-24T02:21:14.042-03:00
PUCPR,52,livre,0.0,0.0,2026-09-24T02:21:14.042-03:00
PUCPR,53,livre,0.0,0.0,2026-09-24T02:21:14.042-03:00
PUCPR,54,livre,0.0,0.0,2026-09-24T02:21:14.042-03:00
PUCPR,55,livre,0.0,0.0,2026-09-24T02:21:14.042-03:00
PUCPR,56,livre,0.0,0.0,2026-09-24T02:21:14.042-03:00
PUCPR,57,livre,0.0,0.0,2026-09-24T02:21:14.042-03:00
PUCPR,58,ocupada,0.2503396272659302,0.7635742690854509,2026-09-24T02:21:14.042-03:00
PUCPR,59,ocupada,0.42808324098587036,0.8572797536823076,2026-09-24T02:21:14.042-03:00
PUCPR,6,livre,0.0,0.0,2026-09-24T02:21:14.042-03:00
PUCPR,60,livre,0.0,0.0,2026-09-24T02:21:14.042-03:00
PUCPR,61,ocupada,0.25699949264526367,0.8039714285007463,2026-09-24T02:21:14.042-03:00
PUCPR,62,livre,0.0,0.0,2026-09-24T02:21:14.042-03:00
PUCPR,63,livre,0.0,0.0,2026-09-24T02:21:14.042-03:00
PUCPR,64,livre,0.0,0.0,2026-09-24T02:21:14.042-03:00
PUCPR,65,livre,0.0,0.0,2026-09-24T02:21:14.042-03:00
PUCPR,66,ocupada,0.0,0.0,2026-09-24T02:21:14.042-03:00
PUCPR,67,ocupada,0.34535878896713257,0.8324357332831415,2026-09-24T02:21:14.042-03:00
PUCPR,68,livre,0.0,0.1941668947877302,2026-09-24T02:21:14.042-03:00
PUCPR,69,livre,0.0,0.0,2026-09-24T02:21:14.042-03:00
PUCPR,7,livre,0.0,0.0,2026-09-24T02:21:14.042-03:00
PUCPR,70,livre,0.0,0.0,2026-09-24T02:21:14.042-03:00
PUCPR,71,livre,0.0,0.0,2026-09-24T02:21:14.042-03:00
PUCPR,72,ocupada,0.2602258622646332,0.9661073891417634,2026-09-24T02:21:14.042-03:00
PUCPR,73,livre,0.0,0.12258120198154965,2026-09-24T02:21:14.042-03:00
PUCPR,74,livre,0.0,0.0,2026-09-24T02:21:14.042-03:00
PUCPR,75,livre,0.0,0.0,2026-09-24T02:21:14.042-03:00
PUCPR,76,livre,0.0,0.0,2026-09-24T02:21:14.042-03:00
PUCPR,77,livre,0.0,0.0,2026-09-24T02:21:14.042-03:00
PUCPR,78,livre,0.0,0.0,2026-09-24T02:21:14.042-03:00
PUCPR,79,livre,0.0,0.0,2026-09-24T02:21:14.042-03:00
PUCPR,8,livre,0.0,0.0,2026-09-24T02:21:14.042-03:00
PUCPR,80,livre,0.0,0.0,2026-09-24T02:21:14.042-03:00
PUCPR,81,ocupada,0.38448500633239746,0.7149287659755081,2026-09-24T02:21:14.042-03:00
PUCPR,82,ocupada,0.3543139398097992,0.7805710098874068,2026-09-24T02:21:14.042-03:00
PUCPR,83,ocupada,0.25329259037971497,0.875890184980454,2026-09-24T02:21:14.042-03:00
PUCPR,84,ocupada,0.5209571123123169,0.9274909216988637,2026-09-24T02:21:14.042-03:00
PUCPR,85,ocupada,0.4491613805294037,0.7964386090198061,2026-09-24T02:21:14.042-03:00
PUCPR,86,ocupada,0.3121435046195984,0.82113285678089,2026-09-24T02:21:14.042-03:00
PUCPR,87,livre,0.0,0.0024149127206358188,2026-09-24T02:21:14.042-03:00
PUCPR,88,livre,0.0,0.0,2026-09-24T02:21:14.042-03:00
PUCPR,89,ocupada,0.3642325699329376,0.9947134759336782,2026-09-24T02:21:14.042-03:00
PUCPR,9,livre,0.0,0.0,2026-09-24T02:21:14.042-03:00
PUCPR,90,ocupada,0.3642325699329376,0.3019581935942629,2026-09-24T02:21:14.042-03:00
PUCPR,91,ocupada,0.35763150453567505,0.9214067633289017,2026-09-24T02:21:14.042-03:00
PUCPR,92,livre,0.0,0.2149189666805436,2026-09-24T02:21:14.042-03:00
PUCPR,93,livre,0.0,0.046432998887915515,2026-09-24T02:21:14.042-03:00
PUCPR,94,ocupada,0.29829832911491394,0.9290582698712813,2026-09-24T02:21:14.042-03:00
PUCPR,95,ocupada,0.29639703035354614,0.8831624078575568,2026-09-24T02:21:14.042-03:00
PUCPR,96,livre,0.0,0.0,2026-09-24T02:21:14.042-03:00
PUCPR,97,livre,0.0,0.0,2026-09-24T02:21:14.042-03:00
PUCPR,98,livre,0.0,0.0,2026-09-24T02:21:14.042-03:00
PUCPR,99,livre,0.0,0.0,2026-09-24T02:21:14.042-03:00
PUCPR,1,livre,0.0,0.1577464222404726,2026-09-24T02:21:14.123-03:00
PUCPR,10,livre,0.0,0.0,2026-09-24T02:21:14.123-03:00
PUCPR,100,livre,0.0,0.0,2026-09-24T02:21:14.123-03:00
PUCPR,11,livre,0.0,0.0,2026-09-24T02:21:14.123-03:00
PUCPR,12,livre,0.0,0.0,2026-09-24T02:21:14.123-03:00
PUCPR,13,livre,0.0,0.0,2026-09-24T02:21:14.123-03:00
PUCPR,14,livre,0.0,0.0,2026-09-24T02:21:14.123-03:00
PUCPR,15,livre,0.0,0.0,2026-09-24T02:21:14.123-03:00
PUCPR,16,livre,0.0,0.0,2026-09-24T02:21:14.123-03:00
PUCPR,17,livre,0.0,0.0,2026-09-24T02:21:14.123-03:00
PUCPR,18,livre,0.0,0.0,2026-09-24T02:21:14.123-03:00
PUCPR,19,livre,0.0,0.0,2026-09-24T02:21:14.123-03:00
PUCPR,2,livre,0.0,0.0,2026-09-24T02:21:14.123-03:00
PUCPR,20,livre,0.0,0.0,2026-09-24T02:21:14.123-03:00
PUCPR,21,livre,0.0,0.0,2026-09-24T02:21:14.123-03:00
PUCPR,22,ocupada,0.0,0.0,2026-09-24T02:21:14.123-03:00
PUCPR,23,livre,0.0,0.0,2026-09-24T02:21:14.123-03:00
PUCPR,24,livre,0.0,0.0,2026-09-24T02:21:14.123-03:00
PUCPR,25,livre,0.0,0.0,2026-09-24T02:21:14.123-03:00
PUCPR,26,livre,0.0,0.0,2026-09-24T02:21:14.123-03:00
PUCPR,27,livre,0.0,2.1397873852461195e-05,2026-09-24T02:21:14.123-03:00
PUCPR,28,livre,0.0,0.0,2026-09-24T02:21:14.123-03:00
PUCPR,29,livre,0.0,0.0,2026-09-24T02:21:14.123-03:00
PUCPR,3,livre,0.0,0.0,2026-09-24T02:21:14.123-03:00
PUCPR,30,livre,0.0,0.0,2026-09-24T02:21:14.123-03:00
PUCPR,31,livre,0.0,0.0,2026-09-24T02:21:14.123-03:00
PUCPR,32,livre,0.0,0.0,2026-09-24T02:21:14.123-03:00
PUCPR,33,livre,0.0,0.0,2026-09-24T02:21:14.123-03:00
PUCPR,34,livre,0.0,0.0,2026-09-24T02:21:14.123-03:00
PUCPR,35,livre,0.0,0.0,2026-09-24T02:21:14.123-03:00
PUCPR,36,livre,0.0,0.03306305349035886,2026-09-24T02:21:14.123-03:00
PUCPR,37,livre,0.0,0.0005712030495931508,2026-09-24T02:21:14.123-03:00
PUCPR,38,livre,0.0,0.001385120173629505,2026-09-24T02:21:14.123-03:00
PUCPR,39,livre,0.0,0.0,2026-09-24T02:21:14.123-03:00
PUCPR,4,livre,0.0,0.0,2026-09-24T02:21:14.123-03:00
PUCPR,40,livre,0.0,0.0,2026-09-24T02:21:14.123-03:00
PUCPR,41,livre,0.0,0.0,2026-09-24T02:21:14.123-03:00
PUCPR,42,livre,0.0,0.0,2026-09-24T02:21:14.123-03:00
PUCPR,43,livre,0.0,0.0,2026-09-24T02:21:14.123-03:00
PUCPR,44,livre,0.0,0.0,2026-09-24T02:21:14.123-03:00
PUCPR,45,ocupada,0.28914231061935425,0.7389801107793754,2026-09-24T02:21:14.123-03:00
PUCPR,46,livre,0.0,0.021022114831621846,2026-09-24T02:21:14.123-03:00
PUCPR,47,livre,0.0,0.0,2026-09-24T02:21:14.123-03:00
PUCPR,48,livre,0.0,0.06378813694146145,2026-09-24T02:21:14.123-03:00
PUCPR,49,ocupada,0.33339449763298035,0.9152850686171461,2026-09-24T02:21:14.123-03:00
PUCPR,5,livre,0.0,0.0,2026-09-24T02:21:14.123-03:00
PUCPR,50,livre,0.0,0.0,2026-09-24T02:21:14.123-03:00
PUCPR,51,livre,0.0,0.0,2026-09-24T02:21:14.123-03:00
PUCPR,52,livre,0.0,0.0,2026-09-24T02:21:14.123-03:00
PUCPR,53,livre,0.0,0.0,2026-09-24T02:21:14.123-03:00
PUCPR,54,livre,0.0,0.0,2026-09-24T02:21:14.123-03:00
PUCPR,55,livre,0.0,0.0,2026-09-24T02:21:14.123-03:00
PUCPR,56,livre,0.0,0.0,2026-09-24T02:21:14.123-03:00
PUCPR,57,livre,0.0,0.0,2026-09-24T02:21:14.123-03:00
PUCPR,58,ocupada,0.3082079291343689,0.7591265293188254,2026-09-24T02:21:14.123-03:00
PUCPR,59,ocupada,0.5037524104118347,0.8447705562584588,2026-09-24T02:21:14.123-03:00
PUCPR,6,livre,0.0,0.0,2026-09-24T02:21:14.123-03:00
PUCPR,60,livre,0.25754472613334656,0.7860244988937214,2026-09-24T02:21:14.123-03:00
PUCPR,61,livre,0.0,0.0,2026-09-24T02:21:14.123-03:00
PUCPR,62,livre,0.0,0.0,2026-09-24T02:21:14.123-03:00
PUCPR,63,livre,0.0,0.0,2026-09-24T02:21:14.123-03:00
PUCPR,64,livre,0.0,0.0,2026-09-24T02:21:14.123-03:00
PUCPR,65,livre,0.0,0.0,2026-09-24T02:21:14.123-03:00
PUCPR,66,livre,0.0,0.0,2026-09-24T02:21:14.123-03:00
PUCPR,67,ocupada,0.31388580799102783,0.8064993181172723,2026-09-24T02:21:14.123-03:00
PUCPR,68,livre,0.0,0.19116307752060155,2026-09-24T02:21:14.123-03:00
PUCPR,69,livre,0.0,0.0,2026-09-24T02:21:14.123-03:00
PUCPR,7,livre,0.0,0.0,2026-09-24T02:21:14.123-03:00
PUCPR,70,livre,0.0,0.0,2026-09-24T02:21:14.123-03:00
PUCPR,71,livre,0.0,0.0,2026-09-24T02:21:14.123-03:00
PUCPR,72,ocupada,0.0,0.0,2026-09-24T02:21:14.123-03:00
PUCPR,73,livre,0.0,0.0,2026-09-24T02:21:14.123-03:00
PUCPR,74,livre,0.0,0.0,2026-09-24T02:21:14.123-03:00
PUCPR,75,livre,0.0,0.0,2026-09-24T02:21:14.123-03:00
PUCPR,76,livre,0.0,0.0,2026-09-24T02:21:14.123-03:00
PUCPR,77,livre,0.0,0.0,2026-09-24T02:21:14.123-03:00
PUCPR,78,livre,0.0,0.0,2026-09-24T02:21:14.123-03:00
PUCPR,79,livre,0.0,0.0,2026-09-24T02:21:14.123-03:00
PUCPR,8,livre,0.0,0.0,2026-09-24T02:21:14.123-03:00
PUCPR,80,livre,0.0,0.0,2026-09-24T02:21:14.123-03:00
PUCPR,81,ocupada,0.4117334485054016,0.7167315434845185,2026-09-24T02:21:14.123-03:00
PUCPR,82,ocupada,0.4986589252948761,0.7774038849906172,2026-09-24T02:21:14.123-03:00
PUCPR,83,ocupada,0.36011162400245667,0.8715256447704335,2026-09-24T02:21:14.123-03:00
PUCPR,84,ocupada,0.5736590027809143,0.9291536179480542,2026-09-24T02:21:14.123-03:00
PUCPR,85,ocupada,0.4815230965614319,0.785923263469681,2026-09-24T02:21:14.123-03:00
PUCPR,86,ocupada,0.40154433250427246,0.8149228310850509,2026-09-24T02:21:14.123-03:00
PUCPR,87,livre,0.0,0.0018266440825086868,2026-09-24T02:21:14.123-03:00
PUCPR,88,ocupada,0.26673221588134766,0.793605794391569,2026-09-24T02:21:14.123-03:00
PUCPR,89,ocupada,0.3247324824333191,0.9950895271147772,2026-09-24T02:21:14.123-03:00
PUCPR,9,livre,0.0,0.0,2026-09-24T02:21:14.123-03:00
PUCPR,90,ocupada,0.0,0.2959993693594294,2026-09-24T02:21:14.123-03:00
PUCPR,91,ocupada,0.33435359597206116,0.9206674937137282,2026-09-24T02:21:14.123-03:00
PUCPR,92,livre,0.0,0.21437820306604094,2026-09-24T02:21:14.123-03:00
PUCPR,93,livre,0.0,0.0,2026-09-24T02:21:14.123-03:00
PUCPR,94,ocupada,0.0,0.028040308387947452,2026-09-24T02:21:14.123-03:00
PUCPR,95,ocupada,0.2943304181098938,0.8696554358307405,2026-09-24T02:21:14.123-03:00
PUCPR,96,livre,0.0,0.0,2026-09-24T02:21:14.123-03:00
PUCPR,97,livre,0.0,0.0,2026-09-24T02:21:14.123-03:00
PUCPR,98,livre,0.0,0.0,2026-09-24T02:21:14.123-03:00
PUCPR,99,livre,0.0,0.0,2026-09-24T02:21:14.123-03:00
PUCPR,1,livre,0.0,0.1485136941697643,2026-09-24T02:21:14.204-03:00
PUCPR,10,livre,0.0,0.0,2026-09-24T02:21:14.204-03:00
PUCPR,100,livre,0.0,0.0,2026-09-24T02:21:14.204-03:00
PUCPR,11,livre,0.0,0.0,2026-09-24T02:21:14.204-03:00
PUCPR,12,livre,0.0,0.0,2026-09-24T02:21:14.204-03:00
PUCPR,13,livre,0.0,0.0,2026-09-24T02:21:14.204-03:00
PUCPR,14,livre,0.0,0.0,2026-09-24T02:21:14.204-03:00
PUCPR,15,livre,0.0,0.0,2026-09-24T02:21:14.204-03:00
PUCPR,16,livre,0.0,0.0,2026-09-24T02:21:14.204-03:00
PUCPR,17,livre,0.0,0.0,2026-09-24T02:21:14.204-03:00
PUCPR,18,livre,0.0,0.0,2026-09-24T02:21:14.204-03:00
PUCPR,19,livre,0.0,0.0,2026-09-24T02:21:14.204-03:00
PUCPR,2,livre,0.0,0.0,2026-09-24T02:21:14.204-03:00
PUCPR,20,livre,0.0,0.0,2026-09-24T02:21:14.204-03:00
PUCPR,21,livre,0.0,0.0,2026-09-24T02:21:14.204-03:00
PUCPR,22,ocupada,0.3028382658958435,0.6864470494734174,2026-09-24T02:21:14.204-03:00
PUCPR,23,livre,0.0,0.011339618914946484,2026-09-24T02:21:14.204-03:00
PUCPR,24,livre,0.0,0.008746078429369855,2026-09-24T02:21:14.204-03:00
PUCPR,25,livre,0.0,0.0,2026-09-24T02:21:14.204-03:00
PUCPR,26,livre,0.0,0.0,2026-09-24T02:21:14.204-03:00
PUCPR,27,livre,0.0,1.093960941563087e-05,2026-09-24T02:21:14.204-03:00
PUCPR,28,livre,0.0,0.0,2026-09-24T02:21:14.204-03:00
PUCPR,29,livre,0.0,0.0,2026-09-24T02:21:14.204-03:00
PUCPR,3,livre,0.0,0.0,2026-09-24T02:21:14.204-03:00
PUCPR,30,livre,0.0,0.0,2026-09-24T02:21:14.204-03:00
PUCPR,31,livre,0.0,0.0,2026-09-24T02:21:14.204-03:00
PUCPR,32,livre,0.0,0.0,2026-09-24T02:21:14.204-03:00
PUCPR,33,livre,0.0,0.0,2026-09-24T02:21:14.204-03:00
PUCPR,34,livre,0.0,0.0,2026-09-24T02:21:14.204-03:00
PUCPR,35,livre,0.0,0.0,2026-09-24T02:21:14.204-03:00
PUCPR,36,livre,0.420095831155777,0.8972940025079635,2026-09-24T02:21:14.204-03:00
PUCPR,37,livre,0.0,0.0,2026-09-24T02:21:14.204-03:00
PUCPR,38,livre,0.0,0.0025242287510417617,2026-09-24T02:21:14.204-03:00
PUCPR,39,livre,0.0,0.0,2026-09-24T02:21:14.204-03:00
PUCPR,4,livre,0.0,0.0,2026-09-24T02:21:14.204-03:00
PUCPR,40,livre,0.0,0.0,2026-09-24T02:21:14.204-03:00
PUCPR,41,livre,0.0,0.0,2026-09-24T02:21:14.204-03:00
PUCPR,42,livre,0.0,0.0016018397967560315,2026-09-24T02:21:14.204-03:00
PUCPR,43,livre,0.0,3.473823212422576e-05,2026-09-24T02:21:14.204-03:00
PUCPR,44,livre,0.0,0.0,2026-09-24T02:21:14.204-03:00
PUCPR,45,ocupada,0.3157604932785034,0.7100697169480954,2026-09-24T02:21:14.204-03:00
PUCPR,46,livre,0.26998165249824524,0.8248654691302746,2026-09-24T02:21:14.204-03:00
PUCPR,47,livre,0.0,0.09134749820053084,2026-09-24T02:21:14.204-03:00
PUCPR,48,livre,0.0,0.08008769178251267,2026-09-24T02:21:14.204-03:00
PUCPR,49,ocupada,0.29161834716796875,0.9128366400336329,2026-09-24T02:21:14.204-03:00
PUCPR,5,livre,0.0,0.0,2026-09-24T02:21:14.204-03:00
PUCPR,50,livre,0.0,0.0,2026-09-24T02:21:14.204-03:00
PUCPR,51,livre,0.0,0.0,2026-09-24T02:21:14.204-03:00
PUCPR,52,livre,0.0,0.0,2026-09-24T02:21:14.204-03:00
PUCPR,53,livre,0.0,0.0,2026-09-24T02:21:14.204-03:00
PUCPR,54,livre,0.0,0.0,2026-09-24T02:21:14.204-03:00
PUCPR,55,livre,0.0,0.0,2026-09-24T02:21:14.204-03:00
PUCPR,56,livre,0.0,0.0,2026-09-24T02:21:14.204-03:00
PUCPR,57,livre,0.0,0.0,2026-09-24T02:21:14.204-03:00
PUCPR,58,ocupada,0.0,0.0,2026-09-24T02:21:14.204-03:00
PUCPR,59,ocupada,0.44838541746139526,0.8444297014738407,2026-09-24T02:21:14.204-03:00
PUCPR,6,livre,0.0,0.0,2026-09-24T02:21:14.204-03:00
PUCPR,60,livre,0.3646613359451294,0.8412425517786938,2026-09-24T02:21:14.204-03:00
PUCPR,61,livre,0.0,0.0,2026-09-24T02:21:14.204-03:00
PUCPR,62,livre,0.0,0.0,2026-09-24T02:21:14.204-03:00
PUCPR,63,livre,0.0,0.0,2026-09-24T02:21:14.204-03:00
PUCPR,64,livre,0.28384631872177124,0.9172101620779686,2026-09-24T02:21:14.204-03:00
PUCPR,65,livre,0.0,0.030058144221317685,2026-09-24T02:21:14.204-03:00
PUCPR,66,livre,0.0,0.0,2026-09-24T02:21:14.204-03:00
PUCPR,67,ocupada,0.3494160771369934,0.8299564219108877,2026-09-24T02:21:14.204-03:00
PUCPR,68,livre,0.0,0.1929161094101884,2026-09-24T02:21:14.204-03:00
PUCPR,69,livre,0.0,0.0,2026-09-24T02:21:14.204-03:00
PUCPR,7,livre,0.0,0.0,2026-09-24T02:21:14.204-03:00
PUCPR,70,livre,0.0,0.0,2026-09-24T02:21:14.204-03:00
PUCPR,71,livre,0.0,0.0,2026-09-24T02:21:14.204-03:00
PUCPR,72,ocupada,0.0,0.0,2026-09-24T02:21:14.204-03:00
PUCPR,73,livre,0.0,0.0,2026-09-24T02:21:14.204-03:00
PUCPR,74,livre,0.0,0.0,2026-09-24T02:21:14.204-03:00
PUCPR,75,livre,0.0,0.0,2026-09-24T02:21:14.204-03:00
PUCPR,76,livre,0.0,0.0,2026-09-24T02:21:14.204-03:00
PUCPR,77,livre,0.0,0.0,2026-09-24T02:21:14.204-03:00
PUCPR,78,livre,0.0,0.0,2026-09-24T02:21:14.204-03:00
PUCPR,79,livre,0.0,0.0,2026-09-24T02:21:14.204-03:00
PUCPR,8,livre,0.0,0.0,2026-09-24T02:21:14.204-03:00
PUCPR,80,livre,0.0,0.0,2026-09-24T02:21:14.204-03:00
PUCPR,81,ocupada,0.4273199141025543,0.7185070581298639,2026-09-24T02:21:14.204-03:00
PUCPR,82,ocupada,0.38695481419563293,0.7891086671592473,2026-09-24T02:21:14.204-03:00
PUCPR,83,ocupada,0.2826318144798279,0.887535342982283,2026-09-24T02:21:14.204-03:00
PUCPR,84,ocupada,0.5476412773132324,0.9303765251047761,2026-09-24T02:21:14.204-03:00
PUCPR,85,ocupada,0.44802746176719666,0.7885988918391549,2026-09-24T02:21:14.204-03:00
PUCPR,86,ocupada,0.38539791107177734,0.8233040298093481,2026-09-24T02:21:14.204-03:00
PUCPR,87,livre,0.0,0.002902324566406046,2026-09-24T02:21:14.204-03:00
PUCPR,88,ocupada,0.0,0.0,2026-09-24T02:21:14.204-03:00
PUCPR,89,ocupada,0.40439900755882263,0.9947709127705949,2026-09-24T02:21:14.204-03:00
PUCPR,9,livre,0.0,0.0,2026-09-24T02:21:14.204-03:00
PUCPR,90,ocupada,0.40439900755882263,0.37197890827913865,2026-09-24T02:21:14.204-03:00
PUCPR,91,ocupada,0.4468633532524109,0.9235647282705486,2026-09-24T02:21:14.204-03:00
PUCPR,92,livre,0.0,0.23049677960629436,2026-09-24T02:21:14.204-03:00
PUCPR,93,livre,0.0,0.04777814644060973,2026-09-24T02:21:14.204-03:00
PUCPR,94,ocupada,0.2770567536354065,0.9354164700648215,2026-09-24T02:21:14.204-03:00
PUCPR,95,ocupada,0.3011859655380249,0.8872889865202066,2026-09-24T02:21:14.204-03:00
PUCPR,96,livre,0.0,0.0,2026-09-24T02:21:14.204-03:00
PUCPR,97,livre,0.0,0.0,2026-09-24T02:21:14.204-03:00
PUCPR,98,livre,0.0,0.0,2026-09-24T02:21:14.204-03:00
PUCPR,99,livre,0.0,0.0,2026-09-24T02:21:14.204-03:00
PUCPR,1,livre,0.0,0.14774678421973228,2026-09-24T02:21:14.280-03:00
PUCPR,10,livre,0.0,0.0,2026-09-24T02:21:14.280-03:00
PUCPR,100,livre,0.0,0.0,2026-09-24T02:21:14.280-03:00
PUCPR,11,livre,0.0,0.0,2026-09-24T02:21:14.280-03:00
PUCPR,12,livre,0.0,0.0,2026-09-24T02:21:14.280-03:00
PUCPR,13,livre,0.0,0.0,2026-09-24T02:21:14.280-03:00
PUCPR,14,livre,0.0,0.0,2026-09-24T02:21:14.280-03:00
PUCPR,15,livre,0.0,0.0,2026-09-24T02:21:14.280-03:00
PUCPR,16,livre,0.0,0.0,2026-09-24T02:21:14.280-03:00
PUCPR,17,livre,0.0,0.0,2026-09-24T02:21:14.280-03:00
PUCPR,18,livre,0.0,0.0,2026-09-24T02:21:14.280-03:00
PUCPR,19,livre,0.0,0.0,2026-09-24T02:21:14.280-03:00
PUCPR,2,livre,0.0,0.0,2026-09-24T02:21:14.280-03:00
PUCPR,20,livre,0.0,0.0,2026-09-24T02:21:14.280-03:00
PUCPR,21,livre,0.0,0.0,2026-09-24T02:21:14.280-03:00
PUCPR,22,ocupada,0.2970224916934967,0.7222465561516515,2026-09-24T02:21:14.280-03:00
PUCPR,23,livre,0.0,0.013356620379020826,2026-09-24T02:21:14.280-03:00
PUCPR,24,livre,0.0,0.010301761484441417,2026-09-24T02:21:14.280-03:00
PUCPR,25,livre,0.0,0.0,2026-09-24T02:21:14.280-03:00
PUCPR,26,livre,0.0,0.0,2026-09-24T02:21:14.280-03:00
PUCPR,27,livre,0.0,0.0,2026-09-24T02:21:14.280-03:00
PUCPR,28,livre,0.0,0.0,2026-09-24T02:21:14.280-03:00
PUCPR,29,livre,0.0,0.0,2026-09-24T02:21:14.280-03:00
PUCPR,3,livre,0.0,0.0,2026-09-24T02:21:14.280-03:00
PUCPR,30,livre,0.0,0.0,2026-09-24T02:21:14.280-03:00
PUCPR,31,livre,0.0,0.0,2026-09-24T02:21:14.280-03:00
PUCPR,32,livre,0.0,0.0,2026-09-24T02:21:14.280-03:00
PUCPR,33,livre,0.0,0.0,2026-09-24T02:21:14.280-03:00
PUCPR,34,livre,0.0,0.0,2026-09-24T02:21:14.280-03:00
PUCPR,35,livre,0.0,0.0,2026-09-24T02:21:14.280-03:00
PUCPR,36,livre,0.4388272166252136,0.9028818305658607,2026-09-24T02:21:14.280-03:00
PUCPR,37,livre,0.0,0.0,2026-09-24T02:21:14.280-03:00
PUCPR,38,livre,0.0,0.0015763706881543834,2026-09-24T02:21:14.280-03:00
PUCPR,39,livre,0.0,0.0,2026-09-24T02:21:14.280-03:00
PUCPR,4,livre,0.0,0.0,2026-09-24T02:21:14.280-03:00
PUCPR,40,livre,0.0,0.0,2026-09-24T02:21:14.280-03:00
PUCPR,41,livre,0.0,0.0,2026-09-24T02:21:14.280-03:00
PUCPR,42,livre,0.0,0.0016802031188125665,2026-09-24T02:21:14.280-03:00
PUCPR,43,livre,0.0,9.754706566457976e-05,2026-09-24T02:21:14.280-03:00
PUCPR,44,livre,0.0,0.0,2026-09-24T02:21:14.280-03:00
PUCPR,45,ocupada,0.34374693036079407,0.7090584671635487,2026-09-24T02:21:14.280-03:00
PUCPR,46,livre,0.2803249955177307,0.832374891884297,2026-09-24T02:21:14.280-03:00
PUCPR,47,livre,0.0,0.10158364249423608,2026-09-24T02:21:14.280-03:00
PUCPR,48,livre,0.0,0.0633569349656019,2026-09-24T02:21:14.280-03:00
PUCPR,49,ocupada,0.2865009307861328,0.8993459087003459,2026-09-24T02:21:14.280-03:00
PUCPR,5,livre,0.0,0.0,2026-09-24T02:21:14.280-03:00
PUCPR,50,livre,0.0,0.0,2026-09-24T02:21:14.280-03:00
PUCPR,51,livre,0.0,0.0,2026-09-24T02:21:14.280-03:00
PUCPR,52,livre,0.0,0.0,2026-09-24T02:21:14.280-03:00
PUCPR,53,livre,0.0,0.0,2026-09-24T02:21:14.280-03:00
PUCPR,54,livre,0.0,0.0,2026-09-24T02:21:14.280-03:00
PUCPR,55,livre,0.0,0.0,2026-09-24T02:21:14.280-03:00
PUCPR,56,livre,0.0,0.0,2026-09-24T02:21:14.280-03:00
PUCPR,57,livre,0.0,0.0,2026-09-24T02:21:14.280-03:00
PUCPR,58,ocupada,0.0,0.0,2026-09-24T02:21:14.280-03:00
PUCPR,59,ocupada,0.48174142837524414,0.8433153491622054,2026-09-24T02:21:14.280-03:00
PUCPR,6,livre,0.0,0.0,2026-09-24T02:21:14.280-03:00
PUCPR,60,ocupada,0.31906792521476746,0.8166959766667953,2026-09-24T02:21:14.280-03:00
PUCPR,61,livre,0.0,0.0,2026-09-24T02:21:14.280-03:00
PUCPR,62,livre,0.0,0.0,2026-09-24T02:21:14.280-03:00
PUCPR,63,livre,0.0,0.0,2026-09-24T02:21:14.280-03:00
PUCPR,64,ocupada,0.33206138014793396,0.9103207813440513,2026-09-24T02:21:14.280-03:00
PUCPR,65,livre,0.0,0.029719574504382378,2026-09-24T02:21:14.280-03:00
PUCPR,66,livre,0.0,0.0,2026-09-24T02:21:14.280-03:00
PUCPR,67,ocupada,0.3249362111091614,0.8284828214724065,2026-09-24T02:21:14.280-03:00
PUCPR,68,livre,0.0,0.19426383612919748,2026-09-24T02:21:14.280-03:00
PUCPR,69,livre,0.0,0.0,2026-09-24T02:21:14.280-03:00
PUCPR,7,livre,0.0,0.0,2026-09-24T02:21:14.280-03:00
PUCPR,70,livre,0.0,0.0,2026-09-24T02:21:14.280-03:00
PUCPR,71,livre,0.0,0.0,2026-09-24T02:21:14.280-03:00
PUCPR,72,livre,0.0,0.0,2026-09-24T02:21:14.280-03:00
PUCPR,73,livre,0.0,0.0,2026-09-24T02:21:14.280-03:00
PUCPR,74,livre,0.0,0.0,2026-09-24T02:21:14.280-03:00
PUCPR,75,livre,0.0,0.0,2026-09-24T02:21:14.280-03:00
PUCPR,76,livre,0.0,0.0,2026-09-24T02:21:14.280-03:00
PUCPR,77,livre,0.0,0.0,2026-09-24T02:21:14.280-03:00
PUCPR,78,livre,0.0,0.0,2026-09-24T02:21:14.280-03:00
PUCPR,79,livre,0.0,0.0,2026-09-24T02:21:14.280-03:00
PUCPR,8,livre,0.0,0.0,2026-09-24T02:21:14.280-03:00
PUCPR,80,livre,0.0,0.0,2026-09-24T02:21:14.280-03:00
PUCPR,81,ocupada,0.4548010528087616,0.7233671316680713,2026-09-24T02:21:14.280-03:00
PUCPR,82,ocupada,0.38229280710220337,0.7814355352813329,2026-09-24T02:21:14.280-03:00
PUCPR,83,ocupada,0.2661357522010803,0.8926152256492216,2026-09-24T02:21:14.280-03:00
PUCPR,84,ocupada,0.5831289291381836,0.9211238248882059,2026-09-24T02:21:14.280-03:00
PUCPR,85,ocupada,0.43613770604133606,0.798027738875038,2026-09-24T02:21:14.280-03:00
PUCPR,86,ocupada,0.38388171792030334,0.8169827630473268,2026-09-24T02:21:14.280-03:00
PUCPR,87,livre,0.0,0.0018287884716993931,2026-09-24T02:21:14.280-03:00
PUCPR,88,livre,0.0,0.0,2026-09-24T02:21:14.280-03:00
PUCPR,89,ocupada,0.26651328802108765,0.9955257139341936,2026-09-24T02:21:14.280-03:00
PUCPR,9,livre,0.0,0.0,2026-09-24T02:21:14.280-03:00
PUCPR,90,ocupada,0.26651328802108765,0.366790871728802,2026-09-24T02:21:14.280-03:00
PUCPR,91,ocupada,0.38168197870254517,0.9228621498747591,2026-09-24T02:21:14.280-03:00
PUCPR,92,livre,0.0,0.2364268259842733,2026-09-24T02:21:14.280-03:00
PUCPR,93,livre,0.0,0.04572600739493562,2026-09-24T02:21:14.280-03:00
PUCPR,94,ocupada,0.3617612421512604,0.9330118004296349,2026-09-24T02:21:14.280-03:00
PUCPR,95,ocupada,0.0,0.14669948895228951,2026-09-24T02:21:14.280-03:00
PUCPR,96,livre,0.0,0.0,2026-09-24T02:21:14.280-03:00
PUCPR,97,livre,0.0,0.0,2026-09-24T02:21:14.280-03:00
PUCPR,98,livre,0.0,0.0,2026-09-24T02:21:14.280-03:00
PUCPR,99,livre,0.0,0.0,2026-09-24T02:21:14.280-03:00
PUCPR,1,livre,0.0,0.1482670257303864,2026-09-24T02:21:14.354-03:00
PUCPR,10,livre,0.0,0.0,2026-09-24T02:21:14.354-03:00
PUCPR,100,livre,0.0,0.0,2026-09-24T02:21:14.354-03:00
PUCPR,11,livre,0.0,0.0,2026-09-24T02:21:14.354-03:00
PUCPR,12,livre,0.0,0.0,2026-09-24T02:21:14.354-03:00
PUCPR,13,livre,0.0,0.0,2026-09-24T02:21:14.354-03:00
PUCPR,14,livre,0.0,0.0,2026-09-24T02:21:14.354-03:00
PUCPR,15,livre,0.0,0.0,2026-09-24T02:21:14.354-03:00
PUCPR,16,livre,0.0,0.0,2026-09-24T02:21:14.354-03:00
PUCPR,17,livre,0.0,0.0,2026-09-24T02:21:14.354-03:00
PUCPR,18,livre,0.0,0.0,2026-09-24T02:21:14.354-03:00
PUCPR,19,livre,0.0,0.0,2026-09-24T02:21:14.354-03:00
PUCPR,2,livre,0.0,0.0,2026-09-24T02:21:14.354-03:00
PUCPR,20,livre,0.0,0.0,2026-09-24T02:21:14.354-03:00
PUCPR,21,livre,0.0,0.0,2026-09-24T02:21:14.354-03:00
PUCPR,22,livre,0.0,0.0,2026-09-24T02:21:14.354-03:00
PUCPR,23,livre,0.0,0.012197406906027143,2026-09-24T02:21:14.354-03:00
PUCPR,24,livre,0.0,0.009407677474455879,2026-09-24T02:21:14.354-03:00
PUCPR,25,livre,0.0,0.0,2026-09-24T02:21:14.354-03:00
PUCPR,26,livre,0.0,0.0,2026-09-24T02:21:14.354-03:00
PUCPR,27,livre,0.0,0.0,2026-09-24T02:21:14.354-03:00
PUCPR,28,livre,0.0,0.0,2026-09-24T02:21:14.354-03:00
PUCPR,29,livre,0.0,0.0,2026-09-24T02:21:14.354-03:00
PUCPR,3,livre,0.0,0.0,2026-09-24T02:21:14.354-03:00
PUCPR,30,livre,0.0,0.0,2026-09-24T02:21:14.354-03:00
PUCPR,31,livre,0.0,0.0,2026-09-24T02:21:14.354-03:00
PUCPR,32,livre,0.0,0.0,2026-09-24T02:21:14.354-03:00
PUCPR,33,livre,0.0,0.0,2026-09-24T02:21:14.354-03:00
PUCPR,34,livre,0.0,0.0,2026-09-24T02:21:14.354-03:00
PUCPR,35,livre,0.0,0.0,2026-09-24T02:21:14.354-03:00
PUCPR,36,ocupada,0.4131871461868286,0.9023660610653721,2026-09-24T02:21:14.354-03:00
PUCPR,37,livre,0.0,0.0,2026-09-24T02:21:14.354-03:00
PUCPR,38,livre,0.0,0.0,2026-09-24T02:21:14.354-03:00
PUCPR,39,livre,0.0,0.0,2026-09-24T02:21:14.354-03:00
PUCPR,4,livre,0.0,0.0,2026-09-24T02:21:14.354-03:00
PUCPR,40,livre,0.0,0.0,2026-09-24T02:21:14.354-03:00
PUCPR,41,livre,0.0,0.007263373585080468,2026-09-24T02:21:14.354-03:00
PUCPR,42,livre,0.0,0.007351929738148462,2026-09-24T02:21:14.354-03:00
PUCPR,43,livre,0.0,0.0,2026-09-24T02:21:14.354-03:00
PUCPR,44,livre,0.0,0.0,2026-09-24T02:21:14.354-03:00
PUCPR,45,ocupada,0.32819733023643494,0.7033707035895641,2026-09-24T02:21:14.354-03:00
PUCPR,46,ocupada,0.2500859200954437,0.8303027921653809,2026-09-24T02:21:14.354-03:00
PUCPR,47,livre,0.0,0.09906360545380989,2026-09-24T02:21:14.354-03:00
PUCPR,48,livre,0.0,0.08396022242242533,2026-09-24T02:21:14.354-03:00
PUCPR,49,ocupada,0.25598421692848206,0.911393276134914,2026-09-24T02:21:14.354-03:00
PUCPR,5,livre,0.0,0.0,2026-09-24T02:21:14.354-03:00
PUCPR,50,livre,0.0,0.0,2026-09-24T02:21:14.354-03:00
PUCPR,51,livre,0.0,0.0,2026-09-24T02:21:14.354-03:00
PUCPR,52,livre,0.0,0.0,2026-09-24T02:21:14.354-03:00
PUCPR,53,livre,0.0,0.0,2026-09-24T02:21:14.354-03:00
PUCPR,54,livre,0.0,0.0,2026-09-24T02:21:14.354-03:00
PUCPR,55,livre,0.0,0.0,2026-09-24T02:21:14.354-03:00
PUCPR,56,livre,0.0,0.0,2026-09-24T02:21:14.354-03:00
PUCPR,57,livre,0.0,0.0,2026-09-24T02:21:14.354-03:00
PUCPR,58,livre,0.0,0.0,2026-09-24T02:21:14.354-03:00
PUCPR,59,ocupada,0.46160808205604553,0.8453558042655,2026-09-24T02:21:14.354-03:00
PUCPR,6,livre,0.0,0.0,2026-09-24T02:21:14.354-03:00
PUCPR,60,ocupada,0.0,0.0,2026-09-24T02:21:14.354-03:00
PUCPR,61,livre,0.0,0.0,2026-09-24T02:21:14.354-03:00
PUCPR,62,livre,0.0,0.0,2026-09-24T02:21:14.354-03:00
PUCPR,63,livre,0.2547364830970764,0.899792105198356,2026-09-24T02:21:14.354-03:00
PUCPR,64,livre,0.0,0.014911509731028097,2026-09-24T02:21:14.354-03:00
PUCPR,65,livre,0.0,0.0,2026-09-24T02:21:14.354-03:00
PUCPR,66,livre,0.26099491119384766,0.8473509547642268,2026-09-24T02:21:14.354-03:00
PUCPR,67,ocupada,0.3564523160457611,0.8297575742187377,2026-09-24T02:21:14.354-03:00
PUCPR,68,livre,0.0,0.21087728787847884,2026-09-24T02:21:14.354-03:00
PUCPR,69,livre,0.2510805130004883,0.9144905243044775,2026-09-24T02:21:14.354-03:00
PUCPR,7,livre,0.0,0.0,2026-09-24T02:21:14.354-03:00
PUCPR,70,livre,0.0,0.1534284456807278,2026-09-24T02:21:14.354-03:00
PUCPR,71,livre,0.0,0.0,2026-09-24T02:21:14.354-03:00
PUCPR,72,livre,0.2555994391441345,0.9214761676158797,2026-09-24T02:21:14.354-03:00
PUCPR,73,livre,0.0,0.12562508223882926,2026-09-24T02:21:14.354-03:00
PUCPR,74,livre,0.0,0.0,2026-09-24T02:21:14.354-03:00
PUCPR,75,livre,0.0,0.0,2026-09-24T02:21:14.354-03:00
PUCPR,76,livre,0.0,0.0,2026-09-24T02:21:14.354-03:00
PUCPR,77,livre,0.0,0.0,2026-09-24T02:21:14.354-03:00
PUCPR,78,livre,0.0,0.0,2026-09-24T02:21:14.354-03:00
PUCPR,79,livre,0.0,0.0,2026-09-24T02:21:14.354-03:00
PUCPR,8,livre,0.0,0.0,2026-09-24T02:21:14.354-03:00
PUCPR,80,livre,0.0,0.0,2026-09-24T02:21:14.354-03:00
PUCPR,81,ocupada,0.43422815203666687,0.7214508693796662,2026-09-24T02:21:14.354-03:00
PUCPR,82,ocupada,0.38873764872550964,0.7812725050587545,2026-09-24T02:21:14.354-03:00
PUCPR,83,ocupada,0.0,0.003043476173871187,2026-09-24T02:21:14.354-03:00
PUCPR,84,ocupada,0.5703895092010498,0.9256202086117237,2026-09-24T02:21:14.354-03:00
PUCPR,85,ocupada,0.4121532440185547,0.7909741547192443,2026-09-24T02:21:14.354-03:00
PUCPR,86,ocupada,0.4014936685562134,0.8131637007424576,2026-09-24T02:21:14.354-03:00
PUCPR,87,livre,0.0,0.0012979026874974239,2026-09-24T02:21:14.354-03:00
PUCPR,88,livre,0.0,0.0,2026-09-24T02:21:14.354-03:00
PUCPR,89,ocupada,0.4298422932624817,0.9954085523270955,2026-09-24T02:21:14.354-03:00
PUCPR,9,livre,0.0,0.0,2026-09-24T02:21:14.354-03:00
PUCPR,90,ocupada,0.4298422932624817,0.3642123896167363,2026-09-24T02:21:14.354-03:00
PUCPR,91,ocupada,0.423674076795578,0.9222688671091251,2026-09-24T02:21:14.354-03:00
PUCPR,92,livre,0.0,0.23230877068188363,2026-09-24T02:21:14.354-03:00
PUCPR,93,livre,0.0,0.0,2026-09-24T02:21:14.354-03:00
PUCPR,94,ocupada,0.0,0.0,2026-09-24T02:21:14.354-03:00
PUCPR,95,ocupada,0.0,0.0,2026-09-24T02:21:14.354-03:00
PUCPR,96,livre,0.0,0.0,2026-09-24T02:21:14.354-03:00
PUCPR,97,livre,0.0,0.0,2026-09-24T02:21:14.354-03:00
PUCPR,98,livre,0.0,0.0,2026-09-24T02:21:14.354-03:00
PUCPR,99,livre,0.0,0.0,2026-09-24T02:21:14.354-03:00
PUCPR,1,livre,0.0,0.1480729091913119,2026-09-24T02:21:14.440-03:00
PUCPR,10,livre,0.0,0.0,2026-09-24T02:21:14.440-03:00
PUCPR,100,livre,0.0,0.0,2026-09-24T02:21:14.440-03:00
PUCPR,11,livre,0.0,0.0,2026-09-24T02:21:14.440-03:00
PUCPR,12,livre,0.0,0.0,2026-09-24T02:21:14.440-03:00
PUCPR,13,livre,0.0,0.0,2026-09-24T02:21:14.440-03:00
PUCPR,14,livre,0.0,0.0,2026-09-24T02:21:14.440-03:00
PUCPR,15,livre,0.0,0.0,2026-09-24T02:21:14.440-03:00
PUCPR,16,livre,0.0,0.0,2026-09-24T02:21:14.440-03:00
PUCPR,17,livre,0.0,0.0,2026-09-24T02:21:14.440-03:00
PUCPR,18,livre,0.0,0.0,2026-09-24T02:21:14.440-03:00
PUCPR,19,livre,0.0,0.0,2026-09-24T02:21:14.440-03:00
PUCPR,2,livre,0.0,0.0,2026-09-24T02:21:14.440-03:00
PUCPR,20,livre,0.0,0.0,2026-09-24T02:21:14.440-03:00
PUCPR,21,livre,0.0,0.0,2026-09-24T02:21:14.440-03:00
PUCPR,22,ocupada,0.27698323130607605,0.7453058484816698,2026-09-24T02:21:14.440-03:00
PUCPR,23,livre,0.0,0.0,2026-09-24T02:21:14.440-03:00
PUCPR,24,livre,0.0,0.0,2026-09-24T02:21:14.440-03:00
PUCPR,25,livre,0.0,0.0,2026-09-24T02:21:14.440-03:00
PUCPR,26,livre,0.0,0.0,2026-09-24T02:21:14.440-03:00
PUCPR,27,livre,0.0,0.0,2026-09-24T02:21:14.440-03:00
PUCPR,28,livre,0.0,0.0,2026-09-24T02:21:14.440-03:00
PUCPR,29,livre,0.0,0.0,2026-09-24T02:21:14.440-03:00
PUCPR,3,livre,0.0,0.03181390179128482,2026-09-24T02:21:14.440-03:00
PUCPR,30,livre,0.0,0.0,2026-09-24T02:21:14.440-03:00
PUCPR,31,livre,0.0,0.0,2026-09-24T02:21:14.440-03:00
PUCPR,32,livre,0.0,0.0,2026-09-24T02:21:14.440-03:00
PUCPR,33,livre,0.0,0.0,2026-09-24T02:21:14.440-03:00
PUCPR,34,livre,0.0,0.0,2026-09-24T02:21:14.440-03:00
PUCPR,35,livre,0.0,0.0,2026-09-24T02:21:14.440-03:00
PUCPR,36,ocupada,0.4462875425815582,0.8994894191573871,2026-09-24T02:21:14.440-03:00
PUCPR,37,livre,0.0,0.0,2026-09-24T02:21:14.440-03:00
PUCPR,38,livre,0.0,0.0,2026-09-24T02:21:14.440-03:00
PUCPR,39,livre,0.0,0.0,2026-09-24T02:21:14.440-03:00
PUCPR,4,livre,0.25552549958229065,0.8262069473694837,2026-09-24T02:21:14.440-03:00
PUCPR,40,livre,0.0,0.0,2026-09-24T02:21:14.440-03:00
PUCPR,41,livre,0.0,0.013148586295556026,2026-09-24T02:21:14.440-03:00
PUCPR,42,livre,0.0,0.008713450780931883,2026-09-24T02:21:14.440-03:00
PUCPR,43,livre,0.0,0.0,2026-09-24T02:21:14.440-03:00
PUCPR,44,livre,0.0,0.0,2026-09-24T02:21:14.440-03:00
PUCPR,45,ocupada,0.0,0.0,2026-09-24T02:21:14.440-03:00
PUCPR,46,ocupada,0.0,0.0,2026-09-24T02:21:14.440-03:00
PUCPR,47,livre,0.0,0.0,2026-09-24T02:21:14.440-03:00
PUCPR,48,livre,0.0,0.05174747541129032,2026-09-24T02:21:14.440-03:00
PUCPR,49,ocupada,0.27423158288002014,0.9019174676611272,2026-09-24T02:21:14.440-03:00
PUCPR,5,livre,0.0,0.12267880229702065,2026-09-24T02:21:14.440-03:00
PUCPR,50,livre,0.0,0.0,2026-09-24T02:21:14.440-03:00
PUCPR,51,livre,0.0,0.0,2026-09-24T02:21:14.440-03:00
PUCPR,52,livre,0.0,0.0,2026-09-24T02:21:14.440-03:00
PUCPR,53,livre,0.0,0.0,2026-09-24T02:21:14.440-03:00
PUCPR,54,livre,0.0,0.0,2026-09-24T02:21:14.440-03:00
PUCPR,55,livre,0.0,0.0,2026-09-24T02:21:14.440-03:00
PUCPR,56,livre,0.0,0.0,2026-09-24T02:21:14.440-03:00
PUCPR,57,livre,0.0,0.0,2026-09-24T02:21:14.440-03:00
PUCPR,58,livre,0.0,0.0,2026-09-24T02:21:14.440-03:00
PUCPR,59,ocupada,0.4854493737220764,0.8715010726425086,2026-09-24T02:21:14.440-03:00
PUCPR,6,livre,0.0,0.0,2026-09-24T02:21:14.440-03:00
PUCPR,60,ocupada,0.0,0.0,2026-09-24T02:21:14.440-03:00
PUCPR,61,livre,0.0,0.0,2026-09-24T02:21:14.440-03:00
PUCPR,62,livre,0.0,0.0,2026-09-24T02:21:14.440-03:00
PUCPR,63,livre,0.27799296379089355,0.9041352297891497,2026-09-24T02:21:14.440-03:00
PUCPR,64,livre,0.0,0.017426787513891772,2026-09-24T02:21:14.440-03:00
PUCPR,65,livre,0.0,0.0,2026-09-24T02:21:14.440-03:00
PUCPR,66,livre,0.0,0.0,2026-09-24T02:21:14.440-03:00
PUCPR,67,ocupada,0.3433593511581421,0.8299915241058798,2026-09-24T02:21:14.440-03:00
PUCPR,68,livre,0.0,0.22524802297839125,2026-09-24T02:21:14.440-03:00
PUCPR,69,livre,0.0,0.0,2026-09-24T02:21:14.440-03:00
PUCPR,7,livre,0.0,0.0,2026-09-24T02:21:14.440-03:00
PUCPR,70,livre,0.0,0.0,2026-09-24T02:21:14.440-03:00
PUCPR,71,livre,0.0,0.0,2026-09-24T02:21:14.440-03:00
PUCPR,72,livre,0.3127482831478119,0.9172859986897913,2026-09-24T02:21:14.440-03:00
PUCPR,73,livre,0.0,0.12104174670333448,2026-09-24T02:21:14.440-03:00
PUCPR,74,livre,0.0,0.0,2026-09-24T02:21:14.440-03:00
PUCPR,75,livre,0.0,0.0,2026-09-24T02:21:14.440-03:00
PUCPR,76,livre,0.0,0.0,2026-09-24T02:21:14.440-03:00
PUCPR,77,livre,0.0,0.0,2026-09-24T02:21:14.440-03:00
PUCPR,78,livre,0.0,0.0,2026-09-24T02:21:14.440-03:00
PUCPR,79,livre,0.0,0.0,2026-09-24T02:21:14.440-03:00
PUCPR,8,livre,0.0,0.0,2026-09-24T02:21:14.440-03:00
PUCPR,80,livre,0.0,0.0,2026-09-24T02:21:14.440-03:00
PUCPR,81,ocupada,0.4992842674255371,0.7269838229985108,2026-09-24T02:21:14.440-03:00
PUCPR,82,ocupada,0.42461004853248596,0.7773940206063045,2026-09-24T02:21:14.440-03:00
PUCPR,83,ocupada,0.0,0.007806574504208642,2026-09-24T02:21:14.440-03:00
PUCPR,84,ocupada,0.4085331857204437,0.9292381235872884,2026-09-24T02:21:14.440-03:00
PUCPR,85,ocupada,0.3766251504421234,0.8227777696091734,2026-09-24T02:21:14.440-03:00
PUCPR,86,ocupada,0.3696117103099823,0.8027047805445496,2026-09-24T02:21:14.440-03:00
PUCPR,87,livre,0.0,0.00024427029743371193,2026-09-24T02:21:14.440-03:00
PUCPR,88,livre,0.0,0.0,2026-09-24T02:21:14.440-03:00
PUCPR,89,ocupada,0.4157649874687195,0.9939727852683055,2026-09-24T02:21:14.440-03:00
PUCPR,9,livre,0.0,0.0,2026-09-24T02:21:14.440-03:00
PUCPR,90,ocupada,0.4157649874687195,0.3711161438721176,2026-09-24T02:21:14.440-03:00
PUCPR,91,ocupada,0.4197048842906952,0.9257394896978703,2026-09-24T02:21:14.440-03:00
PUCPR,92,livre,0.0,0.22121499940580747,2026-09-24T02:21:14.440-03:00
PUCPR,93,livre,0.0,0.05029717479575223,2026-09-24T02:21:14.440-03:00
PUCPR,94,ocupada,0.49375131726264954,0.938240776545691,2026-09-24T02:21:14.440-03:00
PUCPR,95,ocupada,0.2799665033817291,0.90064069243262,2026-09-24T02:21:14.440-03:00
PUCPR,96,livre,0.0,0.0,2026-09-24T02:21:14.440-03:00
PUCPR,97,livre,0.0,0.0,2026-09-24T02:21:14.440-03:00
PUCPR,98,livre,0.27785438299179077,0.7999905250216373,2026-09-24T02:21:14.440-03:00
PUCPR,99,livre,0.0,0.0,2026-09-24T02:21:14.440-03:00
PUCPR,1,livre,0.0,0.15702250808372015,2026-09-24T02:21:14.522-03:00
PUCPR,10,livre,0.0,0.0,2026-09-24T02:21:14.522-03:00
PUCPR,100,livre,0.0,0.0,2026-09-24T02:21:14.522-03:00
PUCPR,11,livre,0.0,0.0,2026-09-24T02:21:14.522-03:00
PUCPR,12,livre,0.0,0.0,2026-09-24T02:21:14.522-03:00
PUCPR,13,livre,0.0,0.0,2026-09-24T02:21:14.522-03:00
PUCPR,14,livre,0.0,0.0,2026-09-24T02:21:14.522-03:00
PUCPR,15,livre,0.0,0.0,2026-09-24T02:21:14.522-03:00
PUCPR,16,livre,0.0,0.0,2026-09-24T02:21:14.522-03:00
PUCPR,17,livre,0.0,0.0,2026-09-24T02:21:14.522-03:00
PUCPR,18,livre,0.0,0.0,2026-09-24T02:21:14.522-03:00
PUCPR,19,livre,0.0,0.0,2026-09-24T02:21:14.522-03:00
PUCPR,2,livre,0.0,0.0,2026-09-24T02:21:14.522-03:00
PUCPR,20,livre,0.0,0.0,2026-09-24T02:21:14.522-03:00
PUCPR,21,livre,0.0,0.0,2026-09-24T02:21:14.522-03:00
PUCPR,22,ocupada,0.0,0.0,2026-09-24T02:21:14.522-03:00
PUCPR,23,livre,0.0,0.0,2026-09-24T02:21:14.522-03:00
PUCPR,24,livre,0.0,0.0,2026-09-24T02:21:14.522-03:00
PUCPR,25,livre,0.0,0.0,2026-09-24T02:21:14.522-03:00
PUCPR,26,livre,0.0,0.0,2026-09-24T02:21:14.522-03:00
PUCPR,27,livre,0.0,0.0,2026-09-24T02:21:14.522-03:00
PUCPR,28,livre,0.0,0.0,2026-09-24T02:21:14.522-03:00
PUCPR,29,livre,0.0,0.0,2026-09-24T02:21:14.522-03:00
PUCPR,3,livre,0.0,0.03825959445997984,2026-09-24T02:21:14.522-03:00
PUCPR,30,livre,0.0,0.0,2026-09-24T02:21:14.522-03:00
PUCPR,31,livre,0.0,0.0,2026-09-24T02:21:14.522-03:00
PUCPR,32,livre,0.0,0.0,2026-09-24T02:21:14.522-03:00
PUCPR,33,livre,0.0,0.0,2026-09-24T02:21:14.522-03:00
PUCPR,34,livre,0.0,0.0,2026-09-24T02:21:14.522-03:00
PUCPR,35,livre,0.0,0.0,2026-09-24T02:21:14.522-03:00
PUCPR,36,ocupada,0.4778456389904022,0.9065046360154685,2026-09-24T02:21:14.522-03:00
PUCPR,37,livre,0.0,0.0,2026-09-24T02:21:14.522-03:00
PUCPR,38,livre,0.0,0.0049243024131045915,2026-09-24T02:21:14.522-03:00
PUCPR,39,livre,0.0,0.0,2026-09-24T02:21:14.522-03:00
PUCPR,4,livre,0.2714155316352844,0.8271910744296461,2026-09-24T02:21:14.522-03:00
PUCPR,40,livre,0.0,0.0,2026-09-24T02:21:14.522-03:00
PUCPR,41,livre,0.0,0.008770193673031392,2026-09-24T02:21:14.522-03:00
PUCPR,42,livre,0.0,0.007760730348190153,2026-09-24T02:21:14.522-03:00
PUCPR,43,livre,0.0,0.0,2026-09-24T02:21:14.522-03:00
PUCPR,44,livre,0.0,0.0,2026-09-24T02:21:14.522-03:00
PUCPR,45,ocupada,0.0,0.0,2026-09-24T02:21:14.522-03:00
PUCPR,46,ocupada,0.0,0.0,2026-09-24T02:21:14.522-03:00
PUCPR,47,livre,0.0,0.0,2026-09-24T02:21:14.522-03:00
PUCPR,48,livre,0.0,0.055034375822291384,2026-09-24T02:21:14.522-03:00
PUCPR,49,ocupada,0.27105244994163513,0.8868086978755687,2026-09-24T02:21:14.522-03:00
PUCPR,5,livre,0.0,0.09674661495966753,2026-09-24T02:21:14.522-03:00
PUCPR,50,livre,0.0,0.0,2026-09-24T02:21:14.522-03:00
PUCPR,51,livre,0.0,0.0,2026-09-24T02:21:14.522-03:00
PUCPR,52,livre,0.0,0.0,2026-09-24T02:21:14.522-03:00
PUCPR,53,livre,0.0,0.0,2026-09-24T02:21:14.522-03:00
PUCPR,54,livre,0.0,0.0,2026-09-24T02:21:14.522-03:00
PUCPR,55,livre,0.0,0.0,2026-09-24T02:21:14.522-03:00
PUCPR,56,livre,0.0,0.0,2026-09-24T02:21:14.522-03:00
PUCPR,57,livre,0.0,0.0,2026-09-24T02:21:14.522-03:00
PUCPR,58,livre,0.0,0.0,2026-09-24T02:21:14.522-03:00
PUCPR,59,ocupada,0.5372054576873779,0.8590470190561779,2026-09-24T02:21:14.522-03:00
PUCPR,6,livre,0.0,0.0,2026-09-24T02:21:14.522-03:00
PUCPR,60,ocupada,0.33685362339019775,0.830138600667793,2026-09-24T02:21:14.522-03:00
PUCPR,61,livre,0.0,0.0,2026-09-24T02:21:14.522-03:00
PUCPR,62,livre,0.0,0.0,2026-09-24T02:21:14.522-03:00
PUCPR,63,ocupada,0.32560786604881287,0.8921941730791514,2026-09-24T02:21:14.522-03:00
PUCPR,64,livre,0.0,0.01553888123018138,2026-09-24T02:21:14.522-03:00
PUCPR,65,livre,0.0,0.0,2026-09-24T02:21:14.522-03:00
PUCPR,66,livre,0.0,0.0,2026-09-24T02:21:14.522-03:00
PUCPR,67,ocupada,0.3129918575286865,0.8293225311655116,2026-09-24T02:21:14.522-03:00
PUCPR,68,livre,0.0,0.2250592803274883,2026-09-24T02:21:14.522-03:00
PUCPR,69,livre,0.0,0.0,2026-09-24T02:21:14.522-03:00
PUCPR,7,livre,0.0,0.0,2026-09-24T02:21:14.522-03:00
PUCPR,70,livre,0.0,0.0,2026-09-24T02:21:14.522-03:00
PUCPR,71,livre,0.0,0.0,2026-09-24T02:21:14.522-03:00
PUCPR,72,ocupada,0.27963191270828247,0.9259373191280769,2026-09-24T02:21:14.522-03:00
PUCPR,73,livre,0.0,0.12515291216865146,2026-09-24T02:21:14.522-03:00
PUCPR,74,livre,0.0,0.0,2026-09-24T02:21:14.522-03:00
PUCPR,75,livre,0.0,0.010080867065221997,2026-09-24T02:21:14.522-03:00
PUCPR,76,livre,0.25945770740509033,0.8487238491090163,2026-09-24T02:21:14.522-03:00
PUCPR,77,livre,0.0,0.0044531498515881915,2026-09-24T02:21:14.522-03:00
PUCPR,78,livre,0.0,0.0,2026-09-24T02:21:14.522-03:00
PUCPR,79,livre,0.0,0.0,2026-09-24T02:21:14.522-03:00
PUCPR,8,livre,0.0,0.0,2026-09-24T02:21:14.522-03:00
PUCPR,80,livre,0.0,0.0,2026-09-24T02:21:14.522-03:00
PUCPR,81,ocupada,0.49506914615631104,0.7248867828166341,2026-09-24T02:21:14.522-03:00
PUCPR,82,ocupada,0.5036799311637878,0.7766451857865775,2026-09-24T02:21:14.522-03:00
PUCPR,83,livre,0.0,0.0034428870173850963,2026-09-24T02:21:14.522-03:00
PUCPR,84,ocupada,0.5324835181236267,0.9179675340271309,2026-09-24T02:21:14.522-03:00
PUCPR,85,ocupada,0.3819095492362976,0.7932040747888394,2026-09-24T02:21:14.522-03:00
PUCPR,86,ocupada,0.39123013615608215,0.7892368763537257,2026-09-24T02:21:14.522-03:00
PUCPR,87,livre,0.0,0.00011473982911891111,2026-09-24T02:21:14.522-03:00
PUCPR,88,livre,0.28220856189727783,0.7966776981480678,2026-09-24T02:21:14.522-03:00
PUCPR,89,ocupada,0.278413861989975,0.995695049147384,2026-09-24T02:21:14.522-03:00
PUCPR,9,livre,0.0,0.0,2026-09-24T02:21:14.522-03:00
PUCPR,90,ocupada,0.278413861989975,0.3530153753274568,2026-09-24T02:21:14.522-03:00
PUCPR,91,ocupada,0.4864804446697235,0.9417050443181229,2026-09-24T02:21:14.522-03:00
PUCPR,92,livre,0.0,0.25118684037775624,2026-09-24T02:21:14.522-03:00
PUCPR,93,livre,0.2810696065425873,0.9829965037965235,2026-09-24T02:21:14.522-03:00
PUCPR,94,ocupada,0.469587504863739,0.9433379077524436,2026-09-24T02:21:14.522-03:00
PUCPR,95,livre,0.0,0.14577202097398378,2026-09-24T02:21:14.522-03:00
PUCPR,96,livre,0.0,0.0,2026-09-24T02:21:14.522-03:00
PUCPR,97,livre,0.0,0.0,2026-09-24T02:21:14.522-03:00
PUCPR,98,livre,0.0,0.0,2026-09-24T02:21:14.522-03:00
PUCPR,99,livre,0.0,0.0,2026-09-24T02:21:14.522-03:00
PUCPR,1,livre,0.0,0.16188561155538525,2026-09-24T02:21:14.606-03:00
PUCPR,10,livre,0.0,0.0,2026-09-24T02:21:14.606-03:00
PUCPR,100,livre,0.0,0.0,2026-09-24T02:21:14.606-03:00
PUCPR,11,livre,0.0,0.0,2026-09-24T02:21:14.606-03:00
PUCPR,12,livre,0.0,0.0,2026-09-24T02:21:14.606-03:00
PUCPR,13,livre,0.0,0.0,2026-09-24T02:21:14.606-03:00
PUCPR,14,livre,0.0,0.0,2026-09-24T02:21:14.606-03:00
PUCPR,15,livre,0.0,0.0,2026-09-24T02:21:14.606-03:00
PUCPR,16,livre,0.0,0.0,2026-09-24T02:21:14.606-03:00
PUCPR,17,livre,0.0,0.0,2026-09-24T02:21:14.606-03:00
PUCPR,18,livre,0.0,0.0,2026-09-24T02:21:14.606-03:00
PUCPR,19,livre,0.0,0.0,2026-09-24T02:21:14.606-03:00
PUCPR,2,livre,0.0,0.0,2026-09-24T02:21:14.606-03:00
PUCPR,20,livre,0.0,0.0,2026-09-24T02:21:14.606-03:00
PUCPR,21,livre,0.0,0.0,2026-09-24T02:21:14.606-03:00
PUCPR,22,ocupada,0.28660818934440613,0.7741127359717216,2026-09-24T02:21:14.606-03:00
PUCPR,23,livre,0.0,0.0,2026-09-24T02:21:14.606-03:00
PUCPR,24,livre,0.0,0.0,2026-09-24T02:21:14.606-03:00
PUCPR,25,livre,0.0,0.0,2026-09-24T02:21:14.606-03:00
PUCPR,26,livre,0.0,0.0,2026-09-24T02:21:14.606-03:00
PUCPR,27,livre,0.0,0.0,2026-09-24T02:21:14.606-03:00
PUCPR,28,livre,0.0,0.0,2026-09-24T02:21:14.606-03:00
PUCPR,29,livre,0.0,0.0,2026-09-24T02:21:14.606-03:00
PUCPR,3,livre,0.0,0.0,2026-09-24T02:21:14.606-03:00
PUCPR,30,livre,0.0,0.0,2026-09-24T02:21:14.606-03:00
PUCPR,31,livre,0.0,0.0,2026-09-24T02:21:14.606-03:00
PUCPR,32,livre,0.0,0.0,2026-09-24T02:21:14.606-03:00
PUCPR,33,livre,0.0,0.0,2026-09-24T02:21:14.606-03:00
PUCPR,34,livre,0.0,0.0,2026-09-24T02:21:14.606-03:00
PUCPR,35,livre,0.0,0.0,2026-09-24T02:21:14.606-03:00
PUCPR,36,ocupada,0.5037989020347595,0.8942619040622033,2026-09-24T02:21:14.606-03:00
PUCPR,37,livre,0.0,0.0,2026-09-24T02:21:14.606-03:00
PUCPR,38,livre,0.0,0.0011851860488890263,2026-09-24T02:21:14.606-03:00
PUCPR,39,livre,0.0,0.0,2026-09-24T02:21:14.606-03:00
PUCPR,4,livre,0.0,0.0,2026-09-24T02:21:14.606-03:00
PUCPR,40,livre,0.0,0.0,2026-09-24T02:21:14.606-03:00
PUCPR,41,livre,0.0,0.009602633992336733,2026-09-24T02:21:14.606-03:00
PUCPR,42,livre,0.0,0.007046325034618466,2026-09-24T02:21:14.606-03:00
PUCPR,43,livre,0.0,0.0002830757201915858,2026-09-24T02:21:14.606-03:00
PUCPR,44,livre,0.0,0.0,2026-09-24T02:21:14.606-03:00
PUCPR,45,livre,0.0,0.0,2026-09-24T02:21:14.606-03:00
PUCPR,46,livre,0.0,0.0,2026-09-24T02:21:14.606-03:00
PUCPR,47,livre,0.0,0.0,2026-09-24T02:21:14.606-03:00
PUCPR,48,livre,0.0,0.0633428623291595,2026-09-24T02:21:14.606-03:00
PUCPR,49,ocupada,0.31666100025177,0.8973322975316098,2026-09-24T02:21:14.606-03:00
PUCPR,5,livre,0.0,0.0,2026-09-24T02:21:14.606-03:00
PUCPR,50,livre,0.0,0.0,2026-09-24T02:21:14.606-03:00
PUCPR,51,livre,0.0,0.0,2026-09-24T02:21:14.606-03:00
PUCPR,52,livre,0.0,0.0,2026-09-24T02:21:14.606-03:00
PUCPR,53,livre,0.0,0.0,2026-09-24T02:21:14.606-03:00
PUCPR,54,livre,0.0,0.0,2026-09-24T02:21:14.606-03:00
PUCPR,55,livre,0.0,0.0,2026-09-24T02:21:14.606-03:00
PUCPR,56,livre,0.0,0.0,2026-09-24T02:21:14.606-03:00
PUCPR,57,livre,0.0,0.0,2026-09-24T02:21:14.606-03:00
PUCPR,58,livre,0.0,0.0,2026-09-24T02:21:14.606-03:00
PUCPR,59,ocupada,0.5247926115989685,0.8552766903848017,2026-09-24T02:21:14.606-03:00
PUCPR,6,livre,0.0,0.0,2026-09-24T02:21:14.606-03:00
PUCPR,60,ocupada,0.2738807797431946,0.8256404322479088,2026-09-24T02:21:14.606-03:00
PUCPR,61,livre,0.0,0.0,2026-09-24T02:21:14.606-03:00
PUCPR,62,livre,0.0,0.0,2026-09-24T02:21:14.606-03:00
PUCPR,63,ocupada,0.26391181349754333,0.8859607971510686,2026-09-24T02:21:14.606-03:00
PUCPR,64,livre,0.2825426757335663,0.9197726413952976,2026-09-24T02:21:14.606-03:00
PUCPR,65,livre,0.0,0.038154013475420856,2026-09-24T02:21:14.606-03:00
PUCPR,66,livre,0.0,0.0,2026-09-24T02:21:14.606-03:00
PUCPR,67,ocupada,0.29588910937309265,0.821513648092586,2026-09-24T02:21:14.606-03:00
PUCPR,68,livre,0.0,0.2281045808595949,2026-09-24T02:21:14.606-03:00
PUCPR,69,livre,0.2793624997138977,0.91763298333743,2026-09-24T02:21:14.606-03:00
PUCPR,7,livre,0.0,0.0,2026-09-24T02:21:14.606-03:00
PUCPR,70,livre,0.25510174036026,0.926496225587774,2026-09-24T02:21:14.606-03:00
PUCPR,71,livre,0.0,0.29362783709711643,2026-09-24T02:21:14.606-03:00
PUCPR,72,ocupada,0.2881186008453369,0.934441509069215,2026-09-24T02:21:14.606-03:00
PUCPR,73,livre,0.0,0.12614228171289316,2026-09-24T02:21:14.606-03:00
PUCPR,74,livre,0.0,0.0,2026-09-24T02:21:14.606-03:00
PUCPR,75,livre,0.0,0.008618964914720516,2026-09-24T02:21:14.606-03:00
PUCPR,76,livre,0.275497704744339,0.8417454700320798,2026-09-24T02:21:14.606-03:00
PUCPR,77,livre,0.0,0.004099469903338561,2026-09-24T02:21:14.606-03:00
PUCPR,78,livre,0.0,0.0,2026-09-24T02:21:14.606-03:00
PUCPR,79,livre,0.0,0.0,2026-09-24T02:21:14.606-03:00
PUCPR,8,livre,0.0,0.0,2026-09-24T02:21:14.606-03:00
PUCPR,80,livre,0.0,0.0,2026-09-24T02:21:14.606-03:00
PUCPR,81,ocupada,0.4377063810825348,0.7140545318486927,2026-09-24T02:21:14.606-03:00
PUCPR,82,ocupada,0.33869674801826477,0.7715208342656866,2026-09-24T02:21:14.606-03:00
PUCPR,83,livre,0.0,0.000514115733747792,2026-09-24T02:21:14.606-03:00
PUCPR,84,ocupada,0.47462502121925354,0.9030409186686292,2026-09-24T02:21:14.606-03:00
PUCPR,85,ocupada,0.34635862708091736,0.7958827519761915,2026-09-24T02:21:14.606-03:00
PUCPR,86,ocupada,0.35324689745903015,0.8003727478930749,2026-09-24T02:21:14.606-03:00
PUCPR,87,livre,0.0,0.0001990616594933444,2026-09-24T02:21:14.606-03:00
PUCPR,88,livre,0.0,0.0,2026-09-24T02:21:14.606-03:00
PUCPR,89,ocupada,0.0,0.0,2026-09-24T02:21:14.606-03:00
PUCPR,9,livre,0.0,0.0,2026-09-24T02:21:14.606-03:00
PUCPR,90,ocupada,0.0,0.10854783412206973,2026-09-24T02:21:14.606-03:00
PUCPR,91,ocupada,0.35906165838241577,0.9196930246228572,2026-09-24T02:21:14.606-03:00
PUCPR,92,livre,0.0,0.2336126155877024,2026-09-24T02:21:14.606-03:00
PUCPR,93,livre,0.36935216188430786,0.9817636104543935,2026-09-24T02:21:14.606-03:00
PUCPR,94,ocupada,0.5907930731773376,0.9597949591635118,2026-09-24T02:21:14.606-03:00
PUCPR,95,livre,0.2769482731819153,0.8950414073147301,2026-09-24T02:21:14.606-03:00
PUCPR,96,livre,0.0,0.0,2026-09-24T02:21:14.606-03:00
PUCPR,97,livre,0.0,0.0,2026-09-24T02:21:14.606-03:00
PUCPR,98,livre,0.0,0.0,2026-09-24T02:21:14.606-03:00
PUCPR,99,livre,0.0,0.0,2026-09-24T02:21:14.606-03:00
PUCPR,1,livre,0.0,0.149678661624648,2026-09-24T02:21:14.684-03:00
PUCPR,10,livre,0.0,0.0,2026-09-24T02:21:14.684-03:00
PUCPR,100,livre,0.0,0.0,2026-09-24T02:21:14.684-03:00
PUCPR,11,livre,0.0,0.0,2026-09-24T02:21:14.684-03:00
PUCPR,12,livre,0.0,0.0,2026-09-24T02:21:14.684-03:00
PUCPR,13,livre,0.0,0.0,2026-09-24T02:21:14.684-03:00
PUCPR,14,livre,0.0,0.0,2026-09-24T02:21:14.684-03:00
PUCPR,15,livre,0.0,0.0,2026-09-24T02:21:14.684-03:00
PUCPR,16,livre,0.0,0.0,2026-09-24T02:21:14.684-03:00
PUCPR,17,livre,0.0,0.0,2026-09-24T02:21:14.684-03:00
PUCPR,18,livre,0.0,0.0,2026-09-24T02:21:14.684-03:00
PUCPR,19,livre,0.0,0.0,2026-09-24T02:21:14.684-03:00
PUCPR,2,livre,0.0,0.0,2026-09-24T02:21:14.684-03:00
PUCPR,20,livre,0.0,0.0,2026-09-24T02:21:14.684-03:00
PUCPR,21,livre,0.0,0.0,2026-09-24T02:21:14.684-03:00
PUCPR,22,ocupada,0.3231579065322876,0.7523341092982512,2026-09-24T02:21:14.684-03:00
PUCPR,23,livre,0.0,0.0,2026-09-24T02:21:14.684-03:00
PUCPR,24,livre,0.0,0.0,2026-09-24T02:21:14.684-03:00
PUCPR,25,livre,0.0,0.0,2026-09-24T02:21:14.684-03:00
PUCPR,26,livre,0.0,0.0,2026-09-24T02:21:14.684-03:00
PUCPR,27,livre,0.0,0.0,2026-09-24T02:21:14.684-03:00
PUCPR,28,livre,0.0,0.0,2026-09-24T02:21:14.684-03:00
PUCPR,29,livre,0.0,0.0,2026-09-24T02:21:14.684-03:00
PUCPR,3,livre,0.0,0.0,2026-09-24T02:21:14.684-03:00
PUCPR,30,livre,0.0,0.0,2026-09-24T02:21:14.684-03:00
PUCPR,31,livre,0.0,0.0,2026-09-24T02:21:14.684-03:00
PUCPR,32,livre,0.0,0.0,2026-09-24T02:21:14.684-03:00
PUCPR,33,livre,0.0,0.0,2026-09-24T02:21:14.684-03:00
PUCPR,34,livre,0.0,0.0,2026-09-24T02:21:14.684-03:00
PUCPR,35,livre,0.0,0.0,2026-09-24T02:21:14.684-03:00
PUCPR,36,ocupada,0.4847990572452545,0.883857930782072,2026-09-24T02:21:14.684-03:00
PUCPR,37,livre,0.0,0.0,2026-09-24T02:21:14.684-03:00
PUCPR,38,livre,0.0,0.0,2026-09-24T02:21:14.684-03:00
PUCPR,39,livre,0.0,0.0,2026-09-24T02:21:14.684-03:00
PUCPR,4,livre,0.0,0.0,2026-09-24T02:21:14.684-03:00
PUCPR,40,livre,0.0,0.0,2026-09-24T02:21:14.684-03:00
PUCPR,41,livre,0.0,0.012708492116043616,2026-09-24T02:21:14.684-03:00
PUCPR,42,livre,0.0,0.006836460082395716,2026-09-24T02:21:14.684-03:00
PUCPR,43,livre,0.0,0.0,2026-09-24T02:21:14.684-03:00
PUCPR,44,livre,0.0,0.0,2026-09-24T02:21:14.684-03:00
PUCPR,45,livre,0.0,0.0,2026-09-24T02:21:14.684-03:00
PUCPR,46,livre,0.0,0.0,2026-09-24T02:21:14.684-03:00
PUCPR,47,livre,0.0,0.0,2026-09-24T02:21:14.684-03:00
PUCPR,48,livre,0.0,0.057541817912956886,2026-09-24T02:21:14.684-03:00
PUCPR,49,ocupada,0.2719029486179352,0.8879617504476255,2026-09-24T02:21:14.684-03:00
PUCPR,5,livre,0.0,0.0,2026-09-24T02:21:14.684-03:00
PUCPR,50,livre,0.0,0.0,2026-09-24T02:21:14.684-03:00
PUCPR,51,livre,0.0,0.0,2026-09-24T02:21:14.684-03:00
PUCPR,52,livre,0.0,0.0,2026-09-24T02:21:14.684-03:00
PUCPR,53,livre,0.0,0.0,2026-09-24T02:21:14.684-03:00
PUCPR,54,livre,0.0,0.0,2026-09-24T02:21:14.684-03:00
PUCPR,55,livre,0.0,0.0,2026-09-24T02:21:14.684-03:00
PUCPR,56,livre,0.0,0.0,2026-09-24T02:21:14.684-03:00
PUCPR,57,livre,0.0,0.0,2026-09-24T02:21:14.684-03:00
PUCPR,58,livre,0.0,0.0,2026-09-24T02:21:14.684-03:00
PUCPR,59,ocupada,0.4529283940792084,0.8503834627734246,2026-09-24T02:21:14.684-03:00
PUCPR,6,livre,0.0,0.0,2026-09-24T02:21:14.684-03:00
PUCPR,60,livre,0.0,0.0,2026-09-24T02:21:14.684-03:00
PUCPR,61,livre,0.0,0.0,2026-09-24T02:21:14.684-03:00
PUCPR,62,livre,0.0,0.0,2026-09-24T02:21:14.684-03:00
PUCPR,63,ocupada,0.3081890046596527,0.9000049912990317,2026-09-24T02:21:14.684-03:00
PUCPR,64,livre,0.0,0.008504116658709692,2026-09-24T02:21:14.684-03:00
PUCPR,65,livre,0.0,0.0,2026-09-24T02:21:14.684-03:00
PUCPR,66,livre,0.0,0.0,2026-09-24T02:21:14.684-03:00
PUCPR,67,ocupada,0.28379881381988525,0.8346218635224973,2026-09-24T02:21:14.684-03:00
PUCPR,68,livre,0.0,0.24087590287406577,2026-09-24T02:21:14.684-03:00
PUCPR,69,livre,0.0,0.0,2026-09-24T02:21:14.684-03:00
PUCPR,7,livre,0.0,0.0,2026-09-24T02:21:14.684-03:00
PUCPR,70,livre,0.0,0.0,2026-09-24T02:21:14.684-03:00
PUCPR,71,livre,0.0,0.0,2026-09-24T02:21:14.684-03:00
PUCPR,72,ocupada,0.2647459805011749,0.9146181840367035,2026-09-24T02:21:14.684-03:00
PUCPR,73,livre,0.0,0.11483915750156429,2026-09-24T02:21:14.684-03:00
PUCPR,74,livre,0.0,0.0,2026-09-24T02:21:14.684-03:00
PUCPR,75,livre,0.0,0.0,2026-09-24T02:21:14.684-03:00
PUCPR,76,livre,0.0,0.0,2026-09-24T02:21:14.684-03:00
PUCPR,77,livre,0.0,0.0,2026-09-24T02:21:14.684-03:00
PUCPR,78,livre,0.0,0.0,2026-09-24T02:21:14.684-03:00
PUCPR,79,livre,0.0,0.0,2026-09-24T02:21:14.684-03:00
PUCPR,8,livre,0.0,0.0,2026-09-24T02:21:14.684-03:00
PUCPR,80,livre,0.0,0.0,2026-09-24T02:21:14.684-03:00
PUCPR,81,ocupada,0.3942674696445465,0.7168852626826625,2026-09-24T02:21:14.684-03:00
PUCPR,82,ocupada,0.34223678708076477,0.7854508700281717,2026-09-24T02:21:14.684-03:00
PUCPR,83,livre,0.0,0.00016086636712708417,2026-09-24T02:21:14.684-03:00
PUCPR,84,ocupada,0.4848847985267639,0.895269267579138,2026-09-24T02:21:14.684-03:00
PUCPR,85,ocupada,0.40224674344062805,0.7988545575613526,2026-09-24T02:21:14.684-03:00
PUCPR,86,ocupada,0.34536051750183105,0.8034986319194072,2026-09-24T02:21:14.684-03:00
PUCPR,87,livre,0.0,0.0004050513902448869,2026-09-24T02:21:14.684-03:00
PUCPR,88,livre,0.2514582872390747,0.7991680580563284,2026-09-24T02:21:14.684-03:00
PUCPR,89,ocupada,0.0,0.0,2026-09-24T02:21:14.684-03:00
PUCPR,9,livre,0.0,0.0,2026-09-24T02:21:14.684-03:00
PUCPR,90,ocupada,0.0,0.0,2026-09-24T02:21:14.684-03:00
PUCPR,91,ocupada,0.0,0.0,2026-09-24T02:21:14.684-03:00
PUCPR,92,livre,0.0,0.07999133735838965,2026-09-24T02:21:14.684-03:00
PUCPR,93,ocupada,0.3069159984588623,0.9479472859187247,2026-09-24T02:21:14.684-03:00
PUCPR,94,ocupada,0.28076791763305664,0.9489881968684121,2026-09-24T02:21:14.684-03:00
PUCPR,95,ocupada,0.42779773473739624,0.8885355544665445,2026-09-24T02:21:14.684-03:00
PUCPR,96,livre,0.0,0.0,2026-09-24T02:21:14.684-03:00
PUCPR,97,livre,0.0,0.0,2026-09-24T02:21:14.684-03:00
PUCPR,98,livre,0.0,0.0,2026-09-24T02:21:14.684-03:00
PUCPR,99,livre,0.0,0.0,2026-09-24T02:21:14.684-03:00
PUCPR,1,livre,0.0,0.15221011594703457,2026-09-24T02:21:14.766-03:00
PUCPR,10,livre,0.0,0.0,2026-09-24T02:21:14.766-03:00
PUCPR,100,livre,0.0,0.0,2026-09-24T02:21:14.766-03:00
PUCPR,11,livre,0.0,0.0,2026-09-24T02:21:14.766-03:00
PUCPR,12,livre,0.0,0.0,2026-09-24T02:21:14.766-03:00
PUCPR,13,livre,0.0,0.0,2026-09-24T02:21:14.766-03:00
PUCPR,14,livre,0.0,0.0,2026-09-24T02:21:14.766-03:00
PUCPR,15,livre,0.0,0.0,2026-09-24T02:21:14.766-03:00
PUCPR,16,livre,0.0,0.0,2026-09-24T02:21:14.766-03:00
PUCPR,17,livre,0.0,0.0,2026-09-24T02:21:14.766-03:00
PUCPR,18,livre,0.0,0.0,2026-09-24T02:21:14.766-03:00
PUCPR,19,livre,0.0,0.0,2026-09-24T02:21:14.766-03:00
PUCPR,2,livre,0.0,0.0,2026-09-24T02:21:14.766-03:00
PUCPR,20,livre,0.0,0.0,2026-09-24T02:21:14.766-03:00
PUCPR,21,livre,0.0,0.0,2026-09-24T02:21:14.766-03:00
PUCPR,22,ocupada,0.0,0.0,2026-09-24T02:21:14.766-03:00
PUCPR,23,livre,0.0,0.0,2026-09-24T02:21:14.766-03:00
PUCPR,24,livre,0.0,0.0,2026-09-24T02:21:14.766-03:00
PUCPR,25,livre,0.0,0.0,2026-09-24T02:21:14.766-03:00
PUCPR,26,livre,0.0,0.0,2026-09-24T02:21:14.766-03:00
PUCPR,27,livre,0.0,0.0,2026-09-24T02:21:14.766-03:00
PUCPR,28,livre,0.0,0.0,2026-09-24T02:21:14.766-03:00
PUCPR,29,livre,0.0,0.0006843998756666078,2026-09-24T02:21:14.766-03:00
PUCPR,3,livre,0.0,0.0,2026-09-24T02:21:14.766-03:00
PUCPR,30,livre,0.25979629158973694,1.0,2026-09-24T02:21:14.766-03:00
PUCPR,31,livre,0.0,0.21629351828497195,2026-09-24T02:21:14.766-03:00
PUCPR,32,livre,0.0,0.0,2026-09-24T02:21:14.766-03:00
PUCPR,33,livre,0.0,0.0,2026-09-24T02:21:14.766-03:00
PUCPR,34,livre,0.0,0.0,2026-09-24T02:21:14.766-03:00
PUCPR,35,livre,0.0,0.0,2026-09-24T02:21:14.766-03:00
PUCPR,36,ocupada,0.0,0.03655449160524406,2026-09-24T02:21:14.766-03:00
PUCPR,37,livre,0.0,0.0008355490396873203,2026-09-24T02:21:14.766-03:00
PUCPR,38,livre,0.0,0.0,2026-09-24T02:21:14.766-03:00
PUCPR,39,livre,0.0,0.0,2026-09-24T02:21:14.766-03:00
PUCPR,4,livre,0.0,0.0,2026-09-24T02:21:14.766-03:00
PUCPR,40,livre,0.0,0.0,2026-09-24T02:21:14.766-03:00
PUCPR,41,livre,0.0,0.008286621497607309,2026-09-24T02:21:14.766-03:00
PUCPR,42,livre,0.0,0.006515665872982725,2026-09-24T02:21:14.766-03:00
PUCPR,43,livre,0.0,0.0017371139778115407,2026-09-24T02:21:14.766-03:00
PUCPR,44,livre,0.0,0.0,2026-09-24T02:21:14.766-03:00
PUCPR,45,livre,0.0,0.0,2026-09-24T02:21:14.766-03:00
PUCPR,46,livre,0.0,0.0,2026-09-24T02:21:14.766-03:00
PUCPR,47,livre,0.0,0.0,2026-09-24T02:21:14.766-03:00
PUCPR,48,livre,0.0,0.0,2026-09-24T02:21:14.766-03:00
PUCPR,49,ocupada,0.0,0.0,2026-09-24T02:21:14.766-03:00
PUCPR,5,livre,0.0,0.0,2026-09-24T02:21:14.766-03:00
PUCPR,50,livre,0.0,0.0,2026-09-24T02:21:14.766-03:00
PUCPR,51,livre,0.0,0.0,2026-09-24T02:21:14.766-03:00
PUCPR,52,livre,0.0,0.038452922561126625,2026-09-24T02:21:14.766-03:00
PUCPR,53,livre,0.0,0.04516900396115756,2026-09-24T02:21:14.766-03:00
PUCPR,54,livre,0.0,0.0,2026-09-24T02:21:14.766-03:00
PUCPR,55,livre,0.0,0.0,2026-09-24T02:21:14.766-03:00
PUCPR,56,livre,0.0,0.0,2026-09-24T02:21:14.766-03:00
PUCPR,57,livre,0.0,0.0,2026-09-24T02:21:14.766-03:00
PUCPR,58,livre,0.35883912444114685,0.776140574821735,2026-09-24T02:21:14.766-03:00
PUCPR,59,ocupada,0.5389258861541748,0.8520199160882173,2026-09-24T02:21:14.766-03:00
PUCPR,6,livre,0.2814241349697113,0.844176565617141,2026-09-24T02:21:14.766-03:00
PUCPR,60,livre,0.0,0.0,2026-09-24T02:21:14.766-03:00
PUCPR,61,livre,0.0,0.0,2026-09-24T02:21:14.766-03:00
PUCPR,62,livre,0.0,0.0,2026-09-24T02:21:14.766-03:00
PUCPR,63,ocupada,0.26726022362709045,0.8996025345591171,2026-09-24T02:21:14.766-03:00
PUCPR,64,livre,0.2768230140209198,0.9255362048604737,2026-09-24T02:21:14.766-03:00
PUCPR,65,livre,0.0,0.03755920311507988,2026-09-24T02:21:14.766-03:00
PUCPR,66,livre,0.0,0.0,2026-09-24T02:21:14.766-03:00
PUCPR,67,ocupada,0.3060445785522461,0.8241144687198092,2026-09-24T02:21:14.766-03:00
PUCPR,68,livre,0.0,0.19284041170655652,2026-09-24T02:21:14.766-03:00
PUCPR,69,livre,0.251943975687027,0.9201891102753587,2026-09-24T02:21:14.766-03:00
PUCPR,7,livre,0.25700366497039795,0.8901440030744658,2026-09-24T02:21:14.766-03:00
PUCPR,70,livre,0.0,0.19449669308227002,2026-09-24T02:21:14.766-03:00
PUCPR,71,livre,0.0,0.0,2026-09-24T02:21:14.766-03:00
PUCPR,72,ocupada,0.28347620368003845,0.9251771656501093,2026-09-24T02:21:14.766-03:00
PUCPR,73,livre,0.0,0.11940783695508099,2026-09-24T02:21:14.766-03:00
PUCPR,74,livre,0.0,0.0,2026-09-24T02:21:14.766-03:00
PUCPR,75,livre,0.0,0.015154579787522996,2026-09-24T02:21:14.766-03:00
PUCPR,76,ocupada,0.28379514813423157,0.8629992502787971,2026-09-24T02:21:14.766-03:00
PUCPR,77,livre,0.0,0.004333203753207648,2026-09-24T02:21:14.766-03:00
PUCPR,78,livre,0.0,0.0,2026-09-24T02:21:14.766-03:00
PUCPR,79,livre,0.0,0.0,2026-09-24T02:21:14.766-03:00
PUCPR,8,livre,0.0,0.0,2026-09-24T02:21:14.766-03:00
PUCPR,80,livre,0.0,0.0,2026-09-24T02:21:14.766-03:00
PUCPR,81,ocupada,0.3922290802001953,0.7467430771948081,2026-09-24T02:21:14.766-03:00
PUCPR,82,ocupada,0.4958201050758362,0.772212640904296,2026-09-24T02:21:14.766-03:00
PUCPR,83,livre,0.0,0.0009739724677780555,2026-09-24T02:21:14.766-03:00
PUCPR,84,ocupada,0.5324414968490601,0.9134015637585738,2026-09-24T02:21:14.766-03:00
PUCPR,85,ocupada,0.4602005183696747,0.8159050352973577,2026-09-24T02:21:14.766-03:00
PUCPR,86,ocupada,0.4552256166934967,0.8125559083178261,2026-09-24T02:21:14.766-03:00
PUCPR,87,livre,0.2649838626384735,0.8726061495911487,2026-09-24T02:21:14.766-03:00
PUCPR,88,ocupada,0.30880239605903625,0.7931144119764767,2026-09-24T02:21:14.766-03:00
PUCPR,89,livre,0.0,0.0,2026-09-24T02:21:14.766-03:00
PUCPR,9,livre,0.0,0.0,2026-09-24T02:21:14.766-03:00
PUCPR,90,livre,0.0,0.06620726051898097,2026-09-24T02:21:14.766-03:00
PUCPR,91,ocupada,0.26065531373023987,0.9108736074357023,2026-09-24T02:21:14.766-03:00
PUCPR,92,livre,0.0,0.1789601008582201,2026-09-24T02:21:14.766-03:00
PUCPR,93,ocupada,0.0,0.0725722932164062,2026-09-24T02:21:14.766-03:00
PUCPR,94,ocupada,0.3013130724430084,0.7349320356310789,2026-09-24T02:21:14.766-03:00
PUCPR,95,ocupada,0.4299381673336029,0.8528934112707859,2026-09-24T02:21:14.766-03:00
PUCPR,96,livre,0.0,0.0,2026-09-24T02:21:14.766-03:00
PUCPR,97,livre,0.0,0.0,2026-09-24T02:21:14.766-03:00
PUCPR,98,livre,0.0,0.0,2026-09-24T02:21:14.766-03:00
PUCPR,99,livre,0.0,0.0,2026-09-24T02:21:14.766-03:00
PUCPR,1,livre,0.0,0.14367706884734147,2026-09-24T02:21:14.847-03:00
PUCPR,10,livre,0.0,0.0,2026-09-24T02:21:14.847-03:00
PUCPR,100,livre,0.0,0.0,2026-09-24T02:21:14.847-03:00
PUCPR,11,livre,0.0,0.0,2026-09-24T02:21:14.847-03:00
PUCPR,12,livre,0.0,0.0,2026-09-24T02:21:14.847-03:00
PUCPR,13,livre,0.0,0.0,2026-09-24T02:21:14.847-03:00
PUCPR,14,livre,0.0,0.0,2026-09-24T02:21:14.847-03:00
PUCPR,15,livre,0.0,0.0,2026-09-24T02:21:14.847-03:00
PUCPR,16,livre,0.0,0.0,2026-09-24T02:21:14.847-03:00
PUCPR,17,livre,0.0,0.0,2026-09-24T02:21:14.847-03:00
PUCPR,18,livre,0.0,0.0,2026-09-24T02:21:14.847-03:00
PUCPR,19,livre,0.0,0.0,2026-09-24T02:21:14.847-03:00
PUCPR,2,livre,0.0,0.0,2026-09-24T02:21:14.847-03:00
PUCPR,20,livre,0.0,0.0,2026-09-24T02:21:14.847-03:00
PUCPR,21,livre,0.0,0.0,2026-09-24T02:21:14.847-03:00
PUCPR,22,livre,0.0,0.0,2026-09-24T02:21:14.847-03:00
PUCPR,23,livre,0.0,0.011482742983721886,2026-09-24T02:21:14.847-03:00
PUCPR,24,livre,0.0,0.008856467882494926,2026-09-24T02:21:14.847-03:00
PUCPR,25,livre,0.0,0.0,2026-09-24T02:21:14.847-03:00
PUCPR,26,livre,0.0,0.0,2026-09-24T02:21:14.847-03:00
PUCPR,27,livre,0.0,0.0,2026-09-24T02:21:14.847-03:00
PUCPR,28,livre,0.0,0.0,2026-09-24T02:21:14.847-03:00
PUCPR,29,livre,0.0,0.0,2026-09-24T02:21:14.847-03:00
PUCPR,3,livre,0.0,0.03350991525004843,2026-09-24T02:21:14.847-03:00
PUCPR,30,livre,0.0,0.0,2026-09-24T02:21:14.847-03:00
PUCPR,31,livre,0.0,0.0,2026-09-24T02:21:14.847-03:00
PUCPR,32,livre,0.0,0.0,2026-09-24T02:21:14.847-03:00
PUCPR,33,livre,0.0,0.0,2026-09-24T02:21:14.847-03:00
PUCPR,34,livre,0.0,0.0,2026-09-24T02:21:14.847-03:00
PUCPR,35,livre,0.0,0.0,2026-09-24T02:21:14.847-03:00
PUCPR,36,ocupada,0.0,0.0,2026-09-24T02:21:14.847-03:00
PUCPR,37,livre,0.0,0.0,2026-09-24T02:21:14.847-03:00
PUCPR,38,livre,0.0,0.0,2026-09-24T02:21:14.847-03:00
PUCPR,39,livre,0.0,0.0,2026-09-24T02:21:14.847-03:00
PUCPR,4,livre,0.29355040192604065,0.8323957228379304,2026-09-24T02:21:14.847-03:00
PUCPR,40,livre,0.0,0.0,2026-09-24T02:21:14.847-03:00
PUCPR,41,livre,0.0,0.02196531680378964,2026-09-24T02:21:14.847-03:00
PUCPR,42,livre,0.0,0.008705215543869502,2026-09-24T02:21:14.847-03:00
PUCPR,43,livre,0.0,0.00037308562156386873,2026-09-24T02:21:14.847-03:00
PUCPR,44,livre,0.0,0.0,2026-09-24T02:21:14.847-03:00
PUCPR,45,livre,0.0,0.23336855574003,2026-09-24T02:21:14.847-03:00
PUCPR,46,livre,0.27309268712997437,0.8321851397085419,2026-09-24T02:21:14.847-03:00
PUCPR,47,livre,0.0,0.10359988000840678,2026-09-24T02:21:14.847-03:00
PUCPR,48,livre,0.0,0.06461927216659435,2026-09-24T02:21:14.847-03:00
PUCPR,49,ocupada,0.27578258514404297,0.8963737250131913,2026-09-24T02:21:14.847-03:00
PUCPR,5,livre,0.0,0.12241314167435494,2026-09-24T02:21:14.847-03:00
PUCPR,50,livre,0.0,0.0,2026-09-24T02:21:14.847-03:00
PUCPR,51,livre,0.0,0.0,2026-09-24T02:21:14.847-03:00
PUCPR,52,livre,0.0,0.0,2026-09-24T02:21:14.847-03:00
PUCPR,53,livre,0.0,0.0,2026-09-24T02:21:14.847-03:00
PUCPR,54,livre,0.0,0.0,2026-09-24T02:21:14.847-03:00
PUCPR,55,livre,0.0,0.0,2026-09-24T02:21:14.847-03:00
PUCPR,56,livre,0.0,0.0,2026-09-24T02:21:14.847-03:00
PUCPR,57,livre,0.0,0.0,2026-09-24T02:21:14.847-03:00
PUCPR,58,livre,0.0,0.0,2026-09-24T02:21:14.847-03:00
PUCPR,59,ocupada,0.5284794569015503,0.8590461611644569,2026-09-24T02:21:14.847-03:00
PUCPR,6,livre,0.0,0.0,2026-09-24T02:21:14.847-03:00
PUCPR,60,livre,0.0,0.0,2026-09-24T02:21:14.847-03:00
PUCPR,61,livre,0.2570270001888275,0.7523056368419219,2026-09-24T02:21:14.847-03:00
PUCPR,62,livre,0.0,0.0,2026-09-24T02:21:14.847-03:00
PUCPR,63,ocupada,0.2971760630607605,0.8958830444058463,2026-09-24T02:21:14.847-03:00
PUCPR,64,ocupada,0.32107797265052795,0.9191652249661941,2026-09-24T02:21:14.847-03:00
PUCPR,65,livre,0.25238457322120667,0.9366475196684607,2026-09-24T02:21:14.847-03:00
PUCPR,66,livre,0.0,0.03280910136162589,2026-09-24T02:21:14.847-03:00
PUCPR,67,ocupada,0.3925474286079407,0.823622319095584,2026-09-24T02:21:14.847-03:00
PUCPR,68,livre,0.0,0.21361906244531675,2026-09-24T02:21:14.847-03:00
PUCPR,69,ocupada,0.2562188506126404,0.9316352825028869,2026-09-24T02:21:14.847-03:00
PUCPR,7,livre,0.0,0.0,2026-09-24T02:21:14.847-03:00
PUCPR,70,livre,0.0,0.1993676374509559,2026-09-24T02:21:14.847-03:00
PUCPR,71,livre,0.38815838098526,0.9566586697363412,2026-09-24T02:21:14.847-03:00
PUCPR,72,ocupada,0.37329041957855225,0.9069726279963732,2026-09-24T02:21:14.847-03:00
PUCPR,73,livre,0.0,0.1009143055970495,2026-09-24T02:21:14.847-03:00
PUCPR,74,livre,0.0,0.0,2026-09-24T02:21:14.847-03:00
PUCPR,75,livre,0.0,0.012123564809539729,2026-09-24T02:21:14.847-03:00
PUCPR,76,ocupada,0.3792629539966583,0.8534993368231203,2026-09-24T02:21:14.847-03:00
PUCPR,77,livre,0.0,0.006643539313168994,2026-09-24T02:21:14.847-03:00
PUCPR,78,livre,0.0,0.0,2026-09-24T02:21:14.847-03:00
PUCPR,79,livre,0.0,0.0,2026-09-24T02:21:14.847-03:00
PUCPR,8,livre,0.0,0.0,2026-09-24T02:21:14.847-03:00
PUCPR,80,livre,0.0,0.0,2026-09-24T02:21:14.847-03:00
PUCPR,81,ocupada,0.4476974904537201,0.7139225249380711,2026-09-24T02:21:14.847-03:00
PUCPR,82,ocupada,0.4769262373447418,0.7836344880483894,2026-09-24T02:21:14.847-03:00
PUCPR,83,livre,0.0,0.003206751588625201,2026-09-24T02:21:14.847-03:00
PUCPR,84,ocupada,0.3730383515357971,0.9093087449669995,2026-09-24T02:21:14.847-03:00
PUCPR,85,ocupada,0.3242943286895752,0.8001685826944256,2026-09-24T02:21:14.847-03:00
PUCPR,86,ocupada,0.3280802071094513,0.8085749854217604,2026-09-24T02:21:14.847-03:00
PUCPR,87,livre,0.0,0.00014543448021439023,2026-09-24T02:21:14.847-03:00
PUCPR,88,ocupada,0.2624955177307129,0.8069906688672314,2026-09-24T02:21:14.847-03:00
PUCPR,89,livre,0.3835758864879608,0.9997417452848506,2026-09-24T02:21:14.847-03:00
PUCPR,9,livre,0.0,0.0,2026-09-24T02:21:14.847-03:00
PUCPR,90,livre,0.0,0.21757441081662943,2026-09-24T02:21:14.847-03:00
PUCPR,91,ocupada,0.39174628257751465,0.8986096804389466,2026-09-24T02:21:14.847-03:00
PUCPR,92,livre,0.0,0.12810715923993243,2026-09-24T02:21:14.847-03:00
PUCPR,93,ocupada,0.49622875452041626,0.9538761956911719,2026-09-24T02:21:14.847-03:00
PUCPR,94,ocupada,0.2712665796279907,0.7292367865772394,2026-09-24T02:21:14.847-03:00
PUCPR,95,ocupada,0.5244464874267578,0.8312898511387772,2026-09-24T02:21:14.847-03:00
PUCPR,96,livre,0.0,0.0,2026-09-24T02:21:14.847-03:00
PUCPR,97,livre,0.0,0.0,2026-09-24T02:21:14.847-03:00
PUCPR,98,livre,0.0,0.0,2026-09-24T02:21:14.847-03:00
PUCPR,99,livre,0.0,0.0,2026-09-24T02:21:14.847-03:00
PUCPR,1,livre,0.0,0.14515410901975132,2026-09-24T02:21:14.932-03:00
PUCPR,10,livre,0.0,0.0,2026-09-24T02:21:14.932-03:00
PUCPR,100,livre,0.0,0.0,2026-09-24T02:21:14.932-03:00
PUCPR,11,livre,0.0,0.0,2026-09-24T02:21:14.932-03:00
PUCPR,12,livre,0.0,0.0,2026-09-24T02:21:14.932-03:00
PUCPR,13,livre,0.0,0.0,2026-09-24T02:21:14.932-03:00
PUCPR,14,livre,0.0,0.0,2026-09-24T02:21:14.932-03:00
PUCPR,15,livre,0.0,0.0,2026-09-24T02:21:14.932-03:00
PUCPR,16,livre,0.0,0.0,2026-09-24T02:21:14.932-03:00
PUCPR,17,livre,0.0,0.0,2026-09-24T02:21:14.932-03:00
PUCPR,18,livre,0.0,0.0,2026-09-24T02:21:14.932-03:00
PUCPR,19,livre,0.0,0.0,2026-09-24T02:21:14.932-03:00
PUCPR,2,livre,0.0,0.0,2026-09-24T02:21:14.932-03:00
PUCPR,20,livre,0.0,0.0,2026-09-24T02:21:14.932-03:00
PUCPR,21,livre,0.0,0.0,2026-09-24T02:21:14.932-03:00
PUCPR,22,ocupada,0.27108263969421387,0.7434993257967167,2026-09-24T02:21:14.932-03:00
PUCPR,23,livre,0.0,0.0,2026-09-24T02:21:14.932-03:00
PUCPR,24,livre,0.0,0.0,2026-09-24T02:21:14.932-03:00
PUCPR,25,livre,0.0,0.0,2026-09-24T02:21:14.932-03:00
PUCPR,26,livre,0.0,0.0,2026-09-24T02:21:14.932-03:00
PUCPR,27,livre,0.0,0.0,2026-09-24T02:21:14.932-03:00
PUCPR,28,livre,0.0,0.0,2026-09-24T02:21:14.932-03:00
PUCPR,29,livre,0.0,0.0,2026-09-24T02:21:14.932-03:00
PUCPR,3,livre,0.0,0.0,2026-09-24T02:21:14.932-03:00
PUCPR,30,livre,0.0,0.0,2026-09-24T02:21:14.932-03:00
PUCPR,31,livre,0.0,0.0,2026-09-24T02:21:14.932-03:00
PUCPR,32,livre,0.0,0.0,2026-09-24T02:21:14.932-03:00
PUCPR,33,livre,0.0,0.0,2026-09-24T02:21:14.932-03:00
PUCPR,34,livre,0.0,0.0,2026-09-24T02:21:14.932-03:00
PUCPR,35,livre,0.0,0.0,2026-09-24T02:21:14.932-03:00
PUCPR,36,livre,0.0,0.0,2026-09-24T02:21:14.932-03:00
PUCPR,37,livre,0.0,0.0,2026-09-24T02:21:14.932-03:00
PUCPR,38,livre,0.0,0.0,2026-09-24T02:21:14.932-03:00
PUCPR,39,livre,0.0,0.0,2026-09-24T02:21:14.932-03:00
PUCPR,4,livre,0.0,0.0,2026-09-24T02:21:14.932-03:00
PUCPR,40,livre,0.0,0.0,2026-09-24T02:21:14.932-03:00
PUCPR,41,livre,0.0,0.0,2026-09-24T02:21:14.932-03:00
PUCPR,42,livre,0.0,0.0,2026-09-24T02:21:14.932-03:00
PUCPR,43,livre,0.0,0.0,2026-09-24T02:21:14.932-03:00
PUCPR,44,livre,0.0,0.0,2026-09-24T02:21:14.932-03:00
PUCPR,45,livre,0.0,0.0,2026-09-24T02:21:14.932-03:00
PUCPR,46,livre,0.0,0.0,2026-09-24T02:21:14.932-03:00
PUCPR,47,livre,0.0,0.0,2026-09-24T02:21:14.932-03:00
PUCPR,48,livre,0.0,0.0,2026-09-24T02:21:14.932-03:00
PUCPR,49,ocupada,0.0,0.0,2026-09-24T02:21:14.932-03:00
PUCPR,5,livre,0.0,0.0,2026-09-24T02:21:14.932-03:00
PUCPR,50,livre,0.0,0.0,2026-09-24T02:21:14.932-03:00
PUCPR,51,livre,0.0,0.0,2026-09-24T02:21:14.932-03:00
PUCPR,52,livre,0.0,0.0,2026-09-24T02:21:14.932-03:00
PUCPR,53,livre,0.0,0.0,2026-09-24T02:21:14.932-03:00
PUCPR,54,livre,0.0,0.0,2026-09-24T02:21:14.932-03:00
PUCPR,55,livre,0.0,0.0,2026-09-24T02:21:14.932-03:00
PUCPR,56,livre,0.0,0.0,2026-09-24T02:21:14.932-03:00
PUCPR,57,livre,0.0,0.0,2026-09-24T02:21:14.932-03:00
PUCPR,58,livre,0.0,0.0,2026-09-24T02:21:14.932-03:00
PUCPR,59,ocupada,0.4202282428741455,0.8579869945655143,2026-09-24T02:21:14.932-03:00
PUCPR,6,livre,0.0,0.0,2026-09-24T02:21:14.932-03:00
PUCPR,60,livre,0.0,0.0,2026-09-24T02:21:14.932-03:00
PUCPR,61,livre,0.0,0.0,2026-09-24T02:21:14.932-03:00
PUCPR,62,livre,0.0,0.0,2026-09-24T02:21:14.932-03:00
PUCPR,63,ocupada,0.0,0.0,2026-09-24T02:21:14.932-03:00
PUCPR,64,ocupada,0.0,0.0,2026-09-24T02:21:14.932-03:00
PUCPR,65,livre,0.0,0.0,2026-09-24T02:21:14.932-03:00
PUCPR,66,livre,0.0,0.0,2026-09-24T02:21:14.932-03:00
PUCPR,67,ocupada,0.3876160681247711,0.8148316955391691,2026-09-24T02:21:14.932-03:00
PUCPR,68,livre,0.0,0.2053522111360289,2026-09-24T02:21:14.932-03:00
PUCPR,69,ocupada,0.3085762858390808,0.9330723571466382,2026-09-24T02:21:14.932-03:00
PUCPR,7,livre,0.0,0.0,2026-09-24T02:21:14.932-03:00
PUCPR,70,livre,0.0,0.20324671493322338,2026-09-24T02:21:14.932-03:00
PUCPR,71,livre,0.2822358012199402,0.9807561199130176,2026-09-24T02:21:14.932-03:00
PUCPR,72,ocupada,0.2568587362766266,0.9730813321856344,2026-09-24T02:21:14.932-03:00
PUCPR,73,livre,0.0,0.12602332161831883,2026-09-24T02:21:14.932-03:00
PUCPR,74,livre,0.0,0.0,2026-09-24T02:21:14.932-03:00
PUCPR,75,livre,0.0,0.0,2026-09-24T02:21:14.932-03:00
PUCPR,76,ocupada,0.0,0.0,2026-09-24T02:21:14.932-03:00
PUCPR,77,livre,0.0,0.0,2026-09-24T02:21:14.932-03:00
PUCPR,78,livre,0.0,0.0,2026-09-24T02:21:14.932-03:00
PUCPR,79,livre,0.0,0.0,2026-09-24T02:21:14.932-03:00
PUCPR,8,livre,0.0,0.0,2026-09-24T02:21:14.932-03:00
PUCPR,80,livre,0.0,0.0,2026-09-24T02:21:14.932-03:00
PUCPR,81,ocupada,0.3390892446041107,0.7037566520364273,2026-09-24T02:21:14.932-03:00
PUCPR,82,ocupada,0.3819029927253723,0.7713024374194521,2026-09-24T02:21:14.932-03:00
PUCPR,83,livre,0.0,0.0,2026-09-24T02:21:14.932-03:00
PUCPR,84,ocupada,0.0,0.0,2026-09-24T02:21:14.932-03:00
PUCPR,85,ocupada,0.29301315546035767,0.7943931060068992,2026-09-24T02:21:14.932-03:00
PUCPR,86,ocupada,0.0,0.030254090728415093,2026-09-24T02:21:14.932-03:00
PUCPR,87,livre,0.0,2.6524392518946944e-05,2026-09-24T02:21:14.932-03:00
PUCPR,88,ocupada,0.2805844247341156,0.8018048875784637,2026-09-24T02:21:14.932-03:00
PUCPR,89,livre,0.34870362281799316,0.9997141259731925,2026-09-24T02:21:14.932-03:00
PUCPR,9,livre,0.0,0.0,2026-09-24T02:21:14.932-03:00
PUCPR,90,livre,0.0,0.2168157838730964,2026-09-24T02:21:14.932-03:00
PUCPR,91,ocupada,0.35565710067749023,0.8940615445248975,2026-09-24T02:21:14.932-03:00
PUCPR,92,livre,0.0,0.11795112821274474,2026-09-24T02:21:14.932-03:00
PUCPR,93,ocupada,0.4588082730770111,0.9694589563458962,2026-09-24T02:21:14.932-03:00
PUCPR,94,ocupada,0.6115097999572754,0.47181695290986947,2026-09-24T02:21:14.932-03:00
PUCPR,95,ocupada,0.6050993800163269,0.8346732014732524,2026-09-24T02:21:14.932-03:00
PUCPR,96,livre,0.0,0.0,2026-09-24T02:21:14.932-03:00
PUCPR,97,livre,0.0,0.0,2026-09-24T02:21:14.932-03:00
PUCPR,98,livre,0.0,0.02627978064798583,2026-09-24T02:21:14.932-03:00
PUCPR,99,livre,0.2902795374393463,0.7944455032811092,2026-09-24T02:21:14.932-03:00
PUCPR,1,livre,0.0,0.14005548686458466,2026-09-24T02:21:15.006-03:00
PUCPR,10,livre,0.0,0.0,2026-09-24T02:21:15.006-03:00
PUCPR,100,livre,0.0,0.0,2026-09-24T02:21:15.006-03:00
PUCPR,11,livre,0.0,0.0,2026-09-24T02:21:15.006-03:00
PUCPR,12,livre,0.0,0.0,2026-09-24T02:21:15.006-03:00
PUCPR,13,livre,0.0,0.0,2026-09-24T02:21:15.006-03:00
PUCPR,14,livre,0.0,0.0,2026-09-24T02:21:15.006-03:00
PUCPR,15,livre,0.0,0.0,2026-09-24T02:21:15.006-03:00
PUCPR,16,livre,0.0,0.0,2026-09-24T02:21:15.006-03:00
PUCPR,17,livre,0.0,0.0,2026-09-24T02:21:15.006-03:00
PUCPR,18,livre,0.0,0.0,2026-09-24T02:21:15.006-03:00
PUCPR,19,livre,0.0,0.0,2026-09-24T02:21:15.006-03:00
PUCPR,2,livre,0.0,0.0,2026-09-24T02:21:15.006-03:00
PUCPR,20,livre,0.0,0.0,2026-09-24T02:21:15.006-03:00
PUCPR,21,livre,0.0,0.0,2026-09-24T02:21:15.006-03:00
PUCPR,22,livre,0.0,0.0,2026-09-24T02:21:15.006-03:00
PUCPR,23,livre,0.0,0.0,2026-09-24T02:21:15.006-03:00
PUCPR,24,livre,0.0,0.0,2026-09-24T02:21:15.006-03:00
PUCPR,25,livre,0.0,0.0,2026-09-24T02:21:15.006-03:00
PUCPR,26,livre,0.0,0.0,2026-09-24T02:21:15.006-03:00
PUCPR,27,livre,0.0,0.0,2026-09-24T02:21:15.006-03:00
PUCPR,28,livre,0.0,0.0,2026-09-24T02:21:15.006-03:00
PUCPR,29,livre,0.0,0.0,2026-09-24T02:21:15.006-03:00
PUCPR,3,livre,0.0,0.032518085468553434,2026-09-24T02:21:15.006-03:00
PUCPR,30,livre,0.0,0.0,2026-09-24T02:21:15.006-03:00
PUCPR,31,livre,0.0,0.0,2026-09-24T02:21:15.006-03:00
PUCPR,32,livre,0.0,0.0,2026-09-24T02:21:15.006-03:00
PUCPR,33,livre,0.0,0.0,2026-09-24T02:21:15.006-03:00
PUCPR,34,livre,0.0,0.0,2026-09-24T02:21:15.006-03:00
PUCPR,35,livre,0.0,0.0,2026-09-24T02:21:15.006-03:00
PUCPR,36,livre,0.0,0.0,2026-09-24T02:21:15.006-03:00
PUCPR,37,livre,0.0,0.0,2026-09-24T02:21:15.006-03:00
PUCPR,38,livre,0.0,0.0,2026-09-24T02:21:15.006-03:00
PUCPR,39,livre,0.0,0.0,2026-09-24T02:21:15.006-03:00
PUCPR,4,livre,0.28225550055503845,0.8290259851431657,2026-09-24T02:21:15.006-03:00
PUCPR,40,livre,0.0,0.0,2026-09-24T02:21:15.006-03:00
PUCPR,41,livre,0.0,0.0,2026-09-24T02:21:15.006-03:00
PUCPR,42,livre,0.0,0.0,2026-09-24T02:21:15.006-03:00
PUCPR,43,livre,0.0,0.0,2026-09-24T02:21:15.006-03:00
PUCPR,44,livre,0.0,0.0,2026-09-24T02:21:15.006-03:00
PUCPR,45,livre,0.0,0.05508982665390084,2026-09-24T02:21:15.006-03:00
PUCPR,46,livre,0.0,0.0,2026-09-24T02:21:15.006-03:00
PUCPR,47,livre,0.0,0.0,2026-09-24T02:21:15.006-03:00
PUCPR,48,livre,0.0,0.0,2026-09-24T02:21:15.006-03:00
PUCPR,49,livre,0.0,0.0,2026-09-24T02:21:15.006-03:00
PUCPR,5,livre,0.0,0.13267333037008133,2026-09-24T02:21:15.006-03:00
PUCPR,50,livre,0.0,0.0,2026-09-24T02:21:15.006-03:00
PUCPR,51,livre,0.0,0.0,2026-09-24T02:21:15.006-03:00
PUCPR,52,livre,0.0,0.0,2026-09-24T02:21:15.006-03:00
PUCPR,53,livre,0.0,0.0,2026-09-24T02:21:15.006-03:00
PUCPR,54,livre,0.0,0.0,2026-09-24T02:21:15.006-03:00
PUCPR,55,livre,0.0,0.0,2026-09-24T02:21:15.006-03:00
PUCPR,56,livre,0.0,0.0,2026-09-24T02:21:15.006-03:00
PUCPR,57,livre,0.0,0.0,2026-09-24T02:21:15.006-03:00
PUCPR,58,livre,0.0,0.0,2026-09-24T02:21:15.006-03:00
PUCPR,59,ocupada,0.416806161403656,0.8522741241987145,2026-09-24T02:21:15.006-03:00
PUCPR,6,livre,0.0,0.0,2026-09-24T02:21:15.006-03:00
PUCPR,60,livre,0.0,0.0,2026-09-24T02:21:15.006-03:00
PUCPR,61,livre,0.0,0.0,2026-09-24T02:21:15.006-03:00
PUCPR,62,livre,0.0,0.0,2026-09-24T02:21:15.006-03:00
PUCPR,63,ocupada,0.0,0.0,2026-09-24T02:21:15.006-03:00
PUCPR,64,livre,0.0,0.0,2026-09-24T02:21:15.006-03:00
PUCPR,65,livre,0.0,0.0,2026-09-24T02:21:15.006-03:00
PUCPR,66,livre,0.0,0.0,2026-09-24T02:21:15.006-03:00
PUCPR,67,ocupada,0.2775435447692871,0.8025957417532503,2026-09-24T02:21:15.006-03:00
PUCPR,68,livre,0.0,0.19324219465745668,2026-09-24T02:21:15.006-03:00
PUCPR,69,ocupada,0.0,0.0,2026-09-24T02:21:15.006-03:00
PUCPR,7,livre,0.0,0.0,2026-09-24T02:21:15.006-03:00
PUCPR,70,livre,0.0,0.013620281742363943,2026-09-24T02:21:15.006-03:00
PUCPR,71,ocupada,0.3610747158527374,0.9342028019102915,2026-09-24T02:21:15.006-03:00
PUCPR,72,ocupada,0.29691100120544434,0.8834734036497086,2026-09-24T02:21:15.006-03:00
PUCPR,73,livre,0.2589186131954193,0.8440474064232446,2026-09-24T02:21:15.006-03:00
PUCPR,74,livre,0.0,0.010834203749884384,2026-09-24T02:21:15.006-03:00
PUCPR,75,livre,0.0,0.0,2026-09-24T02:21:15.006-03:00
PUCPR,76,livre,0.0,0.0,2026-09-24T02:21:15.006-03:00
PUCPR,77,livre,0.0,0.0,2026-09-24T02:21:15.006-03:00
PUCPR,78,livre,0.0,0.0,2026-09-24T02:21:15.006-03:00
PUCPR,79,livre,0.0,0.0,2026-09-24T02:21:15.006-03:00
PUCPR,8,livre,0.0,0.0,2026-09-24T02:21:15.006-03:00
PUCPR,80,livre,0.0,0.0,2026-09-24T02:21:15.006-03:00
PUCPR,81,ocupada,0.0,0.0,2026-09-24T02:21:15.006-03:00
PUCPR,82,ocupada,0.0,0.0,2026-09-24T02:21:15.006-03:00
PUCPR,83,livre,0.0,0.0005985382476281118,2026-09-24T02:21:15.006-03:00
PUCPR,84,ocupada,0.2870410680770874,0.8675649263734023,2026-09-24T02:21:15.006-03:00
PUCPR,85,ocupada,0.29381945729255676,0.7577728087871519,2026-09-24T02:21:15.006-03:00
PUCPR,86,ocupada,0.40114930272102356,0.8264245063293174,2026-09-24T02:21:15.006-03:00
PUCPR,87,livre,0.0,0.0008084464093891445,2026-09-24T02:21:15.006-03:00
PUCPR,88,ocupada,0.25021401047706604,0.7975779204648826,2026-09-24T02:21:15.006-03:00
PUCPR,89,ocupada,0.3222886919975281,0.9996963979483467,2026-09-24T02:21:15.006-03:00
PUCPR,9,livre,0.0,0.0,2026-09-24T02:21:15.006-03:00
PUCPR,90,livre,0.0,0.2188443157560002,2026-09-24T02:21:15.006-03:00
PUCPR,91,ocupada,0.3523782789707184,0.8923785542481781,2026-09-24T02:21:15.006-03:00
PUCPR,92,livre,0.0,0.1168342288653493,2026-09-24T02:21:15.006-03:00
PUCPR,93,ocupada,0.40391606092453003,0.9607338808929985,2026-09-24T02:21:15.006-03:00
PUCPR,94,ocupada,0.49289199709892273,0.4491151828650063,2026-09-24T02:21:15.006-03:00
PUCPR,95,ocupada,0.6100150346755981,0.8249697026190087,2026-09-24T02:21:15.006-03:00
PUCPR,96,livre,0.0,0.0,2026-09-24T02:21:15.006-03:00
PUCPR,97,livre,0.0,0.0,2026-09-24T02:21:15.006-03:00
PUCPR,98,livre,0.0,0.0,2026-09-24T02:21:15.006-03:00
PUCPR,99,livre,0.0,0.0,2026-09-24T02:21:15.006-03:00
PUCPR,1,livre,0.0,0.12051954022307441,2026-09-24T02:21:15.080-03:00
PUCPR,10,livre,0.0,0.0,2026-09-24T02:21:15.080-03:00
PUCPR,100,livre,0.0,0.0,2026-09-24T02:21:15.080-03:00
PUCPR,11,livre,0.0,0.0,2026-09-24T02:21:15.080-03:00
PUCPR,12,livre,0.0,0.0,2026-09-24T02:21:15.080-03:00
PUCPR,13,livre,0.0,0.0,2026-09-24T02:21:15.080-03:00
PUCPR,14,livre,0.0,0.0,2026-09-24T02:21:15.080-03:00
PUCPR,15,livre,0.0,0.0,2026-09-24T02:21:15.080-03:00
PUCPR,16,livre,0.0,0.0,2026-09-24T02:21:15.080-03:00
PUCPR,17,livre,0.0,0.0,2026-09-24T02:21:15.080-03:00
PUCPR,18,livre,0.0,0.0,2026-09-24T02:21:15.080-03:00
PUCPR,19,livre,0.0,0.0,2026-09-24T02:21:15.080-03:00
PUCPR,2,livre,0.0,0.0,2026-09-24T02:21:15.080-03:00
PUCPR,20,livre,0.0,0.0,2026-09-24T02:21:15.080-03:00
PUCPR,21,livre,0.0,0.0,2026-09-24T02:21:15.080-03:00
PUCPR,22,livre,0.0,0.0,2026-09-24T02:21:15.080-03:00
PUCPR,23,livre,0.0,0.0,2026-09-24T02:21:15.080-03:00
PUCPR,24,livre,0.0,0.0,2026-09-24T02:21:15.080-03:00
PUCPR,25,livre,0.0,0.0004624208987767209,2026-09-24T02:21:15.080-03:00
PUCPR,26,livre,0.0,0.0,2026-09-24T02:21:15.080-03:00
PUCPR,27,livre,0.0,0.0,2026-09-24T02:21:15.080-03:00
PUCPR,28,livre,0.0,0.0,2026-09-24T02:21:15.080-03:00
PUCPR,29,livre,0.0,0.0,2026-09-24T02:21:15.080-03:00
PUCPR,3,livre,0.0,0.0,2026-09-24T02:21:15.080-03:00
PUCPR,30,livre,0.0,0.0,2026-09-24T02:21:15.080-03:00
PUCPR,31,livre,0.0,0.0,2026-09-24T02:21:15.080-03:00
PUCPR,32,livre,0.0,0.0,2026-09-24T02:21:15.080-03:00
PUCPR,33,livre,0.0,0.0,2026-09-24T02:21:15.080-03:00
PUCPR,34,livre,0.0,0.0,2026-09-24T02:21:15.080-03:00
PUCPR,35,livre,0.0,0.0,2026-09-24T02:21:15.080-03:00
PUCPR,36,livre,0.0,0.0,2026-09-24T02:21:15.080-03:00
PUCPR,37,livre,0.0,0.0,2026-09-24T02:21:15.080-03:00
PUCPR,38,livre,0.0,0.0,2026-09-24T02:21:15.080-03:00
PUCPR,39,livre,0.0,0.0,2026-09-24T02:21:15.080-03:00
PUCPR,4,livre,0.0,0.0,2026-09-24T02:21:15.080-03:00
PUCPR,40,livre,0.0,0.0,2026-09-24T02:21:15.080-03:00
PUCPR,41,livre,0.0,0.0,2026-09-24T02:21:15.080-03:00
PUCPR,42,livre,0.0,0.0,2026-09-24T02:21:15.080-03:00
PUCPR,43,livre,0.0,0.0,2026-09-24T02:21:15.080-03:00
PUCPR,44,livre,0.0,0.0,2026-09-24T02:21:15.080-03:00
PUCPR,45,livre,0.0,0.0,2026-09-24T02:21:15.080-03:00
PUCPR,46,livre,0.0,0.0,2026-09-24T02:21:15.080-03:00
PUCPR,47,livre,0.0,0.01857072953135125,2026-09-24T02:21:15.080-03:00
PUCPR,48,livre,0.2779357135295868,0.8141833325796983,2026-09-24T02:21:15.080-03:00
PUCPR,49,livre,0.2725067734718323,0.9032789087217513,2026-09-24T02:21:15.080-03:00
PUCPR,5,livre,0.0,0.0,2026-09-24T02:21:15.080-03:00
PUCPR,50,livre,0.0,0.0,2026-09-24T02:21:15.080-03:00
PUCPR,51,livre,0.0,0.0,2026-09-24T02:21:15.080-03:00
PUCPR,52,livre,0.0,0.0,2026-09-24T02:21:15.080-03:00
PUCPR,53,livre,0.0,0.0,2026-09-24T02:21:15.080-03:00
PUCPR,54,livre,0.0,0.0,2026-09-24T02:21:15.080-03:00
PUCPR,55,livre,0.0,0.0,2026-09-24T02:21:15.080-03:00
PUCPR,56,livre,0.0,0.0,2026-09-24T02:21:15.080-03:00
PUCPR,57,livre,0.0,0.0,2026-09-24T02:21:15.080-03:00
PUCPR,58,livre,0.0,0.0,2026-09-24T02:21:15.080-03:00
PUCPR,59,ocupada,0.0,0.0,2026-09-24T02:21:15.080-03:00
PUCPR,6,livre,0.0,0.0,2026-09-24T02:21:15.080-03:00
PUCPR,60,livre,0.0,0.0,2026-09-24T02:21:15.080-03:00
PUCPR,61,livre,0.0,0.0,2026-09-24T02:21:15.080-03:00
PUCPR,62,livre,0.0,0.0,2026-09-24T02:21:15.080-03:00
PUCPR,63,livre,0.0,0.0,2026-09-24T02:21:15.080-03:00
PUCPR,64,livre,0.0,0.0,2026-09-24T02:21:15.080-03:00
PUCPR,65,livre,0.0,0.0,2026-09-24T02:21:15.080-03:00
PUCPR,66,livre,0.0,0.0,2026-09-24T02:21:15.080-03:00
PUCPR,67,ocupada,0.0,0.0,2026-09-24T02:21:15.080-03:00
PUCPR,68,livre,0.0,0.07066876249662161,2026-09-24T02:21:15.080-03:00
PUCPR,69,ocupada,0.2685006260871887,0.902317283668612,2026-09-24T02:21:15.080-03:00
PUCPR,7,livre,0.0,0.0,2026-09-24T02:21:15.080-03:00
PUCPR,70,livre,0.0,0.0722390368426612,2026-09-24T02:21:15.080-03:00
PUCPR,71,ocupada,0.0,0.0,2026-09-24T02:21:15.080-03:00
PUCPR,72,ocupada,0.0,0.0,2026-09-24T02:21:15.080-03:00
PUCPR,73,livre,0.0,0.0,2026-09-24T02:21:15.080-03:00
PUCPR,74,livre,0.0,0.0,2026-09-24T02:21:15.080-03:00
PUCPR,75,livre,0.0,0.0,2026-09-24T02:21:15.080-03:00
PUCPR,76,livre,0.0,0.0,2026-09-24T02:21:15.080-03:00
PUCPR,77,livre,0.0,0.0,2026-09-24T02:21:15.080-03:00
PUCPR,78,livre,0.0,0.0,2026-09-24T02:21:15.080-03:00
PUCPR,79,livre,0.0,0.0,2026-09-24T02:21:15.080-03:00
PUCPR,8,livre,0.0,0.0,2026-09-24T02:21:15.080-03:00
PUCPR,80,livre,0.0,0.0,2026-09-24T02:21:15.080-03:00
PUCPR,81,ocupada,0.3616553246974945,0.6988746431337421,2026-09-24T02:21:15.080-03:00
PUCPR,82,ocupada,0.2769547700881958,0.7538368677865032,2026-09-24T02:21:15.080-03:00
PUCPR,83,livre,0.0,0.004657060176567374,2026-09-24T02:21:15.080-03:00
PUCPR,84,ocupada,0.5327038764953613,0.9149090702997646,2026-09-24T02:21:15.080-03:00
PUCPR,85,ocupada,0.4521697461605072,0.8109287207668519,2026-09-24T02:21:15.080-03:00
PUCPR,86,ocupada,0.459901362657547,0.83326341433601,2026-09-24T02:21:15.080-03:00
PUCPR,87,livre,0.0,0.0014109086127319925,2026-09-24T02:21:15.080-03:00
PUCPR,88,ocupada,0.28178876638412476,0.7838390009655664,2026-09-24T02:21:15.080-03:00
PUCPR,89,ocupada,0.34231600165367126,0.9991596133792527,2026-09-24T02:21:15.080-03:00
PUCPR,9,livre,0.0,0.0,2026-09-24T02:21:15.080-03:00
PUCPR,90,livre,0.0,0.22926376494791056,2026-09-24T02:21:15.080-03:00
PUCPR,91,ocupada,0.2927672863006592,0.8989039263141565,2026-09-24T02:21:15.080-03:00
PUCPR,92,livre,0.0,0.12688168365883046,2026-09-24T02:21:15.080-03:00
PUCPR,93,ocupada,0.33783048391342163,0.9637027006213987,2026-09-24T02:21:15.080-03:00
PUCPR,94,ocupada,0.5144322514533997,0.932624457412548,2026-09-24T02:21:15.080-03:00
PUCPR,95,ocupada,0.47118544578552246,0.8386556275979036,2026-09-24T02:21:15.080-03:00
PUCPR,96,livre,0.0,0.0,2026-09-24T02:21:15.080-03:00
PUCPR,97,livre,0.0,0.0,2026-09-24T02:21:15.080-03:00
PUCPR,98,livre,0.0,0.0,2026-09-24T02:21:15.080-03:00
PUCPR,99,livre,0.0,0.0,2026-09-24T02:21:15.080-03:00
PUCPR,1,livre,0.0,0.12851611340016394,2026-09-24T02:21:15.162-03:00
PUCPR,10,livre,0.0,0.0,2026-09-24T02:21:15.162-03:00
PUCPR,100,livre,0.0,0.0,2026-09-24T02:21:15.162-03:00
PUCPR,11,livre,0.0,0.0,2026-09-24T02:21:15.162-03:00
PUCPR,12,livre,0.0,0.0,2026-09-24T02:21:15.162-03:00
PUCPR,13,livre,0.0,0.0,2026-09-24T02:21:15.162-03:00
PUCPR,14,livre,0.0,0.0,2026-09-24T02:21:15.162-03:00
PUCPR,15,livre,0.0,0.0,2026-09-24T02:21:15.162-03:00
PUCPR,16,livre,0.0,0.0,2026-09-24T02:21:15.162-03:00
PUCPR,17,livre,0.0,0.0,2026-09-24T02:21:15.162-03:00
PUCPR,18,livre,0.0,0.0,2026-09-24T02:21:15.162-03:00
PUCPR,19,livre,0.0,0.0,2026-09-24T02:21:15.162-03:00
PUCPR,2,livre,0.0,0.0,2026-09-24T02:21:15.162-03:00
PUCPR,20,livre,0.0,0.0,2026-09-24T02:21:15.162-03:00
PUCPR,21,livre,0.0,0.0,2026-09-24T02:21:15.162-03:00
PUCPR,22,livre,0.0,0.0,2026-09-24T02:21:15.162-03:00
PUCPR,23,livre,0.0,0.0,2026-09-24T02:21:15.162-03:00
PUCPR,24,livre,0.0,0.0,2026-09-24T02:21:15.162-03:00
PUCPR,25,livre,0.0,0.0,2026-09-24T02:21:15.162-03:00
PUCPR,26,livre,0.0,0.0,2026-09-24T02:21:15.162-03:00
PUCPR,27,livre,0.0,0.0,2026-09-24T02:21:15.162-03:00
PUCPR,28,livre,0.0,0.0,2026-09-24T02:21:15.162-03:00
PUCPR,29,livre,0.0,0.0,2026-09-24T02:21:15.162-03:00
PUCPR,3,livre,0.0,0.0,2026-09-24T02:21:15.162-03:00
PUCPR,30,livre,0.0,0.0,2026-09-24T02:21:15.162-03:00
PUCPR,31,livre,0.0,0.0,2026-09-24T02:21:15.162-03:00
PUCPR,32,livre,0.0,0.0,2026-09-24T02:21:15.162-03:00
PUCPR,33,livre,0.0,0.0,2026-09-24T02:21:15.162-03:00
PUCPR,34,livre,0.0,0.0,2026-09-24T02:21:15.162-03:00
PUCPR,35,livre,0.0,0.0,2026-09-24T02:21:15.162-03:00
PUCPR,36,livre,0.0,0.0,2026-09-24T02:21:15.162-03:00
PUCPR,37,livre,0.0,0.0,2026-09-24T02:21:15.162-03:00
PUCPR,38,livre,0.0,0.0,2026-09-24T02:21:15.162-03:00
PUCPR,39,livre,0.0,0.0,2026-09-24T02:21:15.162-03:00
PUCPR,4,livre,0.0,0.0,2026-09-24T02:21:15.162-03:00
PUCPR,40,livre,0.0,0.0,2026-09-24T02:21:15.162-03:00
PUCPR,41,livre,0.0,0.015805567306935893,2026-09-24T02:21:15.162-03:00
PUCPR,42,livre,0.0,0.006626858244697092,2026-09-24T02:21:15.162-03:00
PUCPR,43,livre,0.0,0.0,2026-09-24T02:21:15.162-03:00
PUCPR,44,livre,0.0,0.0,2026-09-24T02:21:15.162-03:00
PUCPR,45,livre,0.0,0.0,2026-09-24T02:21:15.162-03:00
PUCPR,46,livre,0.0,0.0,2026-09-24T02:21:15.162-03:00
PUCPR,47,livre,0.0,0.0,2026-09-24T02:21:15.162-03:00
PUCPR,48,livre,0.0,0.07516112494735369,2026-09-24T02:21:15.162-03:00
PUCPR,49,ocupada,0.2542206346988678,0.9126751729850031,2026-09-24T02:21:15.162-03:00
PUCPR,5,livre,0.0,0.0,2026-09-24T02:21:15.162-03:00
PUCPR,50,livre,0.0,0.0,2026-09-24T02:21:15.162-03:00
PUCPR,51,livre,0.0,0.0,2026-09-24T02:21:15.162-03:00
PUCPR,52,livre,0.0,0.0,2026-09-24T02:21:15.162-03:00
PUCPR,53,livre,0.0,0.0,2026-09-24T02:21:15.162-03:00
PUCPR,54,livre,0.0,0.0,2026-09-24T02:21:15.162-03:00
PUCPR,55,livre,0.0,0.0,2026-09-24T02:21:15.162-03:00
PUCPR,56,livre,0.0,0.0,2026-09-24T02:21:15.162-03:00
PUCPR,57,livre,0.0,0.0,2026-09-24T02:21:15.162-03:00
PUCPR,58,livre,0.0,0.0,2026-09-24T02:21:15.162-03:00
PUCPR,59,ocupada,0.30106979608535767,0.8263463058511352,2026-09-24T02:21:15.162-03:00
PUCPR,6,livre,0.0,0.09512403934197555,2026-09-24T02:21:15.162-03:00
PUCPR,60,livre,0.0,0.0,2026-09-24T02:21:15.162-03:00
PUCPR,61,livre,0.0,0.0,2026-09-24T02:21:15.162-03:00
PUCPR,62,livre,0.0,0.0,2026-09-24T02:21:15.162-03:00
PUCPR,63,livre,0.28281474113464355,0.8988153911760887,2026-09-24T02:21:15.162-03:00
PUCPR,64,livre,0.0,0.007797897046374291,2026-09-24T02:21:15.162-03:00
PUCPR,65,livre,0.2933538854122162,0.9823885430363234,2026-09-24T02:21:15.162-03:00
PUCPR,66,livre,0.0,0.04945462947404286,2026-09-24T02:21:15.162-03:00
PUCPR,67,ocupada,0.2744331955909729,0.7902292751776188,2026-09-24T02:21:15.162-03:00
PUCPR,68,livre,0.0,0.17747643030623925,2026-09-24T02:21:15.162-03:00
PUCPR,69,ocupada,0.0,0.0,2026-09-24T02:21:15.162-03:00
PUCPR,7,livre,0.30376407504081726,0.8900229673946921,2026-09-24T02:21:15.162-03:00
PUCPR,70,livre,0.0,0.0,2026-09-24T02:21:15.162-03:00
PUCPR,71,ocupada,0.0,0.0,2026-09-24T02:21:15.162-03:00
PUCPR,72,ocupada,0.0,0.0,2026-09-24T02:21:15.162-03:00
PUCPR,73,livre,0.0,0.0,2026-09-24T02:21:15.162-03:00
PUCPR,74,livre,0.0,0.0,2026-09-24T02:21:15.162-03:00
PUCPR,75,livre,0.0,0.0,2026-09-24T02:21:15.162-03:00
PUCPR,76,livre,0.0,0.0,2026-09-24T02:21:15.162-03:00
PUCPR,77,livre,0.0,0.0,2026-09-24T02:21:15.162-03:00
PUCPR,78,livre,0.0,0.0,2026-09-24T02:21:15.162-03:00
PUCPR,79,livre,0.0,0.0,2026-09-24T02:21:15.162-03:00
PUCPR,8,livre,0.0,0.0,2026-09-24T02:21:15.162-03:00
PUCPR,80,livre,0.0,0.0,2026-09-24T02:21:15.162-03:00
PUCPR,81,ocupada,0.5075230002403259,0.6848019621785948,2026-09-24T02:21:15.162-03:00
PUCPR,82,ocupada,0.5382769703865051,0.7399719791306469,2026-09-24T02:21:15.162-03:00
PUCPR,83,livre,0.2831714153289795,0.8939972758379796,2026-09-24T02:21:15.162-03:00
PUCPR,84,ocupada,0.6121423840522766,0.9274569042375187,2026-09-24T02:21:15.162-03:00
PUCPR,85,ocupada,0.5345738530158997,0.798504625655075,2026-09-24T02:21:15.162-03:00
PUCPR,86,ocupada,0.5684324502944946,0.8336075844603368,2026-09-24T02:21:15.162-03:00
PUCPR,87,livre,0.0,0.0008494811052830216,2026-09-24T02:21:15.162-03:00
PUCPR,88,ocupada,0.25907108187675476,0.7958554185020303,2026-09-24T02:21:15.162-03:00
PUCPR,89,ocupada,0.0,0.0,2026-09-24T02:21:15.162-03:00
PUCPR,9,livre,0.0,0.0,2026-09-24T02:21:15.162-03:00
PUCPR,90,livre,0.0,0.062363004849957444,2026-09-24T02:21:15.162-03:00
PUCPR,91,ocupada,0.32031136751174927,0.8983633116427929,2026-09-24T02:21:15.162-03:00
PUCPR,92,livre,0.0,0.12205028767619105,2026-09-24T02:21:15.162-03:00
PUCPR,93,ocupada,0.0,0.0752457201043545,2026-09-24T02:21:15.162-03:00
PUCPR,94,ocupada,0.46766677498817444,0.939373018743221,2026-09-24T02:21:15.162-03:00
PUCPR,95,ocupada,0.3470749258995056,0.8401123712597494,2026-09-24T02:21:15.162-03:00
PUCPR,96,livre,0.0,0.0,2026-09-24T02:21:15.162-03:00
PUCPR,97,livre,0.0,0.0,2026-09-24T02:21:15.162-03:00
PUCPR,98,livre,0.0,0.0,2026-09-24T02:21:15.162-03:00
PUCPR,99,livre,0.0,0.0,2026-09-24T02:21:15.162-03:00
PUCPR,1,livre,0.0,0.11431244727211202,2026-09-24T02:21:15.239-03:00
PUCPR,10,livre,0.0,0.0,2026-09-24T02:21:15.239-03:00
PUCPR,100,livre,0.0,0.0,2026-09-24T02:21:15.239-03:00
PUCPR,11,livre,0.0,0.0,2026-09-24T02:21:15.239-03:00
PUCPR,12,livre,0.0,0.0,2026-09-24T02:21:15.239-03:00
PUCPR,13,livre,0.0,0.0,2026-09-24T02:21:15.239-03:00
PUCPR,14,livre,0.0,0.0,2026-09-24T02:21:15.239-03:00
PUCPR,15,livre,0.0,0.0,2026-09-24T02:21:15.239-03:00
PUCPR,16,livre,0.0,0.0,2026-09-24T02:21:15.239-03:00
PUCPR,17,livre,0.0,0.0,2026-09-24T02:21:15.239-03:00
PUCPR,18,livre,0.0,0.0,2026-09-24T02:21:15.239-03:00
PUCPR,19,livre,0.0,0.0,2026-09-24T02:21:15.239-03:00
PUCPR,2,livre,0.0,0.0,2026-09-24T02:21:15.239-03:00
PUCPR,20,livre,0.0,0.0,2026-09-24T02:21:15.239-03:00
PUCPR,21,livre,0.0,0.0,2026-09-24T02:21:15.239-03:00
PUCPR,22,livre,0.0,0.0,2026-09-24T02:21:15.239-03:00
PUCPR,23,livre,0.0,0.0,2026-09-24T02:21:15.239-03:00
PUCPR,24,livre,0.0,0.0,2026-09-24T02:21:15.239-03:00
PUCPR,25,livre,0.0,0.0,2026-09-24T02:21:15.239-03:00
PUCPR,26,livre,0.0,0.0,2026-09-24T02:21:15.239-03:00
PUCPR,27,livre,0.0,0.0,2026-09-24T02:21:15.239-03:00
PUCPR,28,livre,0.0,0.0,2026-09-24T02:21:15.239-03:00
PUCPR,29,livre,0.0,0.0,2026-09-24T02:21:15.239-03:00
PUCPR,3,livre,0.0,0.0,2026-09-24T02:21:15.239-03:00
PUCPR,30,livre,0.0,0.0,2026-09-24T02:21:15.239-03:00
PUCPR,31,livre,0.0,0.0,2026-09-24T02:21:15.239-03:00
PUCPR,32,livre,0.0,0.0,2026-09-24T02:21:15.239-03:00
PUCPR,33,livre,0.0,0.0,2026-09-24T02:21:15.239-03:00
PUCPR,34,livre,0.0,0.0,2026-09-24T02:21:15.239-03:00
PUCPR,35,livre,0.0,0.0,2026-09-24T02:21:15.239-03:00
PUCPR,36,livre,0.0,0.0,2026-09-24T02:21:15.239-03:00
PUCPR,37,livre,0.0,0.0,2026-09-24T02:21:15.239-03:00
PUCPR,38,livre,0.0,0.0,2026-09-24T02:21:15.239-03:00
PUCPR,39,livre,0.0,0.0,2026-09-24T02:21:15.239-03:00
PUCPR,4,livre,0.0,0.0,2026-09-24T02:21:15.239-03:00
PUCPR,40,livre,0.0,0.0,2026-09-24T02:21:15.239-03:00
PUCPR,41,livre,0.0,0.0,2026-09-24T02:21:15.239-03:00
PUCPR,42,livre,0.0,0.0,2026-09-24T02:21:15.239-03:00
PUCPR,43,livre,0.0,0.0,2026-09-24T02:21:15.239-03:00
PUCPR,44,livre,0.0,0.0,2026-09-24T02:21:15.239-03:00
PUCPR,45,livre,0.0,0.0,2026-09-24T02:21:15.239-03:00
PUCPR,46,livre,0.0,0.0,2026-09-24T02:21:15.239-03:00
PUCPR,47,livre,0.0,0.0,2026-09-24T02:21:15.239-03:00
PUCPR,48,livre,0.0,0.0,2026-09-24T02:21:15.239-03:00
PUCPR,49,livre,0.0,0.0,2026-09-24T02:21:15.239-03:00
PUCPR,5,livre,0.0,0.0,2026-09-24T02:21:15.239-03:00
PUCPR,50,livre,0.0,0.0,2026-09-24T02:21:15.239-03:00
PUCPR,51,livre,0.0,0.0,2026-09-24T02:21:15.239-03:00
PUCPR,52,livre,0.0,0.0,2026-09-24T02:21:15.239-03:00
PUCPR,53,livre,0.0,0.0,2026-09-24T02:21:15.239-03:00
PUCPR,54,livre,0.0,0.0,2026-09-24T02:21:15.239-03:00
PUCPR,55,livre,0.0,0.0,2026-09-24T02:21:15.239-03:00
PUCPR,56,livre,0.0,0.0,2026-09-24T02:21:15.239-03:00
PUCPR,57,livre,0.0,0.0,2026-09-24T02:21:15.239-03:00
PUCPR,58,livre,0.0,0.0,2026-09-24T02:21:15.239-03:00
PUCPR,59,ocupada,0.0,0.0,2026-09-24T02:21:15.239-03:00
PUCPR,6,livre,0.0,0.0,2026-09-24T02:21:15.239-03:00
PUCPR,60,livre,0.0,0.0,2026-09-24T02:21:15.239-03:00
PUCPR,61,livre,0.0,0.0,2026-09-24T02:21:15.239-03:00
PUCPR,62,livre,0.0,0.0,2026-09-24T02:21:15.239-03:00
PUCPR,63,livre,0.0,0.0,2026-09-24T02:21:15.239-03:00
PUCPR,64,livre,0.0,0.0,2026-09-24T02:21:15.239-03:00
PUCPR,65,livre,0.0,0.0,2026-09-24T02:21:15.239-03:00
PUCPR,66,livre,0.0,0.0,2026-09-24T02:21:15.239-03:00
PUCPR,67,ocupada,0.0,0.0,2026-09-24T02:21:15.239-03:00
PUCPR,68,livre,0.0,0.0,2026-09-24T02:21:15.239-03:00
PUCPR,69,livre,0.0,0.0,2026-09-24T02:21:15.239-03:00
PUCPR,7,livre,0.0,0.0,2026-09-24T02:21:15.239-03:00
PUCPR,70,livre,0.0,0.014595460742911324,2026-09-24T02:21:15.239-03:00
PUCPR,71,ocupada,0.25495871901512146,0.9368513508703357,2026-09-24T02:21:15.239-03:00
PUCPR,72,livre,0.0,0.0,2026-09-24T02:21:15.239-03:00
PUCPR,73,livre,0.0,0.03460047214671351,2026-09-24T02:21:15.239-03:00
PUCPR,74,livre,0.28692999482154846,0.7279874506814534,2026-09-24T02:21:15.239-03:00
PUCPR,75,livre,0.0,0.0,2026-09-24T02:21:15.239-03:00
PUCPR,76,livre,0.0,0.0,2026-09-24T02:21:15.239-03:00
PUCPR,77,livre,0.0,0.0,2026-09-24T02:21:15.239-03:00
PUCPR,78,livre,0.0,0.0,2026-09-24T02:21:15.239-03:00
PUCPR,79,livre,0.0,0.0,2026-09-24T02:21:15.239-03:00
PUCPR,8,livre,0.0,0.0,2026-09-24T02:21:15.239-03:00
PUCPR,80,livre,0.0,0.0,2026-09-24T02:21:15.239-03:00
PUCPR,81,ocupada,0.422870934009552,0.6943596457296765,2026-09-24T02:21:15.239-03:00
PUCPR,82,ocupada,0.3052341938018799,0.7301255597719781,2026-09-24T02:21:15.239-03:00
PUCPR,83,livre,0.0,0.004036937598140383,2026-09-24T02:21:15.239-03:00
PUCPR,84,ocupada,0.5555955767631531,0.9204260805940471,2026-09-24T02:21:15.239-03:00
PUCPR,85,ocupada,0.46585613489151,0.7904383772715362,2026-09-24T02:21:15.239-03:00
PUCPR,86,ocupada,0.5040194392204285,0.8272887729090257,2026-09-24T02:21:15.239-03:00
PUCPR,87,livre,0.27505287528038025,0.8721727174648845,2026-09-24T02:21:15.239-03:00
PUCPR,88,ocupada,0.2506404221057892,0.7991911017901292,2026-09-24T02:21:15.239-03:00
PUCPR,89,ocupada,0.2863890528678894,0.9984367272036807,2026-09-24T02:21:15.239-03:00
PUCPR,9,livre,0.0,0.0,2026-09-24T02:21:15.239-03:00
PUCPR,90,livre,0.0,0.2252203893368798,2026-09-24T02:21:15.239-03:00
PUCPR,91,ocupada,0.265352725982666,0.8974042799105088,2026-09-24T02:21:15.239-03:00
PUCPR,92,livre,0.0,0.12262993830280114,2026-09-24T02:21:15.239-03:00
PUCPR,93,ocupada,0.0,0.07091338826935523,2026-09-24T02:21:15.239-03:00
PUCPR,94,ocupada,0.3374548852443695,0.9298617501155064,2026-09-24T02:21:15.239-03:00
PUCPR,95,ocupada,0.0,0.03298191523085272,2026-09-24T02:21:15.239-03:00
PUCPR,96,livre,0.0,0.0,2026-09-24T02:21:15.239-03:00
PUCPR,97,livre,0.0,0.0,2026-09-24T02:21:15.239-03:00
PUCPR,98,livre,0.0,0.0,2026-09-24T02:21:15.239-03:00
PUCPR,99,livre,0.0,0.0,2026-09-24T02:21:15.239-03:00
PUCPR,1,livre,0.0,0.13578948927927764,2026-09-24T02:21:15.321-03:00
PUCPR,10,livre,0.0,0.0,2026-09-24T02:21:15.321-03:00
PUCPR,100,livre,0.0,0.0,2026-09-24T02:21:15.321-03:00
PUCPR,11,livre,0.0,0.0,2026-09-24T02:21:15.321-03:00
PUCPR,12,livre,0.0,0.0,2026-09-24T02:21:15.321-03:00
PUCPR,13,livre,0.0,0.0,2026-09-24T02:21:15.321-03:00
PUCPR,14,livre,0.0,0.0,2026-09-24T02:21:15.321-03:00
PUCPR,15,livre,0.0,0.0,2026-09-24T02:21:15.321-03:00
PUCPR,16,livre,0.0,0.0,2026-09-24T02:21:15.321-03:00
PUCPR,17,livre,0.0,0.0,2026-09-24T02:21:15.321-03:00
PUCPR,18,livre,0.0,0.0,2026-09-24T02:21:15.321-03:00
PUCPR,19,livre,0.0,0.0,2026-09-24T02:21:15.321-03:00
PUCPR,2,livre,0.0,0.0,2026-09-24T02:21:15.321-03:00
PUCPR,20,livre,0.0,0.0,2026-09-24T02:21:15.321-03:00
PUCPR,21,livre,0.0,0.0,2026-09-24T02:21:15.321-03:00
PUCPR,22,livre,0.0,0.0,2026-09-24T02:21:15.321-03:00
PUCPR,23,livre,0.0,0.0,2026-09-24T02:21:15.321-03:00
PUCPR,24,livre,0.0,0.0,2026-09-24T02:21:15.321-03:00
PUCPR,25,livre,0.0,0.0,2026-09-24T02:21:15.321-03:00
PUCPR,26,livre,0.0,0.0,2026-09-24T02:21:15.321-03:00
PUCPR,27,livre,0.0,0.0,2026-09-24T02:21:15.321-03:00
PUCPR,28,livre,0.0,0.0,2026-09-24T02:21:15.321-03:00
PUCPR,29,livre,0.0,0.0,2026-09-24T02:21:15.321-03:00
PUCPR,3,livre,0.0,0.0,2026-09-24T02:21:15.321-03:00
PUCPR,30,livre,0.0,0.0,2026-09-24T02:21:15.321-03:00
PUCPR,31,livre,0.0,0.0,2026-09-24T02:21:15.321-03:00
PUCPR,32,livre,0.0,0.0,2026-09-24T02:21:15.321-03:00
PUCPR,33,livre,0.0,0.0,2026-09-24T02:21:15.321-03:00
PUCPR,34,livre,0.0,0.0,2026-09-24T02:21:15.321-03:00
PUCPR,35,livre,0.0,0.0,2026-09-24T02:21:15.321-03:00
PUCPR,36,livre,0.0,0.0,2026-09-24T02:21:15.321-03:00
PUCPR,37,livre,0.0,0.0,2026-09-24T02:21:15.321-03:00
PUCPR,38,livre,0.0,0.0,2026-09-24T02:21:15.321-03:00
PUCPR,39,livre,0.0,0.0,2026-09-24T02:21:15.321-03:00
PUCPR,4,livre,0.0,0.0,2026-09-24T02:21:15.321-03:00
PUCPR,40,livre,0.0,0.0,2026-09-24T02:21:15.321-03:00
PUCPR,41,livre,0.0,0.0,2026-09-24T02:21:15.321-03:00
PUCPR,42,livre,0.0,0.0,2026-09-24T02:21:15.321-03:00
PUCPR,43,livre,0.0,0.0,2026-09-24T02:21:15.321-03:00
PUCPR,44,livre,0.0,0.0,2026-09-24T02:21:15.321-03:00
PUCPR,45,livre,0.0,0.009155973666872666,2026-09-24T02:21:15.321-03:00
PUCPR,46,livre,0.0,0.0,2026-09-24T02:21:15.321-03:00
PUCPR,47,livre,0.0,0.0,2026-09-24T02:21:15.321-03:00
PUCPR,48,livre,0.0,0.0,2026-09-24T02:21:15.321-03:00
PUCPR,49,livre,0.0,0.0,2026-09-24T02:21:15.321-03:00
PUCPR,5,livre,0.0,0.0,2026-09-24T02:21:15.321-03:00
PUCPR,50,livre,0.0,0.0,2026-09-24T02:21:15.321-03:00
PUCPR,51,livre,0.0,0.0,2026-09-24T02:21:15.321-03:00
PUCPR,52,livre,0.0,0.0,2026-09-24T02:21:15.321-03:00
PUCPR,53,livre,0.0,0.0,2026-09-24T02:21:15.321-03:00
PUCPR,54,livre,0.0,0.0,2026-09-24T02:21:15.321-03:00
PUCPR,55,livre,0.0,0.0,2026-09-24T02:21:15.321-03:00
PUCPR,56,livre,0.0,0.0,2026-09-24T02:21:15.321-03:00
PUCPR,57,livre,0.0,0.0,2026-09-24T02:21:15.321-03:00
PUCPR,58,livre,0.0,0.0,2026-09-24T02:21:15.321-03:00
PUCPR,59,ocupada,0.3817969858646393,0.827661719349896,2026-09-24T02:21:15.321-03:00
PUCPR,6,livre,0.0,0.0,2026-09-24T02:21:15.321-03:00
PUCPR,60,livre,0.0,0.0,2026-09-24T02:21:15.321-03:00
PUCPR,61,livre,0.0,0.0,2026-09-24T02:21:15.321-03:00
PUCPR,62,livre,0.0,0.0,2026-09-24T02:21:15.321-03:00
PUCPR,63,livre,0.0,0.0,2026-09-24T02:21:15.321-03:00
PUCPR,64,livre,0.0,0.0,2026-09-24T02:21:15.321-03:00
PUCPR,65,livre,0.0,0.0,2026-09-24T02:21:15.321-03:00
PUCPR,66,livre,0.0,0.0,2026-09-24T02:21:15.321-03:00
PUCPR,67,livre,0.0,0.0,2026-09-24T02:21:15.321-03:00
PUCPR,68,livre,0.0,0.0814801626116065,2026-09-24T02:21:15.321-03:00
PUCPR,69,livre,0.3335511386394501,0.9117671430931337,2026-09-24T02:21:15.321-03:00
PUCPR,7,livre,0.0,0.0,2026-09-24T02:21:15.321-03:00
PUCPR,70,livre,0.2590368390083313,0.9372336531694696,2026-09-24T02:21:15.321-03:00
PUCPR,71,ocupada,0.26117393374443054,0.9205368691296553,2026-09-24T02:21:15.321-03:00
PUCPR,72,livre,0.32993608713150024,0.910871051529599,2026-09-24T02:21:15.321-03:00
PUCPR,73,livre,0.0,0.0446107010318686,2026-09-24T02:21:15.321-03:00
PUCPR,74,livre,0.0,0.0,2026-09-24T02:21:15.321-03:00
PUCPR,75,livre,0.0,0.0,2026-09-24T02:21:15.321-03:00
PUCPR,76,livre,0.0,0.0,2026-09-24T02:21:15.321-03:00
PUCPR,77,livre,0.0,0.0,2026-09-24T02:21:15.321-03:00
PUCPR,78,livre,0.0,0.0,2026-09-24T02:21:15.321-03:00
PUCPR,79,livre,0.0,0.0,2026-09-24T02:21:15.321-03:00
PUCPR,8,livre,0.0,0.0,2026-09-24T02:21:15.321-03:00
PUCPR,80,livre,0.0,0.0,2026-09-24T02:21:15.321-03:00
PUCPR,81,ocupada,0.4726009964942932,0.680825239539216,2026-09-24T02:21:15.321-03:00
PUCPR,82,ocupada,0.0,0.0,2026-09-24T02:21:15.321-03:00
PUCPR,83,livre,0.0,0.0029463627059503057,2026-09-24T02:21:15.321-03:00
PUCPR,84,ocupada,0.400552898645401,0.9205892700207456,2026-09-24T02:21:15.321-03:00
PUCPR,85,ocupada,0.0,0.0,2026-09-24T02:21:15.321-03:00
PUCPR,86,ocupada,0.0,0.0,2026-09-24T02:21:15.321-03:00
PUCPR,87,livre,0.0,0.0,2026-09-24T02:21:15.321-03:00
PUCPR,88,ocupada,0.0,0.0,2026-09-24T02:21:15.321-03:00
PUCPR,89,ocupada,0.26233235001564026,0.9985705094484593,2026-09-24T02:21:15.321-03:00
PUCPR,9,livre,0.0,0.0,2026-09-24T02:21:15.321-03:00
PUCPR,90,livre,0.0,0.2166224385013675,2026-09-24T02:21:15.321-03:00
PUCPR,91,ocupada,0.33977755904197693,0.9233319107484237,2026-09-24T02:21:15.321-03:00
PUCPR,92,livre,0.0,0.15072923968390517,2026-09-24T02:21:15.321-03:00
PUCPR,93,ocupada,0.35055509209632874,0.9682318648437958,2026-09-24T02:21:15.321-03:00
PUCPR,94,ocupada,0.4005313217639923,0.9043388162420849,2026-09-24T02:21:15.321-03:00
PUCPR,95,ocupada,0.423277348279953,0.8329048225994636,2026-09-24T02:21:15.321-03:00
PUCPR,96,livre,0.0,0.0,2026-09-24T02:21:15.321-03:00
PUCPR,97,livre,0.0,0.0,2026-09-24T02:21:15.321-03:00
PUCPR,98,livre,0.0,0.0,2026-09-24T02:21:15.321-03:00
PUCPR,99,livre,0.0,0.0,2026-09-24T02:21:15.321-03:00
PUCPR,1,livre,0.0,0.14214750526728853,2026-09-24T02:21:15.407-03:00
PUCPR,10,livre,0.0,0.0,2026-09-24T02:21:15.407-03:00
PUCPR,100,livre,0.0,0.0,2026-09-24T02:21:15.407-03:00
PUCPR,11,livre,0.0,0.0,2026-09-24T02:21:15.407-03:00
PUCPR,12,livre,0.0,0.0,2026-09-24T02:21:15.407-03:00
PUCPR,13,livre,0.0,0.0,2026-09-24T02:21:15.407-03:00
PUCPR,14,livre,0.0,0.0,2026-09-24T02:21:15.407-03:00
PUCPR,15,livre,0.0,0.0,2026-09-24T02:21:15.407-03:00
PUCPR,16,livre,0.0,0.0,2026-09-24T02:21:15.407-03:00
PUCPR,17,livre,0.0,0.0,2026-09-24T02:21:15.407-03:00
PUCPR,18,livre,0.0,0.0,2026-09-24T02:21:15.407-03:00
PUCPR,19,livre,0.0,0.0,2026-09-24T02:21:15.407-03:00
PUCPR,2,livre,0.0,0.0,2026-09-24T02:21:15.407-03:00
PUCPR,20,livre,0.0,0.0,2026-09-24T02:21:15.407-03:00
PUCPR,21,livre,0.26324522495269775,0.9064078185611604,2026-09-24T02:21:15.407-03:00
PUCPR,22,livre,0.0,0.019445246280921903,2026-09-24T02:21:15.407-03:00
PUCPR,23,livre,0.0,0.0,2026-09-24T02:21:15.407-03:00
PUCPR,24,livre,0.0,0.0,2026-09-24T02:21:15.407-03:00
PUCPR,25,livre,0.0,0.00022088101421011743,2026-09-24T02:21:15.407-03:00
PUCPR,26,livre,0.0,0.0,2026-09-24T02:21:15.407-03:00
PUCPR,27,livre,0.0,0.0,2026-09-24T02:21:15.407-03:00
PUCPR,28,livre,0.0,0.0,2026-09-24T02:21:15.407-03:00
PUCPR,29,livre,0.0,0.0,2026-09-24T02:21:15.407-03:00
PUCPR,3,livre,0.0,0.0,2026-09-24T02:21:15.407-03:00
PUCPR,30,livre,0.0,0.0,2026-09-24T02:21:15.407-03:00
PUCPR,31,livre,0.0,0.0,2026-09-24T02:21:15.407-03:00
PUCPR,32,livre,0.0,0.0,2026-09-24T02:21:15.407-03:00
PUCPR,33,livre,0.0,0.0,2026-09-24T02:21:15.407-03:00
PUCPR,34,livre,0.0,0.0,2026-09-24T02:21:15.407-03:00
PUCPR,35,livre,0.0,0.0,2026-09-24T02:21:15.407-03:00
PUCPR,36,livre,0.0,0.0,2026-09-24T02:21:15.407-03:00
PUCPR,37,livre,0.0,0.0,2026-09-24T02:21:15.407-03:00
PUCPR,38,livre,0.0,0.0,2026-09-24T02:21:15.407-03:00
PUCPR,39,livre,0.0,0.0,2026-09-24T02:21:15.407-03:00
PUCPR,4,livre,0.0,0.0,2026-09-24T02:21:15.407-03:00
PUCPR,40,livre,0.0,0.0,2026-09-24T02:21:15.407-03:00
PUCPR,41,livre,0.0,0.0,2026-09-24T02:21:15.407-03:00
PUCPR,42,livre,0.0,0.0009916724495046703,2026-09-24T02:21:15.407-03:00
PUCPR,43,livre,0.0,0.0,2026-09-24T02:21:15.407-03:00
PUCPR,44,livre,0.0,0.0,2026-09-24T02:21:15.407-03:00
PUCPR,45,livre,0.2653579115867615,0.7536094011075006,2026-09-24T02:21:15.407-03:00
PUCPR,46,livre,0.0,0.01961064096601484,2026-09-24T02:21:15.407-03:00
PUCPR,47,livre,0.0,0.017939404264521074,2026-09-24T02:21:15.407-03:00
PUCPR,48,livre,0.28218188881874084,0.8106818647384516,2026-09-24T02:21:15.407-03:00
PUCPR,49,livre,0.0,0.08268190425011744,2026-09-24T02:21:15.407-03:00
PUCPR,5,livre,0.0,0.0,2026-09-24T02:21:15.407-03:00
PUCPR,50,livre,0.0,0.0,2026-09-24T02:21:15.407-03:00
PUCPR,51,livre,0.0,0.0,2026-09-24T02:21:15.407-03:00
PUCPR,52,livre,0.0,0.0,2026-09-24T02:21:15.407-03:00
PUCPR,53,livre,0.0,0.0,2026-09-24T02:21:15.407-03:00
PUCPR,54,livre,0.0,0.0,2026-09-24T02:21:15.407-03:00
PUCPR,55,livre,0.0,0.0,2026-09-24T02:21:15.407-03:00
PUCPR,56,livre,0.0,0.0,2026-09-24T02:21:15.407-03:00
PUCPR,57,livre,0.0,0.0,2026-09-24T02:21:15.407-03:00
PUCPR,58,livre,0.0,0.0,2026-09-24T02:21:15.407-03:00
PUCPR,59,livre,0.0,0.0,2026-09-24T02:21:15.407-03:00
PUCPR,6,livre,0.25695469975471497,0.8572065481383193,2026-09-24T02:21:15.407-03:00
PUCPR,60,livre,0.0,0.0,2026-09-24T02:21:15.407-03:00
PUCPR,61,livre,0.0,0.0,2026-09-24T02:21:15.407-03:00
PUCPR,62,livre,0.0,0.0,2026-09-24T02:21:15.407-03:00
PUCPR,63,livre,0.0,0.0,2026-09-24T02:21:15.407-03:00
PUCPR,64,livre,0.256710946559906,0.9122684452548316,2026-09-24T02:21:15.407-03:00
PUCPR,65,livre,0.0,0.028951241108409045,2026-09-24T02:21:15.407-03:00
PUCPR,66,livre,0.0,0.0,2026-09-24T02:21:15.407-03:00
PUCPR,67,livre,0.2972565293312073,0.7818800441682391,2026-09-24T02:21:15.407-03:00
PUCPR,68,livre,0.0,0.17712492936693755,2026-09-24T02:21:15.407-03:00
PUCPR,69,ocupada,0.27342545986175537,0.8984787048252709,2026-09-24T02:21:15.407-03:00
PUCPR,7,livre,0.0,0.0,2026-09-24T02:21:15.407-03:00
PUCPR,70,livre,0.0,0.06501537582922384,2026-09-24T02:21:15.407-03:00
PUCPR,71,ocupada,0.4084148108959198,0.9271882051178476,2026-09-24T02:21:15.407-03:00
PUCPR,72,livre,0.3585221469402313,0.8561396810760861,2026-09-24T02:21:15.407-03:00
PUCPR,73,livre,0.28624677658081055,0.8644696632926022,2026-09-24T02:21:15.407-03:00
PUCPR,74,livre,0.27321672439575195,0.7362437406647527,2026-09-24T02:21:15.407-03:00
PUCPR,75,livre,0.0,0.0,2026-09-24T02:21:15.407-03:00
PUCPR,76,livre,0.0,0.0,2026-09-24T02:21:15.407-03:00
PUCPR,77,livre,0.0,0.0,2026-09-24T02:21:15.407-03:00
PUCPR,78,livre,0.0,0.0,2026-09-24T02:21:15.407-03:00
PUCPR,79,livre,0.0,0.0,2026-09-24T02:21:15.407-03:00
PUCPR,8,livre,0.0,0.0,2026-09-24T02:21:15.407-03:00
PUCPR,80,livre,0.0,0.0,2026-09-24T02:21:15.407-03:00
PUCPR,81,ocupada,0.44118764996528625,0.7107348429415472,2026-09-24T02:21:15.407-03:00
PUCPR,82,ocupada,0.0,0.0,2026-09-24T02:21:15.407-03:00
PUCPR,83,livre,0.0,0.0007497693896135215,2026-09-24T02:21:15.407-03:00
PUCPR,84,ocupada,0.33067867159843445,0.8946594636581946,2026-09-24T02:21:15.407-03:00
PUCPR,85,ocupada,0.287876695394516,0.7761710081354254,2026-09-24T02:21:15.407-03:00
PUCPR,86,ocupada,0.28391632437705994,0.8368699337203888,2026-09-24T02:21:15.407-03:00
PUCPR,87,livre,0.0,0.002502936221375359,2026-09-24T02:21:15.407-03:00
PUCPR,88,ocupada,0.2819213569164276,0.8237746692370961,2026-09-24T02:21:15.407-03:00
PUCPR,89,ocupada,0.26192596554756165,0.9994123833665516,2026-09-24T02:21:15.407-03:00
PUCPR,9,livre,0.0,0.0,2026-09-24T02:21:15.407-03:00
PUCPR,90,livre,0.0,0.21098902342439402,2026-09-24T02:21:15.407-03:00
PUCPR,91,ocupada,0.37462979555130005,0.9080910044942716,2026-09-24T02:21:15.407-03:00
PUCPR,92,livre,0.0,0.1288915167455332,2026-09-24T02:21:15.407-03:00
PUCPR,93,ocupada,0.3976551294326782,0.9734059719869838,2026-09-24T02:21:15.407-03:00
PUCPR,94,ocupada,0.32570526003837585,0.8278590619606544,2026-09-24T02:21:15.407-03:00
PUCPR,95,ocupada,0.5493178963661194,0.8359897112151067,2026-09-24T02:21:15.407-03:00
PUCPR,96,livre,0.0,0.0,2026-09-24T02:21:15.407-03:00
PUCPR,97,livre,0.0,0.0,2026-09-24T02:21:15.407-03:00
PUCPR,98,livre,0.0,0.0,2026-09-24T02:21:15.407-03:00
PUCPR,99,livre,0.0,0.0,2026-09-24T02:21:15.407-03:00
PUCPR,1,livre,0.0,0.13149800253666113,2026-09-24T02:21:15.487-03:00
PUCPR,10,livre,0.0,0.0,2026-09-24T02:21:15.487-03:00
PUCPR,100,livre,0.0,0.0,2026-09-24T02:21:15.487-03:00
PUCPR,11,livre,0.0,0.0,2026-09-24T02:21:15.487-03:00
PUCPR,12,livre,0.0,0.0,2026-09-24T02:21:15.487-03:00
PUCPR,13,livre,0.0,0.0,2026-09-24T02:21:15.487-03:00
PUCPR,14,livre,0.0,0.16700266513882364,2026-09-24T02:21:15.487-03:00
PUCPR,15,livre,0.34930619597435,0.7239920579762557,2026-09-24T02:21:15.487-03:00
PUCPR,16,livre,0.0,0.0,2026-09-24T02:21:15.487-03:00
PUCPR,17,livre,0.0,0.0,2026-09-24T02:21:15.487-03:00
PUCPR,18,livre,0.0,0.0,2026-09-24T02:21:15.487-03:00
PUCPR,19,livre,0.0,0.0,2026-09-24T02:21:15.487-03:00
PUCPR,2,livre,0.0,0.0,2026-09-24T02:21:15.487-03:00
PUCPR,20,livre,0.0,0.0,2026-09-24T02:21:15.487-03:00
PUCPR,21,livre,0.0,0.0,2026-09-24T02:21:15.487-03:00
PUCPR,22,livre,0.0,0.0,2026-09-24T02:21:15.487-03:00
PUCPR,23,livre,0.0,0.0,2026-09-24T02:21:15.487-03:00
PUCPR,24,livre,0.0,0.0,2026-09-24T02:21:15.487-03:00
PUCPR,25,livre,0.0,0.0,2026-09-24T02:21:15.487-03:00
PUCPR,26,livre,0.0,0.0,2026-09-24T02:21:15.487-03:00
PUCPR,27,livre,0.0,0.0,2026-09-24T02:21:15.487-03:00
PUCPR,28,livre,0.0,0.0,2026-09-24T02:21:15.487-03:00
PUCPR,29,livre,0.0,0.0,2026-09-24T02:21:15.487-03:00
PUCPR,3,livre,0.0,0.02646720276078197,2026-09-24T02:21:15.487-03:00
PUCPR,30,livre,0.0,0.0,2026-09-24T02:21:15.487-03:00
PUCPR,31,livre,0.0,0.0,2026-09-24T02:21:15.487-03:00
PUCPR,32,livre,0.0,0.0,2026-09-24T02:21:15.487-03:00
PUCPR,33,livre,0.0,0.0,2026-09-24T02:21:15.487-03:00
PUCPR,34,livre,0.0,0.0,2026-09-24T02:21:15.487-03:00
PUCPR,35,livre,0.0,0.0,2026-09-24T02:21:15.487-03:00
PUCPR,36,livre,0.0,0.0,2026-09-24T02:21:15.487-03:00
PUCPR,37,livre,0.0,0.0,2026-09-24T02:21:15.487-03:00
PUCPR,38,livre,0.0,0.0,2026-09-24T02:21:15.487-03:00
PUCPR,39,livre,0.0,0.0,2026-09-24T02:21:15.487-03:00
PUCPR,4,livre,0.2860182821750641,0.8136665024424042,2026-09-24T02:21:15.487-03:00
PUCPR,40,livre,0.0,0.0,2026-09-24T02:21:15.487-03:00
PUCPR,41,livre,0.0,0.0,2026-09-24T02:21:15.487-03:00
PUCPR,42,livre,0.0,0.0008905460314679144,2026-09-24T02:21:15.487-03:00
PUCPR,43,livre,0.0,0.0,2026-09-24T02:21:15.487-03:00
PUCPR,44,livre,0.0,0.0,2026-09-24T02:21:15.487-03:00
PUCPR,45,livre,0.0,0.0,2026-09-24T02:21:15.487-03:00
PUCPR,46,livre,0.0,0.0,2026-09-24T02:21:15.487-03:00
PUCPR,47,livre,0.0,0.0,2026-09-24T02:21:15.487-03:00
PUCPR,48,livre,0.0,0.07171062663416204,2026-09-24T02:21:15.487-03:00
PUCPR,49,livre,0.2505245506763458,0.9131150728890948,2026-09-24T02:21:15.487-03:00
PUCPR,5,livre,0.0,0.1324443449422655,2026-09-24T02:21:15.487-03:00
PUCPR,50,livre,0.0,0.0,2026-09-24T02:21:15.487-03:00
PUCPR,51,livre,0.0,0.0,2026-09-24T02:21:15.487-03:00
PUCPR,52,livre,0.0,0.0,2026-09-24T02:21:15.487-03:00
PUCPR,53,livre,0.0,0.0,2026-09-24T02:21:15.487-03:00
PUCPR,54,livre,0.0,0.0,2026-09-24T02:21:15.487-03:00
PUCPR,55,livre,0.0,0.0,2026-09-24T02:21:15.487-03:00
PUCPR,56,livre,0.0,0.0,2026-09-24T02:21:15.487-03:00
PUCPR,57,livre,0.0,0.0,2026-09-24T02:21:15.487-03:00
PUCPR,58,livre,0.0,0.0,2026-09-24T02:21:15.487-03:00
PUCPR,59,livre,0.0,0.0,2026-09-24T02:21:15.487-03:00
PUCPR,6,livre,0.0,0.0,2026-09-24T02:21:15.487-03:00
PUCPR,60,livre,0.0,0.0,2026-09-24T02:21:15.487-03:00
PUCPR,61,livre,0.0,0.0,2026-09-24T02:21:15.487-03:00
PUCPR,62,livre,0.0,0.0,2026-09-24T02:21:15.487-03:00
PUCPR,63,livre,0.0,0.0,2026-09-24T02:21:15.487-03:00
PUCPR,64,livre,0.3315228819847107,0.8932346705054194,2026-09-24T02:21:15.487-03:00
PUCPR,65,livre,0.0,0.013534556002183224,2026-09-24T02:21:15.487-03:00
PUCPR,66,livre,0.0,0.0,2026-09-24T02:21:15.487-03:00
PUCPR,67,ocupada,0.28196054697036743,0.7969915667758644,2026-09-24T02:21:15.487-03:00
PUCPR,68,livre,0.0,0.19302690291808927,2026-09-24T02:21:15.487-03:00
PUCPR,69,livre,0.0,0.0,2026-09-24T02:21:15.487-03:00
PUCPR,7,livre,0.0,0.0,2026-09-24T02:21:15.487-03:00
PUCPR,70,livre,0.0,0.013937656270980862,2026-09-24T02:21:15.487-03:00
PUCPR,71,ocupada,0.2668883502483368,0.9399488269159911,2026-09-24T02:21:15.487-03:00
PUCPR,72,ocupada,0.25966131687164307,0.9287026798067181,2026-09-24T02:21:15.487-03:00
PUCPR,73,livre,0.0,0.022314443505129653,2026-09-24T02:21:15.487-03:00
PUCPR,74,livre,0.0,0.0,2026-09-24T02:21:15.487-03:00
PUCPR,75,livre,0.0,0.0,2026-09-24T02:21:15.487-03:00
PUCPR,76,livre,0.0,0.0,2026-09-24T02:21:15.487-03:00
PUCPR,77,livre,0.0,0.0,2026-09-24T02:21:15.487-03:00
PUCPR,78,livre,0.0,0.0,2026-09-24T02:21:15.487-03:00
PUCPR,79,livre,0.0,0.0,2026-09-24T02:21:15.487-03:00
PUCPR,8,livre,0.0,0.0,2026-09-24T02:21:15.487-03:00
PUCPR,80,livre,0.0,0.0,2026-09-24T02:21:15.487-03:00
PUCPR,81,ocupada,0.4215790331363678,0.70051857883109,2026-09-24T02:21:15.487-03:00
PUCPR,82,ocupada,0.30108943581581116,0.7236709007260476,2026-09-24T02:21:15.487-03:00
PUCPR,83,livre,0.0,0.0021352739960824947,2026-09-24T02:21:15.487-03:00
PUCPR,84,ocupada,0.371133953332901,0.9017624291806369,2026-09-24T02:21:15.487-03:00
PUCPR,85,ocupada,0.0,0.0,2026-09-24T02:21:15.487-03:00
PUCPR,86,ocupada,0.0,0.013957335267427576,2026-09-24T02:21:15.487-03:00
PUCPR,87,livre,0.2764541208744049,0.8911618800589894,2026-09-24T02:21:15.487-03:00
PUCPR,88,ocupada,0.0,0.0765986333764172,2026-09-24T02:21:15.487-03:00
PUCPR,89,ocupada,0.0,0.0,2026-09-24T02:21:15.487-03:00
PUCPR,9,livre,0.0,0.0,2026-09-24T02:21:15.487-03:00
PUCPR,90,livre,0.0,0.05615729430872541,2026-09-24T02:21:15.487-03:00
PUCPR,91,ocupada,0.2731460928916931,0.8948031380953652,2026-09-24T02:21:15.487-03:00
PUCPR,92,livre,0.28682154417037964,0.9459375410502895,2026-09-24T02:21:15.487-03:00
PUCPR,93,ocupada,0.30869799852371216,0.9460524505240475,2026-09-24T02:21:15.487-03:00
PUCPR,94,ocupada,0.33252713084220886,0.4758838002256047,2026-09-24T02:21:15.487-03:00
PUCPR,95,ocupada,0.42909175157546997,0.8247514253353138,2026-09-24T02:21:15.487-03:00
PUCPR,96,livre,0.0,0.0,2026-09-24T02:21:15.487-03:00
PUCPR,97,livre,0.0,0.0,2026-09-24T02:21:15.487-03:00
PUCPR,98,livre,0.0,0.0,2026-09-24T02:21:15.487-03:00
PUCPR,99,livre,0.0,0.0,2026-09-24T02:21:15.487-03:00
PUCPR,1,livre,0.0,0.13055316266898112,2026-09-24T02:21:15.568-03:00
PUCPR,10,livre,0.0,0.0,2026-09-24T02:21:15.568-03:00
PUCPR,100,livre,0.0,0.0,2026-09-24T02:21:15.568-03:00
PUCPR,11,livre,0.0,0.0,2026-09-24T02:21:15.568-03:00
PUCPR,12,livre,0.0,0.0,2026-09-24T02:21:15.568-03:00
PUCPR,13,livre,0.0,0.0,2026-09-24T02:21:15.568-03:00
PUCPR,14,livre,0.0,0.0,2026-09-24T02:21:15.568-03:00
PUCPR,15,livre,0.3277811110019684,0.724389048229589,2026-09-24T02:21:15.568-03:00
PUCPR,16,livre,0.0,0.0,2026-09-24T02:21:15.568-03:00
PUCPR,17,livre,0.0,0.0,2026-09-24T02:21:15.568-03:00
PUCPR,18,livre,0.0,0.0,2026-09-24T02:21:15.568-03:00
PUCPR,19,livre,0.0,0.0,2026-09-24T02:21:15.568-03:00
PUCPR,2,livre,0.0,0.0,2026-09-24T02:21:15.568-03:00
PUCPR,20,livre,0.0,0.0,2026-09-24T02:21:15.568-03:00
PUCPR,21,livre,0.0,0.0,2026-09-24T02:21:15.568-03:00
PUCPR,22,livre,0.0,0.0,2026-09-24T02:21:15.568-03:00
PUCPR,23,livre,0.0,0.0,2026-09-24T02:21:15.568-03:00
PUCPR,24,livre,0.0,0.0,2026-09-24T02:21:15.568-03:00
PUCPR,25,livre,0.0,0.0,2026-09-24T02:21:15.568-03:00
PUCPR,26,livre,0.0,0.0,2026-09-24T02:21:15.568-03:00
PUCPR,27,livre,0.0,0.0,2026-09-24T02:21:15.568-03:00
PUCPR,28,livre,0.0,0.0,2026-09-24T02:21:15.568-03:00
PUCPR,29,livre,0.0,0.0,2026-09-24T02:21:15.568-03:00
PUCPR,3,livre,0.0,0.0,2026-09-24T02:21:15.568-03:00
PUCPR,30,livre,0.0,0.0,2026-09-24T02:21:15.568-03:00
PUCPR,31,livre,0.0,0.0,2026-09-24T02:21:15.568-03:00
PUCPR,32,livre,0.0,0.0,2026-09-24T02:21:15.568-03:00
PUCPR,33,livre,0.0,0.0,2026-09-24T02:21:15.568-03:00
PUCPR,34,livre,0.0,0.0,2026-09-24T02:21:15.568-03:00
PUCPR,35,livre,0.0,0.0,2026-09-24T02:21:15.568-03:00
PUCPR,36,livre,0.0,0.0,2026-09-24T02:21:15.568-03:00
PUCPR,37,livre,0.0,0.0,2026-09-24T02:21:15.568-03:00
PUCPR,38,livre,0.0,0.0,2026-09-24T02:21:15.568-03:00
PUCPR,39,livre,0.0,0.0,2026-09-24T02:21:15.568-03:00
PUCPR,4,livre,0.0,0.0,2026-09-24T02:21:15.568-03:00
PUCPR,40,livre,0.0,0.0,2026-09-24T02:21:15.568-03:00
PUCPR,41,livre,0.0,0.007055278022301518,2026-09-24T02:21:15.568-03:00
PUCPR,42,livre,0.33508753776550293,0.8453106117222762,2026-09-24T02:21:15.568-03:00
PUCPR,43,livre,0.0,0.0,2026-09-24T02:21:15.568-03:00
PUCPR,44,livre,0.0,0.0,2026-09-24T02:21:15.568-03:00
PUCPR,45,livre,0.0,0.0,2026-09-24T02:21:15.568-03:00
PUCPR,46,livre,0.0,0.0,2026-09-24T02:21:15.568-03:00
PUCPR,47,livre,0.0,0.0,2026-09-24T02:21:15.568-03:00
PUCPR,48,livre,0.0,0.0,2026-09-24T02:21:15.568-03:00
PUCPR,49,livre,0.0,0.0,2026-09-24T02:21:15.568-03:00
PUCPR,5,livre,0.0,0.0,2026-09-24T02:21:15.568-03:00
PUCPR,50,livre,0.0,0.0,2026-09-24T02:21:15.568-03:00
PUCPR,51,livre,0.0,0.0,2026-09-24T02:21:15.568-03:00
PUCPR,52,livre,0.0,0.0,2026-09-24T02:21:15.568-03:00
PUCPR,53,livre,0.0,0.0,2026-09-24T02:21:15.568-03:00
PUCPR,54,livre,0.0,0.0,2026-09-24T02:21:15.568-03:00
PUCPR,55,livre,0.0,0.0,2026-09-24T02:21:15.568-03:00
PUCPR,56,livre,0.0,0.0,2026-09-24T02:21:15.568-03:00
PUCPR,57,livre,0.0,0.0,2026-09-24T02:21:15.568-03:00
PUCPR,58,livre,0.0,0.0,2026-09-24T02:21:15.568-03:00
PUCPR,59,livre,0.0,0.0,2026-09-24T02:21:15.568-03:00
PUCPR,6,livre,0.0,0.0,2026-09-24T02:21:15.568-03:00
PUCPR,60,livre,0.0,0.0,2026-09-24T02:21:15.568-03:00
PUCPR,61,livre,0.0,0.0,2026-09-24T02:21:15.568-03:00
PUCPR,62,livre,0.0,0.0,2026-09-24T02:21:15.568-03:00
PUCPR,63,livre,0.0,0.010713316404607839,2026-09-24T02:21:15.568-03:00
PUCPR,64,livre,0.0,0.0849571359281552,2026-09-24T02:21:15.568-03:00
PUCPR,65,livre,0.0,0.0,2026-09-24T02:21:15.568-03:00
PUCPR,66,livre,0.0,0.0,2026-09-24T02:21:15.568-03:00
PUCPR,67,livre,0.0,0.0,2026-09-24T02:21:15.568-03:00
PUCPR,68,livre,0.0,0.0,2026-09-24T02:21:15.568-03:00
PUCPR,69,livre,0.0,0.0,2026-09-24T02:21:15.568-03:00
PUCPR,7,livre,0.0,0.0,2026-09-24T02:21:15.568-03:00
PUCPR,70,livre,0.0,0.0,2026-09-24T02:21:15.568-03:00
PUCPR,71,ocupada,0.0,0.0,2026-09-24T02:21:15.568-03:00
PUCPR,72,ocupada,0.0,0.0,2026-09-24T02:21:15.568-03:00
PUCPR,73,livre,0.0,0.0,2026-09-24T02:21:15.568-03:00
PUCPR,74,livre,0.0,0.0,2026-09-24T02:21:15.568-03:00
PUCPR,75,livre,0.0,0.0,2026-09-24T02:21:15.568-03:00
PUCPR,76,livre,0.0,0.0,2026-09-24T02:21:15.568-03:00
PUCPR,77,livre,0.0,0.0,2026-09-24T02:21:15.568-03:00
PUCPR,78,livre,0.0,0.0,2026-09-24T02:21:15.568-03:00
PUCPR,79,livre,0.0,0.0,2026-09-24T02:21:15.568-03:00
PUCPR,8,livre,0.0,0.0,2026-09-24T02:21:15.568-03:00
PUCPR,80,livre,0.0,0.0,2026-09-24T02:21:15.568-03:00
PUCPR,81,ocupada,0.34671950340270996,0.6907989191933916,2026-09-24T02:21:15.568-03:00
PUCPR,82,livre,0.0,0.0,2026-09-24T02:21:15.568-03:00
PUCPR,83,livre,0.0,0.001259686036754292,2026-09-24T02:21:15.568-03:00
PUCPR,84,ocupada,0.27702465653419495,0.8949512065258396,2026-09-24T02:21:15.568-03:00
PUCPR,85,livre,0.0,1.6549724546954338e-07,2026-09-24T02:21:15.568-03:00
PUCPR,86,ocupada,0.27380019426345825,0.857760223448262,2026-09-24T02:21:15.568-03:00
PUCPR,87,ocupada,0.2735395133495331,0.8959303280535856,2026-09-24T02:21:15.568-03:00
PUCPR,88,ocupada,0.4053792953491211,0.8360386436238865,2026-09-24T02:21:15.568-03:00
PUCPR,89,ocupada,0.3868815302848816,0.9977491953138077,2026-09-24T02:21:15.568-03:00
PUCPR,9,livre,0.0,0.0,2026-09-24T02:21:15.568-03:00
PUCPR,90,livre,0.0,0.21662106922018007,2026-09-24T02:21:15.568-03:00
PUCPR,91,ocupada,0.0,0.0,2026-09-24T02:21:15.568-03:00
PUCPR,92,livre,0.0,0.0,2026-09-24T02:21:15.568-03:00
PUCPR,93,ocupada,0.0,0.0783836613121453,2026-09-24T02:21:15.568-03:00
PUCPR,94,ocupada,0.31403759121894836,0.7244308511857175,2026-09-24T02:21:15.568-03:00
PUCPR,95,ocupada,0.3463152348995209,0.8204200555342528,2026-09-24T02:21:15.568-03:00
PUCPR,96,livre,0.0,0.0,2026-09-24T02:21:15.568-03:00
PUCPR,97,livre,0.0,0.0,2026-09-24T02:21:15.568-03:00
PUCPR,98,livre,0.0,0.0,2026-09-24T02:21:15.568-03:00
PUCPR,99,livre,0.0,0.0,2026-09-24T02:21:15.568-03:00
PUCPR,1,livre,0.0,0.12781650822922022,2026-09-24T02:21:15.641-03:00
PUCPR,10,livre,0.0,0.0,2026-09-24T02:21:15.641-03:00
PUCPR,100,livre,0.0,0.0,2026-09-24T02:21:15.641-03:00
PUCPR,11,livre,0.0,0.0,2026-09-24T02:21:15.641-03:00
PUCPR,12,livre,0.0,0.0,2026-09-24T02:21:15.641-03:00
PUCPR,13,livre,0.0,0.0,2026-09-24T02:21:15.641-03:00
PUCPR,14,livre,0.0,0.0,2026-09-24T02:21:15.641-03:00
PUCPR,15,livre,0.0,0.0,2026-09-24T02:21:15.641-03:00
PUCPR,16,livre,0.0,0.0,2026-09-24T02:21:15.641-03:00
PUCPR,17,livre,0.0,0.0,2026-09-24T02:21:15.641-03:00
PUCPR,18,livre,0.0,0.0,2026-09-24T02:21:15.641-03:00
PUCPR,19,livre,0.0,0.0,2026-09-24T02:21:15.641-03:00
PUCPR,2,livre,0.0,0.0,2026-09-24T02:21:15.641-03:00
PUCPR,20,livre,0.0,0.0,2026-09-24T02:21:15.641-03:00
PUCPR,21,livre,0.0,0.0,2026-09-24T02:21:15.641-03:00
PUCPR,22,livre,0.0,0.0,2026-09-24T02:21:15.641-03:00
PUCPR,23,livre,0.0,0.0,2026-09-24T02:21:15.641-03:00
PUCPR,24,livre,0.0,0.0,2026-09-24T02:21:15.641-03:00
PUCPR,25,livre,0.0,0.0,2026-09-24T02:21:15.641-03:00
PUCPR,26,livre,0.0,0.0,2026-09-24T02:21:15.641-03:00
PUCPR,27,livre,0.0,0.0,2026-09-24T02:21:15.641-03:00
PUCPR,28,livre,0.0,0.0,2026-09-24T02:21:15.641-03:00
PUCPR,29,livre,0.0,0.0,2026-09-24T02:21:15.641-03:00
PUCPR,3,livre,0.0,0.0,2026-09-24T02:21:15.641-03:00
PUCPR,30,livre,0.0,0.0,2026-09-24T02:21:15.641-03:00
PUCPR,31,livre,0.0,0.0,2026-09-24T02:21:15.641-03:00
PUCPR,32,livre,0.0,0.0,2026-09-24T02:21:15.641-03:00
PUCPR,33,livre,0.0,0.0,2026-09-24T02:21:15.641-03:00
PUCPR,34,livre,0.0,0.0,2026-09-24T02:21:15.641-03:00
PUCPR,35,livre,0.0,0.0,2026-09-24T02:21:15.641-03:00
PUCPR,36,livre,0.0,0.0,2026-09-24T02:21:15.641-03:00
PUCPR,37,livre,0.0,0.0,2026-09-24T02:21:15.641-03:00
PUCPR,38,livre,0.0,0.0,2026-09-24T02:21:15.641-03:00
PUCPR,39,livre,0.0,0.0,2026-09-24T02:21:15.641-03:00
PUCPR,4,livre,0.0,0.0,2026-09-24T02:21:15.641-03:00
PUCPR,40,livre,0.0,0.0,2026-09-24T02:21:15.641-03:00
PUCPR,41,livre,0.0,0.0,2026-09-24T02:21:15.641-03:00
PUCPR,42,livre,0.0,0.0,2026-09-24T02:21:15.641-03:00
PUCPR,43,livre,0.0,0.0,2026-09-24T02:21:15.641-03:00
PUCPR,44,livre,0.0,0.0,2026-09-24T02:21:15.641-03:00
PUCPR,45,livre,0.0,0.0,2026-09-24T02:21:15.641-03:00
PUCPR,46,livre,0.0,0.0,2026-09-24T02:21:15.641-03:00
PUCPR,47,livre,0.0,0.0,2026-09-24T02:21:15.641-03:00
PUCPR,48,livre,0.0,0.0,2026-09-24T02:21:15.641-03:00
PUCPR,49,livre,0.0,0.0,2026-09-24T02:21:15.641-03:00
PUCPR,5,livre,0.0,0.0,2026-09-24T02:21:15.641-03:00
PUCPR,50,livre,0.0,0.0,2026-09-24T02:21:15.641-03:00
PUCPR,51,livre,0.0,0.0,2026-09-24T02:21:15.641-03:00
PUCPR,52,livre,0.0,0.0,2026-09-24T02:21:15.641-03:00
PUCPR,53,livre,0.0,0.0,2026-09-24T02:21:15.641-03:00
PUCPR,54,livre,0.0,0.0,2026-09-24T02:21:15.641-03:00
PUCPR,55,livre,0.0,0.0,2026-09-24T02:21:15.641-03:00
PUCPR,56,livre,0.0,0.0,2026-09-24T02:21:15.641-03:00
PUCPR,57,livre,0.0,0.0,2026-09-24T02:21:15.641-03:00
PUCPR,58,livre,0.0,0.0,2026-09-24T02:21:15.641-03:00
PUCPR,59,livre,0.0,0.0,2026-09-24T02:21:15.641-03:00
PUCPR,6,livre,0.0,0.0,2026-09-24T02:21:15.641-03:00
PUCPR,60,livre,0.0,0.0,2026-09-24T02:21:15.641-03:00
PUCPR,61,livre,0.0,0.0,2026-09-24T02:21:15.641-03:00
PUCPR,62,livre,0.0,0.0,2026-09-24T02:21:15.641-03:00
PUCPR,63,livre,0.0,0.0,2026-09-24T02:21:15.641-03:00
PUCPR,64,livre,0.0,0.0,2026-09-24T02:21:15.641-03:00
PUCPR,65,livre,0.0,0.0,2026-09-24T02:21:15.641-03:00
PUCPR,66,livre,0.0,0.0,2026-09-24T02:21:15.641-03:00
PUCPR,67,ocupada,0.27870306372642517,0.7600176465518261,2026-09-24T02:21:15.641-03:00
PUCPR,68,livre,0.0,0.17052556663535212,2026-09-24T02:21:15.641-03:00
PUCPR,69,ocupada,0.2568981647491455,0.8858072819447725,2026-09-24T02:21:15.641-03:00
PUCPR,7,livre,0.0,0.0,2026-09-24T02:21:15.641-03:00
PUCPR,70,livre,0.0,0.05687354256679789,2026-09-24T02:21:15.641-03:00
PUCPR,71,ocupada,0.0,0.0,2026-09-24T02:21:15.641-03:00
PUCPR,72,ocupada,0.0,0.0,2026-09-24T02:21:15.641-03:00
PUCPR,73,livre,0.0,0.0,2026-09-24T02:21:15.641-03:00
PUCPR,74,livre,0.0,0.0,2026-09-24T02:21:15.641-03:00
PUCPR,75,livre,0.0,0.0,2026-09-24T02:21:15.641-03:00
PUCPR,76,livre,0.0,0.0,2026-09-24T02:21:15.641-03:00
PUCPR,77,livre,0.0,0.0,2026-09-24T02:21:15.641-03:00
PUCPR,78,livre,0.0,0.0,2026-09-24T02:21:15.641-03:00
PUCPR,79,livre,0.0,0.0,2026-09-24T02:21:15.641-03:00
PUCPR,8,livre,0.0,0.0,2026-09-24T02:21:15.641-03:00
PUCPR,80,livre,0.0,0.0,2026-09-24T02:21:15.641-03:00
PUCPR,81,ocupada,0.0,0.0,2026-09-24T02:21:15.641-03:00
PUCPR,82,livre,0.0,0.0,2026-09-24T02:21:15.641-03:00
PUCPR,83,livre,0.0,0.0013049712421697214,2026-09-24T02:21:15.641-03:00
PUCPR,84,ocupada,0.2966172397136688,0.8961635141086609,2026-09-24T02:21:15.641-03:00
PUCPR,85,livre,0.0,0.0007417295760834313,2026-09-24T02:21:15.641-03:00
PUCPR,86,ocupada,0.29180121421813965,0.8973288262311586,2026-09-24T02:21:15.641-03:00
PUCPR,87,livre,0.0,0.011210471795761769,2026-09-24T02:21:15.641-03:00
PUCPR,88,ocupada,0.46081510186195374,0.8450747150809078,2026-09-24T02:21:15.641-03:00
PUCPR,89,ocupada,0.35560789704322815,0.9956815142904388,2026-09-24T02:21:15.641-03:00
PUCPR,9,livre,0.0,0.0,2026-09-24T02:21:15.641-03:00
PUCPR,90,livre,0.0,0.18870566631337754,2026-09-24T02:21:15.641-03:00
PUCPR,91,ocupada,0.0,0.12832914640332665,2026-09-24T02:21:15.641-03:00
PUCPR,92,livre,0.3175519108772278,0.937791220282004,2026-09-24T02:21:15.641-03:00
PUCPR,93,ocupada,0.2812262773513794,0.9462038040779093,2026-09-24T02:21:15.641-03:00
PUCPR,94,ocupada,0.2926241159439087,0.7200706370246462,2026-09-24T02:21:15.641-03:00
PUCPR,95,ocupada,0.4326304793357849,0.8217449105368793,2026-09-24T02:21:15.641-03:00
PUCPR,96,livre,0.0,0.0,2026-09-24T02:21:15.641-03:00
PUCPR,97,livre,0.0,0.0,2026-09-24T02:21:15.641-03:00
PUCPR,98,livre,0.0,0.0,2026-09-24T02:21:15.641-03:00
PUCPR,99,livre,0.0,0.0,2026-09-24T02:21:15.641-03:00
PUCPR,1,livre,0.0,0.1295836790886439,2026-09-24T02:21:15.719-03:00
PUCPR,10,livre,0.0,0.0,2026-09-24T02:21:15.719-03:00
PUCPR,100,livre,0.0,0.0,2026-09-24T02:21:15.719-03:00
PUCPR,11,livre,0.0,0.0,2026-09-24T02:21:15.719-03:00
PUCPR,12,livre,0.0,0.0,2026-09-24T02:21:15.719-03:00
PUCPR,13,livre,0.0,0.0,2026-09-24T02:21:15.719-03:00
PUCPR,14,livre,0.0,0.0,2026-09-24T02:21:15.719-03:00
PUCPR,15,ocupada,0.280346155166626,0.7571894847756094,2026-09-24T02:21:15.719-03:00
PUCPR,16,livre,0.0,0.0,2026-09-24T02:21:15.719-03:00
PUCPR,17,livre,0.0,0.0,2026-09-24T02:21:15.719-03:00
PUCPR,18,livre,0.0,0.0,2026-09-24T02:21:15.719-03:00
PUCPR,19,livre,0.0,0.0,2026-09-24T02:21:15.719-03:00
PUCPR,2,livre,0.0,0.0,2026-09-24T02:21:15.719-03:00
PUCPR,20,livre,0.0,0.0,2026-09-24T02:21:15.719-03:00
PUCPR,21,livre,0.0,0.0,2026-09-24T02:21:15.719-03:00
PUCPR,22,livre,0.0,0.0,2026-09-24T02:21:15.719-03:00
PUCPR,23,livre,0.0,0.0,2026-09-24T02:21:15.719-03:00
PUCPR,24,livre,0.0,0.0,2026-09-24T02:21:15.719-03:00
PUCPR,25,livre,0.0,0.0,2026-09-24T02:21:15.719-03:00
PUCPR,26,livre,0.0,0.0,2026-09-24T02:21:15.719-03:00
PUCPR,27,livre,0.0,0.0,2026-09-24T02:21:15.719-03:00
PUCPR,28,livre,0.0,0.0,2026-09-24T02:21:15.719-03:00
PUCPR,29,livre,0.0,0.0,2026-09-24T02:21:15.719-03:00
PUCPR,3,livre,0.0,0.0,2026-09-24T02:21:15.719-03:00
PUCPR,30,livre,0.0,0.0,2026-09-24T02:21:15.719-03:00
PUCPR,31,livre,0.0,0.0,2026-09-24T02:21:15.719-03:00
PUCPR,32,livre,0.0,0.0,2026-09-24T02:21:15.719-03:00
PUCPR,33,livre,0.0,0.0,2026-09-24T02:21:15.719-03:00
PUCPR,34,livre,0.0,0.0,2026-09-24T02:21:15.719-03:00
PUCPR,35,livre,0.0,0.0,2026-09-24T02:21:15.719-03:00
PUCPR,36,livre,0.0,0.0,2026-09-24T02:21:15.719-03:00
PUCPR,37,livre,0.0,0.0,2026-09-24T02:21:15.719-03:00
PUCPR,38,livre,0.0,0.0,2026-09-24T02:21:15.719-03:00
PUCPR,39,livre,0.0,0.0,2026-09-24T02:21:15.719-03:00
PUCPR,4,livre,0.0,0.0,2026-09-24T02:21:15.719-03:00
PUCPR,40,livre,0.0,0.0,2026-09-24T02:21:15.719-03:00
PUCPR,41,livre,0.0,0.009686964710484532,2026-09-24T02:21:15.719-03:00
PUCPR,42,livre,0.26280784606933594,0.8540579657825014,2026-09-24T02:21:15.719-03:00
PUCPR,43,livre,0.0,0.0,2026-09-24T02:21:15.719-03:00
PUCPR,44,livre,0.0,0.0,2026-09-24T02:21:15.719-03:00
PUCPR,45,livre,0.0,0.0,2026-09-24T02:21:15.719-03:00
PUCPR,46,livre,0.0,0.0,2026-09-24T02:21:15.719-03:00
PUCPR,47,livre,0.0,0.0,2026-09-24T02:21:15.719-03:00
PUCPR,48,livre,0.0,0.0,2026-09-24T02:21:15.719-03:00
PUCPR,49,livre,0.0,0.0,2026-09-24T02:21:15.719-03:00
PUCPR,5,livre,0.0,0.0,2026-09-24T02:21:15.719-03:00
PUCPR,50,livre,0.0,0.0,2026-09-24T02:21:15.719-03:00
PUCPR,51,livre,0.0,0.0,2026-09-24T02:21:15.719-03:00
PUCPR,52,livre,0.0,0.0,2026-09-24T02:21:15.719-03:00
PUCPR,53,livre,0.0,0.0,2026-09-24T02:21:15.719-03:00
PUCPR,54,livre,0.0,0.0,2026-09-24T02:21:15.719-03:00
PUCPR,55,livre,0.0,0.0,2026-09-24T02:21:15.719-03:00
PUCPR,56,livre,0.0,0.0,2026-09-24T02:21:15.719-03:00
PUCPR,57,livre,0.0,0.0,2026-09-24T02:21:15.719-03:00
PUCPR,58,livre,0.0,0.0,2026-09-24T02:21:15.719-03:00
PUCPR,59,livre,0.0,0.0,2026-09-24T02:21:15.719-03:00
PUCPR,6,livre,0.0,0.0,2026-09-24T02:21:15.719-03:00
PUCPR,60,livre,0.0,0.0,2026-09-24T02:21:15.719-03:00
PUCPR,61,livre,0.0,0.0,2026-09-24T02:21:15.719-03:00
PUCPR,62,livre,0.0,0.0,2026-09-24T02:21:15.719-03:00
PUCPR,63,livre,0.0,0.011746912745355038,2026-09-24T02:21:15.719-03:00
PUCPR,64,livre,0.0,0.0868399858620484,2026-09-24T02:21:15.719-03:00
PUCPR,65,livre,0.0,0.0,2026-09-24T02:21:15.719-03:00
PUCPR,66,livre,0.0,0.0,2026-09-24T02:21:15.719-03:00
PUCPR,67,ocupada,0.0,0.0,2026-09-24T02:21:15.719-03:00
PUCPR,68,livre,0.0,0.0,2026-09-24T02:21:15.719-03:00
PUCPR,69,livre,0.0,0.0,2026-09-24T02:21:15.719-03:00
PUCPR,7,livre,0.0,0.0,2026-09-24T02:21:15.719-03:00
PUCPR,70,livre,0.0,0.0,2026-09-24T02:21:15.719-03:00
PUCPR,71,livre,0.0,0.0,2026-09-24T02:21:15.719-03:00
PUCPR,72,livre,0.0,0.0,2026-09-24T02:21:15.719-03:00
PUCPR,73,livre,0.0,0.0,2026-09-24T02:21:15.719-03:00
PUCPR,74,livre,0.0,0.0,2026-09-24T02:21:15.719-03:00
PUCPR,75,livre,0.0,0.0,2026-09-24T02:21:15.719-03:00
PUCPR,76,livre,0.0,0.0,2026-09-24T02:21:15.719-03:00
PUCPR,77,livre,0.0,0.0,2026-09-24T02:21:15.719-03:00
PUCPR,78,livre,0.0,0.0,2026-09-24T02:21:15.719-03:00
PUCPR,79,livre,0.0,0.0,2026-09-24T02:21:15.719-03:00
PUCPR,8,livre,0.0,0.0,2026-09-24T02:21:15.719-03:00
PUCPR,80,livre,0.0,0.0,2026-09-24T02:21:15.719-03:00
PUCPR,81,ocupada,0.2710829973220825,0.7094088141603211,2026-09-24T02:21:15.719-03:00
PUCPR,82,livre,0.0,0.0,2026-09-24T02:21:15.719-03:00
PUCPR,83,livre,0.0,0.0020649817511031693,2026-09-24T02:21:15.719-03:00
PUCPR,84,ocupada,0.27772870659828186,0.9073675548700825,2026-09-24T02:21:15.719-03:00
PUCPR,85,livre,0.31144875288009644,0.8148932647444064,2026-09-24T02:21:15.719-03:00
PUCPR,86,ocupada,0.43726587295532227,0.8917182212512065,2026-09-24T02:21:15.719-03:00
PUCPR,87,livre,0.0,0.0035816990267017977,2026-09-24T02:21:15.719-03:00
PUCPR,88,ocupada,0.46566224098205566,0.8647933296643217,2026-09-24T02:21:15.719-03:00
PUCPR,89,ocupada,0.345086932182312,0.9878509369853384,2026-09-24T02:21:15.719-03:00
PUCPR,9,livre,0.0,0.0,2026-09-24T02:21:15.719-03:00
PUCPR,90,livre,0.0,0.14696377595070007,2026-09-24T02:21:15.719-03:00
PUCPR,91,livre,0.0,0.12617610642901605,2026-09-24T02:21:15.719-03:00
PUCPR,92,ocupada,0.2881452143192291,0.9414076540453344,2026-09-24T02:21:15.719-03:00
PUCPR,93,ocupada,0.254923015832901,0.9409675923307611,2026-09-24T02:21:15.719-03:00
PUCPR,94,ocupada,0.3248583972454071,0.7279568852272006,2026-09-24T02:21:15.719-03:00
PUCPR,95,ocupada,0.3894760012626648,0.8228102517085109,2026-09-24T02:21:15.719-03:00
PUCPR,96,livre,0.0,0.0,2026-09-24T02:21:15.719-03:00
PUCPR,97,livre,0.0,0.0,2026-09-24T02:21:15.719-03:00
PUCPR,98,livre,0.0,0.0,2026-09-24T02:21:15.719-03:00
PUCPR,99,livre,0.0,0.0,2026-09-24T02:21:15.719-03:00
PUCPR,1,livre,0.0,0.12838637011634682,2026-09-24T02:21:15.793-03:00
PUCPR,10,livre,0.0,0.0,2026-09-24T02:21:15.793-03:00
PUCPR,100,livre,0.0,0.0,2026-09-24T02:21:15.793-03:00
PUCPR,11,livre,0.0,0.0,2026-09-24T02:21:15.793-03:00
PUCPR,12,livre,0.0,0.0,2026-09-24T02:21:15.793-03:00
PUCPR,13,livre,0.25008898973464966,0.9728930797685619,2026-09-24T02:21:15.793-03:00
PUCPR,14,livre,0.0,0.0,2026-09-24T02:21:15.793-03:00
PUCPR,15,ocupada,0.0,0.0,2026-09-24T02:21:15.793-03:00
PUCPR,16,livre,0.0,0.0,2026-09-24T02:21:15.793-03:00
PUCPR,17,livre,0.0,0.0,2026-09-24T02:21:15.793-03:00
PUCPR,18,livre,0.0,0.0,2026-09-24T02:21:15.793-03:00
PUCPR,19,livre,0.0,0.0,2026-09-24T02:21:15.793-03:00
PUCPR,2,livre,0.0,0.0,2026-09-24T02:21:15.793-03:00
PUCPR,20,livre,0.0,0.0,2026-09-24T02:21:15.793-03:00
PUCPR,21,livre,0.0,0.0,2026-09-24T02:21:15.793-03:00
PUCPR,22,livre,0.0,0.0,2026-09-24T02:21:15.793-03:00
PUCPR,23,livre,0.0,0.0,2026-09-24T02:21:15.793-03:00
PUCPR,24,livre,0.0,0.0,2026-09-24T02:21:15.793-03:00
PUCPR,25,livre,0.0,0.0,2026-09-24T02:21:15.793-03:00
PUCPR,26,livre,0.0,0.0,2026-09-24T02:21:15.793-03:00
PUCPR,27,livre,0.0,0.0,2026-09-24T02:21:15.793-03:00
PUCPR,28,livre,0.0,0.0,2026-09-24T02:21:15.793-03:00
PUCPR,29,livre,0.0,0.0,2026-09-24T02:21:15.793-03:00
PUCPR,3,livre,0.0,0.0,2026-09-24T02:21:15.793-03:00
PUCPR,30,livre,0.0,0.0,2026-09-24T02:21:15.793-03:00
PUCPR,31,livre,0.0,0.0,2026-09-24T02:21:15.793-03:00
PUCPR,32,livre,0.0,0.0,2026-09-24T02:21:15.793-03:00
PUCPR,33,livre,0.0,0.0,2026-09-24T02:21:15.793-03:00
PUCPR,34,livre,0.0,0.0,2026-09-24T02:21:15.793-03:00
PUCPR,35,livre,0.0,0.0,2026-09-24T02:21:15.793-03:00
PUCPR,36,livre,0.0,0.0,2026-09-24T02:21:15.793-03:00
PUCPR,37,livre,0.0,0.0,2026-09-24T02:21:15.793-03:00
PUCPR,38,livre,0.0,0.0,2026-09-24T02:21:15.793-03:00
PUCPR,39,livre,0.0,0.0,2026-09-24T02:21:15.793-03:00
PUCPR,4,livre,0.0,0.0,2026-09-24T02:21:15.793-03:00
PUCPR,40,livre,0.0,0.0,2026-09-24T02:21:15.793-03:00
PUCPR,41,livre,0.0,0.011691742740445365,2026-09-24T02:21:15.793-03:00
PUCPR,42,ocupada,0.360856294631958,0.8813907647173821,2026-09-24T02:21:15.793-03:00
PUCPR,43,livre,0.0,0.0,2026-09-24T02:21:15.793-03:00
PUCPR,44,livre,0.0,0.0,2026-09-24T02:21:15.793-03:00
PUCPR,45,livre,0.0,0.0,2026-09-24T02:21:15.793-03:00
PUCPR,46,livre,0.0,0.0,2026-09-24T02:21:15.793-03:00
PUCPR,47,livre,0.0,0.0,2026-09-24T02:21:15.793-03:00
PUCPR,48,livre,0.0,0.0,2026-09-24T02:21:15.793-03:00
PUCPR,49,livre,0.0,0.0,2026-09-24T02:21:15.793-03:00
PUCPR,5,livre,0.0,0.0,2026-09-24T02:21:15.793-03:00
PUCPR,50,livre,0.0,0.0,2026-09-24T02:21:15.793-03:00
PUCPR,51,livre,0.0,0.0,2026-09-24T02:21:15.793-03:00
PUCPR,52,livre,0.0,0.0,2026-09-24T02:21:15.793-03:00
PUCPR,53,livre,0.0,0.0,2026-09-24T02:21:15.793-03:00
PUCPR,54,livre,0.0,0.0,2026-09-24T02:21:15.793-03:00
PUCPR,55,livre,0.0,0.0,2026-09-24T02:21:15.793-03:00
PUCPR,56,livre,0.0,0.0,2026-09-24T02:21:15.793-03:00
PUCPR,57,livre,0.0,0.0,2026-09-24T02:21:15.793-03:00
PUCPR,58,livre,0.0,0.0,2026-09-24T02:21:15.793-03:00
PUCPR,59,livre,0.3332054316997528,0.828471441980777,2026-09-24T02:21:15.793-03:00
PUCPR,6,livre,0.0,0.0,2026-09-24T02:21:15.793-03:00
PUCPR,60,livre,0.0,0.0,2026-09-24T02:21:15.793-03:00
PUCPR,61,livre,0.0,0.0,2026-09-24T02:21:15.793-03:00
PUCPR,62,livre,0.0,0.0,2026-09-24T02:21:15.793-03:00
PUCPR,63,livre,0.0,0.011051450979518162,2026-09-24T02:21:15.793-03:00
PUCPR,64,livre,0.0,0.08105325131604549,2026-09-24T02:21:15.793-03:00
PUCPR,65,livre,0.0,0.0,2026-09-24T02:21:15.793-03:00
PUCPR,66,livre,0.0,0.0,2026-09-24T02:21:15.793-03:00
PUCPR,67,livre,0.0,0.0,2026-09-24T02:21:15.793-03:00
PUCPR,68,livre,0.0,0.06256258087592843,2026-09-24T02:21:15.793-03:00
PUCPR,69,livre,0.28379786014556885,0.8931421336985889,2026-09-24T02:21:15.793-03:00
PUCPR,7,livre,0.0,0.0,2026-09-24T02:21:15.793-03:00
PUCPR,70,livre,0.0,0.061999825587244255,2026-09-24T02:21:15.793-03:00
PUCPR,71,livre,0.0,0.0,2026-09-24T02:21:15.793-03:00
PUCPR,72,livre,0.2647983431816101,0.9282309731148148,2026-09-24T02:21:15.793-03:00
PUCPR,73,livre,0.0,0.01087539256754267,2026-09-24T02:21:15.793-03:00
PUCPR,74,livre,0.0,0.0,2026-09-24T02:21:15.793-03:00
PUCPR,75,livre,0.0,0.0,2026-09-24T02:21:15.793-03:00
PUCPR,76,livre,0.0,0.0,2026-09-24T02:21:15.793-03:00
PUCPR,77,livre,0.0,0.0,2026-09-24T02:21:15.793-03:00
PUCPR,78,livre,0.0,0.0,2026-09-24T02:21:15.793-03:00
PUCPR,79,livre,0.0,0.0,2026-09-24T02:21:15.793-03:00
PUCPR,8,livre,0.0,0.0,2026-09-24T02:21:15.793-03:00
PUCPR,80,livre,0.0,0.0,2026-09-24T02:21:15.793-03:00
PUCPR,81,ocupada,0.47192147374153137,0.7066605934474995,2026-09-24T02:21:15.793-03:00
PUCPR,82,livre,0.25658178329467773,0.7139448111661919,2026-09-24T02:21:15.793-03:00
PUCPR,83,livre,0.0,0.0018858847196795265,2026-09-24T02:21:15.793-03:00
PUCPR,84,ocupada,0.39262354373931885,0.901397177162352,2026-09-24T02:21:15.793-03:00
PUCPR,85,livre,0.3909469544887543,0.7574070194299948,2026-09-24T02:21:15.793-03:00
PUCPR,86,ocupada,0.41290390491485596,0.8601820617339396,2026-09-24T02:21:15.793-03:00
PUCPR,87,ocupada,0.25830698013305664,0.9457399191484956,2026-09-24T02:21:15.793-03:00
PUCPR,88,ocupada,0.43112123012542725,0.8354065821445772,2026-09-24T02:21:15.793-03:00
PUCPR,89,ocupada,0.41794878244400024,0.99448812127915,2026-09-24T02:21:15.793-03:00
PUCPR,9,livre,0.0,0.0,2026-09-24T02:21:15.793-03:00
PUCPR,90,livre,0.0,0.17278444009078553,2026-09-24T02:21:15.793-03:00
PUCPR,91,livre,0.297391414642334,0.8965466050292434,2026-09-24T02:21:15.793-03:00
PUCPR,92,ocupada,0.25521567463874817,0.9411534405108922,2026-09-24T02:21:15.793-03:00
PUCPR,93,ocupada,0.0,0.09111646930367533,2026-09-24T02:21:15.793-03:00
PUCPR,94,ocupada,0.3739314079284668,0.7128772587080282,2026-09-24T02:21:15.793-03:00
PUCPR,95,ocupada,0.4537535011768341,0.8262621981870819,2026-09-24T02:21:15.793-03:00
PUCPR,96,livre,0.0,0.0,2026-09-24T02:21:15.793-03:00
PUCPR,97,livre,0.0,0.0,2026-09-24T02:21:15.793-03:00
PUCPR,98,livre,0.0,0.0,2026-09-24T02:21:15.793-03:00
PUCPR,99,livre,0.0,0.0,2026-09-24T02:21:15.793-03:00
PUCPR,1,livre,0.0,0.12993801893501067,2026-09-24T02:21:15.874-03:00
PUCPR,10,livre,0.0,0.0,2026-09-24T02:21:15.874-03:00
PUCPR,100,livre,0.0,0.0,2026-09-24T02:21:15.874-03:00
PUCPR,11,livre,0.0,0.0,2026-09-24T02:21:15.874-03:00
PUCPR,12,livre,0.0,0.0,2026-09-24T02:21:15.874-03:00
PUCPR,13,livre,0.0,0.0,2026-09-24T02:21:15.874-03:00
PUCPR,14,livre,0.0,0.0,2026-09-24T02:21:15.874-03:00
PUCPR,15,livre,0.0,0.0,2026-09-24T02:21:15.874-03:00
PUCPR,16,livre,0.0,0.0,2026-09-24T02:21:15.874-03:00
PUCPR,17,livre,0.0,0.0,2026-09-24T02:21:15.874-03:00
PUCPR,18,livre,0.0,0.0,2026-09-24T02:21:15.874-03:00
PUCPR,19,livre,0.0,0.0,2026-09-24T02:21:15.874-03:00
PUCPR,2,livre,0.0,0.0,2026-09-24T02:21:15.874-03:00
PUCPR,20,livre,0.0,0.0,2026-09-24T02:21:15.874-03:00
PUCPR,21,livre,0.0,0.0,2026-09-24T02:21:15.874-03:00
PUCPR,22,livre,0.0,0.0,2026-09-24T02:21:15.874-03:00
PUCPR,23,livre,0.0,0.0,2026-09-24T02:21:15.874-03:00
PUCPR,24,livre,0.0,0.0,2026-09-24T02:21:15.874-03:00
PUCPR,25,livre,0.0,0.0,2026-09-24T02:21:15.874-03:00
PUCPR,26,livre,0.0,0.0,2026-09-24T02:21:15.874-03:00
PUCPR,27,livre,0.0,0.0,2026-09-24T02:21:15.874-03:00
PUCPR,28,livre,0.0,0.0,2026-09-24T02:21:15.874-03:00
PUCPR,29,livre,0.0,0.0,2026-09-24T02:21:15.874-03:00
PUCPR,3,livre,0.0,0.0,2026-09-24T02:21:15.874-03:00
PUCPR,30,livre,0.0,0.0,2026-09-24T02:21:15.874-03:00
PUCPR,31,livre,0.0,0.0,2026-09-24T02:21:15.874-03:00
PUCPR,32,livre,0.0,0.0,2026-09-24T02:21:15.874-03:00
PUCPR,33,livre,0.0,0.0,2026-09-24T02:21:15.874-03:00
PUCPR,34,livre,0.0,0.0,2026-09-24T02:21:15.874-03:00
PUCPR,35,livre,0.0,0.0,2026-09-24T02:21:15.874-03:00
PUCPR,36,livre,0.0,0.0,2026-09-24T02:21:15.874-03:00
PUCPR,37,livre,0.0,0.0,2026-09-24T02:21:15.874-03:00
PUCPR,38,livre,0.0,0.0,2026-09-24T02:21:15.874-03:00
PUCPR,39,livre,0.0,0.0,2026-09-24T02:21:15.874-03:00
PUCPR,4,livre,0.0,0.0,2026-09-24T02:21:15.874-03:00
PUCPR,40,livre,0.0,0.0,2026-09-24T02:21:15.874-03:00
PUCPR,41,livre,0.0,0.01141372908856751,2026-09-24T02:21:15.874-03:00
PUCPR,42,ocupada,0.5082497596740723,0.8831330321620973,2026-09-24T02:21:15.874-03:00
PUCPR,43,livre,0.0,0.0,2026-09-24T02:21:15.874-03:00
PUCPR,44,livre,0.0,0.0,2026-09-24T02:21:15.874-03:00
PUCPR,45,livre,0.0,0.03365678943164524,2026-09-24T02:21:15.874-03:00
PUCPR,46,livre,0.0,0.0,2026-09-24T02:21:15.874-03:00
PUCPR,47,livre,0.0,0.0,2026-09-24T02:21:15.874-03:00
PUCPR,48,livre,0.0,0.0,2026-09-24T02:21:15.874-03:00
PUCPR,49,livre,0.0,0.0,2026-09-24T02:21:15.874-03:00
PUCPR,5,livre,0.0,0.0,2026-09-24T02:21:15.874-03:00
PUCPR,50,livre,0.0,0.0,2026-09-24T02:21:15.874-03:00
PUCPR,51,livre,0.0,0.0,2026-09-24T02:21:15.874-03:00
PUCPR,52,livre,0.0,0.0,2026-09-24T02:21:15.874-03:00
PUCPR,53,livre,0.0,0.0,2026-09-24T02:21:15.874-03:00
PUCPR,54,livre,0.0,0.0,2026-09-24T02:21:15.874-03:00
PUCPR,55,livre,0.0,0.0,2026-09-24T02:21:15.874-03:00
PUCPR,56,livre,0.0,0.0,2026-09-24T02:21:15.874-03:00
PUCPR,57,livre,0.0,0.0,2026-09-24T02:21:15.874-03:00
PUCPR,58,livre,0.0,0.0,2026-09-24T02:21:15.874-03:00
PUCPR,59,livre,0.0,0.0,2026-09-24T02:21:15.874-03:00
PUCPR,6,livre,0.0,0.0,2026-09-24T02:21:15.874-03:00
PUCPR,60,livre,0.0,0.0,2026-09-24T02:21:15.874-03:00
PUCPR,61,livre,0.0,0.0,2026-09-24T02:21:15.874-03:00
PUCPR,62,livre,0.0,0.0,2026-09-24T02:21:15.874-03:00
PUCPR,63,livre,0.0,0.007872221184286305,2026-09-24T02:21:15.874-03:00
PUCPR,64,livre,0.0,0.06250459700592133,2026-09-24T02:21:15.874-03:00
PUCPR,65,livre,0.26346132159233093,0.6021183938061381,2026-09-24T02:21:15.874-03:00
PUCPR,66,livre,0.0,0.0010865102545023957,2026-09-24T02:21:15.874-03:00
PUCPR,67,livre,0.0,0.0,2026-09-24T02:21:15.874-03:00
PUCPR,68,livre,0.0,0.0,2026-09-24T02:21:15.874-03:00
PUCPR,69,livre,0.0,0.0,2026-09-24T02:21:15.874-03:00
PUCPR,7,livre,0.0,0.0,2026-09-24T02:21:15.874-03:00
PUCPR,70,livre,0.0,0.0,2026-09-24T02:21:15.874-03:00
PUCPR,71,livre,0.0,0.0,2026-09-24T02:21:15.874-03:00
PUCPR,72,livre,0.0,0.0,2026-09-24T02:21:15.874-03:00
PUCPR,73,livre,0.0,0.0,2026-09-24T02:21:15.874-03:00
PUCPR,74,livre,0.0,0.0,2026-09-24T02:21:15.874-03:00
PUCPR,75,livre,0.0,0.0,2026-09-24T02:21:15.874-03:00
PUCPR,76,livre,0.0,0.0,2026-09-24T02:21:15.874-03:00
PUCPR,77,livre,0.0,0.0,2026-09-24T02:21:15.874-03:00
PUCPR,78,livre,0.0,0.0,2026-09-24T02:21:15.874-03:00
PUCPR,79,livre,0.0,0.0,2026-09-24T02:21:15.874-03:00
PUCPR,8,livre,0.0,0.0,2026-09-24T02:21:15.874-03:00
PUCPR,80,livre,0.0,0.0,2026-09-24T02:21:15.874-03:00
PUCPR,81,ocupada,0.3504222333431244,0.7252297464939769,2026-09-24T02:21:15.874-03:00
PUCPR,82,livre,0.0,0.0,2026-09-24T02:21:15.874-03:00
PUCPR,83,livre,0.0,0.00260916678469679,2026-09-24T02:21:15.874-03:00
PUCPR,84,ocupada,0.4985976219177246,0.9147908703668949,2026-09-24T02:21:15.874-03:00
PUCPR,85,ocupada,0.4335293769836426,0.7585844299849295,2026-09-24T02:21:15.874-03:00
PUCPR,86,ocupada,0.41275134682655334,0.8553698967795998,2026-09-24T02:21:15.874-03:00
PUCPR,87,ocupada,0.37029966711997986,0.9599605626606527,2026-09-24T02:21:15.874-03:00
PUCPR,88,ocupada,0.393870085477829,0.7794130717058964,2026-09-24T02:21:15.874-03:00
PUCPR,89,ocupada,0.4021976888179779,0.993991236343335,2026-09-24T02:21:15.874-03:00
PUCPR,9,livre,0.0,0.0,2026-09-24T02:21:15.874-03:00
PUCPR,90,livre,0.0,0.169411316608668,2026-09-24T02:21:15.874-03:00
PUCPR,91,livre,0.0,0.138034196507569,2026-09-24T02:21:15.874-03:00
PUCPR,92,ocupada,0.2762197256088257,0.945386961089496,2026-09-24T02:21:15.874-03:00
PUCPR,93,ocupada,0.29480981826782227,0.9413280011729638,2026-09-24T02:21:15.874-03:00
PUCPR,94,ocupada,0.3794619143009186,0.7126627647376109,2026-09-24T02:21:15.874-03:00
PUCPR,95,ocupada,0.4096132516860962,0.8232031986761238,2026-09-24T02:21:15.874-03:00
PUCPR,96,livre,0.0,0.0,2026-09-24T02:21:15.874-03:00
PUCPR,97,livre,0.0,0.0,2026-09-24T02:21:15.874-03:00
PUCPR,98,livre,0.0,0.0,2026-09-24T02:21:15.874-03:00
PUCPR,99,livre,0.0,0.0,2026-09-24T02:21:15.874-03:00
PUCPR,1,livre,0.0,0.12712788617309323,2026-09-24T02:21:15.951-03:00
PUCPR,10,livre,0.0,0.0,2026-09-24T02:21:15.951-03:00
PUCPR,100,livre,0.0,0.0,2026-09-24T02:21:15.951-03:00
PUCPR,11,livre,0.0,0.0,2026-09-24T02:21:15.951-03:00
PUCPR,12,livre,0.0,0.0,2026-09-24T02:21:15.951-03:00
PUCPR,13,livre,0.0,0.0,2026-09-24T02:21:15.951-03:00
PUCPR,14,livre,0.0,0.0,2026-09-24T02:21:15.951-03:00
PUCPR,15,livre,0.0,0.0,2026-09-24T02:21:15.951-03:00
PUCPR,16,livre,0.0,0.0,2026-09-24T02:21:15.951-03:00
PUCPR,17,livre,0.0,0.0,2026-09-24T02:21:15.951-03:00
PUCPR,18,livre,0.0,0.0,2026-09-24T02:21:15.951-03:00
PUCPR,19,livre,0.0,0.0,2026-09-24T02:21:15.951-03:00
PUCPR,2,livre,0.0,0.0,2026-09-24T02:21:15.951-03:00
PUCPR,20,livre,0.0,0.0,2026-09-24T02:21:15.951-03:00
PUCPR,21,livre,0.0,0.0,2026-09-24T02:21:15.951-03:00
PUCPR,22,livre,0.0,0.0,2026-09-24T02:21:15.951-03:00
PUCPR,23,livre,0.0,0.0,2026-09-24T02:21:15.951-03:00
PUCPR,24,livre,0.0,0.0,2026-09-24T02:21:15.951-03:00
PUCPR,25,livre,0.0,0.0,2026-09-24T02:21:15.951-03:00
PUCPR,26,livre,0.0,0.0,2026-09-24T02:21:15.951-03:00
PUCPR,27,livre,0.0,0.0,2026-09-24T02:21:15.951-03:00
PUCPR,28,livre,0.0,0.0,2026-09-24T02:21:15.951-03:00
PUCPR,29,livre,0.0,0.0,2026-09-24T02:21:15.951-03:00
PUCPR,3,livre,0.0,0.0,2026-09-24T02:21:15.951-03:00
PUCPR,30,livre,0.0,0.0,2026-09-24T02:21:15.951-03:00
PUCPR,31,livre,0.0,0.0,2026-09-24T02:21:15.951-03:00
PUCPR,32,livre,0.0,0.0,2026-09-24T02:21:15.951-03:00
PUCPR,33,livre,0.0,0.0,2026-09-24T02:21:15.951-03:00
PUCPR,34,livre,0.0,0.0,2026-09-24T02:21:15.951-03:00
PUCPR,35,livre,0.0,0.0,2026-09-24T02:21:15.951-03:00
PUCPR,36,livre,0.0,0.0,2026-09-24T02:21:15.951-03:00
PUCPR,37,livre,0.0,0.0,2026-09-24T02:21:15.951-03:00
PUCPR,38,livre,0.0,0.0,2026-09-24T02:21:15.951-03:00
PUCPR,39,livre,0.0,0.0,2026-09-24T02:21:15.951-03:00
PUCPR,4,livre,0.0,0.0,2026-09-24T02:21:15.951-03:00
PUCPR,40,livre,0.0,0.0,2026-09-24T02:21:15.951-03:00
PUCPR,41,livre,0.0,0.011163084757401359,2026-09-24T02:21:15.951-03:00
PUCPR,42,ocupada,0.4450002610683441,0.8879064469182938,2026-09-24T02:21:15.951-03:00
PUCPR,43,livre,0.2619456946849823,0.8317713762622603,2026-09-24T02:21:15.951-03:00
PUCPR,44,livre,0.0,0.0,2026-09-24T02:21:15.951-03:00
PUCPR,45,livre,0.0,0.0,2026-09-24T02:21:15.951-03:00
PUCPR,46,livre,0.0,0.0,2026-09-24T02:21:15.951-03:00
PUCPR,47,livre,0.0,0.0,2026-09-24T02:21:15.951-03:00
PUCPR,48,livre,0.0,0.0,2026-09-24T02:21:15.951-03:00
PUCPR,49,livre,0.0,0.0,2026-09-24T02:21:15.951-03:00
PUCPR,5,livre,0.0,0.0,2026-09-24T02:21:15.951-03:00
PUCPR,50,livre,0.0,0.0,2026-09-24T02:21:15.951-03:00
PUCPR,51,livre,0.0,0.0,2026-09-24T02:21:15.951-03:00
PUCPR,52,livre,0.0,0.0,2026-09-24T02:21:15.951-03:00
PUCPR,53,livre,0.0,0.0,2026-09-24T02:21:15.951-03:00
PUCPR,54,livre,0.0,0.0,2026-09-24T02:21:15.951-03:00
PUCPR,55,livre,0.0,0.0,2026-09-24T02:21:15.951-03:00
PUCPR,56,livre,0.0,0.0,2026-09-24T02:21:15.951-03:00
PUCPR,57,livre,0.0,0.0,2026-09-24T02:21:15.951-03:00
PUCPR,58,livre,0.0,0.0,2026-09-24T02:21:15.951-03:00
PUCPR,59,livre,0.2590106725692749,0.8330174182397774,2026-09-24T02:21:15.951-03:00
PUCPR,6,livre,0.0,0.0,2026-09-24T02:21:15.951-03:00
PUCPR,60,livre,0.0,0.0,2026-09-24T02:21:15.951-03:00
PUCPR,61,livre,0.0,0.0,2026-09-24T02:21:15.951-03:00
PUCPR,62,livre,0.0,0.0,2026-09-24T02:21:15.951-03:00
PUCPR,63,livre,0.0,0.009902150553756164,2026-09-24T02:21:15.951-03:00
PUCPR,64,livre,0.0,0.0737140262173542,2026-09-24T02:21:15.951-03:00
PUCPR,65,livre,0.0,0.0,2026-09-24T02:21:15.951-03:00
PUCPR,66,livre,0.0,0.0,2026-09-24T02:21:15.951-03:00
PUCPR,67,livre,0.0,0.0,2026-09-24T02:21:15.951-03:00
PUCPR,68,livre,0.0,0.0,2026-09-24T02:21:15.951-03:00
PUCPR,69,livre,0.0,0.0,2026-09-24T02:21:15.951-03:00
PUCPR,7,livre,0.0,0.0,2026-09-24T02:21:15.951-03:00
PUCPR,70,livre,0.0,0.0,2026-09-24T02:21:15.951-03:00
PUCPR,71,livre,0.0,0.0,2026-09-24T02:21:15.951-03:00
PUCPR,72,livre,0.0,0.0,2026-09-24T02:21:15.951-03:00
PUCPR,73,livre,0.0,0.0,2026-09-24T02:21:15.951-03:00
PUCPR,74,livre,0.0,0.0,2026-09-24T02:21:15.951-03:00
PUCPR,75,livre,0.0,0.0,2026-09-24T02:21:15.951-03:00
PUCPR,76,livre,0.0,0.0,2026-09-24T02:21:15.951-03:00
PUCPR,77,livre,0.0,0.0,2026-09-24T02:21:15.951-03:00
PUCPR,78,livre,0.0,0.0,2026-09-24T02:21:15.951-03:00
PUCPR,79,livre,0.0,0.0,2026-09-24T02:21:15.951-03:00
PUCPR,8,livre,0.0,0.0,2026-09-24T02:21:15.951-03:00
PUCPR,80,livre,0.0,0.0,2026-09-24T02:21:15.951-03:00
PUCPR,81,ocupada,0.33037349581718445,0.7391432833668369,2026-09-24T02:21:15.951-03:00
PUCPR,82,livre,0.0,0.0,2026-09-24T02:21:15.951-03:00
PUCPR,83,livre,0.0,0.0029417143121947546,2026-09-24T02:21:15.951-03:00
PUCPR,84,ocupada,0.5837635397911072,0.9010026206696138,2026-09-24T02:21:15.951-03:00
PUCPR,85,ocupada,0.3931048810482025,0.7677625616482022,2026-09-24T02:21:15.951-03:00
PUCPR,86,ocupada,0.44573330879211426,0.8455767644828464,2026-09-24T02:21:15.951-03:00
PUCPR,87,livre,0.0,0.005889401788783946,2026-09-24T02:21:15.951-03:00
PUCPR,88,ocupada,0.35556575655937195,0.8240608623702972,2026-09-24T02:21:15.951-03:00
PUCPR,89,ocupada,0.351749986410141,0.9942298059255703,2026-09-24T02:21:15.951-03:00
PUCPR,9,livre,0.0,0.0,2026-09-24T02:21:15.951-03:00
PUCPR,90,livre,0.0,0.18257903587392266,2026-09-24T02:21:15.951-03:00
PUCPR,91,livre,0.0,0.0,2026-09-24T02:21:15.951-03:00
PUCPR,92,ocupada,0.0,0.0,2026-09-24T02:21:15.951-03:00
PUCPR,93,ocupada,0.0,0.02206427205513556,2026-09-24T02:21:15.951-03:00
PUCPR,94,ocupada,0.37280595302581787,0.47725635949178014,2026-09-24T02:21:15.951-03:00
PUCPR,95,ocupada,0.28474318981170654,0.8295255580008931,2026-09-24T02:21:15.951-03:00
PUCPR,96,livre,0.0,0.0,2026-09-24T02:21:15.951-03:00
PUCPR,97,livre,0.0,0.0,2026-09-24T02:21:15.951-03:00
PUCPR,98,livre,0.0,0.0,2026-09-24T02:21:15.951-03:00
PUCPR,99,livre,0.0,0.0,2026-09-24T02:21:15.951-03:00
PUCPR,1,livre,0.0,0.0,2026-09-24T02:21:16.023-03:00
PUCPR,10,livre,0.0,0.0,2026-09-24T02:21:16.023-03:00
PUCPR,100,livre,0.0,0.0,2026-09-24T02:21:16.023-03:00
PUCPR,11,livre,0.0,0.0,2026-09-24T02:21:16.023-03:00
PUCPR,12,livre,0.0,0.0,2026-09-24T02:21:16.023-03:00
PUCPR,13,livre,0.0,0.0,2026-09-24T02:21:16.023-03:00
PUCPR,14,livre,0.0,0.0,2026-09-24T02:21:16.023-03:00
PUCPR,15,livre,0.0,0.0,2026-09-24T02:21:16.023-03:00
PUCPR,16,livre,0.0,0.0,2026-09-24T02:21:16.023-03:00
PUCPR,17,livre,0.0,0.0,2026-09-24T02:21:16.023-03:00
PUCPR,18,livre,0.0,0.0,2026-09-24T02:21:16.023-03:00
PUCPR,19,livre,0.0,0.0,2026-09-24T02:21:16.023-03:00
PUCPR,2,livre,0.0,0.0,2026-09-24T02:21:16.023-03:00
PUCPR,20,livre,0.0,0.0,2026-09-24T02:21:16.023-03:00
PUCPR,21,livre,0.0,0.0,2026-09-24T02:21:16.023-03:00
PUCPR,22,livre,0.0,0.0,2026-09-24T02:21:16.023-03:00
PUCPR,23,livre,0.0,0.0,2026-09-24T02:21:16.023-03:00
PUCPR,24,livre,0.0,0.0,2026-09-24T02:21:16.023-03:00
PUCPR,25,livre,0.0,0.0,2026-09-24T02:21:16.023-03:00
PUCPR,26,livre,0.0,0.0,2026-09-24T02:21:16.023-03:00
PUCPR,27,livre,0.0,0.0,2026-09-24T02:21:16.023-03:00
PUCPR,28,livre,0.0,0.0,2026-09-24T02:21:16.023-03:00
PUCPR,29,livre,0.0,0.0,2026-09-24T02:21:16.023-03:00
PUCPR,3,livre,0.0,0.0,2026-09-24T02:21:16.023-03:00
PUCPR,30,livre,0.0,0.0,2026-09-24T02:21:16.023-03:00
PUCPR,31,livre,0.0,0.0,2026-09-24T02:21:16.023-03:00
PUCPR,32,livre,0.0,0.0,2026-09-24T02:21:16.023-03:00
PUCPR,33,livre,0.0,0.0,2026-09-24T02:21:16.023-03:00
PUCPR,34,livre,0.0,0.0,2026-09-24T02:21:16.023-03:00
PUCPR,35,livre,0.0,0.0,2026-09-24T02:21:16.023-03:00
PUCPR,36,livre,0.0,0.0,2026-09-24T02:21:16.023-03:00
PUCPR,37,livre,0.0,0.0,2026-09-24T02:21:16.023-03:00
PUCPR,38,livre,0.0,0.0,2026-09-24T02:21:16.023-03:00
PUCPR,39,livre,0.0,0.0,2026-09-24T02:21:16.023-03:00
PUCPR,4,livre,0.0,0.0,2026-09-24T02:21:16.023-03:00
PUCPR,40,livre,0.0,0.0,2026-09-24T02:21:16.023-03:00
PUCPR,41,livre,0.0,0.013976579575017911,2026-09-24T02:21:16.023-03:00
PUCPR,42,ocupada,0.42509523034095764,0.9117515954923746,2026-09-24T02:21:16.023-03:00
PUCPR,43,livre,0.25972074270248413,0.8287352707927975,2026-09-24T02:21:16.023-03:00
PUCPR,44,livre,0.0,0.0,2026-09-24T02:21:16.023-03:00
PUCPR,45,livre,0.0,0.0,2026-09-24T02:21:16.023-03:00
PUCPR,46,livre,0.0,0.0,2026-09-24T02:21:16.023-03:00
PUCPR,47,livre,0.0,0.0,2026-09-24T02:21:16.023-03:00
PUCPR,48,livre,0.0,0.0,2026-09-24T02:21:16.023-03:00
PUCPR,49,livre,0.0,0.0,2026-09-24T02:21:16.023-03:00
PUCPR,5,livre,0.0,0.0,2026-09-24T02:21:16.023-03:00
PUCPR,50,livre,0.0,0.0,2026-09-24T02:21:16.023-03:00
PUCPR,51,livre,0.0,0.0,2026-09-24T02:21:16.023-03:00
PUCPR,52,livre,0.0,0.0,2026-09-24T02:21:16.023-03:00
PUCPR,53,livre,0.0,0.0,2026-09-24T02:21:16.023-03:00
PUCPR,54,livre,0.0,0.0,2026-09-24T02:21:16.023-03:00
PUCPR,55,livre,0.0,0.0,2026-09-24T02:21:16.023-03:00
PUCPR,56,livre,0.0,0.0,2026-09-24T02:21:16.023-03:00
PUCPR,57,livre,0.0,0.0,2026-09-24T02:21:16.023-03:00
PUCPR,58,livre,0.0,0.0,2026-09-24T02:21:16.023-03:00
PUCPR,59,ocupada,0.2953700125217438,0.8343534308747654,2026-09-24T02:21:16.023-03:00
PUCPR,6,livre,0.0,0.0,2026-09-24T02:21:16.023-03:00
PUCPR,60,livre,0.0,0.0,2026-09-24T02:21:16.023-03:00
PUCPR,61,livre,0.0,0.0,2026-09-24T02:21:16.023-03:00
PUCPR,62,livre,0.0,0.0,2026-09-24T02:21:16.023-03:00
PUCPR,63,livre,0.0,0.009878103558508579,2026-09-24T02:21:16.023-03:00
PUCPR,64,livre,0.26634088158607483,0.917996592846961,2026-09-24T02:21:16.023-03:00
PUCPR,65,livre,0.0,0.010451177585785476,2026-09-24T02:21:16.023-03:00
PUCPR,66,livre,0.0,0.0,2026-09-24T02:21:16.023-03:00
PUCPR,67,livre,0.0,0.0,2026-09-24T02:21:16.023-03:00
PUCPR,68,livre,0.0,0.0,2026-09-24T02:21:16.023-03:00
PUCPR,69,livre,0.0,0.0,2026-09-24T02:21:16.023-03:00
PUCPR,7,livre,0.0,0.0,2026-09-24T02:21:16.023-03:00
PUCPR,70,livre,0.0,0.094883892558668,2026-09-24T02:21:16.023-03:00
PUCPR,71,livre,0.2553529143333435,0.7484091611187683,2026-09-24T02:21:16.023-03:00
PUCPR,72,livre,0.3374598026275635,0.9275879713682589,2026-09-24T02:21:16.023-03:00
PUCPR,73,livre,0.0,0.013263397574921796,2026-09-24T02:21:16.023-03:00
PUCPR,74,livre,0.0,0.0,2026-09-24T02:21:16.023-03:00
PUCPR,75,livre,0.0,0.0,2026-09-24T02:21:16.023-03:00
PUCPR,76,livre,0.0,0.0,2026-09-24T02:21:16.023-03:00
PUCPR,77,livre,0.0,0.0,2026-09-24T02:21:16.023-03:00
PUCPR,78,livre,0.0,0.0,2026-09-24T02:21:16.023-03:00
PUCPR,79,livre,0.0,0.0,2026-09-24T02:21:16.023-03:00
PUCPR,8,livre,0.0,0.0,2026-09-24T02:21:16.023-03:00
PUCPR,80,livre,0.0,0.0,2026-09-24T02:21:16.023-03:00
PUCPR,81,ocupada,0.39058980345726013,0.7389889733653761,2026-09-24T02:21:16.023-03:00
PUCPR,82,livre,0.30525463819503784,0.7395165348774221,2026-09-24T02:21:16.023-03:00
PUCPR,83,livre,0.3174498379230499,0.906431876394209,2026-09-24T02:21:16.023-03:00
PUCPR,84,ocupada,0.5847837328910828,0.9209686261099166,2026-09-24T02:21:16.023-03:00
PUCPR,85,ocupada,0.0,8.918697221272513e-05,2026-09-24T02:21:16.023-03:00
PUCPR,86,ocupada,0.3098486363887787,0.8184511086634337,2026-09-24T02:21:16.023-03:00
PUCPR,87,livre,0.0,0.006384819751142498,2026-09-24T02:21:16.023-03:00
PUCPR,88,ocupada,0.27846693992614746,0.8130339388415889,2026-09-24T02:21:16.023-03:00
PUCPR,89,ocupada,0.3601384460926056,0.9942247087707057,2026-09-24T02:21:16.023-03:00
PUCPR,9,livre,0.0,0.0,2026-09-24T02:21:16.023-03:00
PUCPR,90,livre,0.0,0.17211918466567747,2026-09-24T02:21:16.023-03:00
PUCPR,91,livre,0.0,0.0,2026-09-24T02:21:16.023-03:00
PUCPR,92,ocupada,0.0,0.046824915782415155,2026-09-24T02:21:16.023-03:00
PUCPR,93,ocupada,0.2543835937976837,0.9387970159033728,2026-09-24T02:21:16.023-03:00
PUCPR,94,ocupada,0.5072379112243652,0.4622858374886678,2026-09-24T02:21:16.023-03:00
PUCPR,95,ocupada,0.39080092310905457,0.831387742115481,2026-09-24T02:21:16.023-03:00
PUCPR,96,livre,0.0,0.0,2026-09-24T02:21:16.023-03:00
PUCPR,97,livre,0.0,0.0,2026-09-24T02:21:16.023-03:00
PUCPR,98,livre,0.0,0.0,2026-09-24T02:21:16.023-03:00
PUCPR,99,livre,0.0,0.0,2026-09-24T02:21:16.023-03:00
PUCPR,1,livre,0.0,0.0,2026-09-24T02:21:16.109-03:00
PUCPR,10,livre,0.0,0.0,2026-09-24T02:21:16.109-03:00
PUCPR,100,livre,0.36481600999832153,0.572842427129735,2026-09-24T02:21:16.109-03:00
PUCPR,11,livre,0.0,0.0,2026-09-24T02:21:16.109-03:00
PUCPR,12,livre,0.0,0.0,2026-09-24T02:21:16.109-03:00
PUCPR,13,livre,0.0,0.0,2026-09-24T02:21:16.109-03:00
PUCPR,14,livre,0.0,0.0,2026-09-24T02:21:16.109-03:00
PUCPR,15,livre,0.0,0.0,2026-09-24T02:21:16.109-03:00
PUCPR,16,livre,0.0,0.0,2026-09-24T02:21:16.109-03:00
PUCPR,17,livre,0.0,0.0,2026-09-24T02:21:16.109-03:00
PUCPR,18,livre,0.0,0.0,2026-09-24T02:21:16.109-03:00
PUCPR,19,livre,0.0,0.0,2026-09-24T02:21:16.109-03:00
PUCPR,2,livre,0.0,0.0,2026-09-24T02:21:16.109-03:00
PUCPR,20,livre,0.0,0.0,2026-09-24T02:21:16.109-03:00
PUCPR,21,livre,0.0,0.0,2026-09-24T02:21:16.109-03:00
PUCPR,22,livre,0.0,0.0,2026-09-24T02:21:16.109-03:00
PUCPR,23,livre,0.0,0.0,2026-09-24T02:21:16.109-03:00
PUCPR,24,livre,0.0,0.0,2026-09-24T02:21:16.109-03:00
PUCPR,25,livre,0.0,0.0,2026-09-24T02:21:16.109-03:00
PUCPR,26,livre,0.0,0.0,2026-09-24T02:21:16.109-03:00
PUCPR,27,livre,0.0,0.0,2026-09-24T02:21:16.109-03:00
PUCPR,28,livre,0.0,0.0,2026-09-24T02:21:16.109-03:00
PUCPR,29,livre,0.0,0.0,2026-09-24T02:21:16.109-03:00
PUCPR,3,livre,0.0,0.0,2026-09-24T02:21:16.109-03:00
PUCPR,30,livre,0.0,0.0,2026-09-24T02:21:16.109-03:00
PUCPR,31,livre,0.0,0.0,2026-09-24T02:21:16.109-03:00
PUCPR,32,livre,0.0,0.0,2026-09-24T02:21:16.109-03:00
PUCPR,33,livre,0.0,0.0,2026-09-24T02:21:16.109-03:00
PUCPR,34,livre,0.0,0.0,2026-09-24T02:21:16.109-03:00
PUCPR,35,livre,0.0,0.0,2026-09-24T02:21:16.109-03:00
PUCPR,36,livre,0.0,0.0,2026-09-24T02:21:16.109-03:00
PUCPR,37,livre,0.0,0.0,2026-09-24T02:21:16.109-03:00
PUCPR,38,livre,0.0,0.0,2026-09-24T02:21:16.109-03:00
PUCPR,39,livre,0.0,0.0,2026-09-24T02:21:16.109-03:00
PUCPR,4,livre,0.0,0.0,2026-09-24T02:21:16.109-03:00
PUCPR,40,livre,0.0,0.0,2026-09-24T02:21:16.109-03:00
PUCPR,41,livre,0.0,0.017097529607558525,2026-09-24T02:21:16.109-03:00
PUCPR,42,ocupada,0.43427854776382446,0.9188454985319363,2026-09-24T02:21:16.109-03:00
PUCPR,43,ocupada,0.2950858771800995,0.857362558110638,2026-09-24T02:21:16.109-03:00
PUCPR,44,livre,0.0,0.11657567438160546,2026-09-24T02:21:16.109-03:00
PUCPR,45,livre,0.0,0.0,2026-09-24T02:21:16.109-03:00
PUCPR,46,livre,0.0,0.0,2026-09-24T02:21:16.109-03:00
PUCPR,47,livre,0.0,0.0,2026-09-24T02:21:16.109-03:00
PUCPR,48,livre,0.0,0.0,2026-09-24T02:21:16.109-03:00
PUCPR,49,livre,0.0,0.0,2026-09-24T02:21:16.109-03:00
PUCPR,5,livre,0.0,0.0,2026-09-24T02:21:16.109-03:00
PUCPR,50,livre,0.0,0.0,2026-09-24T02:21:16.109-03:00
PUCPR,51,livre,0.0,0.0,2026-09-24T02:21:16.109-03:00
PUCPR,52,livre,0.0,0.0,2026-09-24T02:21:16.109-03:00
PUCPR,53,livre,0.0,0.0,2026-09-24T02:21:16.109-03:00
PUCPR,54,livre,0.0,0.0,2026-09-24T02:21:16.109-03:00
PUCPR,55,livre,0.0,0.0,2026-09-24T02:21:16.109-03:00
PUCPR,56,livre,0.0,0.0,2026-09-24T02:21:16.109-03:00
PUCPR,57,livre,0.0,0.0,2026-09-24T02:21:16.109-03:00
PUCPR,58,livre,0.0,0.0,2026-09-24T02:21:16.109-03:00
PUCPR,59,ocupada,0.3002903163433075,0.8299273659068026,2026-09-24T02:21:16.109-03:00
PUCPR,6,livre,0.0,0.0,2026-09-24T02:21:16.109-03:00
PUCPR,60,livre,0.0,0.0,2026-09-24T02:21:16.109-03:00
PUCPR,61,livre,0.2835484743118286,0.6827428105523382,2026-09-24T02:21:16.109-03:00
PUCPR,62,livre,0.0,0.0,2026-09-24T02:21:16.109-03:00
PUCPR,63,livre,0.0,0.011748437720360352,2026-09-24T02:21:16.109-03:00
PUCPR,64,livre,0.0,0.07847325234452021,2026-09-24T02:21:16.109-03:00
PUCPR,65,livre,0.0,0.0,2026-09-24T02:21:16.109-03:00
PUCPR,66,livre,0.26931488513946533,0.885180567110963,2026-09-24T02:21:16.109-03:00
PUCPR,67,livre,0.0,0.0,2026-09-24T02:21:16.109-03:00
PUCPR,68,livre,0.0,0.0,2026-09-24T02:21:16.109-03:00
PUCPR,69,livre,0.0,0.0,2026-09-24T02:21:16.109-03:00
PUCPR,7,livre,0.0,0.0,2026-09-24T02:21:16.109-03:00
PUCPR,70,livre,0.0,0.09646795042065731,2026-09-24T02:21:16.109-03:00
PUCPR,71,livre,0.2733220160007477,0.7375348299313624,2026-09-24T02:21:16.109-03:00
PUCPR,72,ocupada,0.4455660581588745,0.851996370775916,2026-09-24T02:21:16.109-03:00
PUCPR,73,livre,0.0,0.01209354226174875,2026-09-24T02:21:16.109-03:00
PUCPR,74,livre,0.0,0.0,2026-09-24T02:21:16.109-03:00
PUCPR,75,livre,0.0,0.0,2026-09-24T02:21:16.109-03:00
PUCPR,76,livre,0.0,0.0,2026-09-24T02:21:16.109-03:00
PUCPR,77,livre,0.0,0.0,2026-09-24T02:21:16.109-03:00
PUCPR,78,livre,0.0,0.0,2026-09-24T02:21:16.109-03:00
PUCPR,79,livre,0.0,0.0,2026-09-24T02:21:16.109-03:00
PUCPR,8,livre,0.0,0.0,2026-09-24T02:21:16.109-03:00
PUCPR,80,livre,0.0,0.0,2026-09-24T02:21:16.109-03:00
PUCPR,81,ocupada,0.41814136505126953,0.7465091838229012,2026-09-24T02:21:16.109-03:00
PUCPR,82,ocupada,0.30526331067085266,0.7247145397960973,2026-09-24T02:21:16.109-03:00
PUCPR,83,livre,0.3488771319389343,0.8907706625048026,2026-09-24T02:21:16.109-03:00
PUCPR,84,ocupada,0.6356163620948792,0.9260650347335252,2026-09-24T02:21:16.109-03:00
PUCPR,85,ocupada,0.0,0.00019383507335468778,2026-09-24T02:21:16.109-03:00
PUCPR,86,ocupada,0.3229566216468811,0.8372486683735612,2026-09-24T02:21:16.109-03:00
PUCPR,87,livre,0.0,0.003734412431942318,2026-09-24T02:21:16.109-03:00
PUCPR,88,ocupada,0.2903868556022644,0.7390008317169556,2026-09-24T02:21:16.109-03:00
PUCPR,89,ocupada,0.2587389349937439,0.9974997968129771,2026-09-24T02:21:16.109-03:00
PUCPR,9,livre,0.0,0.0,2026-09-24T02:21:16.109-03:00
PUCPR,90,livre,0.0,0.21334122338404304,2026-09-24T02:21:16.109-03:00
PUCPR,91,livre,0.0,0.0,2026-09-24T02:21:16.109-03:00
PUCPR,92,livre,0.0,0.0,2026-09-24T02:21:16.109-03:00
PUCPR,93,livre,0.0,0.08019068914059242,2026-09-24T02:21:16.109-03:00
PUCPR,94,ocupada,0.31643712520599365,0.7361030338047042,2026-09-24T02:21:16.109-03:00
PUCPR,95,ocupada,0.3655632734298706,0.8373198335084703,2026-09-24T02:21:16.109-03:00
PUCPR,96,livre,0.0,0.0,2026-09-24T02:21:16.109-03:00
PUCPR,97,livre,0.0,0.0,2026-09-24T02:21:16.109-03:00
PUCPR,98,livre,0.0,0.03260816309766078,2026-09-24T02:21:16.109-03:00
PUCPR,99,livre,0.26695629954338074,0.7950961133199733,2026-09-24T02:21:16.109-03:00
PUCPR,1,livre,0.0,0.0,2026-09-24T02:21:16.193-03:00
PUCPR,10,livre,0.0,0.0,2026-09-24T02:21:16.193-03:00
PUCPR,100,livre,0.2511900067329407,0.5666450104222238,2026-09-24T02:21:16.193-03:00
PUCPR,11,livre,0.0,0.0,2026-09-24T02:21:16.193-03:00
PUCPR,12,livre,0.0,0.0,2026-09-24T02:21:16.193-03:00
PUCPR,13,livre,0.0,0.0,2026-09-24T02:21:16.193-03:00
PUCPR,14,livre,0.0,0.0,2026-09-24T02:21:16.193-03:00
PUCPR,15,livre,0.0,0.0,2026-09-24T02:21:16.193-03:00
PUCPR,16,livre,0.0,0.0,2026-09-24T02:21:16.193-03:00
PUCPR,17,livre,0.0,0.0,2026-09-24T02:21:16.193-03:00
PUCPR,18,livre,0.2583884596824646,0.8820453609529696,2026-09-24T02:21:16.193-03:00
PUCPR,19,livre,0.0,0.0,2026-09-24T02:21:16.193-03:00
PUCPR,2,livre,0.0,0.0,2026-09-24T02:21:16.193-03:00
PUCPR,20,livre,0.0,0.0,2026-09-24T02:21:16.193-03:00
PUCPR,21,livre,0.0,0.0,2026-09-24T02:21:16.193-03:00
PUCPR,22,livre,0.0,0.0,2026-09-24T02:21:16.193-03:00
PUCPR,23,livre,0.0,0.0,2026-09-24T02:21:16.193-03:00
PUCPR,24,livre,0.0,0.0,2026-09-24T02:21:16.193-03:00
PUCPR,25,livre,0.0,0.0,2026-09-24T02:21:16.193-03:00
PUCPR,26,livre,0.0,0.0,2026-09-24T02:21:16.193-03:00
PUCPR,27,livre,0.0,0.0,2026-09-24T02:21:16.193-03:00
PUCPR,28,livre,0.0,0.0,2026-09-24T02:21:16.193-03:00
PUCPR,29,livre,0.0,0.0,2026-09-24T02:21:16.193-03:00
PUCPR,3,livre,0.0,0.0,2026-09-24T02:21:16.193-03:00
PUCPR,30,livre,0.0,0.09299005950489594,2026-09-24T02:21:16.193-03:00
PUCPR,31,livre,0.3149019181728363,0.9940581396975274,2026-09-24T02:21:16.193-03:00
PUCPR,32,livre,0.0,0.09652926028260762,2026-09-24T02:21:16.193-03:00
PUCPR,33,livre,0.0,0.0,2026-09-24T02:21:16.193-03:00
PUCPR,34,livre,0.0,0.0,2026-09-24T02:21:16.193-03:00
PUCPR,35,livre,0.0,0.0,2026-09-24T02:21:16.193-03:00
PUCPR,36,livre,0.0,0.0,2026-09-24T02:21:16.193-03:00
PUCPR,37,livre,0.0,0.0,2026-09-24T02:21:16.193-03:00
PUCPR,38,livre,0.0,0.0,2026-09-24T02:21:16.193-03:00
PUCPR,39,livre,0.0,0.0,2026-09-24T02:21:16.193-03:00
PUCPR,4,livre,0.0,0.0,2026-09-24T02:21:16.193-03:00
PUCPR,40,livre,0.0,0.0,2026-09-24T02:21:16.193-03:00
PUCPR,41,livre,0.0,0.1140439129839745,2026-09-24T02:21:16.193-03:00
PUCPR,42,ocupada,0.4132831394672394,0.9271047645319223,2026-09-24T02:21:16.193-03:00
PUCPR,43,ocupada,0.2900114357471466,0.8679169219989032,2026-09-24T02:21:16.193-03:00
PUCPR,44,livre,0.0,0.0,2026-09-24T02:21:16.193-03:00
PUCPR,45,livre,0.25116685032844543,0.7949895594421558,2026-09-24T02:21:16.193-03:00
PUCPR,46,livre,0.0,0.04590321532205532,2026-09-24T02:21:16.193-03:00
PUCPR,47,livre,0.0,0.02271363487742922,2026-09-24T02:21:16.193-03:00
PUCPR,48,livre,0.26046788692474365,0.8002174561041187,2026-09-24T02:21:16.193-03:00
PUCPR,49,livre,0.0,0.10430350081474052,2026-09-24T02:21:16.193-03:00
PUCPR,5,livre,0.0,0.0,2026-09-24T02:21:16.193-03:00
PUCPR,50,livre,0.0,0.0,2026-09-24T02:21:16.193-03:00
PUCPR,51,livre,0.0,0.0,2026-09-24T02:21:16.193-03:00
PUCPR,52,livre,0.0,0.0,2026-09-24T02:21:16.193-03:00
PUCPR,53,livre,0.0,0.06245407847723072,2026-09-24T02:21:16.193-03:00
PUCPR,54,livre,0.0,0.0009243622438849083,2026-09-24T02:21:16.193-03:00
PUCPR,55,livre,0.0,0.0,2026-09-24T02:21:16.193-03:00
PUCPR,56,livre,0.0,0.0,2026-09-24T02:21:16.193-03:00
PUCPR,57,livre,0.0,0.0,2026-09-24T02:21:16.193-03:00
PUCPR,58,livre,0.0,0.0,2026-09-24T02:21:16.193-03:00
PUCPR,59,ocupada,0.26677361130714417,0.8227450852731167,2026-09-24T02:21:16.193-03:00
PUCPR,6,livre,0.0,0.0,2026-09-24T02:21:16.193-03:00
PUCPR,60,livre,0.0,0.0,2026-09-24T02:21:16.193-03:00
PUCPR,61,livre,0.0,0.0,2026-09-24T02:21:16.193-03:00
PUCPR,62,livre,0.0,0.0,2026-09-24T02:21:16.193-03:00
PUCPR,63,livre,0.3342001438140869,0.958259152000251,2026-09-24T02:21:16.193-03:00
PUCPR,64,livre,0.0,0.075299222184423,2026-09-24T02:21:16.193-03:00
PUCPR,65,livre,0.0,0.0,2026-09-24T02:21:16.193-03:00
PUCPR,66,livre,0.0,0.0,2026-09-24T02:21:16.193-03:00
PUCPR,67,livre,0.0,0.0,2026-09-24T02:21:16.193-03:00
PUCPR,68,livre,0.0,0.0,2026-09-24T02:21:16.193-03:00
PUCPR,69,livre,0.0,0.0,2026-09-24T02:21:16.193-03:00
PUCPR,7,livre,0.0,0.0,2026-09-24T02:21:16.193-03:00
PUCPR,70,livre,0.0,0.0944147816088038,2026-09-24T02:21:16.193-03:00
PUCPR,71,ocupada,0.30318692326545715,0.7443146606793783,2026-09-24T02:21:16.193-03:00
PUCPR,72,ocupada,0.41097718477249146,0.8726091853138639,2026-09-24T02:21:16.193-03:00
PUCPR,73,livre,0.0,0.002176791030551635,2026-09-24T02:21:16.193-03:00
PUCPR,74,livre,0.0,0.0,2026-09-24T02:21:16.193-03:00
PUCPR,75,livre,0.0,0.0,2026-09-24T02:21:16.193-03:00
PUCPR,76,livre,0.0,0.0,2026-09-24T02:21:16.193-03:00
PUCPR,77,livre,0.0,0.0,2026-09-24T02:21:16.193-03:00
PUCPR,78,livre,0.0,0.0,2026-09-24T02:21:16.193-03:00
PUCPR,79,livre,0.0,0.0,2026-09-24T02:21:16.193-03:00
PUCPR,8,livre,0.0,0.0,2026-09-24T02:21:16.193-03:00
PUCPR,80,livre,0.0,0.0,2026-09-24T02:21:16.193-03:00
PUCPR,81,ocupada,0.45875170826911926,0.7791338350106897,2026-09-24T02:21:16.193-03:00
PUCPR,82,ocupada,0.390871524810791,0.7229426164285708,2026-09-24T02:21:16.193-03:00
PUCPR,83,ocupada,0.2904357612133026,0.9376457390036425,2026-09-24T02:21:16.193-03:00
PUCPR,84,ocupada,0.542626142501831,0.9335647661180724,2026-09-24T02:21:16.193-03:00
PUCPR,85,livre,0.0,0.0020874324604841627,2026-09-24T02:21:16.193-03:00
PUCPR,86,ocupada,0.3658674657344818,0.8463040754088196,2026-09-24T02:21:16.193-03:00
PUCPR,87,livre,0.0,0.0019207181906489147,2026-09-24T02:21:16.193-03:00
PUCPR,88,ocupada,0.3823356032371521,0.7951431533884766,2026-09-24T02:21:16.193-03:00
PUCPR,89,ocupada,0.0,0.0,2026-09-24T02:21:16.193-03:00
PUCPR,9,livre,0.0,0.0,2026-09-24T02:21:16.193-03:00
PUCPR,90,livre,0.0,0.0,2026-09-24T02:21:16.193-03:00
PUCPR,91,livre,0.0,0.0,2026-09-24T02:21:16.193-03:00
PUCPR,92,livre,0.0,0.0,2026-09-24T02:21:16.193-03:00
PUCPR,93,livre,0.0,0.022688050784466243,2026-09-24T02:21:16.193-03:00
PUCPR,94,ocupada,0.34846800565719604,0.5054595360009079,2026-09-24T02:21:16.193-03:00
PUCPR,95,ocupada,0.0,0.0,2026-09-24T02:21:16.193-03:00
PUCPR,96,livre,0.0,0.0,2026-09-24T02:21:16.193-03:00
PUCPR,97,livre,0.0,0.0,2026-09-24T02:21:16.193-03:00
PUCPR,98,livre,0.0,0.0,2026-09-24T02:21:16.193-03:00
PUCPR,99,livre,0.0,0.0,2026-09-24T02:21:16.193-03:00
PUCPR,1,livre,0.2930521070957184,0.8683282907788136,2026-09-24T02:21:16.267-03:00
PUCPR,10,livre,0.0,0.0,2026-09-24T02:21:16.267-03:00
PUCPR,100,livre,0.0,0.0,2026-09-24T02:21:16.267-03:00
PUCPR,11,livre,0.0,0.0,2026-09-24T02:21:16.267-03:00
PUCPR,12,livre,0.0,0.0,2026-09-24T02:21:16.267-03:00
PUCPR,13,livre,0.0,0.0,2026-09-24T02:21:16.267-03:00
PUCPR,14,livre,0.0,0.0,2026-09-24T02:21:16.267-03:00
PUCPR,15,livre,0.0,0.0,2026-09-24T02:21:16.267-03:00
PUCPR,16,livre,0.0,0.0,2026-09-24T02:21:16.267-03:00
PUCPR,17,livre,0.0,0.0,2026-09-24T02:21:16.267-03:00
PUCPR,18,livre,0.0,0.0,2026-09-24T02:21:16.267-03:00
PUCPR,19,livre,0.0,0.0,2026-09-24T02:21:16.267-03:00
PUCPR,2,livre,0.0,0.05870016275912585,2026-09-24T02:21:16.267-03:00
PUCPR,20,livre,0.0,0.0,2026-09-24T02:21:16.267-03:00
PUCPR,21,livre,0.0,0.0,2026-09-24T02:21:16.267-03:00
PUCPR,22,livre,0.0,0.0,2026-09-24T02:21:16.267-03:00
PUCPR,23,livre,0.0,0.0,2026-09-24T02:21:16.267-03:00
PUCPR,24,livre,0.0,0.002601741642041394,2026-09-24T02:21:16.267-03:00
PUCPR,25,livre,0.0,0.003977658608509717,2026-09-24T02:21:16.267-03:00
PUCPR,26,livre,0.0,0.0,2026-09-24T02:21:16.267-03:00
PUCPR,27,livre,0.0,0.0,2026-09-24T02:21:16.267-03:00
PUCPR,28,livre,0.0,0.0,2026-09-24T02:21:16.267-03:00
PUCPR,29,livre,0.0,0.0,2026-09-24T02:21:16.267-03:00
PUCPR,3,livre,0.0,0.0,2026-09-24T02:21:16.267-03:00
PUCPR,30,livre,0.0,0.0,2026-09-24T02:21:16.267-03:00
PUCPR,31,livre,0.0,0.0,2026-09-24T02:21:16.267-03:00
PUCPR,32,livre,0.0,0.0,2026-09-24T02:21:16.267-03:00
PUCPR,33,livre,0.0,0.0,2026-09-24T02:21:16.267-03:00
PUCPR,34,livre,0.0,0.0,2026-09-24T02:21:16.267-03:00
PUCPR,35,livre,0.0,0.0,2026-09-24T02:21:16.267-03:00
PUCPR,36,livre,0.0,0.0,2026-09-24T02:21:16.267-03:00
PUCPR,37,livre,0.0,0.0,2026-09-24T02:21:16.267-03:00
PUCPR,38,livre,0.0,0.0,2026-09-24T02:21:16.267-03:00
PUCPR,39,livre,0.0,0.0,2026-09-24T02:21:16.267-03:00
PUCPR,4,livre,0.0,0.0,2026-09-24T02:21:16.267-03:00
PUCPR,40,livre,0.0,0.0,2026-09-24T02:21:16.267-03:00
PUCPR,41,livre,0.0,0.028464238502964603,2026-09-24T02:21:16.267-03:00
PUCPR,42,ocupada,0.2513471841812134,0.8811658808971423,2026-09-24T02:21:16.267-03:00
PUCPR,43,ocupada,0.0,0.0,2026-09-24T02:21:16.267-03:00
PUCPR,44,livre,0.0,0.0,2026-09-24T02:21:16.267-03:00
PUCPR,45,livre,0.0,0.0,2026-09-24T02:21:16.267-03:00
PUCPR,46,livre,0.0,0.16818693886576958,2026-09-24T02:21:16.267-03:00
PUCPR,47,livre,0.38525334000587463,0.8229300635444075,2026-09-24T02:21:16.267-03:00
PUCPR,48,livre,0.0,0.05079732697867657,2026-09-24T02:21:16.267-03:00
PUCPR,49,livre,0.0,0.0,2026-09-24T02:21:16.267-03:00
PUCPR,5,livre,0.0,0.0,2026-09-24T02:21:16.267-03:00
PUCPR,50,livre,0.0,0.0,2026-09-24T02:21:16.267-03:00
PUCPR,51,livre,0.2514735460281372,0.8123717774025098,2026-09-24T02:21:16.267-03:00
PUCPR,52,livre,0.0,0.046324033091951065,2026-09-24T02:21:16.267-03:00
PUCPR,53,livre,0.0,0.0,2026-09-24T02:21:16.267-03:00
PUCPR,54,livre,0.0,0.0,2026-09-24T02:21:16.267-03:00
PUCPR,55,livre,0.0,0.0,2026-09-24T02:21:16.267-03:00
PUCPR,56,livre,0.0,0.0,2026-09-24T02:21:16.267-03:00
PUCPR,57,livre,0.0,0.0,2026-09-24T02:21:16.267-03:00
PUCPR,58,livre,0.0,0.0,2026-09-24T02:21:16.267-03:00
PUCPR,59,ocupada,0.0,0.0,2026-09-24T02:21:16.267-03:00
PUCPR,6,livre,0.0,0.0,2026-09-24T02:21:16.267-03:00
PUCPR,60,livre,0.0,0.0,2026-09-24T02:21:16.267-03:00
PUCPR,61,livre,0.0,0.0,2026-09-24T02:21:16.267-03:00
PUCPR,62,livre,0.0,0.0,2026-09-24T02:21:16.267-03:00
PUCPR,63,livre,0.0,0.009257097345947369,2026-09-24T02:21:16.267-03:00
PUCPR,64,livre,0.0,0.060819090065148414,2026-09-24T02:21:16.267-03:00
PUCPR,65,livre,0.0,0.0,2026-09-24T02:21:16.267-03:00
PUCPR,66,livre,0.0,0.0,2026-09-24T02:21:16.267-03:00
PUCPR,67,livre,0.0,0.0,2026-09-24T02:21:16.267-03:00
PUCPR,68,livre,0.0,0.0,2026-09-24T02:21:16.267-03:00
PUCPR,69,livre,0.0,0.0,2026-09-24T02:21:16.267-03:00
PUCPR,7,livre,0.0,0.0,2026-09-24T02:21:16.267-03:00
PUCPR,70,livre,0.0,0.0,2026-09-24T02:21:16.267-03:00
PUCPR,71,ocupada,0.0,0.0,2026-09-24T02:21:16.267-03:00
PUCPR,72,ocupada,0.2925305664539337,0.9405363423761262,2026-09-24T02:21:16.267-03:00
PUCPR,73,livre,0.0,0.017840652489360714,2026-09-24T02:21:16.267-03:00
PUCPR,74,livre,0.0,0.0,2026-09-24T02:21:16.267-03:00
PUCPR,75,livre,0.0,0.0,2026-09-24T02:21:16.267-03:00
PUCPR,76,livre,0.0,0.0,2026-09-24T02:21:16.267-03:00
PUCPR,77,livre,0.0,0.0,2026-09-24T02:21:16.267-03:00
PUCPR,78,livre,0.0,0.0,2026-09-24T02:21:16.267-03:00
PUCPR,79,livre,0.0,0.0,2026-09-24T02:21:16.267-03:00
PUCPR,8,livre,0.0,0.0,2026-09-24T02:21:16.267-03:00
PUCPR,80,livre,0.0,0.0,2026-09-24T02:21:16.267-03:00
PUCPR,81,ocupada,0.2847956418991089,0.8008248438065683,2026-09-24T02:21:16.267-03:00
PUCPR,82,ocupada,0.3548277020454407,0.7237394947712882,2026-09-24T02:21:16.267-03:00
PUCPR,83,ocupada,0.26063016057014465,0.9206837752923588,2026-09-24T02:21:16.267-03:00
PUCPR,84,ocupada,0.4289361536502838,0.9308637309147152,2026-09-24T02:21:16.267-03:00
PUCPR,85,livre,0.0,0.0015913186340802544,2026-09-24T02:21:16.267-03:00
PUCPR,86,ocupada,0.32601574063301086,0.841552032295201,2026-09-24T02:21:16.267-03:00
PUCPR,87,livre,0.0,0.0023565267357291975,2026-09-24T02:21:16.267-03:00
PUCPR,88,ocupada,0.0,0.0,2026-09-24T02:21:16.267-03:00
PUCPR,89,ocupada,0.0,0.1314874212643446,2026-09-24T02:21:16.267-03:00
PUCPR,9,livre,0.0,0.0,2026-09-24T02:21:16.267-03:00
PUCPR,90,livre,0.0,0.0,2026-09-24T02:21:16.267-03:00
PUCPR,91,livre,0.0,0.14045444915541816,2026-09-24T02:21:16.267-03:00
PUCPR,92,livre,0.27348098158836365,0.9539422571152656,2026-09-24T02:21:16.267-03:00
PUCPR,93,livre,0.0,0.07346383540777311,2026-09-24T02:21:16.267-03:00
PUCPR,94,ocupada,0.31163161993026733,0.915940083734787,2026-09-24T02:21:16.267-03:00
PUCPR,95,ocupada,0.25883591175079346,0.8418558016741701,2026-09-24T02:21:16.267-03:00
PUCPR,96,livre,0.0,0.0,2026-09-24T02:21:16.267-03:00
PUCPR,97,livre,0.0,0.0,2026-09-24T02:21:16.267-03:00
PUCPR,98,livre,0.0,0.0,2026-09-24T02:21:16.267-03:00
PUCPR,99,livre,0.0,0.0,2026-09-24T02:21:16.267-03:00
PUCPR,1,livre,0.3068547248840332,0.8800052217003953,2026-09-24T02:21:16.364-03:00
PUCPR,10,livre,0.0,0.0,2026-09-24T02:21:16.364-03:00
PUCPR,100,livre,0.0,0.0,2026-09-24T02:21:16.364-03:00
PUCPR,11,livre,0.0,0.0,2026-09-24T02:21:16.364-03:00
PUCPR,12,livre,0.0,0.0,2026-09-24T02:21:16.364-03:00
PUCPR,13,livre,0.0,0.0,2026-09-24T02:21:16.364-03:00
PUCPR,14,livre,0.0,0.0,2026-09-24T02:21:16.364-03:00
PUCPR,15,livre,0.0,0.0,2026-09-24T02:21:16.364-03:00
PUCPR,16,livre,0.0,0.0,2026-09-24T02:21:16.364-03:00
PUCPR,17,livre,0.0,0.0,2026-09-24T02:21:16.364-03:00
PUCPR,18,livre,0.0,0.0,2026-09-24T02:21:16.364-03:00
PUCPR,19,livre,0.0,0.0,2026-09-24T02:21:16.364-03:00
PUCPR,2,livre,0.0,0.062378774939321126,2026-09-24T02:21:16.364-03:00
PUCPR,20,livre,0.0,0.0,2026-09-24T02:21:16.364-03:00
PUCPR,21,livre,0.0,0.0,2026-09-24T02:21:16.364-03:00
PUCPR,22,livre,0.0,0.0,2026-09-24T02:21:16.364-03:00
PUCPR,23,livre,0.0,0.0,2026-09-24T02:21:16.364-03:00
PUCPR,24,livre,0.0,0.000733893298613364,2026-09-24T02:21:16.364-03:00
PUCPR,25,livre,0.0,0.002271417652799229,2026-09-24T02:21:16.364-03:00
PUCPR,26,livre,0.0,0.0,2026-09-24T02:21:16.364-03:00
PUCPR,27,livre,0.0,0.0,2026-09-24T02:21:16.364-03:00
PUCPR,28,livre,0.0,0.0,2026-09-24T02:21:16.364-03:00
PUCPR,29,livre,0.0,0.0,2026-09-24T02:21:16.364-03:00
PUCPR,3,livre,0.0,0.0,2026-09-24T02:21:16.364-03:00
PUCPR,30,livre,0.0,0.0,2026-09-24T02:21:16.364-03:00
PUCPR,31,livre,0.0,0.0,2026-09-24T02:21:16.364-03:00
PUCPR,32,livre,0.0,0.0,2026-09-24T02:21:16.364-03:00
PUCPR,33,livre,0.0,0.0,2026-09-24T02:21:16.364-03:00
PUCPR,34,livre,0.0,0.0,2026-09-24T02:21:16.364-03:00
PUCPR,35,livre,0.0,0.0,2026-09-24T02:21:16.364-03:00
PUCPR,36,livre,0.0,0.0,2026-09-24T02:21:16.364-03:00
PUCPR,37,livre,0.0,0.0,2026-09-24T02:21:16.364-03:00
PUCPR,38,livre,0.0,0.0,2026-09-24T02:21:16.364-03:00
PUCPR,39,livre,0.0,0.0,2026-09-24T02:21:16.364-03:00
PUCPR,4,livre,0.0,0.0,2026-09-24T02:21:16.364-03:00
PUCPR,40,livre,0.0,0.0,2026-09-24T02:21:16.364-03:00
PUCPR,41,livre,0.0,0.04606585725008281,2026-09-24T02:21:16.364-03:00
PUCPR,42,ocupada,0.4483812153339386,0.886447808908438,2026-09-24T02:21:16.364-03:00
PUCPR,43,ocupada,0.0,0.0,2026-09-24T02:21:16.364-03:00
PUCPR,44,livre,0.0,0.0,2026-09-24T02:21:16.364-03:00
PUCPR,45,livre,0.0,0.0,2026-09-24T02:21:16.364-03:00
PUCPR,46,livre,0.0,0.15437861188719054,2026-09-24T02:21:16.364-03:00
PUCPR,47,livre,0.33234554529190063,0.81165860636381,2026-09-24T02:21:16.364-03:00
PUCPR,48,livre,0.2555570602416992,0.7127202015036083,2026-09-24T02:21:16.364-03:00
PUCPR,49,livre,0.0,0.0,2026-09-24T02:21:16.364-03:00
PUCPR,5,livre,0.0,0.0,2026-09-24T02:21:16.364-03:00
PUCPR,50,livre,0.0,0.0,2026-09-24T02:21:16.364-03:00
PUCPR,51,livre,0.0,0.0,2026-09-24T02:21:16.364-03:00
PUCPR,52,livre,0.0,0.0,2026-09-24T02:21:16.364-03:00
PUCPR,53,livre,0.3100738525390625,0.8698750329405129,2026-09-24T02:21:16.364-03:00
PUCPR,54,livre,0.0,0.051830843388380024,2026-09-24T02:21:16.364-03:00
PUCPR,55,livre,0.0,0.0,2026-09-24T02:21:16.364-03:00
PUCPR,56,livre,0.0,0.0,2026-09-24T02:21:16.364-03:00
PUCPR,57,livre,0.0,0.0,2026-09-24T02:21:16.364-03:00
PUCPR,58,livre,0.0,0.0,2026-09-24T02:21:16.364-03:00
PUCPR,59,ocupada,0.39394816756248474,0.8345702698441565,2026-09-24T02:21:16.364-03:00
PUCPR,6,livre,0.0,0.0,2026-09-24T02:21:16.364-03:00
PUCPR,60,livre,0.0,0.0,2026-09-24T02:21:16.364-03:00
PUCPR,61,livre,0.0,0.0,2026-09-24T02:21:16.364-03:00
PUCPR,62,livre,0.0,0.0,2026-09-24T02:21:16.364-03:00
PUCPR,63,livre,0.3190080523490906,0.9243748239593431,2026-09-24T02:21:16.364-03:00
PUCPR,64,livre,0.0,0.06489243497051894,2026-09-24T02:21:16.364-03:00
PUCPR,65,livre,0.3067287802696228,0.9737961762953079,2026-09-24T02:21:16.364-03:00
PUCPR,66,livre,0.0,0.04048456016558071,2026-09-24T02:21:16.364-03:00
PUCPR,67,livre,0.0,0.0,2026-09-24T02:21:16.364-03:00
PUCPR,68,livre,0.0,0.0,2026-09-24T02:21:16.364-03:00
PUCPR,69,livre,0.0,0.0,2026-09-24T02:21:16.364-03:00
PUCPR,7,livre,0.0,0.0,2026-09-24T02:21:16.364-03:00
PUCPR,70,livre,0.0,0.09869118644408524,2026-09-24T02:21:16.364-03:00
PUCPR,71,ocupada,0.2530114948749542,0.7659486900153037,2026-09-24T02:21:16.364-03:00
PUCPR,72,ocupada,0.2958034873008728,0.9686912126190208,2026-09-24T02:21:16.364-03:00
PUCPR,73,livre,0.0,0.0215203385965069,2026-09-24T02:21:16.364-03:00
PUCPR,74,livre,0.0,0.09461325450220132,2026-09-24T02:21:16.364-03:00
PUCPR,75,livre,0.28702932596206665,0.8628053014406324,2026-09-24T02:21:16.364-03:00
PUCPR,76,livre,0.3463080823421478,0.8345132177725445,2026-09-24T02:21:16.364-03:00
PUCPR,77,livre,0.0,0.0,2026-09-24T02:21:16.364-03:00
PUCPR,78,livre,0.0,0.0,2026-09-24T02:21:16.364-03:00
PUCPR,79,livre,0.0,0.0,2026-09-24T02:21:16.364-03:00
PUCPR,8,livre,0.0,0.0,2026-09-24T02:21:16.364-03:00
PUCPR,80,livre,0.3294954001903534,0.7950588599919934,2026-09-24T02:21:16.364-03:00
PUCPR,81,ocupada,0.5579760670661926,0.8058784237870684,2026-09-24T02:21:16.364-03:00
PUCPR,82,ocupada,0.0,0.0,2026-09-24T02:21:16.364-03:00
PUCPR,83,ocupada,0.27689328789711,0.9371258316982606,2026-09-24T02:21:16.364-03:00
PUCPR,84,ocupada,0.41696563363075256,0.9297306452610743,2026-09-24T02:21:16.364-03:00
PUCPR,85,livre,0.0,0.007455661251980771,2026-09-24T02:21:16.364-03:00
PUCPR,86,ocupada,0.49181389808654785,0.8543629803422486,2026-09-24T02:21:16.364-03:00
PUCPR,87,livre,0.0,0.0035523389135259827,2026-09-24T02:21:16.364-03:00
PUCPR,88,ocupada,0.30626925826072693,0.7752151573359214,2026-09-24T02:21:16.364-03:00
PUCPR,89,livre,0.0,0.12163314293401455,2026-09-24T02:21:16.364-03:00
PUCPR,9,livre,0.0,0.0,2026-09-24T02:21:16.364-03:00
PUCPR,90,livre,0.0,0.0,2026-09-24T02:21:16.364-03:00
PUCPR,91,livre,0.0,0.0,2026-09-24T02:21:16.364-03:00
PUCPR,92,livre,0.0,0.0,2026-09-24T02:21:16.364-03:00
PUCPR,93,livre,0.0,0.09513530698523348,2026-09-24T02:21:16.364-03:00
PUCPR,94,ocupada,0.2854197919368744,0.9229722987315249,2026-09-24T02:21:16.364-03:00
PUCPR,95,ocupada,0.0,0.015863148014629753,2026-09-24T02:21:16.364-03:00
PUCPR,96,livre,0.0,0.0,2026-09-24T02:21:16.364-03:00
PUCPR,97,livre,0.0,0.0,2026-09-24T02:21:16.364-03:00
PUCPR,98,livre,0.0,0.0,2026-09-24T02:21:16.364-03:00
PUCPR,99,livre,0.0,0.0,2026-09-24T02:21:16.364-03:00
PUCPR,1,ocupada,0.31966909766197205,0.8751296355776959,2026-09-24T02:21:16.452-03:00
PUCPR,10,livre,0.0,0.0,2026-09-24T02:21:16.452-03:00
PUCPR,100,livre,0.0,0.0,2026-09-24T02:21:16.452-03:00
PUCPR,11,livre,0.0,0.0,2026-09-24T02:21:16.452-03:00
PUCPR,12,livre,0.0,0.0,2026-09-24T02:21:16.452-03:00
PUCPR,13,livre,0.0,0.0,2026-09-24T02:21:16.452-03:00
PUCPR,14,livre,0.0,0.0,2026-09-24T02:21:16.452-03:00
PUCPR,15,livre,0.0,0.0,2026-09-24T02:21:16.452-03:00
PUCPR,16,livre,0.0,0.0,2026-09-24T02:21:16.452-03:00
PUCPR,17,livre,0.0,0.0,2026-09-24T02:21:16.452-03:00
PUCPR,18,livre,0.0,0.0,2026-09-24T02:21:16.452-03:00
PUCPR,19,livre,0.0,0.0,2026-09-24T02:21:16.452-03:00
PUCPR,2,livre,0.0,0.05546788807993863,2026-09-24T02:21:16.452-03:00
PUCPR,20,livre,0.0,0.0,2026-09-24T02:21:16.452-03:00
PUCPR,21,livre,0.0,0.0,2026-09-24T02:21:16.452-03:00
PUCPR,22,livre,0.0,0.0,2026-09-24T02:21:16.452-03:00
PUCPR,23,livre,0.0,0.0,2026-09-24T02:21:16.452-03:00
PUCPR,24,livre,0.0,0.0024169359623793414,2026-09-24T02:21:16.452-03:00
PUCPR,25,livre,0.0,0.0053552144855849105,2026-09-24T02:21:16.452-03:00
PUCPR,26,livre,0.0,0.0,2026-09-24T02:21:16.452-03:00
PUCPR,27,livre,0.0,0.0,2026-09-24T02:21:16.452-03:00
PUCPR,28,livre,0.0,0.0,2026-09-24T02:21:16.452-03:00
PUCPR,29,livre,0.0,0.0,2026-09-24T02:21:16.452-03:00
PUCPR,3,livre,0.0,0.0,2026-09-24T02:21:16.452-03:00
PUCPR,30,livre,0.0,0.0,2026-09-24T02:21:16.452-03:00
PUCPR,31,livre,0.0,0.0,2026-09-24T02:21:16.452-03:00
PUCPR,32,livre,0.0,0.0,2026-09-24T02:21:16.452-03:00
PUCPR,33,livre,0.0,0.0,2026-09-24T02:21:16.452-03:00
PUCPR,34,livre,0.0,0.0,2026-09-24T02:21:16.452-03:00
PUCPR,35,livre,0.0,0.0,2026-09-24T02:21:16.452-03:00
PUCPR,36,livre,0.0,0.0,2026-09-24T02:21:16.452-03:00
PUCPR,37,livre,0.0,0.0,2026-09-24T02:21:16.452-03:00
PUCPR,38,livre,0.0,0.0,2026-09-24T02:21:16.452-03:00
PUCPR,39,livre,0.0,0.0,2026-09-24T02:21:16.452-03:00
PUCPR,4,livre,0.0,0.0,2026-09-24T02:21:16.452-03:00
PUCPR,40,livre,0.0,0.0,2026-09-24T02:21:16.452-03:00
PUCPR,41,livre,0.0,0.03454221471096531,2026-09-24T02:21:16.452-03:00
PUCPR,42,ocupada,0.32246720790863037,0.8841120351482132,2026-09-24T02:21:16.452-03:00
PUCPR,43,livre,0.0,0.0,2026-09-24T02:21:16.452-03:00
PUCPR,44,livre,0.0,0.0,2026-09-24T02:21:16.452-03:00
PUCPR,45,livre,0.0,0.0,2026-09-24T02:21:16.452-03:00
PUCPR,46,livre,0.0,0.1680554915921037,2026-09-24T02:21:16.452-03:00
PUCPR,47,ocupada,0.3621457815170288,0.8343552358951131,2026-09-24T02:21:16.452-03:00
PUCPR,48,ocupada,0.250223845243454,0.8140054599142931,2026-09-24T02:21:16.452-03:00
PUCPR,49,livre,0.0,0.1433499109768977,2026-09-24T02:21:16.452-03:00
PUCPR,5,livre,0.0,0.0,2026-09-24T02:21:16.452-03:00
PUCPR,50,livre,0.0,0.0,2026-09-24T02:21:16.452-03:00
PUCPR,51,livre,0.0,0.0,2026-09-24T02:21:16.452-03:00
PUCPR,52,livre,0.0,0.0,2026-09-24T02:21:16.452-03:00
PUCPR,53,livre,0.0,0.0,2026-09-24T02:21:16.452-03:00
PUCPR,54,livre,0.0,0.0,2026-09-24T02:21:16.452-03:00
PUCPR,55,livre,0.0,0.0,2026-09-24T02:21:16.452-03:00
PUCPR,56,livre,0.0,0.0,2026-09-24T02:21:16.452-03:00
PUCPR,57,livre,0.0,0.0,2026-09-24T02:21:16.452-03:00
PUCPR,58,livre,0.0,0.0,2026-09-24T02:21:16.452-03:00
PUCPR,59,ocupada,0.4184928834438324,0.8188462439882099,2026-09-24T02:21:16.452-03:00
PUCPR,6,livre,0.0,0.0,2026-09-24T02:21:16.452-03:00
PUCPR,60,livre,0.0,0.0,2026-09-24T02:21:16.452-03:00
PUCPR,61,livre,0.0,0.0,2026-09-24T02:21:16.452-03:00
PUCPR,62,livre,0.0,0.0,2026-09-24T02:21:16.452-03:00
PUCPR,63,livre,0.0,0.008153252217658787,2026-09-24T02:21:16.452-03:00
PUCPR,64,livre,0.0,0.053556982878334755,2026-09-24T02:21:16.452-03:00
PUCPR,65,livre,0.0,0.0,2026-09-24T02:21:16.452-03:00
PUCPR,66,livre,0.0,0.0,2026-09-24T02:21:16.452-03:00
PUCPR,67,livre,0.0,0.0,2026-09-24T02:21:16.452-03:00
PUCPR,68,livre,0.0,0.0,2026-09-24T02:21:16.452-03:00
PUCPR,69,livre,0.0,0.0,2026-09-24T02:21:16.452-03:00
PUCPR,7,livre,0.0,0.0,2026-09-24T02:21:16.452-03:00
PUCPR,70,livre,0.0,0.10016567970332318,2026-09-24T02:21:16.452-03:00
PUCPR,71,ocupada,0.26726657152175903,0.7785887755462543,2026-09-24T02:21:16.452-03:00
PUCPR,72,ocupada,0.2881540060043335,0.9839906294511843,2026-09-24T02:21:16.452-03:00
PUCPR,73,livre,0.0,0.03445269788759938,2026-09-24T02:21:16.452-03:00
PUCPR,74,livre,0.0,0.09755205076283842,2026-09-24T02:21:16.452-03:00
PUCPR,75,livre,0.25979483127593994,0.8550461002821523,2026-09-24T02:21:16.452-03:00
PUCPR,76,livre,0.2998814880847931,0.830109570020968,2026-09-24T02:21:16.452-03:00
PUCPR,77,livre,0.0,0.0,2026-09-24T02:21:16.452-03:00
PUCPR,78,livre,0.0,0.0,2026-09-24T02:21:16.452-03:00
PUCPR,79,livre,0.0,0.0,2026-09-24T02:21:16.452-03:00
PUCPR,8,livre,0.0,0.0,2026-09-24T02:21:16.452-03:00
PUCPR,80,livre,0.0,0.0,2026-09-24T02:21:16.452-03:00
PUCPR,81,ocupada,0.5587751865386963,0.7820477183938961,2026-09-24T02:21:16.452-03:00
PUCPR,82,ocupada,0.0,0.0,2026-09-24T02:21:16.452-03:00
PUCPR,83,ocupada,0.34165477752685547,0.9344932900400416,2026-09-24T02:21:16.452-03:00
PUCPR,84,ocupada,0.420354425907135,0.93466318649135,2026-09-24T02:21:16.452-03:00
PUCPR,85,livre,0.0,0.017269025934745226,2026-09-24T02:21:16.452-03:00
PUCPR,86,ocupada,0.36682337522506714,0.865678716543279,2026-09-24T02:21:16.452-03:00
PUCPR,87,livre,0.0,0.006220618231611434,2026-09-24T02:21:16.452-03:00
PUCPR,88,ocupada,0.2568685710430145,0.7810088252979325,2026-09-24T02:21:16.452-03:00
PUCPR,89,livre,0.0,0.10475017886942047,2026-09-24T02:21:16.452-03:00
PUCPR,9,livre,0.0,0.0,2026-09-24T02:21:16.452-03:00
PUCPR,90,livre,0.0,0.0,2026-09-24T02:21:16.452-03:00
PUCPR,91,livre,0.0,0.0,2026-09-24T02:21:16.452-03:00
PUCPR,92,livre,0.0,0.0,2026-09-24T02:21:16.452-03:00
PUCPR,93,livre,0.0,0.07939234782718838,2026-09-24T02:21:16.452-03:00
PUCPR,94,ocupada,0.3557434380054474,0.9202761903652963,2026-09-24T02:21:16.452-03:00
PUCPR,95,ocupada,0.31565335392951965,0.8395343595560437,2026-09-24T02:21:16.452-03:00
PUCPR,96,livre,0.0,0.0,2026-09-24T02:21:16.452-03:00
PUCPR,97,livre,0.0,0.0,2026-09-24T02:21:16.452-03:00
PUCPR,98,livre,0.0,0.0,2026-09-24T02:21:16.452-03:00
PUCPR,99,livre,0.0,0.0,2026-09-24T02:21:16.452-03:00
PUCPR,1,ocupada,0.0,0.0,2026-09-24T02:21:16.532-03:00
PUCPR,10,livre,0.0,0.0,2026-09-24T02:21:16.532-03:00
PUCPR,100,livre,0.0,0.0,2026-09-24T02:21:16.532-03:00
PUCPR,11,livre,0.0,0.0,2026-09-24T02:21:16.532-03:00
PUCPR,12,livre,0.0,0.0,2026-09-24T02:21:16.532-03:00
PUCPR,13,livre,0.0,0.0,2026-09-24T02:21:16.532-03:00
PUCPR,14,livre,0.0,0.0,2026-09-24T02:21:16.532-03:00
PUCPR,15,livre,0.0,0.0,2026-09-24T02:21:16.532-03:00
PUCPR,16,livre,0.0,0.0,2026-09-24T02:21:16.532-03:00
PUCPR,17,livre,0.0,0.0,2026-09-24T02:21:16.532-03:00
PUCPR,18,livre,0.0,0.0,2026-09-24T02:21:16.532-03:00
PUCPR,19,livre,0.0,0.0,2026-09-24T02:21:16.532-03:00
PUCPR,2,livre,0.0,0.0,2026-09-24T02:21:16.532-03:00
PUCPR,20,livre,0.0,0.0,2026-09-24T02:21:16.532-03:00
PUCPR,21,livre,0.0,0.0,2026-09-24T02:21:16.532-03:00
PUCPR,22,livre,0.0,0.0,2026-09-24T02:21:16.532-03:00
PUCPR,23,livre,0.0,0.0,2026-09-24T02:21:16.532-03:00
PUCPR,24,livre,0.0,0.001954984436082215,2026-09-24T02:21:16.532-03:00
PUCPR,25,livre,0.0,0.004727039866435128,2026-09-24T02:21:16.532-03:00
PUCPR,26,livre,0.0,0.0,2026-09-24T02:21:16.532-03:00
PUCPR,27,livre,0.0,0.0,2026-09-24T02:21:16.532-03:00
PUCPR,28,livre,0.0,0.0,2026-09-24T02:21:16.532-03:00
PUCPR,29,livre,0.0,0.0,2026-09-24T02:21:16.532-03:00
PUCPR,3,livre,0.0,0.0,2026-09-24T02:21:16.532-03:00
PUCPR,30,livre,0.0,0.0,2026-09-24T02:21:16.532-03:00
PUCPR,31,livre,0.0,0.0,2026-09-24T02:21:16.532-03:00
PUCPR,32,livre,0.0,0.0,2026-09-24T02:21:16.532-03:00
PUCPR,33,livre,0.0,0.0,2026-09-24T02:21:16.532-03:00
PUCPR,34,livre,0.0,0.0,2026-09-24T02:21:16.532-03:00
PUCPR,35,livre,0.0,0.0,2026-09-24T02:21:16.532-03:00
PUCPR,36,livre,0.0,0.0,2026-09-24T02:21:16.532-03:00
PUCPR,37,livre,0.0,0.0,2026-09-24T02:21:16.532-03:00
PUCPR,38,livre,0.0,0.0,2026-09-24T02:21:16.532-03:00
PUCPR,39,livre,0.0,0.0,2026-09-24T02:21:16.532-03:00
PUCPR,4,livre,0.0,0.0,2026-09-24T02:21:16.532-03:00
PUCPR,40,livre,0.0,0.0,2026-09-24T02:21:16.532-03:00
PUCPR,41,livre,0.0,0.035893517838777395,2026-09-24T02:21:16.532-03:00
PUCPR,42,ocupada,0.41842004656791687,0.8754025705314112,2026-09-24T02:21:16.532-03:00
PUCPR,43,livre,0.0,0.0,2026-09-24T02:21:16.532-03:00
PUCPR,44,livre,0.0,0.0,2026-09-24T02:21:16.532-03:00
PUCPR,45,livre,0.0,0.0,2026-09-24T02:21:16.532-03:00
PUCPR,46,livre,0.0,0.16854728154265328,2026-09-24T02:21:16.532-03:00
PUCPR,47,ocupada,0.3538360595703125,0.8359815170322171,2026-09-24T02:21:16.532-03:00
PUCPR,48,ocupada,0.0,0.0701328168526148,2026-09-24T02:21:16.532-03:00
PUCPR,49,livre,0.0,0.0,2026-09-24T02:21:16.532-03:00
PUCPR,5,livre,0.0,0.0,2026-09-24T02:21:16.532-03:00
PUCPR,50,livre,0.0,0.0,2026-09-24T02:21:16.532-03:00
PUCPR,51,livre,0.27987828850746155,0.8259815785722471,2026-09-24T02:21:16.532-03:00
PUCPR,52,livre,0.0,0.058952419875635646,2026-09-24T02:21:16.532-03:00
PUCPR,53,livre,0.0,0.0,2026-09-24T02:21:16.532-03:00
PUCPR,54,livre,0.0,0.0,2026-09-24T02:21:16.532-03:00
PUCPR,55,livre,0.0,0.0,2026-09-24T02:21:16.532-03:00
PUCPR,56,livre,0.0,0.0,2026-09-24T02:21:16.532-03:00
PUCPR,57,livre,0.0,0.0,2026-09-24T02:21:16.532-03:00
PUCPR,58,livre,0.0,0.0,2026-09-24T02:21:16.532-03:00
PUCPR,59,ocupada,0.3880838453769684,0.828881135763492,2026-09-24T02:21:16.532-03:00
PUCPR,6,livre,0.0,0.0,2026-09-24T02:21:16.532-03:00
PUCPR,60,livre,0.0,0.0,2026-09-24T02:21:16.532-03:00
PUCPR,61,livre,0.0,0.0,2026-09-24T02:21:16.532-03:00
PUCPR,62,livre,0.0,0.0,2026-09-24T02:21:16.532-03:00
PUCPR,63,ocupada,0.29738542437553406,0.9161248788210714,2026-09-24T02:21:16.532-03:00
PUCPR,64,livre,0.0,0.049330158894060165,2026-09-24T02:21:16.532-03:00
PUCPR,65,livre,0.27940261363983154,0.9893928521021893,2026-09-24T02:21:16.532-03:00
PUCPR,66,livre,0.2984670102596283,0.8659297467198044,2026-09-24T02:21:16.532-03:00
PUCPR,67,livre,0.0,0.0,2026-09-24T02:21:16.532-03:00
PUCPR,68,livre,0.0,0.0,2026-09-24T02:21:16.532-03:00
PUCPR,69,livre,0.0,0.0,2026-09-24T02:21:16.532-03:00
PUCPR,7,livre,0.0,0.0,2026-09-24T02:21:16.532-03:00
PUCPR,70,livre,0.0,0.1329117869620843,2026-09-24T02:21:16.532-03:00
PUCPR,71,ocupada,0.2788829505443573,0.9298637489517209,2026-09-24T02:21:16.532-03:00
PUCPR,72,ocupada,0.354518860578537,0.9351474603664535,2026-09-24T02:21:16.532-03:00
PUCPR,73,livre,0.25459274649620056,0.9396392360602889,2026-09-24T02:21:16.532-03:00
PUCPR,74,livre,0.0,0.11224033470737264,2026-09-24T02:21:16.532-03:00
PUCPR,75,ocupada,0.31080734729766846,0.8443576827281126,2026-09-24T02:21:16.532-03:00
PUCPR,76,ocupada,0.3453081548213959,0.8466713924038755,2026-09-24T02:21:16.532-03:00
PUCPR,77,livre,0.0,0.0,2026-09-24T02:21:16.532-03:00
PUCPR,78,livre,0.0,0.0,2026-09-24T02:21:16.532-03:00
PUCPR,79,livre,0.0,0.0,2026-09-24T02:21:16.532-03:00
PUCPR,8,livre,0.0,0.0,2026-09-24T02:21:16.532-03:00
PUCPR,80,livre,0.30110669136047363,0.819112090882232,2026-09-24T02:21:16.532-03:00
PUCPR,81,ocupada,0.5305148959159851,0.7795500010362294,2026-09-24T02:21:16.532-03:00
PUCPR,82,livre,0.0,0.0,2026-09-24T02:21:16.532-03:00
PUCPR,83,ocupada,0.36884915828704834,0.933151301690606,2026-09-24T02:21:16.532-03:00
PUCPR,84,ocupada,0.4667888283729553,0.9415051663261266,2026-09-24T02:21:16.532-03:00
PUCPR,85,livre,0.0,0.004401432820308819,2026-09-24T02:21:16.532-03:00
PUCPR,86,ocupada,0.47666552662849426,0.8544187560678577,2026-09-24T02:21:16.532-03:00
PUCPR,87,livre,0.2699216902256012,0.8713903700874025,2026-09-24T02:21:16.532-03:00
PUCPR,88,ocupada,0.3696765899658203,0.789777501560423,2026-09-24T02:21:16.532-03:00
PUCPR,89,livre,0.0,0.26071947677705004,2026-09-24T02:21:16.532-03:00
PUCPR,9,livre,0.0,0.0,2026-09-24T02:21:16.532-03:00
PUCPR,90,livre,0.0,0.0,2026-09-24T02:21:16.532-03:00
PUCPR,91,livre,0.0,0.0,2026-09-24T02:21:16.532-03:00
PUCPR,92,livre,0.0,0.0,2026-09-24T02:21:16.532-03:00
PUCPR,93,livre,0.0,0.05454412737503309,2026-09-24T02:21:16.532-03:00
PUCPR,94,ocupada,0.3077451288700104,0.9097592871185434,2026-09-24T02:21:16.532-03:00
PUCPR,95,ocupada,0.2581103444099426,0.8340126547321081,2026-09-24T02:21:16.532-03:00
PUCPR,96,livre,0.0,0.0,2026-09-24T02:21:16.532-03:00
PUCPR,97,livre,0.0,0.0,2026-09-24T02:21:16.532-03:00
PUCPR,98,livre,0.0,0.0,2026-09-24T02:21:16.532-03:00
PUCPR,99,livre,0.0,0.0,2026-09-24T02:21:16.532-03:00
PUCPR,1,ocupada,0.0,0.0,2026-09-24T02:21:16.609-03:00
PUCPR,10,livre,0.0,0.0,2026-09-24T02:21:16.609-03:00
PUCPR,100,livre,0.0,0.0,2026-09-24T02:21:16.609-03:00
PUCPR,11,livre,0.0,0.0,2026-09-24T02:21:16.609-03:00
PUCPR,12,livre,0.0,0.0,2026-09-24T02:21:16.609-03:00
PUCPR,13,livre,0.0,0.0,2026-09-24T02:21:16.609-03:00
PUCPR,14,livre,0.0,0.0,2026-09-24T02:21:16.609-03:00
PUCPR,15,livre,0.0,0.0,2026-09-24T02:21:16.609-03:00
PUCPR,16,livre,0.0,0.0,2026-09-24T02:21:16.609-03:00
PUCPR,17,livre,0.0,0.0,2026-09-24T02:21:16.609-03:00
PUCPR,18,livre,0.0,0.0,2026-09-24T02:21:16.609-03:00
PUCPR,19,livre,0.0,0.0,2026-09-24T02:21:16.609-03:00
PUCPR,2,livre,0.0,0.0,2026-09-24T02:21:16.609-03:00
PUCPR,20,livre,0.0,0.0,2026-09-24T02:21:16.609-03:00
PUCPR,21,livre,0.0,0.0,2026-09-24T02:21:16.609-03:00
PUCPR,22,livre,0.0,0.0,2026-09-24T02:21:16.609-03:00
PUCPR,23,livre,0.0,0.0,2026-09-24T02:21:16.609-03:00
PUCPR,24,livre,0.0,0.0016539104600020336,2026-09-24T02:21:16.609-03:00
PUCPR,25,livre,0.0,0.00424063044153121,2026-09-24T02:21:16.609-03:00
PUCPR,26,livre,0.0,0.0,2026-09-24T02:21:16.609-03:00
PUCPR,27,livre,0.0,0.0,2026-09-24T02:21:16.609-03:00
PUCPR,28,livre,0.0,0.0,2026-09-24T02:21:16.609-03:00
PUCPR,29,livre,0.0,0.0,2026-09-24T02:21:16.609-03:00
PUCPR,3,livre,0.0,0.0,2026-09-24T02:21:16.609-03:00
PUCPR,30,livre,0.0,0.0,2026-09-24T02:21:16.609-03:00
PUCPR,31,livre,0.0,0.0,2026-09-24T02:21:16.609-03:00
PUCPR,32,livre,0.0,0.0,2026-09-24T02:21:16.609-03:00
PUCPR,33,livre,0.0,0.0,2026-09-24T02:21:16.609-03:00
PUCPR,34,livre,0.0,0.0,2026-09-24T02:21:16.609-03:00
PUCPR,35,livre,0.0,0.025483593784092613,2026-09-24T02:21:16.609-03:00
PUCPR,36,livre,0.0,0.0,2026-09-24T02:21:16.609-03:00
PUCPR,37,livre,0.0,0.0,2026-09-24T02:21:16.609-03:00
PUCPR,38,livre,0.0,0.006291116709701131,2026-09-24T02:21:16.609-03:00
PUCPR,39,livre,0.29445880651474,0.6826322850431165,2026-09-24T02:21:16.609-03:00
PUCPR,4,livre,0.0,0.0,2026-09-24T02:21:16.609-03:00
PUCPR,40,livre,0.0,0.0,2026-09-24T02:21:16.609-03:00
PUCPR,41,livre,0.0,0.025583101935552872,2026-09-24T02:21:16.609-03:00
PUCPR,42,ocupada,0.5258296728134155,0.8861071239377281,2026-09-24T02:21:16.609-03:00
PUCPR,43,livre,0.0,0.0,2026-09-24T02:21:16.609-03:00
PUCPR,44,livre,0.0,0.0,2026-09-24T02:21:16.609-03:00
PUCPR,45,livre,0.0,0.0,2026-09-24T02:21:16.609-03:00
PUCPR,46,livre,0.0,0.16255765285932602,2026-09-24T02:21:16.609-03:00
PUCPR,47,ocupada,0.337058424949646,0.8275979250383448,2026-09-24T02:21:16.609-03:00
PUCPR,48,ocupada,0.32660168409347534,0.8045178613534891,2026-09-24T02:21:16.609-03:00
PUCPR,49,livre,0.28455230593681335,0.9153321681291233,2026-09-24T02:21:16.609-03:00
PUCPR,5,livre,0.0,0.0,2026-09-24T02:21:16.609-03:00
PUCPR,50,livre,0.0,0.0,2026-09-24T02:21:16.609-03:00
PUCPR,51,livre,0.0,0.0,2026-09-24T02:21:16.609-03:00
PUCPR,52,livre,0.0,0.0,2026-09-24T02:21:16.609-03:00
PUCPR,53,livre,0.2833179533481598,0.8708726928424807,2026-09-24T02:21:16.609-03:00
PUCPR,54,livre,0.0,0.03718633353178304,2026-09-24T02:21:16.609-03:00
PUCPR,55,livre,0.0,0.0,2026-09-24T02:21:16.609-03:00
PUCPR,56,livre,0.0,0.0,2026-09-24T02:21:16.609-03:00
PUCPR,57,livre,0.2701331675052643,0.9584197817033616,2026-09-24T02:21:16.609-03:00
PUCPR,58,livre,0.0,0.0,2026-09-24T02:21:16.609-03:00
PUCPR,59,ocupada,0.5091585516929626,0.8284137041992754,2026-09-24T02:21:16.609-03:00
PUCPR,6,livre,0.0,0.0,2026-09-24T02:21:16.609-03:00
PUCPR,60,livre,0.32631734013557434,0.8086710230009024,2026-09-24T02:21:16.609-03:00
PUCPR,61,livre,0.0,0.0405611132171662,2026-09-24T02:21:16.609-03:00
PUCPR,62,livre,0.0,2.631036571047204e-05,2026-09-24T02:21:16.609-03:00
PUCPR,63,ocupada,0.3825344443321228,0.9954394450978208,2026-09-24T02:21:16.609-03:00
PUCPR,64,livre,0.0,0.04884117863278085,2026-09-24T02:21:16.609-03:00
PUCPR,65,ocupada,0.3117828369140625,0.9913637212927985,2026-09-24T02:21:16.609-03:00
PUCPR,66,livre,0.25356325507164,0.8672672710508926,2026-09-24T02:21:16.609-03:00
PUCPR,67,livre,0.0,0.0,2026-09-24T02:21:16.609-03:00
PUCPR,68,livre,0.0,0.0,2026-09-24T02:21:16.609-03:00
PUCPR,69,livre,0.0,0.0,2026-09-24T02:21:16.609-03:00
PUCPR,7,livre,0.0,0.0,2026-09-24T02:21:16.609-03:00
PUCPR,70,livre,0.0,0.09781201184091769,2026-09-24T02:21:16.609-03:00
PUCPR,71,ocupada,0.27322542667388916,0.7493479274548109,2026-09-24T02:21:16.609-03:00
PUCPR,72,ocupada,0.31058797240257263,0.8958742726280214,2026-09-24T02:21:16.609-03:00
PUCPR,73,livre,0.0,0.010008772570649286,2026-09-24T02:21:16.609-03:00
PUCPR,74,livre,0.0,0.09503787193298506,2026-09-24T02:21:16.609-03:00
PUCPR,75,ocupada,0.26408547163009644,0.8687070295936954,2026-09-24T02:21:16.609-03:00
PUCPR,76,ocupada,0.0,0.00010546612536403351,2026-09-24T02:21:16.609-03:00
PUCPR,77,livre,0.0,0.0,2026-09-24T02:21:16.609-03:00
PUCPR,78,livre,0.0,0.0,2026-09-24T02:21:16.609-03:00
PUCPR,79,livre,0.0,0.0,2026-09-24T02:21:16.609-03:00
PUCPR,8,livre,0.0,0.0,2026-09-24T02:21:16.609-03:00
PUCPR,80,ocupada,0.3314499258995056,0.8172174004937701,2026-09-24T02:21:16.609-03:00
PUCPR,81,ocupada,0.5878661870956421,0.796819655143889,2026-09-24T02:21:16.609-03:00
PUCPR,82,livre,0.0,0.0,2026-09-24T02:21:16.609-03:00
PUCPR,83,ocupada,0.40796759724617004,0.9394878870008567,2026-09-24T02:21:16.609-03:00
PUCPR,84,ocupada,0.48952779173851013,0.9522028300979075,2026-09-24T02:21:16.609-03:00
PUCPR,85,livre,0.0,0.009901416605612548,2026-09-24T02:21:16.609-03:00
PUCPR,86,ocupada,0.48210883140563965,0.8612207268647508,2026-09-24T02:21:16.609-03:00
PUCPR,87,livre,0.3371182978153229,0.866673384820637,2026-09-24T02:21:16.609-03:00
PUCPR,88,ocupada,0.38882267475128174,0.8055782208077327,2026-09-24T02:21:16.609-03:00
PUCPR,89,livre,0.0,0.25292718989282503,2026-09-24T02:21:16.609-03:00
PUCPR,9,livre,0.0,0.0,2026-09-24T02:21:16.609-03:00
PUCPR,90,livre,0.0,0.0,2026-09-24T02:21:16.609-03:00
PUCPR,91,livre,0.0,0.0,2026-09-24T02:21:16.609-03:00
PUCPR,92,livre,0.0,0.0,2026-09-24T02:21:16.609-03:00
PUCPR,93,livre,0.0,0.0,2026-09-24T02:21:16.609-03:00
PUCPR,94,ocupada,0.0,0.0,2026-09-24T02:21:16.609-03:00
PUCPR,95,ocupada,0.0,0.0,2026-09-24T02:21:16.609-03:00
PUCPR,96,livre,0.0,0.0,2026-09-24T02:21:16.609-03:00
PUCPR,97,livre,0.0,0.0,2026-09-24T02:21:16.609-03:00
PUCPR,98,livre,0.0,0.0,2026-09-24T02:21:16.609-03:00
PUCPR,99,livre,0.0,0.0,2026-09-24T02:21:16.609-03:00
PUCPR,1,livre,0.0,0.0,2026-09-24T02:21:16.684-03:00
PUCPR,10,livre,0.0,0.0,2026-09-24T02:21:16.684-03:00
PUCPR,100,livre,0.0,0.0,2026-09-24T02:21:16.684-03:00
PUCPR,11,livre,0.0,0.0,2026-09-24T02:21:16.684-03:00
PUCPR,12,livre,0.0,0.0,2026-09-24T02:21:16.684-03:00
PUCPR,13,livre,0.0,0.0,2026-09-24T02:21:16.684-03:00
PUCPR,14,livre,0.0,0.0,2026-09-24T02:21:16.684-03:00
PUCPR,15,livre,0.0,0.0,2026-09-24T02:21:16.684-03:00
PUCPR,16,livre,0.0,0.0,2026-09-24T02:21:16.684-03:00
PUCPR,17,livre,0.0,0.0,2026-09-24T02:21:16.684-03:00
PUCPR,18,livre,0.0,0.0,2026-09-24T02:21:16.684-03:00
PUCPR,19,livre,0.0,0.0,2026-09-24T02:21:16.684-03:00
PUCPR,2,livre,0.0,0.0,2026-09-24T02:21:16.684-03:00
PUCPR,20,livre,0.0,0.1780972150368752,2026-09-24T02:21:16.684-03:00
PUCPR,21,livre,0.0,0.21715541857148762,2026-09-24T02:21:16.684-03:00
PUCPR,22,livre,0.0,0.05305880830824121,2026-09-24T02:21:16.684-03:00
PUCPR,23,livre,0.0,0.0,2026-09-24T02:21:16.684-03:00
PUCPR,24,livre,0.0,0.0,2026-09-24T02:21:16.684-03:00
PUCPR,25,livre,0.0,0.0,2026-09-24T02:21:16.684-03:00
PUCPR,26,livre,0.0,0.0,2026-09-24T02:21:16.684-03:00
PUCPR,27,livre,0.0,0.0,2026-09-24T02:21:16.684-03:00
PUCPR,28,livre,0.0,0.0,2026-09-24T02:21:16.684-03:00
PUCPR,29,livre,0.0,0.0,2026-09-24T02:21:16.684-03:00
PUCPR,3,livre,0.0,0.0,2026-09-24T02:21:16.684-03:00
PUCPR,30,livre,0.0,0.0,2026-09-24T02:21:16.684-03:00
PUCPR,31,livre,0.0,0.0,2026-09-24T02:21:16.684-03:00
PUCPR,32,livre,0.0,0.0,2026-09-24T02:21:16.684-03:00
PUCPR,33,livre,0.0,0.0,2026-09-24T02:21:16.684-03:00
PUCPR,34,livre,0.0,0.0,2026-09-24T02:21:16.684-03:00
PUCPR,35,livre,0.0,0.0,2026-09-24T02:21:16.684-03:00
PUCPR,36,livre,0.0,0.0,2026-09-24T02:21:16.684-03:00
PUCPR,37,livre,0.0,0.0,2026-09-24T02:21:16.684-03:00
PUCPR,38,livre,0.0,0.010690115264612747,2026-09-24T02:21:16.684-03:00
PUCPR,39,livre,0.0,0.0,2026-09-24T02:21:16.684-03:00
PUCPR,4,livre,0.0,0.0,2026-09-24T02:21:16.684-03:00
PUCPR,40,livre,0.0,0.0,2026-09-24T02:21:16.684-03:00
PUCPR,41,livre,0.0,0.04680120269744884,2026-09-24T02:21:16.684-03:00
PUCPR,42,ocupada,0.512670636177063,0.8933921089076252,2026-09-24T02:21:16.684-03:00
PUCPR,43,livre,0.0,0.0,2026-09-24T02:21:16.684-03:00
PUCPR,44,livre,0.0,0.0,2026-09-24T02:21:16.684-03:00
PUCPR,45,livre,0.0,0.0,2026-09-24T02:21:16.684-03:00
PUCPR,46,livre,0.0,0.0,2026-09-24T02:21:16.684-03:00
PUCPR,47,ocupada,0.0,0.0,2026-09-24T02:21:16.684-03:00
PUCPR,48,ocupada,0.0,0.0,2026-09-24T02:21:16.684-03:00
PUCPR,49,livre,0.0,0.0,2026-09-24T02:21:16.684-03:00
PUCPR,5,livre,0.0,0.0,2026-09-24T02:21:16.684-03:00
PUCPR,50,livre,0.0,0.0,2026-09-24T02:21:16.684-03:00
PUCPR,51,livre,0.0,0.0,2026-09-24T02:21:16.684-03:00
PUCPR,52,livre,0.0,0.0,2026-09-24T02:21:16.684-03:00
PUCPR,53,livre,0.0,0.0,2026-09-24T02:21:16.684-03:00
PUCPR,54,livre,0.0,0.0,2026-09-24T02:21:16.684-03:00
PUCPR,55,livre,0.0,0.0,2026-09-24T02:21:16.684-03:00
PUCPR,56,livre,0.0,0.0,2026-09-24T02:21:16.684-03:00
PUCPR,57,livre,0.0,0.0,2026-09-24T02:21:16.684-03:00
PUCPR,58,livre,0.0,0.0,2026-09-24T02:21:16.684-03:00
PUCPR,59,ocupada,0.5083019137382507,0.8307852014950269,2026-09-24T02:21:16.684-03:00
PUCPR,6,livre,0.0,0.0,2026-09-24T02:21:16.684-03:00
PUCPR,60,livre,0.35363611578941345,0.7694684422728982,2026-09-24T02:21:16.684-03:00
PUCPR,61,livre,0.0,0.0,2026-09-24T02:21:16.684-03:00
PUCPR,62,livre,0.0,0.0,2026-09-24T02:21:16.684-03:00
PUCPR,63,ocupada,0.373553067445755,0.9852664526415921,2026-09-24T02:21:16.684-03:00
PUCPR,64,livre,0.0,0.06465741517124932,2026-09-24T02:21:16.684-03:00
PUCPR,65,ocupada,0.2860979437828064,0.9953710555407972,2026-09-24T02:21:16.684-03:00
PUCPR,66,livre,0.0,0.08401579248040854,2026-09-24T02:21:16.684-03:00
PUCPR,67,livre,0.2747396230697632,0.7986896907762413,2026-09-24T02:21:16.684-03:00
PUCPR,68,livre,0.0,0.17607379404649987,2026-09-24T02:21:16.684-03:00
PUCPR,69,livre,0.0,0.0,2026-09-24T02:21:16.684-03:00
PUCPR,7,livre,0.0,0.0,2026-09-24T02:21:16.684-03:00
PUCPR,70,livre,0.0,0.09605190979606092,2026-09-24T02:21:16.684-03:00
PUCPR,71,ocupada,0.2851223051548004,0.7463860855701564,2026-09-24T02:21:16.684-03:00
PUCPR,72,ocupada,0.2728462815284729,0.9088564822136993,2026-09-24T02:21:16.684-03:00
PUCPR,73,livre,0.25542309880256653,0.9429013737003263,2026-09-24T02:21:16.684-03:00
PUCPR,74,livre,0.0,0.11689571548588029,2026-09-24T02:21:16.684-03:00
PUCPR,75,ocupada,0.3200500011444092,0.876674907489681,2026-09-24T02:21:16.684-03:00
PUCPR,76,ocupada,0.0,0.00020069789596984024,2026-09-24T02:21:16.684-03:00
PUCPR,77,livre,0.0,0.0,2026-09-24T02:21:16.684-03:00
PUCPR,78,livre,0.0,0.0,2026-09-24T02:21:16.684-03:00
PUCPR,79,livre,0.0,0.0,2026-09-24T02:21:16.684-03:00
PUCPR,8,livre,0.0,0.0,2026-09-24T02:21:16.684-03:00
PUCPR,80,ocupada,0.25056394934654236,0.8167106423675123,2026-09-24T02:21:16.684-03:00
PUCPR,81,ocupada,0.5326613783836365,0.7795772861483969,2026-09-24T02:21:16.684-03:00
PUCPR,82,livre,0.0,0.0,2026-09-24T02:21:16.684-03:00
PUCPR,83,ocupada,0.3356199860572815,0.937580844670607,2026-09-24T02:21:16.684-03:00
PUCPR,84,ocupada,0.5278562903404236,0.9428178660750914,2026-09-24T02:21:16.684-03:00
PUCPR,85,livre,0.0,0.01777481876410305,2026-09-24T02:21:16.684-03:00
PUCPR,86,ocupada,0.4616154134273529,0.8649474426581754,2026-09-24T02:21:16.684-03:00
PUCPR,87,ocupada,0.3486574590206146,0.8831217568864592,2026-09-24T02:21:16.684-03:00
PUCPR,88,ocupada,0.36877813935279846,0.7973551556738567,2026-09-24T02:21:16.684-03:00
PUCPR,89,livre,0.0,0.23204188812424675,2026-09-24T02:21:16.684-03:00
PUCPR,9,livre,0.0,0.0,2026-09-24T02:21:16.684-03:00
PUCPR,90,livre,0.0,0.0,2026-09-24T02:21:16.684-03:00
PUCPR,91,livre,0.0,0.0,2026-09-24T02:21:16.684-03:00
PUCPR,92,livre,0.0,0.0,2026-09-24T02:21:16.684-03:00
PUCPR,93,livre,0.0,0.0,2026-09-24T02:21:16.684-03:00
PUCPR,94,ocupada,0.0,0.0,2026-09-24T02:21:16.684-03:00
PUCPR,95,livre,0.0,0.0,2026-09-24T02:21:16.684-03:00
PUCPR,96,livre,0.0,0.0,2026-09-24T02:21:16.684-03:00
PUCPR,97,livre,0.0,0.0,2026-09-24T02:21:16.684-03:00
PUCPR,98,livre,0.0,0.0,2026-09-24T02:21:16.684-03:00
PUCPR,99,livre,0.0,0.0,2026-09-24T02:21:16.684-03:00
PUCPR,1,livre,0.0,0.08394783017517454,2026-09-24T02:21:16.755-03:00
PUCPR,10,livre,0.0,0.0,2026-09-24T02:21:16.755-03:00
PUCPR,100,livre,0.0,0.0,2026-09-24T02:21:16.755-03:00
PUCPR,11,livre,0.0,0.0,2026-09-24T02:21:16.755-03:00
PUCPR,12,livre,0.0,0.0,2026-09-24T02:21:16.755-03:00
PUCPR,13,livre,0.0,0.0,2026-09-24T02:21:16.755-03:00
PUCPR,14,livre,0.0,0.0,2026-09-24T02:21:16.755-03:00
PUCPR,15,livre,0.0,0.0,2026-09-24T02:21:16.755-03:00
PUCPR,16,livre,0.0,0.0,2026-09-24T02:21:16.755-03:00
PUCPR,17,livre,0.0,0.0,2026-09-24T02:21:16.755-03:00
PUCPR,18,livre,0.0,0.0,2026-09-24T02:21:16.755-03:00
PUCPR,19,livre,0.0,0.0,2026-09-24T02:21:16.755-03:00
PUCPR,2,livre,0.0,0.0,2026-09-24T02:21:16.755-03:00
PUCPR,20,livre,0.0,0.0,2026-09-24T02:21:16.755-03:00
PUCPR,21,livre,0.0,0.0,2026-09-24T02:21:16.755-03:00
PUCPR,22,livre,0.0,0.0,2026-09-24T02:21:16.755-03:00
PUCPR,23,livre,0.0,0.0,2026-09-24T02:21:16.755-03:00
PUCPR,24,livre,0.0,0.0,2026-09-24T02:21:16.755-03:00
PUCPR,25,livre,0.0,0.0,2026-09-24T02:21:16.755-03:00
PUCPR,26,livre,0.0,0.0,2026-09-24T02:21:16.755-03:00
PUCPR,27,livre,0.0,0.0,2026-09-24T02:21:16.755-03:00
PUCPR,28,livre,0.0,0.0,2026-09-24T02:21:16.755-03:00
PUCPR,29,livre,0.0,0.0,2026-09-24T02:21:16.755-03:00
PUCPR,3,livre,0.0,0.0,2026-09-24T02:21:16.755-03:00
PUCPR,30,livre,0.0,0.0,2026-09-24T02:21:16.755-03:00
PUCPR,31,livre,0.0,0.0,2026-09-24T02:21:16.755-03:00
PUCPR,32,livre,0.0,0.0,2026-09-24T02:21:16.755-03:00
PUCPR,33,livre,0.0,0.0,2026-09-24T02:21:16.755-03:00
PUCPR,34,livre,0.0,0.0,2026-09-24T02:21:16.755-03:00
PUCPR,35,livre,0.0,0.0,2026-09-24T02:21:16.755-03:00
PUCPR,36,livre,0.0,0.0,2026-09-24T02:21:16.755-03:00
PUCPR,37,livre,0.0,0.0,2026-09-24T02:21:16.755-03:00
PUCPR,38,livre,0.0,0.007829230568176193,2026-09-24T02:21:16.755-03:00
PUCPR,39,livre,0.0,0.0,2026-09-24T02:21:16.755-03:00
PUCPR,4,livre,0.0,0.0,2026-09-24T02:21:16.755-03:00
PUCPR,40,livre,0.0,0.0,2026-09-24T02:21:16.755-03:00
PUCPR,41,livre,0.0,0.041582201393423314,2026-09-24T02:21:16.755-03:00
PUCPR,42,ocupada,0.4683498740196228,0.8708127525881283,2026-09-24T02:21:16.755-03:00
PUCPR,43,livre,0.0,0.0,2026-09-24T02:21:16.755-03:00
PUCPR,44,livre,0.0,0.0,2026-09-24T02:21:16.755-03:00
PUCPR,45,livre,0.0,0.0,2026-09-24T02:21:16.755-03:00
PUCPR,46,livre,0.0,0.0,2026-09-24T02:21:16.755-03:00
PUCPR,47,ocupada,0.0,0.0,2026-09-24T02:21:16.755-03:00
PUCPR,48,livre,0.0,0.0,2026-09-24T02:21:16.755-03:00
PUCPR,49,livre,0.0,0.0,2026-09-24T02:21:16.755-03:00
PUCPR,5,livre,0.0,0.0,2026-09-24T02:21:16.755-03:00
PUCPR,50,livre,0.0,0.0,2026-09-24T02:21:16.755-03:00
PUCPR,51,livre,0.0,0.0,2026-09-24T02:21:16.755-03:00
PUCPR,52,livre,0.0,0.0,2026-09-24T02:21:16.755-03:00
PUCPR,53,livre,0.0,0.0,2026-09-24T02:21:16.755-03:00
PUCPR,54,livre,0.0,0.0,2026-09-24T02:21:16.755-03:00
PUCPR,55,livre,0.0,0.0,2026-09-24T02:21:16.755-03:00
PUCPR,56,livre,0.0,0.0,2026-09-24T02:21:16.755-03:00
PUCPR,57,livre,0.0,0.0,2026-09-24T02:21:16.755-03:00
PUCPR,58,livre,0.0,0.0,2026-09-24T02:21:16.755-03:00
PUCPR,59,ocupada,0.3977227807044983,0.833620798870209,2026-09-24T02:21:16.755-03:00
PUCPR,6,livre,0.0,0.0,2026-09-24T02:21:16.755-03:00
PUCPR,60,ocupada,0.28434520959854126,0.7839396962193367,2026-09-24T02:21:16.755-03:00
PUCPR,61,livre,0.0,0.0,2026-09-24T02:21:16.755-03:00
PUCPR,62,livre,0.0,0.0,2026-09-24T02:21:16.755-03:00
PUCPR,63,ocupada,0.3277279734611511,0.9883811792394153,2026-09-24T02:21:16.755-03:00
PUCPR,64,livre,0.0,0.05474216741906321,2026-09-24T02:21:16.755-03:00
PUCPR,65,ocupada,0.0,0.0,2026-09-24T02:21:16.755-03:00
PUCPR,66,livre,0.0,0.0,2026-09-24T02:21:16.755-03:00
PUCPR,67,livre,0.3217413127422333,0.7828904057905794,2026-09-24T02:21:16.755-03:00
PUCPR,68,livre,0.0,0.2086649640126291,2026-09-24T02:21:16.755-03:00
PUCPR,69,livre,0.0,0.0,2026-09-24T02:21:16.755-03:00
PUCPR,7,livre,0.0,0.0,2026-09-24T02:21:16.755-03:00
PUCPR,70,livre,0.0,0.0,2026-09-24T02:21:16.755-03:00
PUCPR,71,ocupada,0.0,0.0,2026-09-24T02:21:16.755-03:00
PUCPR,72,ocupada,0.28319233655929565,0.9122122918866179,2026-09-24T02:21:16.755-03:00
PUCPR,73,livre,0.0,0.020625087520404393,2026-09-24T02:21:16.755-03:00
PUCPR,74,livre,0.0,0.11933644063112912,2026-09-24T02:21:16.755-03:00
PUCPR,75,ocupada,0.27721819281578064,0.881280065005294,2026-09-24T02:21:16.755-03:00
PUCPR,76,livre,0.0,0.00044563280179003417,2026-09-24T02:21:16.755-03:00
PUCPR,77,livre,0.0,0.0,2026-09-24T02:21:16.755-03:00
PUCPR,78,livre,0.0,0.0,2026-09-24T02:21:16.755-03:00
PUCPR,79,livre,0.0,0.0,2026-09-24T02:21:16.755-03:00
PUCPR,8,livre,0.0,0.0,2026-09-24T02:21:16.755-03:00
PUCPR,80,ocupada,0.2832658588886261,0.8419407133668904,2026-09-24T02:21:16.755-03:00
PUCPR,81,ocupada,0.5789887309074402,0.751197930840235,2026-09-24T02:21:16.755-03:00
PUCPR,82,livre,0.0,0.0,2026-09-24T02:21:16.755-03:00
PUCPR,83,ocupada,0.3233412802219391,0.94081914819489,2026-09-24T02:21:16.755-03:00
PUCPR,84,ocupada,0.4998435974121094,0.9576758315825254,2026-09-24T02:21:16.755-03:00
PUCPR,85,livre,0.0,0.006986257396620776,2026-09-24T02:21:16.755-03:00
PUCPR,86,ocupada,0.4334326982498169,0.8586207817083282,2026-09-24T02:21:16.755-03:00
PUCPR,87,ocupada,0.3032812178134918,0.8730227059888466,2026-09-24T02:21:16.755-03:00
PUCPR,88,ocupada,0.4047360420227051,0.7804203619375336,2026-09-24T02:21:16.755-03:00
PUCPR,89,livre,0.0,0.23542137745100153,2026-09-24T02:21:16.755-03:00
PUCPR,9,livre,0.0,0.0,2026-09-24T02:21:16.755-03:00
PUCPR,90,livre,0.0,0.0,2026-09-24T02:21:16.755-03:00
PUCPR,91,livre,0.0,0.0,2026-09-24T02:21:16.755-03:00
PUCPR,92,livre,0.0,0.0,2026-09-24T02:21:16.755-03:00
PUCPR,93,livre,0.0,0.08126666734875389,2026-09-24T02:21:16.755-03:00
PUCPR,94,ocupada,0.2969522178173065,0.9278235225248491,2026-09-24T02:21:16.755-03:00
PUCPR,95,livre,0.0,0.024416231144693042,2026-09-24T02:21:16.755-03:00
PUCPR,96,livre,0.0,0.0,2026-09-24T02:21:16.755-03:00
PUCPR,97,livre,0.0,0.0,2026-09-24T02:21:16.755-03:00
PUCPR,98,livre,0.0,0.0,2026-09-24T02:21:16.755-03:00
PUCPR,99,livre,0.0,0.0,2026-09-24T02:21:16.755-03:00
PUCPR,1,livre,0.0,0.0,2026-09-24T02:21:16.845-03:00
PUCPR,10,livre,0.0,0.0,2026-09-24T02:21:16.845-03:00
PUCPR,100,livre,0.0,0.0,2026-09-24T02:21:16.845-03:00
PUCPR,11,livre,0.0,0.0,2026-09-24T02:21:16.845-03:00
PUCPR,12,livre,0.0,0.0,2026-09-24T02:21:16.845-03:00
PUCPR,13,livre,0.0,0.0,2026-09-24T02:21:16.845-03:00
PUCPR,14,livre,0.0,0.0,2026-09-24T02:21:16.845-03:00
PUCPR,15,livre,0.0,0.0,2026-09-24T02:21:16.845-03:00
PUCPR,16,livre,0.0,0.0,2026-09-24T02:21:16.845-03:00
PUCPR,17,livre,0.0,0.0,2026-09-24T02:21:16.845-03:00
PUCPR,18,livre,0.0,0.0,2026-09-24T02:21:16.845-03:00
PUCPR,19,livre,0.0,0.0,2026-09-24T02:21:16.845-03:00
PUCPR,2,livre,0.0,0.0,2026-09-24T02:21:16.845-03:00
PUCPR,20,livre,0.0,0.0,2026-09-24T02:21:16.845-03:00
PUCPR,21,livre,0.0,0.0,2026-09-24T02:21:16.845-03:00
PUCPR,22,livre,0.0,0.0,2026-09-24T02:21:16.845-03:00
PUCPR,23,livre,0.0,0.0,2026-09-24T02:21:16.845-03:00
PUCPR,24,livre,0.0,0.0,2026-09-24T02:21:16.845-03:00
PUCPR,25,livre,0.0,0.0,2026-09-24T02:21:16.845-03:00
PUCPR,26,livre,0.0,0.0,2026-09-24T02:21:16.845-03:00
PUCPR,27,livre,0.0,1.1835036576845003e-05,2026-09-24T02:21:16.845-03:00
PUCPR,28,livre,0.0,0.0,2026-09-24T02:21:16.845-03:00
PUCPR,29,livre,0.0,0.0,2026-09-24T02:21:16.845-03:00
PUCPR,3,livre,0.0,0.0,2026-09-24T02:21:16.845-03:00
PUCPR,30,livre,0.0,0.0,2026-09-24T02:21:16.845-03:00
PUCPR,31,livre,0.0,0.0,2026-09-24T02:21:16.845-03:00
PUCPR,32,livre,0.0,0.0,2026-09-24T02:21:16.845-03:00
PUCPR,33,livre,0.0,0.0,2026-09-24T02:21:16.845-03:00
PUCPR,34,livre,0.0,0.0,2026-09-24T02:21:16.845-03:00
PUCPR,35,livre,0.0,0.0,2026-09-24T02:21:16.845-03:00
PUCPR,36,livre,0.0,0.0,2026-09-24T02:21:16.845-03:00
PUCPR,37,livre,0.0,0.0,2026-09-24T02:21:16.845-03:00
PUCPR,38,livre,0.0,0.008202726970687909,2026-09-24T02:21:16.845-03:00
PUCPR,39,livre,0.0,0.0,2026-09-24T02:21:16.845-03:00
PUCPR,4,livre,0.0,0.0,2026-09-24T02:21:16.845-03:00
PUCPR,40,livre,0.0,0.0,2026-09-24T02:21:16.845-03:00
PUCPR,41,livre,0.0,0.03632017457469322,2026-09-24T02:21:16.845-03:00
PUCPR,42,ocupada,0.4687402844429016,0.8759321135923532,2026-09-24T02:21:16.845-03:00
PUCPR,43,livre,0.0,0.0,2026-09-24T02:21:16.845-03:00
PUCPR,44,livre,0.0,0.0,2026-09-24T02:21:16.845-03:00
PUCPR,45,livre,0.0,0.0,2026-09-24T02:21:16.845-03:00
PUCPR,46,livre,0.0,0.0,2026-09-24T02:21:16.845-03:00
PUCPR,47,livre,0.0,0.0,2026-09-24T02:21:16.845-03:00
PUCPR,48,livre,0.0,0.08096968054399262,2026-09-24T02:21:16.845-03:00
PUCPR,49,livre,0.29034340381622314,0.922148440909303,2026-09-24T02:21:16.845-03:00
PUCPR,5,livre,0.0,0.0,2026-09-24T02:21:16.845-03:00
PUCPR,50,livre,0.0,0.0,2026-09-24T02:21:16.845-03:00
PUCPR,51,livre,0.0,0.0,2026-09-24T02:21:16.845-03:00
PUCPR,52,livre,0.0,0.0,2026-09-24T02:21:16.845-03:00
PUCPR,53,livre,0.324954628944397,0.8636176613417106,2026-09-24T02:21:16.845-03:00
PUCPR,54,livre,0.0,0.025951876128145753,2026-09-24T02:21:16.845-03:00
PUCPR,55,livre,0.0,0.0,2026-09-24T02:21:16.845-03:00
PUCPR,56,livre,0.0,0.0,2026-09-24T02:21:16.845-03:00
PUCPR,57,livre,0.0,0.0,2026-09-24T02:21:16.845-03:00
PUCPR,58,livre,0.0,0.0,2026-09-24T02:21:16.845-03:00
PUCPR,59,ocupada,0.5017538070678711,0.8385854372113365,2026-09-24T02:21:16.845-03:00
PUCPR,6,livre,0.0,0.07749360941794416,2026-09-24T02:21:16.845-03:00
PUCPR,60,ocupada,0.2508982717990875,0.8004377233257727,2026-09-24T02:21:16.845-03:00
PUCPR,61,livre,0.0,0.0,2026-09-24T02:21:16.845-03:00
PUCPR,62,livre,0.0,0.0,2026-09-24T02:21:16.845-03:00
PUCPR,63,ocupada,0.29296693205833435,0.9412673961331486,2026-09-24T02:21:16.845-03:00
PUCPR,64,livre,0.0,0.05595824251496548,2026-09-24T02:21:16.845-03:00
PUCPR,65,ocupada,0.0,0.0,2026-09-24T02:21:16.845-03:00
PUCPR,66,livre,0.0,0.0,2026-09-24T02:21:16.845-03:00
PUCPR,67,ocupada,0.31873568892478943,0.8231931893507288,2026-09-24T02:21:16.845-03:00
PUCPR,68,livre,0.0,0.2274534642082867,2026-09-24T02:21:16.845-03:00
PUCPR,69,livre,0.0,0.0,2026-09-24T02:21:16.845-03:00
PUCPR,7,livre,0.34310051798820496,0.6611015054493949,2026-09-24T02:21:16.845-03:00
PUCPR,70,livre,0.0,0.12791223921070488,2026-09-24T02:21:16.845-03:00
PUCPR,71,ocupada,0.33943405747413635,0.9686909710776405,2026-09-24T02:21:16.845-03:00
PUCPR,72,ocupada,0.2714155316352844,0.8479514994834453,2026-09-24T02:21:16.845-03:00
PUCPR,73,ocupada,0.4132562577724457,0.944765285315113,2026-09-24T02:21:16.845-03:00
PUCPR,74,livre,0.0,0.11822497380930384,2026-09-24T02:21:16.845-03:00
PUCPR,75,ocupada,0.36459416151046753,0.8915468506233393,2026-09-24T02:21:16.845-03:00
PUCPR,76,livre,0.0,0.00152695782682794,2026-09-24T02:21:16.845-03:00
PUCPR,77,livre,0.0,0.0,2026-09-24T02:21:16.845-03:00
PUCPR,78,livre,0.0,0.0,2026-09-24T02:21:16.845-03:00
PUCPR,79,livre,0.0,0.0,2026-09-24T02:21:16.845-03:00
PUCPR,8,livre,0.0,0.0,2026-09-24T02:21:16.845-03:00
PUCPR,80,ocupada,0.0,0.0,2026-09-24T02:21:16.845-03:00
PUCPR,81,ocupada,0.4671228528022766,0.7517570319683512,2026-09-24T02:21:16.845-03:00
PUCPR,82,livre,0.0,0.0,2026-09-24T02:21:16.845-03:00
PUCPR,83,ocupada,0.4849608242511749,0.9113219620557306,2026-09-24T02:21:16.845-03:00
PUCPR,84,ocupada,0.4808226525783539,0.9478932658975293,2026-09-24T02:21:16.845-03:00
PUCPR,85,livre,0.0,0.00037186060808326387,2026-09-24T02:21:16.845-03:00
PUCPR,86,ocupada,0.48996296525001526,0.8347636433221137,2026-09-24T02:21:16.845-03:00
PUCPR,87,ocupada,0.2942260503768921,0.8788133530541635,2026-09-24T02:21:16.845-03:00
PUCPR,88,ocupada,0.433554470539093,0.7712658659608047,2026-09-24T02:21:16.845-03:00
PUCPR,89,livre,0.0,0.24578772475803856,2026-09-24T02:21:16.845-03:00
PUCPR,9,livre,0.0,0.0,2026-09-24T02:21:16.845-03:00
PUCPR,90,livre,0.0,0.0,2026-09-24T02:21:16.845-03:00
PUCPR,91,livre,0.0,0.0,2026-09-24T02:21:16.845-03:00
PUCPR,92,livre,0.0,0.0,2026-09-24T02:21:16.845-03:00
PUCPR,93,livre,0.0,0.07605974062030249,2026-09-24T02:21:16.845-03:00
PUCPR,94,ocupada,0.38126319646835327,0.9220411859219072,2026-09-24T02:21:16.845-03:00
PUCPR,95,livre,0.25909101963043213,0.8358100302940535,2026-09-24T02:21:16.845-03:00
PUCPR,96,livre,0.0,0.0,2026-09-24T02:21:16.845-03:00
PUCPR,97,livre,0.0,0.0,2026-09-24T02:21:16.845-03:00
PUCPR,98,livre,0.0,0.0,2026-09-24T02:21:16.845-03:00
PUCPR,99,livre,0.0,0.0,2026-09-24T02:21:16.845-03:00
PUCPR,1,livre,0.0,0.0,2026-09-24T02:21:16.934-03:00
PUCPR,10,livre,0.0,0.0,2026-09-24T02:21:16.934-03:00
PUCPR,100,livre,0.0,0.0,2026-09-24T02:21:16.934-03:00
PUCPR,11,livre,0.0,0.0,2026-09-24T02:21:16.934-03:00
PUCPR,12,livre,0.0,0.0,2026-09-24T02:21:16.934-03:00
PUCPR,13,livre,0.0,0.0,2026-09-24T02:21:16.934-03:00
PUCPR,14,livre,0.0,0.0,2026-09-24T02:21:16.934-03:00
PUCPR,15,livre,0.0,0.0,2026-09-24T02:21:16.934-03:00
PUCPR,16,livre,0.0,0.0,2026-09-24T02:21:16.934-03:00
PUCPR,17,livre,0.0,0.0,2026-09-24T02:21:16.934-03:00
PUCPR,18,livre,0.0,0.0,2026-09-24T02:21:16.934-03:00
PUCPR,19,livre,0.0,0.0,2026-09-24T02:21:16.934-03:00
PUCPR,2,livre,0.0,0.0,2026-09-24T02:21:16.934-03:00
PUCPR,20,livre,0.0,0.0,2026-09-24T02:21:16.934-03:00
PUCPR,21,livre,0.0,0.0,2026-09-24T02:21:16.934-03:00
PUCPR,22,livre,0.0,0.0,2026-09-24T02:21:16.934-03:00
PUCPR,23,livre,0.0,0.0,2026-09-24T02:21:16.934-03:00
PUCPR,24,livre,0.0,0.0,2026-09-24T02:21:16.934-03:00
PUCPR,25,livre,0.0,0.0,2026-09-24T02:21:16.934-03:00
PUCPR,26,livre,0.0,0.0,2026-09-24T02:21:16.934-03:00
PUCPR,27,livre,0.0,0.0,2026-09-24T02:21:16.934-03:00
PUCPR,28,livre,0.0,0.0,2026-09-24T02:21:16.934-03:00
PUCPR,29,livre,0.0,0.0,2026-09-24T02:21:16.934-03:00
PUCPR,3,livre,0.0,0.04262044044872866,2026-09-24T02:21:16.934-03:00
PUCPR,30,livre,0.0,0.0,2026-09-24T02:21:16.934-03:00
PUCPR,31,livre,0.0,0.0,2026-09-24T02:21:16.934-03:00
PUCPR,32,livre,0.0,0.0,2026-09-24T02:21:16.934-03:00
PUCPR,33,livre,0.0,0.0,2026-09-24T02:21:16.934-03:00
PUCPR,34,livre,0.0,0.0,2026-09-24T02:21:16.934-03:00
PUCPR,35,livre,0.0,0.0,2026-09-24T02:21:16.934-03:00
PUCPR,36,livre,0.0,0.0302182930196658,2026-09-24T02:21:16.934-03:00
PUCPR,37,livre,0.0,0.0,2026-09-24T02:21:16.934-03:00
PUCPR,38,livre,0.0,0.014771236155178483,2026-09-24T02:21:16.934-03:00
PUCPR,39,livre,0.0,0.0,2026-09-24T02:21:16.934-03:00
PUCPR,4,livre,0.2543388307094574,0.8156236537316339,2026-09-24T02:21:16.934-03:00
PUCPR,40,livre,0.0,0.0,2026-09-24T02:21:16.934-03:00
PUCPR,41,livre,0.0,0.0331105606329368,2026-09-24T02:21:16.934-03:00
PUCPR,42,ocupada,0.4761069715023041,0.8825212651943933,2026-09-24T02:21:16.934-03:00
PUCPR,43,livre,0.0,0.0,2026-09-24T02:21:16.934-03:00
PUCPR,44,livre,0.0,0.0,2026-09-24T02:21:16.934-03:00
PUCPR,45,livre,0.0,0.16486259068206524,2026-09-24T02:21:16.934-03:00
PUCPR,46,livre,0.2557080388069153,0.778120385179436,2026-09-24T02:21:16.934-03:00
PUCPR,47,livre,0.0,0.12981734974590142,2026-09-24T02:21:16.934-03:00
PUCPR,48,livre,0.0,0.0,2026-09-24T02:21:16.934-03:00
PUCPR,49,livre,0.0,0.0,2026-09-24T02:21:16.934-03:00
PUCPR,5,livre,0.0,0.0651126031931027,2026-09-24T02:21:16.934-03:00
PUCPR,50,livre,0.0,0.0,2026-09-24T02:21:16.934-03:00
PUCPR,51,livre,0.2559608519077301,0.8466620082015748,2026-09-24T02:21:16.934-03:00
PUCPR,52,livre,0.0,0.08897215176571074,2026-09-24T02:21:16.934-03:00
PUCPR,53,ocupada,0.36530473828315735,0.8667962441077046,2026-09-24T02:21:16.934-03:00
PUCPR,54,livre,0.0,0.04961827801681071,2026-09-24T02:21:16.934-03:00
PUCPR,55,livre,0.0,0.0,2026-09-24T02:21:16.934-03:00
PUCPR,56,livre,0.0,0.0,2026-09-24T02:21:16.934-03:00
PUCPR,57,livre,0.0,0.0,2026-09-24T02:21:16.934-03:00
PUCPR,58,livre,0.2590033710002899,0.7221219055395776,2026-09-24T02:21:16.934-03:00
PUCPR,59,ocupada,0.5211089253425598,0.8442956990318279,2026-09-24T02:21:16.934-03:00
PUCPR,6,livre,0.0,0.08424897237206141,2026-09-24T02:21:16.934-03:00
PUCPR,60,ocupada,0.25721752643585205,0.7816022590049271,2026-09-24T02:21:16.934-03:00
PUCPR,61,livre,0.0,0.0,2026-09-24T02:21:16.934-03:00
PUCPR,62,livre,0.0,0.0,2026-09-24T02:21:16.934-03:00
PUCPR,63,ocupada,0.0,0.008697633370389443,2026-09-24T02:21:16.934-03:00
PUCPR,64,livre,0.0,0.0556288237176475,2026-09-24T02:21:16.934-03:00
PUCPR,65,livre,0.0,0.0,2026-09-24T02:21:16.934-03:00
PUCPR,66,livre,0.0,0.0,2026-09-24T02:21:16.934-03:00
PUCPR,67,ocupada,0.27003616094589233,0.838824586145345,2026-09-24T02:21:16.934-03:00
PUCPR,68,livre,0.0,0.2058631181680057,2026-09-24T02:21:16.934-03:00
PUCPR,69,livre,0.0,0.0,2026-09-24T02:21:16.934-03:00
PUCPR,7,livre,0.28529125452041626,0.6691714249242308,2026-09-24T02:21:16.934-03:00
PUCPR,70,livre,0.0,0.14770495587944976,2026-09-24T02:21:16.934-03:00
PUCPR,71,ocupada,0.3002917170524597,0.9590031544259516,2026-09-24T02:21:16.934-03:00
PUCPR,72,ocupada,0.3208366930484772,0.9427060949876458,2026-09-24T02:21:16.934-03:00
PUCPR,73,ocupada,0.30378323793411255,0.9353625278795684,2026-09-24T02:21:16.934-03:00
PUCPR,74,livre,0.0,0.11431306263010874,2026-09-24T02:21:16.934-03:00
PUCPR,75,ocupada,0.4250679016113281,0.8895433193629432,2026-09-24T02:21:16.934-03:00
PUCPR,76,livre,0.0,0.001357824322880991,2026-09-24T02:21:16.934-03:00
PUCPR,77,livre,0.0,0.0,2026-09-24T02:21:16.934-03:00
PUCPR,78,livre,0.0,0.0,2026-09-24T02:21:16.934-03:00
PUCPR,79,livre,0.0,0.0,2026-09-24T02:21:16.934-03:00
PUCPR,8,livre,0.0,0.0,2026-09-24T02:21:16.934-03:00
PUCPR,80,ocupada,0.2758980095386505,0.8255632323951922,2026-09-24T02:21:16.934-03:00
PUCPR,81,ocupada,0.5376459360122681,0.7512830918777632,2026-09-24T02:21:16.934-03:00
PUCPR,82,livre,0.0,0.0,2026-09-24T02:21:16.934-03:00
PUCPR,83,ocupada,0.5430272817611694,0.8984451499671456,2026-09-24T02:21:16.934-03:00
PUCPR,84,ocupada,0.49501171708106995,0.9406555099154436,2026-09-24T02:21:16.934-03:00
PUCPR,85,livre,0.0,0.0,2026-09-24T02:21:16.934-03:00
PUCPR,86,ocupada,0.0,0.06669922825571534,2026-09-24T02:21:16.934-03:00
PUCPR,87,ocupada,0.2685070037841797,0.8927493479755318,2026-09-24T02:21:16.934-03:00
PUCPR,88,ocupada,0.34615397453308105,0.8047035103295785,2026-09-24T02:21:16.934-03:00
PUCPR,89,livre,0.0,0.2184408526401309,2026-09-24T02:21:16.934-03:00
PUCPR,9,livre,0.0,0.0,2026-09-24T02:21:16.934-03:00
PUCPR,90,livre,0.0,0.0,2026-09-24T02:21:16.934-03:00
PUCPR,91,livre,0.0,0.0,2026-09-24T02:21:16.934-03:00
PUCPR,92,livre,0.0,0.047860662650648825,2026-09-24T02:21:16.934-03:00
PUCPR,93,livre,0.2548877000808716,0.934802813215381,2026-09-24T02:21:16.934-03:00
PUCPR,94,ocupada,0.32624396681785583,0.9338099238539722,2026-09-24T02:21:16.934-03:00
PUCPR,95,livre,0.0,0.03603035270092215,2026-09-24T02:21:16.934-03:00
PUCPR,96,livre,0.0,0.0,2026-09-24T02:21:16.934-03:00
PUCPR,97,livre,0.0,0.0,2026-09-24T02:21:16.934-03:00
PUCPR,98,livre,0.0,0.0,2026-09-24T02:21:16.934-03:00
PUCPR,99,livre,0.0,0.0,2026-09-24T02:21:16.934-03:00
PUCPR,1,livre,0.0,0.0,2026-09-24T02:21:17.014-03:00
PUCPR,10,livre,0.0,0.0,2026-09-24T02:21:17.014-03:00
PUCPR,100,livre,0.0,0.0,2026-09-24T02:21:17.014-03:00
PUCPR,11,livre,0.0,0.0,2026-09-24T02:21:17.014-03:00
PUCPR,12,livre,0.0,0.0,2026-09-24T02:21:17.014-03:00
PUCPR,13,livre,0.0,0.0,2026-09-24T02:21:17.014-03:00
PUCPR,14,livre,0.0,0.0,2026-09-24T02:21:17.014-03:00
PUCPR,15,livre,0.0,0.0,2026-09-24T02:21:17.014-03:00
PUCPR,16,livre,0.0,0.0,2026-09-24T02:21:17.014-03:00
PUCPR,17,livre,0.0,0.0,2026-09-24T02:21:17.014-03:00
PUCPR,18,livre,0.0,0.0,2026-09-24T02:21:17.014-03:00
PUCPR,19,livre,0.0,0.0,2026-09-24T02:21:17.014-03:00
PUCPR,2,livre,0.0,0.0,2026-09-24T02:21:17.014-03:00
PUCPR,20,livre,0.0,0.0,2026-09-24T02:21:17.014-03:00
PUCPR,21,livre,0.0,0.0,2026-09-24T02:21:17.014-03:00
PUCPR,22,livre,0.0,0.0,2026-09-24T02:21:17.014-03:00
PUCPR,23,livre,0.28351593017578125,0.9469767526904259,2026-09-24T02:21:17.014-03:00
PUCPR,24,livre,0.0,0.1509642619917545,2026-09-24T02:21:17.014-03:00
PUCPR,25,livre,0.0,0.0,2026-09-24T02:21:17.014-03:00
PUCPR,26,livre,0.0,0.0,2026-09-24T02:21:17.014-03:00
PUCPR,27,livre,0.0,0.0,2026-09-24T02:21:17.014-03:00
PUCPR,28,livre,0.0,0.0,2026-09-24T02:21:17.014-03:00
PUCPR,29,livre,0.0,0.0,2026-09-24T02:21:17.014-03:00
PUCPR,3,livre,0.0,0.04308580824530258,2026-09-24T02:21:17.014-03:00
PUCPR,30,livre,0.0,0.0,2026-09-24T02:21:17.014-03:00
PUCPR,31,livre,0.0,0.0,2026-09-24T02:21:17.014-03:00
PUCPR,32,livre,0.0,0.0,2026-09-24T02:21:17.014-03:00
PUCPR,33,livre,0.0,0.0,2026-09-24T02:21:17.014-03:00
PUCPR,34,livre,0.0,0.0,2026-09-24T02:21:17.014-03:00
PUCPR,35,livre,0.0,0.02150748210635623,2026-09-24T02:21:17.014-03:00
PUCPR,36,livre,0.0,0.036212986753211995,2026-09-24T02:21:17.014-03:00
PUCPR,37,livre,0.0,0.0,2026-09-24T02:21:17.014-03:00
PUCPR,38,livre,0.0,0.015632204322711774,2026-09-24T02:21:17.014-03:00
PUCPR,39,livre,0.0,0.0,2026-09-24T02:21:17.014-03:00
PUCPR,4,livre,0.3109934628009796,0.8225700560846952,2026-09-24T02:21:17.014-03:00
PUCPR,40,livre,0.0,0.0,2026-09-24T02:21:17.014-03:00
PUCPR,41,livre,0.0,0.0,2026-09-24T02:21:17.014-03:00
PUCPR,42,ocupada,0.0,0.0033134491583184937,2026-09-24T02:21:17.014-03:00
PUCPR,43,livre,0.0,0.0018441276859509892,2026-09-24T02:21:17.014-03:00
PUCPR,44,livre,0.0,0.0,2026-09-24T02:21:17.014-03:00
PUCPR,45,livre,0.259902685880661,0.8822286478831971,2026-09-24T02:21:17.014-03:00
PUCPR,46,livre,0.25797295570373535,0.7812150824789186,2026-09-24T02:21:17.014-03:00
PUCPR,47,livre,0.0,0.14963166941848002,2026-09-24T02:21:17.014-03:00
PUCPR,48,livre,0.0,0.08794571353186104,2026-09-24T02:21:17.014-03:00
PUCPR,49,livre,0.3138085901737213,0.923458225052777,2026-09-24T02:21:17.014-03:00
PUCPR,5,livre,0.0,0.07081157202189475,2026-09-24T02:21:17.014-03:00
PUCPR,50,livre,0.0,0.0,2026-09-24T02:21:17.014-03:00
PUCPR,51,livre,0.0,0.0,2026-09-24T02:21:17.014-03:00
PUCPR,52,livre,0.0,0.0,2026-09-24T02:21:17.014-03:00
PUCPR,53,ocupada,0.2554711699485779,0.8251497677724662,2026-09-24T02:21:17.014-03:00
PUCPR,54,livre,0.2585913836956024,0.8221943916980902,2026-09-24T02:21:17.014-03:00
PUCPR,55,livre,0.0,0.0,2026-09-24T02:21:17.014-03:00
PUCPR,56,livre,0.0,0.0,2026-09-24T02:21:17.014-03:00
PUCPR,57,livre,0.31076565384864807,0.9468014869284996,2026-09-24T02:21:17.014-03:00
PUCPR,58,livre,0.42311954498291016,0.7468122326064345,2026-09-24T02:21:17.014-03:00
PUCPR,59,ocupada,0.5995551943778992,0.8461290645961996,2026-09-24T02:21:17.014-03:00
PUCPR,6,livre,0.0,0.0,2026-09-24T02:21:17.014-03:00
PUCPR,60,ocupada,0.32348111271858215,0.7861230076534913,2026-09-24T02:21:17.014-03:00
PUCPR,61,livre,0.0,0.0,2026-09-24T02:21:17.014-03:00
PUCPR,62,livre,0.0,0.0,2026-09-24T02:21:17.014-03:00
PUCPR,63,ocupada,0.0,0.0,2026-09-24T02:21:17.014-03:00
PUCPR,64,livre,0.4614008963108063,0.8665493256978521,2026-09-24T02:21:17.014-03:00
PUCPR,65,livre,0.2546390891075134,0.9631250100754054,2026-09-24T02:21:17.014-03:00
PUCPR,66,livre,0.0,0.08128657039703427,2026-09-24T02:21:17.014-03:00
PUCPR,67,ocupada,0.27917569875717163,0.820283213001749,2026-09-24T02:21:17.014-03:00
PUCPR,68,livre,0.0,0.19904392543510882,2026-09-24T02:21:17.014-03:00
PUCPR,69,livre,0.40004006028175354,0.9240728043814244,2026-09-24T02:21:17.014-03:00
PUCPR,7,livre,0.0,0.0,2026-09-24T02:21:17.014-03:00
PUCPR,70,livre,0.0,0.13183398879870376,2026-09-24T02:21:17.014-03:00
PUCPR,71,ocupada,0.33169957995414734,0.9127742313271013,2026-09-24T02:21:17.014-03:00
PUCPR,72,ocupada,0.3456074297428131,0.9447755237453672,2026-09-24T02:21:17.014-03:00
PUCPR,73,ocupada,0.3503347933292389,0.7180626034584422,2026-09-24T02:21:17.014-03:00
PUCPR,74,livre,0.0,0.00019327498642891284,2026-09-24T02:21:17.014-03:00
PUCPR,75,ocupada,0.0,0.0,2026-09-24T02:21:17.014-03:00
PUCPR,76,livre,0.0,0.0,2026-09-24T02:21:17.014-03:00
PUCPR,77,livre,0.0,0.0,2026-09-24T02:21:17.014-03:00
PUCPR,78,livre,0.0,0.0,2026-09-24T02:21:17.014-03:00
PUCPR,79,livre,0.0,0.0,2026-09-24T02:21:17.014-03:00
PUCPR,8,livre,0.0,0.0,2026-09-24T02:21:17.014-03:00
PUCPR,80,ocupada,0.33228904008865356,0.8228250489527486,2026-09-24T02:21:17.014-03:00
PUCPR,81,ocupada,0.6056564450263977,0.7639623138424557,2026-09-24T02:21:17.014-03:00
PUCPR,82,livre,0.0,0.0,2026-09-24T02:21:17.014-03:00
PUCPR,83,ocupada,0.4014109671115875,0.9380134357787763,2026-09-24T02:21:17.014-03:00
PUCPR,84,ocupada,0.0,0.0017538649871772735,2026-09-24T02:21:17.014-03:00
PUCPR,85,livre,0.0,0.0,2026-09-24T02:21:17.014-03:00
PUCPR,86,ocupada,0.0,0.035781331332402154,2026-09-24T02:21:17.014-03:00
PUCPR,87,ocupada,0.3813680410385132,0.8872637691104337,2026-09-24T02:21:17.014-03:00
PUCPR,88,ocupada,0.0,0.10768545689628335,2026-09-24T02:21:17.014-03:00
PUCPR,89,livre,0.0,0.22706254642917528,2026-09-24T02:21:17.014-03:00
PUCPR,9,livre,0.0,0.0,2026-09-24T02:21:17.014-03:00
PUCPR,90,livre,0.0,0.0,2026-09-24T02:21:17.014-03:00
PUCPR,91,livre,0.0,0.0,2026-09-24T02:21:17.014-03:00
PUCPR,92,livre,0.0,0.0,2026-09-24T02:21:17.014-03:00
PUCPR,93,livre,0.0,0.07933998198407591,2026-09-24T02:21:17.014-03:00
PUCPR,94,ocupada,0.387730211019516,0.9242991020208942,2026-09-24T02:21:17.014-03:00
PUCPR,95,livre,0.2923014760017395,0.8345703479012847,2026-09-24T02:21:17.014-03:00
PUCPR,96,livre,0.0,0.0,2026-09-24T02:21:17.014-03:00
PUCPR,97,livre,0.0,0.0,2026-09-24T02:21:17.014-03:00
PUCPR,98,livre,0.25672271847724915,0.7378539429856631,2026-09-24T02:21:17.014-03:00
PUCPR,99,livre,0.2942619025707245,0.8115028232916771,2026-09-24T02:21:17.014-03:00
PUCPR,1,livre,0.0,0.0,2026-09-24T02:21:17.101-03:00
PUCPR,10,livre,0.0,0.0,2026-09-24T02:21:17.101-03:00
PUCPR,100,livre,0.3000403046607971,0.5673761872888203,2026-09-24T02:21:17.101-03:00
PUCPR,11,livre,0.0,0.0,2026-09-24T02:21:17.101-03:00
PUCPR,12,livre,0.0,0.0,2026-09-24T02:21:17.101-03:00
PUCPR,13,livre,0.0,0.0,2026-09-24T02:21:17.101-03:00
PUCPR,14,livre,0.0,0.0,2026-09-24T02:21:17.101-03:00
PUCPR,15,livre,0.0,0.0,2026-09-24T02:21:17.101-03:00
PUCPR,16,livre,0.0,0.0,2026-09-24T02:21:17.101-03:00
PUCPR,17,livre,0.0,0.0,2026-09-24T02:21:17.101-03:00
PUCPR,18,livre,0.0,0.0,2026-09-24T02:21:17.101-03:00
PUCPR,19,livre,0.0,0.0,2026-09-24T02:21:17.101-03:00
PUCPR,2,livre,0.0,0.0,2026-09-24T02:21:17.101-03:00
PUCPR,20,livre,0.0,0.0,2026-09-24T02:21:17.101-03:00
PUCPR,21,livre,0.0,0.0,2026-09-24T02:21:17.101-03:00
PUCPR,22,livre,0.0,0.0,2026-09-24T02:21:17.101-03:00
PUCPR,23,livre,0.0,0.0,2026-09-24T02:21:17.101-03:00
PUCPR,24,livre,0.0,0.0,2026-09-24T02:21:17.101-03:00
PUCPR,25,livre,0.0,0.0,2026-09-24T02:21:17.101-03:00
PUCPR,26,livre,0.0,0.0,2026-09-24T02:21:17.101-03:00
PUCPR,27,livre,0.0,0.0,2026-09-24T02:21:17.101-03:00
PUCPR,28,livre,0.0,0.0,2026-09-24T02:21:17.101-03:00
PUCPR,29,livre,0.0,0.0,2026-09-24T02:21:17.101-03:00
PUCPR,3,livre,0.0,0.0,2026-09-24T02:21:17.101-03:00
PUCPR,30,livre,0.0,0.0,2026-09-24T02:21:17.101-03:00
PUCPR,31,livre,0.0,0.0,2026-09-24T02:21:17.101-03:00
PUCPR,32,livre,0.0,0.0,2026-09-24T02:21:17.101-03:00
PUCPR,33,livre,0.0,0.0,2026-09-24T02:21:17.101-03:00
PUCPR,34,livre,0.0,0.0,2026-09-24T02:21:17.101-03:00
PUCPR,35,livre,0.0,0.02188009247718574,2026-09-24T02:21:17.101-03:00
PUCPR,36,livre,0.0,0.03876089227869001,2026-09-24T02:21:17.101-03:00
PUCPR,37,livre,0.0,0.0003535620877986173,2026-09-24T02:21:17.101-03:00
PUCPR,38,livre,0.0,0.01486271410163861,2026-09-24T02:21:17.101-03:00
PUCPR,39,livre,0.0,0.0,2026-09-24T02:21:17.101-03:00
PUCPR,4,livre,0.0,0.0,2026-09-24T02:21:17.101-03:00
PUCPR,40,livre,0.0,0.0,2026-09-24T02:21:17.101-03:00
PUCPR,41,livre,0.0,0.0,2026-09-24T02:21:17.101-03:00
PUCPR,42,ocupada,0.0,0.0005008605469340025,2026-09-24T02:21:17.101-03:00
PUCPR,43,livre,0.0,0.0,2026-09-24T02:21:17.101-03:00
PUCPR,44,livre,0.0,0.0,2026-09-24T02:21:17.101-03:00
PUCPR,45,livre,0.0,0.0,2026-09-24T02:21:17.101-03:00
PUCPR,46,livre,0.0,0.0,2026-09-24T02:21:17.101-03:00
PUCPR,47,livre,0.0,0.0,2026-09-24T02:21:17.101-03:00
PUCPR,48,livre,0.0,0.0,2026-09-24T02:21:17.101-03:00
PUCPR,49,livre,0.0,0.0,2026-09-24T02:21:17.101-03:00
PUCPR,5,livre,0.0,0.0,2026-09-24T02:21:17.101-03:00
PUCPR,50,livre,0.0,0.0,2026-09-24T02:21:17.101-03:00
PUCPR,51,livre,0.0,0.0,2026-09-24T02:21:17.101-03:00
PUCPR,52,livre,0.0,0.0,2026-09-24T02:21:17.101-03:00
PUCPR,53,ocupada,0.0,0.0032703150358603284,2026-09-24T02:21:17.101-03:00
PUCPR,54,livre,0.0,0.018779115620520433,2026-09-24T02:21:17.101-03:00
PUCPR,55,livre,0.0,0.0,2026-09-24T02:21:17.101-03:00
PUCPR,56,livre,0.0,0.0,2026-09-24T02:21:17.101-03:00
PUCPR,57,livre,0.28934091329574585,0.9635064079841222,2026-09-24T02:21:17.101-03:00
PUCPR,58,ocupada,0.2787625193595886,0.7869208261691711,2026-09-24T02:21:17.101-03:00
PUCPR,59,ocupada,0.38654929399490356,0.8357296601188656,2026-09-24T02:21:17.101-03:00
PUCPR,6,livre,0.0,0.0844937672188308,2026-09-24T02:21:17.101-03:00
PUCPR,60,ocupada,0.3146396279335022,0.7831408112559709,2026-09-24T02:21:17.101-03:00
PUCPR,61,livre,0.0,0.0,2026-09-24T02:21:17.101-03:00
PUCPR,62,livre,0.0,0.0,2026-09-24T02:21:17.101-03:00
PUCPR,63,livre,0.0,0.0,2026-09-24T02:21:17.101-03:00
PUCPR,64,livre,0.305408775806427,0.8665438706367858,2026-09-24T02:21:17.101-03:00
PUCPR,65,livre,0.0,0.028794531201531096,2026-09-24T02:21:17.101-03:00
PUCPR,66,livre,0.0,0.0,2026-09-24T02:21:17.101-03:00
PUCPR,67,ocupada,0.0,0.0,2026-09-24T02:21:17.101-03:00
PUCPR,68,livre,0.0,0.04464995805492982,2026-09-24T02:21:17.101-03:00
PUCPR,69,livre,0.35343867540359497,0.9288507502863826,2026-09-24T02:21:17.101-03:00
PUCPR,7,ocupada,0.308879554271698,0.680678739254285,2026-09-24T02:21:17.101-03:00
PUCPR,70,livre,0.0,0.13624146194896483,2026-09-24T02:21:17.101-03:00
PUCPR,71,ocupada,0.0,0.0,2026-09-24T02:21:17.101-03:00
PUCPR,72,ocupada,0.3085557520389557,0.8923589288223458,2026-09-24T02:21:17.101-03:00
PUCPR,73,ocupada,0.2942541837692261,0.6500745019368196,2026-09-24T02:21:17.101-03:00
PUCPR,74,livre,0.0,6.315900563177738e-05,2026-09-24T02:21:17.101-03:00
PUCPR,75,ocupada,0.0,0.011603824258926667,2026-09-24T02:21:17.101-03:00
PUCPR,76,livre,0.2729518413543701,0.843896634808661,2026-09-24T02:21:17.101-03:00
PUCPR,77,livre,0.0,0.001344745784527873,2026-09-24T02:21:17.101-03:00
PUCPR,78,livre,0.0,0.0,2026-09-24T02:21:17.101-03:00
PUCPR,79,livre,0.29628583788871765,0.7045013967609838,2026-09-24T02:21:17.101-03:00
PUCPR,8,livre,0.0,0.0,2026-09-24T02:21:17.101-03:00
PUCPR,80,ocupada,0.2977907359600067,0.8065728717047023,2026-09-24T02:21:17.101-03:00
PUCPR,81,ocupada,0.49437665939331055,0.7319609525029195,2026-09-24T02:21:17.101-03:00
PUCPR,82,livre,0.0,0.0,2026-09-24T02:21:17.101-03:00
PUCPR,83,ocupada,0.3941034972667694,0.9405197647721344,2026-09-24T02:21:17.101-03:00
PUCPR,84,ocupada,0.0,0.005694974413680389,2026-09-24T02:21:17.101-03:00
PUCPR,85,livre,0.0,0.0,2026-09-24T02:21:17.101-03:00
PUCPR,86,livre,0.0,0.050750988603427784,2026-09-24T02:21:17.101-03:00
PUCPR,87,ocupada,0.36792048811912537,0.8802307749805486,2026-09-24T02:21:17.101-03:00
PUCPR,88,ocupada,0.0,0.10103107180331589,2026-09-24T02:21:17.101-03:00
PUCPR,89,livre,0.0,0.21444874630500285,2026-09-24T02:21:17.101-03:00
PUCPR,9,livre,0.0,0.0,2026-09-24T02:21:17.101-03:00
PUCPR,90,livre,0.2903343737125397,0.9108641715645232,2026-09-24T02:21:17.101-03:00
PUCPR,91,livre,0.0,0.09765803299555477,2026-09-24T02:21:17.101-03:00
PUCPR,92,livre,0.0,0.0,2026-09-24T02:21:17.101-03:00
PUCPR,93,livre,0.0,0.11640742590023058,2026-09-24T02:21:17.101-03:00
PUCPR,94,ocupada,0.38216373324394226,0.9412316475221929,2026-09-24T02:21:17.101-03:00
PUCPR,95,livre,0.0,0.021158949989779168,2026-09-24T02:21:17.101-03:00
PUCPR,96,livre,0.0,0.0,2026-09-24T02:21:17.101-03:00
PUCPR,97,livre,0.0,0.0,2026-09-24T02:21:17.101-03:00
PUCPR,98,livre,0.2559504210948944,0.7405597351542087,2026-09-24T02:21:17.101-03:00
PUCPR,99,livre,0.28311043977737427,0.8155345987729143,2026-09-24T02:21:17.101-03:00
PUCPR,1,livre,0.0,0.0,2026-09-24T02:21:17.179-03:00
PUCPR,10,livre,0.0,0.0,2026-09-24T02:21:17.179-03:00
PUCPR,100,livre,0.0,0.0,2026-09-24T02:21:17.179-03:00
PUCPR,11,livre,0.0,0.0,2026-09-24T02:21:17.179-03:00
PUCPR,12,livre,0.0,0.0,2026-09-24T02:21:17.179-03:00
PUCPR,13,livre,0.0,0.0,2026-09-24T02:21:17.179-03:00
PUCPR,14,livre,0.0,0.0,2026-09-24T02:21:17.179-03:00
PUCPR,15,livre,0.0,0.0,2026-09-24T02:21:17.179-03:00
PUCPR,16,livre,0.0,0.0,2026-09-24T02:21:17.179-03:00
PUCPR,17,livre,0.0,0.0,2026-09-24T02:21:17.179-03:00
PUCPR,18,livre,0.0,0.0,2026-09-24T02:21:17.179-03:00
PUCPR,19,livre,0.0,0.0,2026-09-24T02:21:17.179-03:00
PUCPR,2,livre,0.0,0.0,2026-09-24T02:21:17.179-03:00
PUCPR,20,livre,0.0,0.0,2026-09-24T02:21:17.179-03:00
PUCPR,21,livre,0.0,0.0,2026-09-24T02:21:17.179-03:00
PUCPR,22,livre,0.0,0.0,2026-09-24T02:21:17.179-03:00
PUCPR,23,livre,0.0,0.0,2026-09-24T02:21:17.179-03:00
PUCPR,24,livre,0.0,0.0,2026-09-24T02:21:17.179-03:00
PUCPR,25,livre,0.0,0.0,2026-09-24T02:21:17.179-03:00
PUCPR,26,livre,0.0,0.0,2026-09-24T02:21:17.179-03:00
PUCPR,27,livre,0.0,0.0,2026-09-24T02:21:17.179-03:00
PUCPR,28,livre,0.0,0.0,2026-09-24T02:21:17.179-03:00
PUCPR,29,livre,0.0,0.0,2026-09-24T02:21:17.179-03:00
PUCPR,3,livre,0.0,0.0,2026-09-24T02:21:17.179-03:00
PUCPR,30,livre,0.0,0.0,2026-09-24T02:21:17.179-03:00
PUCPR,31,livre,0.0,0.0,2026-09-24T02:21:17.179-03:00
PUCPR,32,livre,0.0,0.0,2026-09-24T02:21:17.179-03:00
PUCPR,33,livre,0.0,0.0,2026-09-24T02:21:17.179-03:00
PUCPR,34,livre,0.0,0.0,2026-09-24T02:21:17.179-03:00
PUCPR,35,livre,0.0,0.0,2026-09-24T02:21:17.179-03:00
PUCPR,36,livre,0.0,0.0,2026-09-24T02:21:17.179-03:00
PUCPR,37,livre,0.0,0.0,2026-09-24T02:21:17.179-03:00
PUCPR,38,livre,0.0,0.0,2026-09-24T02:21:17.179-03:00
PUCPR,39,livre,0.0,0.0,2026-09-24T02:21:17.179-03:00
PUCPR,4,livre,0.0,0.0,2026-09-24T02:21:17.179-03:00
PUCPR,40,livre,0.0,0.0,2026-09-24T02:21:17.179-03:00
PUCPR,41,livre,0.0,0.0,2026-09-24T02:21:17.179-03:00
PUCPR,42,livre,0.0,0.0,2026-09-24T02:21:17.179-03:00
PUCPR,43,livre,0.0,0.0,2026-09-24T02:21:17.179-03:00
PUCPR,44,livre,0.0,0.0,2026-09-24T02:21:17.179-03:00
PUCPR,45,livre,0.0,0.0,2026-09-24T02:21:17.179-03:00
PUCPR,46,livre,0.0,0.0,2026-09-24T02:21:17.179-03:00
PUCPR,47,livre,0.0,0.0,2026-09-24T02:21:17.179-03:00
PUCPR,48,livre,0.0,0.0,2026-09-24T02:21:17.179-03:00
PUCPR,49,livre,0.0,0.0,2026-09-24T02:21:17.179-03:00
PUCPR,5,livre,0.0,0.0,2026-09-24T02:21:17.179-03:00
PUCPR,50,livre,0.0,0.0,2026-09-24T02:21:17.179-03:00
PUCPR,51,livre,0.0,0.0,2026-09-24T02:21:17.179-03:00
PUCPR,52,livre,0.0,0.0,2026-09-24T02:21:17.179-03:00
PUCPR,53,ocupada,0.0,0.0,2026-09-24T02:21:17.179-03:00
PUCPR,54,livre,0.0,0.0,2026-09-24T02:21:17.179-03:00
PUCPR,55,livre,0.0,0.0,2026-09-24T02:21:17.179-03:00
PUCPR,56,livre,0.0,0.0,2026-09-24T02:21:17.179-03:00
PUCPR,57,livre,0.0,0.0,2026-09-24T02:21:17.179-03:00
PUCPR,58,ocupada,0.0,0.0,2026-09-24T02:21:17.179-03:00
PUCPR,59,ocupada,0.2999962568283081,0.8270584860934389,2026-09-24T02:21:17.179-03:00
PUCPR,6,livre,0.0,0.0,2026-09-24T02:21:17.179-03:00
PUCPR,60,ocupada,0.0,0.0,2026-09-24T02:21:17.179-03:00
PUCPR,61,livre,0.0,0.0,2026-09-24T02:21:17.179-03:00
PUCPR,62,livre,0.0,0.0,2026-09-24T02:21:17.179-03:00
PUCPR,63,livre,0.0,0.0,2026-09-24T02:21:17.179-03:00
PUCPR,64,livre,0.0,0.0,2026-09-24T02:21:17.179-03:00
PUCPR,65,livre,0.0,0.0,2026-09-24T02:21:17.179-03:00
PUCPR,66,livre,0.0,0.0,2026-09-24T02:21:17.179-03:00
PUCPR,67,ocupada,0.0,0.0,2026-09-24T02:21:17.179-03:00
PUCPR,68,livre,0.0,0.04182420721016419,2026-09-24T02:21:17.179-03:00
PUCPR,69,ocupada,0.2876540720462799,0.9146849843371297,2026-09-24T02:21:17.179-03:00
PUCPR,7,ocupada,0.0,0.0,2026-09-24T02:21:17.179-03:00
PUCPR,70,livre,0.0,0.12327585158839793,2026-09-24T02:21:17.179-03:00
PUCPR,71,ocupada,0.0,0.0,2026-09-24T02:21:17.179-03:00
PUCPR,72,ocupada,0.26142075657844543,0.9117182913073226,2026-09-24T02:21:17.179-03:00
PUCPR,73,ocupada,0.0,0.01276190020794549,2026-09-24T02:21:17.179-03:00
PUCPR,74,livre,0.0,0.0,2026-09-24T02:21:17.179-03:00
PUCPR,75,livre,0.0,0.0,2026-09-24T02:21:17.179-03:00
PUCPR,76,livre,0.0,0.0,2026-09-24T02:21:17.179-03:00
PUCPR,77,livre,0.0,0.0,2026-09-24T02:21:17.179-03:00
PUCPR,78,livre,0.0,0.0,2026-09-24T02:21:17.179-03:00
PUCPR,79,livre,0.0,0.0,2026-09-24T02:21:17.179-03:00
PUCPR,8,livre,0.0,0.0,2026-09-24T02:21:17.179-03:00
PUCPR,80,ocupada,0.0,0.0,2026-09-24T02:21:17.179-03:00
PUCPR,81,ocupada,0.35987916588783264,0.7431074352337009,2026-09-24T02:21:17.179-03:00
PUCPR,82,livre,0.0,0.0,2026-09-24T02:21:17.179-03:00
PUCPR,83,ocupada,0.34083691239356995,0.9443467824428875,2026-09-24T02:21:17.179-03:00
PUCPR,84,livre,0.0,0.002416577014190369,2026-09-24T02:21:17.179-03:00
PUCPR,85,livre,0.0,0.0,2026-09-24T02:21:17.179-03:00
PUCPR,86,livre,0.0,0.034392338408547336,2026-09-24T02:21:17.179-03:00
PUCPR,87,ocupada,0.34004929661750793,0.8820458742951978,2026-09-24T02:21:17.179-03:00
PUCPR,88,livre,0.0,0.0998893013668469,2026-09-24T02:21:17.179-03:00
PUCPR,89,livre,0.0,0.0,2026-09-24T02:21:17.179-03:00
PUCPR,9,livre,0.0,0.0,2026-09-24T02:21:17.179-03:00
PUCPR,90,livre,0.0,0.0,2026-09-24T02:21:17.179-03:00
PUCPR,91,livre,0.0,0.0,2026-09-24T02:21:17.179-03:00
PUCPR,92,livre,0.0,0.056701061866934674,2026-09-24T02:21:17.179-03:00
PUCPR,93,livre,0.28936639428138733,0.8831422453434974,2026-09-24T02:21:17.179-03:00
PUCPR,94,ocupada,0.33382633328437805,0.9139280004025953,2026-09-24T02:21:17.179-03:00
PUCPR,95,livre,0.0,0.020606604583853765,2026-09-24T02:21:17.179-03:00
PUCPR,96,livre,0.4693038761615753,0.8244969418648499,2026-09-24T02:21:17.179-03:00
PUCPR,97,livre,0.34086325764656067,0.8150864905086717,2026-09-24T02:21:17.179-03:00
PUCPR,98,livre,0.0,0.0,2026-09-24T02:21:17.179-03:00
PUCPR,99,livre,0.0,0.0,2026-09-24T02:21:17.179-03:00
PUCPR,1,livre,0.0,0.0,2026-09-24T02:21:17.254-03:00
PUCPR,10,livre,0.0,0.0,2026-09-24T02:21:17.254-03:00
PUCPR,100,livre,0.0,0.0,2026-09-24T02:21:17.254-03:00
PUCPR,11,livre,0.0,0.0,2026-09-24T02:21:17.254-03:00
PUCPR,12,livre,0.0,0.0,2026-09-24T02:21:17.254-03:00
PUCPR,13,livre,0.0,0.0,2026-09-24T02:21:17.254-03:00
PUCPR,14,livre,0.0,0.0,2026-09-24T02:21:17.254-03:00
PUCPR,15,livre,0.0,0.0,2026-09-24T02:21:17.254-03:00
PUCPR,16,livre,0.0,0.0,2026-09-24T02:21:17.254-03:00
PUCPR,17,livre,0.0,0.0,2026-09-24T02:21:17.254-03:00
PUCPR,18,livre,0.0,0.0,2026-09-24T02:21:17.254-03:00
PUCPR,19,livre,0.0,0.0,2026-09-24T02:21:17.254-03:00
PUCPR,2,livre,0.0,0.0,2026-09-24T02:21:17.254-03:00
PUCPR,20,livre,0.0,0.0,2026-09-24T02:21:17.254-03:00
PUCPR,21,livre,0.0,0.0,2026-09-24T02:21:17.254-03:00
PUCPR,22,livre,0.0,0.0,2026-09-24T02:21:17.254-03:00
PUCPR,23,livre,0.0,0.0,2026-09-24T02:21:17.254-03:00
PUCPR,24,livre,0.0,0.0,2026-09-24T02:21:17.254-03:00
PUCPR,25,livre,0.0,0.0,2026-09-24T02:21:17.254-03:00
PUCPR,26,livre,0.0,0.0,2026-09-24T02:21:17.254-03:00
PUCPR,27,livre,0.0,0.0,2026-09-24T02:21:17.254-03:00
PUCPR,28,livre,0.0,0.0,2026-09-24T02:21:17.254-03:00
PUCPR,29,livre,0.0,0.0,2026-09-24T02:21:17.254-03:00
PUCPR,3,livre,0.0,0.0,2026-09-24T02:21:17.254-03:00
PUCPR,30,livre,0.0,0.0,2026-09-24T02:21:17.254-03:00
PUCPR,31,livre,0.0,0.0,2026-09-24T02:21:17.254-03:00
PUCPR,32,livre,0.0,0.0,2026-09-24T02:21:17.254-03:00
PUCPR,33,livre,0.0,0.0,2026-09-24T02:21:17.254-03:00
PUCPR,34,livre,0.0,0.0,2026-09-24T02:21:17.254-03:00
PUCPR,35,livre,0.0,0.0,2026-09-24T02:21:17.254-03:00
PUCPR,36,livre,0.0,0.0,2026-09-24T02:21:17.254-03:00
PUCPR,37,livre,0.0,0.0,2026-09-24T02:21:17.254-03:00
PUCPR,38,livre,0.0,0.0,2026-09-24T02:21:17.254-03:00
PUCPR,39,livre,0.0,0.0,2026-09-24T02:21:17.254-03:00
PUCPR,4,livre,0.0,0.0,2026-09-24T02:21:17.254-03:00
PUCPR,40,livre,0.0,0.0,2026-09-24T02:21:17.254-03:00
PUCPR,41,livre,0.0,0.0,2026-09-24T02:21:17.254-03:00
PUCPR,42,livre,0.0,0.0,2026-09-24T02:21:17.254-03:00
PUCPR,43,livre,0.0,0.0,2026-09-24T02:21:17.254-03:00
PUCPR,44,livre,0.0,0.0,2026-09-24T02:21:17.254-03:00
PUCPR,45,livre,0.0,0.0,2026-09-24T02:21:17.254-03:00
PUCPR,46,livre,0.0,0.0,2026-09-24T02:21:17.254-03:00
PUCPR,47,livre,0.0,0.0,2026-09-24T02:21:17.254-03:00
PUCPR,48,livre,0.0,0.0,2026-09-24T02:21:17.254-03:00
PUCPR,49,livre,0.0,0.0,2026-09-24T02:21:17.254-03:00
PUCPR,5,livre,0.0,0.0,2026-09-24T02:21:17.254-03:00
PUCPR,50,livre,0.0,0.0,2026-09-24T02:21:17.254-03:00
PUCPR,51,livre,0.0,0.0,2026-09-24T02:21:17.254-03:00
PUCPR,52,livre,0.0,0.0,2026-09-24T02:21:17.254-03:00
PUCPR,53,livre,0.0,0.0,2026-09-24T02:21:17.254-03:00
PUCPR,54,livre,0.0,0.0,2026-09-24T02:21:17.254-03:00
PUCPR,55,livre,0.0,0.0,2026-09-24T02:21:17.254-03:00
PUCPR,56,livre,0.0,0.0,2026-09-24T02:21:17.254-03:00
PUCPR,57,livre,0.0,0.0,2026-09-24T02:21:17.254-03:00
PUCPR,58,ocupada,0.0,0.0,2026-09-24T02:21:17.254-03:00
PUCPR,59,ocupada,0.0,0.0,2026-09-24T02:21:17.254-03:00
PUCPR,6,livre,0.0,0.0,2026-09-24T02:21:17.254-03:00
PUCPR,60,ocupada,0.0,0.0,2026-09-24T02:21:17.254-03:00
PUCPR,61,livre,0.0,0.0,2026-09-24T02:21:17.254-03:00
PUCPR,62,livre,0.0,0.0,2026-09-24T02:21:17.254-03:00
PUCPR,63,livre,0.0,0.0,2026-09-24T02:21:17.254-03:00
PUCPR,64,livre,0.0,0.0,2026-09-24T02:21:17.254-03:00
PUCPR,65,livre,0.0,0.0,2026-09-24T02:21:17.254-03:00
PUCPR,66,livre,0.0,0.0,2026-09-24T02:21:17.254-03:00
PUCPR,67,livre,0.0,0.0,2026-09-24T02:21:17.254-03:00
PUCPR,68,livre,0.0,0.0,2026-09-24T02:21:17.254-03:00
PUCPR,69,ocupada,0.0,0.0,2026-09-24T02:21:17.254-03:00
PUCPR,7,livre,0.0,0.0,2026-09-24T02:21:17.254-03:00
PUCPR,70,livre,0.0,0.13821511309226855,2026-09-24T02:21:17.254-03:00
PUCPR,71,ocupada,0.2597275376319885,0.9424230772056167,2026-09-24T02:21:17.254-03:00
PUCPR,72,ocupada,0.0,0.0,2026-09-24T02:21:17.254-03:00
PUCPR,73,ocupada,0.0,0.0,2026-09-24T02:21:17.254-03:00
PUCPR,74,livre,0.0,0.0,2026-09-24T02:21:17.254-03:00
PUCPR,75,livre,0.0,0.0,2026-09-24T02:21:17.254-03:00
PUCPR,76,livre,0.0,0.0,2026-09-24T02:21:17.254-03:00
PUCPR,77,livre,0.0,0.0,2026-09-24T02:21:17.254-03:00
PUCPR,78,livre,0.0,0.0,2026-09-24T02:21:17.254-03:00
PUCPR,79,livre,0.0,0.0,2026-09-24T02:21:17.254-03:00
PUCPR,8,livre,0.0,0.0,2026-09-24T02:21:17.254-03:00
PUCPR,80,ocupada,0.0,0.0,2026-09-24T02:21:17.254-03:00
PUCPR,81,ocupada,0.0,0.0,2026-09-24T02:21:17.254-03:00
PUCPR,82,livre,0.0,0.0,2026-09-24T02:21:17.254-03:00
PUCPR,83,ocupada,0.0,0.0,2026-09-24T02:21:17.254-03:00
PUCPR,84,livre,0.30593380331993103,0.7617238765898026,2026-09-24T02:21:17.254-03:00
PUCPR,85,livre,0.0,0.0,2026-09-24T02:21:17.254-03:00
PUCPR,86,livre,0.0,0.0,2026-09-24T02:21:17.254-03:00
PUCPR,87,ocupada,0.0,9.956170776405872e-05,2026-09-24T02:21:17.254-03:00
PUCPR,88,livre,0.30781298875808716,0.8532884453740343,2026-09-24T02:21:17.254-03:00
PUCPR,89,livre,0.0,0.0,2026-09-24T02:21:17.254-03:00
PUCPR,9,livre,0.0,0.0,2026-09-24T02:21:17.254-03:00
PUCPR,90,livre,0.0,0.0,2026-09-24T02:21:17.254-03:00
PUCPR,91,livre,0.0,0.0,2026-09-24T02:21:17.254-03:00
PUCPR,92,livre,0.0,0.0,2026-09-24T02:21:17.254-03:00
PUCPR,93,livre,0.0,0.0,2026-09-24T02:21:17.254-03:00
PUCPR,94,ocupada,0.0,0.0,2026-09-24T02:21:17.254-03:00
PUCPR,95,livre,0.0,0.005537742686706026,2026-09-24T02:21:17.254-03:00
PUCPR,96,livre,0.32057052850723267,0.8275638461392543,2026-09-24T02:21:17.254-03:00
PUCPR,97,livre,0.0,0.0,2026-09-24T02:21:17.254-03:00
PUCPR,98,livre,0.0,0.0,2026-09-24T02:21:17.254-03:00
PUCPR,99,livre,0.0,0.0,2026-09-24T02:21:17.254-03:00
PUCPR,1,livre,0.0,0.0,2026-09-24T02:21:17.333-03:00
PUCPR,10,livre,0.0,0.0,2026-09-24T02:21:17.333-03:00
PUCPR,100,livre,0.0,0.0,2026-09-24T02:21:17.333-03:00
PUCPR,11,livre,0.0,0.0,2026-09-24T02:21:17.333-03:00
PUCPR,12,livre,0.0,0.0,2026-09-24T02:21:17.333-03:00
PUCPR,13,livre,0.0,0.0,2026-09-24T02:21:17.333-03:00
PUCPR,14,livre,0.0,0.0,2026-09-24T02:21:17.333-03:00
PUCPR,15,livre,0.0,0.0,2026-09-24T02:21:17.333-03:00
PUCPR,16,livre,0.0,0.0,2026-09-24T02:21:17.333-03:00
PUCPR,17,livre,0.0,0.0,2026-09-24T02:21:17.333-03:00
PUCPR,18,livre,0.0,0.0,2026-09-24T02:21:17.333-03:00
PUCPR,19,livre,0.0,0.0,2026-09-24T02:21:17.333-03:00
PUCPR,2,livre,0.0,0.0,2026-09-24T02:21:17.333-03:00
PUCPR,20,livre,0.0,0.0,2026-09-24T02:21:17.333-03:00
PUCPR,21,livre,0.0,0.0,2026-09-24T02:21:17.333-03:00
PUCPR,22,livre,0.0,0.0,2026-09-24T02:21:17.333-03:00
PUCPR,23,livre,0.0,0.0,2026-09-24T02:21:17.333-03:00
PUCPR,24,livre,0.0,0.0,2026-09-24T02:21:17.333-03:00
PUCPR,25,livre,0.0,0.0,2026-09-24T02:21:17.333-03:00
PUCPR,26,livre,0.0,0.0,2026-09-24T02:21:17.333-03:00
PUCPR,27,livre,0.0,0.0,2026-09-24T02:21:17.333-03:00
PUCPR,28,livre,0.0,0.0,2026-09-24T02:21:17.333-03:00
PUCPR,29,livre,0.0,0.0,2026-09-24T02:21:17.333-03:00
PUCPR,3,livre,0.0,0.0,2026-09-24T02:21:17.333-03:00
PUCPR,30,livre,0.0,0.0,2026-09-24T02:21:17.333-03:00
PUCPR,31,livre,0.0,0.0,2026-09-24T02:21:17.333-03:00
PUCPR,32,livre,0.0,0.0,2026-09-24T02:21:17.333-03:00
PUCPR,33,livre,0.0,0.0,2026-09-24T02:21:17.333-03:00
PUCPR,34,livre,0.0,0.0,2026-09-24T02:21:17.333-03:00
PUCPR,35,livre,0.0,0.0,2026-09-24T02:21:17.333-03:00
PUCPR,36,livre,0.0,0.0,2026-09-24T02:21:17.333-03:00
PUCPR,37,livre,0.0,0.0,2026-09-24T02:21:17.333-03:00
PUCPR,38,livre,0.0,0.0,2026-09-24T02:21:17.333-03:00
PUCPR,39,livre,0.0,0.0,2026-09-24T02:21:17.333-03:00
PUCPR,4,livre,0.0,0.0,2026-09-24T02:21:17.333-03:00
PUCPR,40,livre,0.0,0.0,2026-09-24T02:21:17.333-03:00
PUCPR,41,livre,0.0,0.0,2026-09-24T02:21:17.333-03:00
PUCPR,42,livre,0.0,0.0,2026-09-24T02:21:17.333-03:00
PUCPR,43,livre,0.0,0.0,2026-09-24T02:21:17.333-03:00
PUCPR,44,livre,0.0,0.0,2026-09-24T02:21:17.333-03:00
PUCPR,45,livre,0.0,0.0,2026-09-24T02:21:17.333-03:00
PUCPR,46,livre,0.0,0.0,2026-09-24T02:21:17.333-03:00
PUCPR,47,livre,0.0,0.0,2026-09-24T02:21:17.333-03:00
PUCPR,48,livre,0.0,0.0,2026-09-24T02:21:17.333-03:00
PUCPR,49,livre,0.0,0.0,2026-09-24T02:21:17.333-03:00
PUCPR,5,livre,0.0,0.0,2026-09-24T02:21:17.333-03:00
PUCPR,50,livre,0.0,0.0,2026-09-24T02:21:17.333-03:00
PUCPR,51,livre,0.0,0.0,2026-09-24T02:21:17.333-03:00
PUCPR,52,livre,0.0,0.0,2026-09-24T02:21:17.333-03:00
PUCPR,53,livre,0.0,0.0,2026-09-24T02:21:17.333-03:00
PUCPR,54,livre,0.0,0.0,2026-09-24T02:21:17.333-03:00
PUCPR,55,livre,0.0,0.0,2026-09-24T02:21:17.333-03:00
PUCPR,56,livre,0.0,0.0,2026-09-24T02:21:17.333-03:00
PUCPR,57,livre,0.0,0.0,2026-09-24T02:21:17.333-03:00
PUCPR,58,livre,0.0,0.0,2026-09-24T02:21:17.333-03:00
PUCPR,59,ocupada,0.0,0.0,2026-09-24T02:21:17.333-03:00
PUCPR,6,livre,0.0,0.0,2026-09-24T02:21:17.333-03:00
PUCPR,60,livre,0.0,0.0,2026-09-24T02:21:17.333-03:00
PUCPR,61,livre,0.0,0.0,2026-09-24T02:21:17.333-03:00
PUCPR,62,livre,0.0,0.0,2026-09-24T02:21:17.333-03:00
PUCPR,63,livre,0.0,0.0,2026-09-24T02:21:17.333-03:00
PUCPR,64,livre,0.0,0.0,2026-09-24T02:21:17.333-03:00
PUCPR,65,livre,0.0,0.0,2026-09-24T02:21:17.333-03:00
PUCPR,66,livre,0.0,0.0,2026-09-24T02:21:17.333-03:00
PUCPR,67,livre,0.0,0.0,2026-09-24T02:21:17.333-03:00
PUCPR,68,livre,0.0,0.0,2026-09-24T02:21:17.333-03:00
PUCPR,69,ocupada,0.0,0.0,2026-09-24T02:21:17.333-03:00
PUCPR,7,livre,0.0,0.0,2026-09-24T02:21:17.333-03:00
PUCPR,70,livre,0.0,0.0,2026-09-24T02:21:17.333-03:00
PUCPR,71,livre,0.0,0.0,2026-09-24T02:21:17.333-03:00
PUCPR,72,ocupada,0.0,0.0,2026-09-24T02:21:17.333-03:00
PUCPR,73,livre,0.0,0.0,2026-09-24T02:21:17.333-03:00
PUCPR,74,livre,0.0,0.0,2026-09-24T02:21:17.333-03:00
PUCPR,75,livre,0.0,0.0,2026-09-24T02:21:17.333-03:00
PUCPR,76,livre,0.0,0.0,2026-09-24T02:21:17.333-03:00
PUCPR,77,livre,0.0,0.0,2026-09-24T02:21:17.333-03:00
PUCPR,78,livre,0.0,0.0,2026-09-24T02:21:17.333-03:00
PUCPR,79,livre,0.0,0.0,2026-09-24T02:21:17.333-03:00
PUCPR,8,livre,0.0,0.0,2026-09-24T02:21:17.333-03:00
PUCPR,80,livre,0.0,0.0,2026-09-24T02:21:17.333-03:00
PUCPR,81,ocupada,0.0,0.0,2026-09-24T02:21:17.333-03:00
PUCPR,82,livre,0.0,0.0,2026-09-24T02:21:17.333-03:00
PUCPR,83,ocupada,0.0,0.0,2026-09-24T02:21:17.333-03:00
PUCPR,84,livre,0.2783088982105255,0.7532128452775407,2026-09-24T02:21:17.333-03:00
PUCPR,85,livre,0.0,0.0,2026-09-24T02:21:17.333-03:00
PUCPR,86,livre,0.3590638339519501,0.7758313000443224,2026-09-24T02:21:17.333-03:00
PUCPR,87,ocupada,0.0,0.03831742670914499,2026-09-24T02:21:17.333-03:00
PUCPR,88,livre,0.0,0.0,2026-09-24T02:21:17.333-03:00
PUCPR,89,livre,0.0,0.0,2026-09-24T02:21:17.333-03:00
PUCPR,9,livre,0.0,0.0,2026-09-24T02:21:17.333-03:00
PUCPR,90,livre,0.0,0.0,2026-09-24T02:21:17.333-03:00
PUCPR,91,livre,0.0,0.0,2026-09-24T02:21:17.333-03:00
PUCPR,92,livre,0.0,0.0,2026-09-24T02:21:17.333-03:00
PUCPR,93,livre,0.0,0.0,2026-09-24T02:21:17.333-03:00
PUCPR,94,ocupada,0.0,0.0,2026-09-24T02:21:17.333-03:00
PUCPR,95,livre,0.0,0.0060427519401823225,2026-09-24T02:21:17.333-03:00
PUCPR,96,ocupada,0.2892467975616455,0.8259878028178863,2026-09-24T02:21:17.333-03:00
PUCPR,97,livre,0.0,0.0,2026-09-24T02:21:17.333-03:00
PUCPR,98,livre,0.0,0.0,2026-09-24T02:21:17.333-03:00
PUCPR,99,livre,0.0,0.0,2026-09-24T02:21:17.333-03:00
PUCPR,1,livre,0.0,0.0,2026-09-24T02:21:17.406-03:00
PUCPR,10,livre,0.0,0.0,2026-09-24T02:21:17.406-03:00
PUCPR,100,livre,0.0,0.0,2026-09-24T02:21:17.406-03:00
PUCPR,11,livre,0.0,0.0,2026-09-24T02:21:17.406-03:00
PUCPR,12,livre,0.0,0.0,2026-09-24T02:21:17.406-03:00
PUCPR,13,livre,0.0,0.0,2026-09-24T02:21:17.406-03:00
PUCPR,14,livre,0.0,0.0,2026-09-24T02:21:17.406-03:00
PUCPR,15,livre,0.0,0.0,2026-09-24T02:21:17.406-03:00
PUCPR,16,livre,0.0,0.0,2026-09-24T02:21:17.406-03:00
PUCPR,17,livre,0.0,0.0,2026-09-24T02:21:17.406-03:00
PUCPR,18,livre,0.0,0.0,2026-09-24T02:21:17.406-03:00
PUCPR,19,livre,0.0,0.0,2026-09-24T02:21:17.406-03:00
PUCPR,2,livre,0.0,0.0,2026-09-24T02:21:17.406-03:00
PUCPR,20,livre,0.0,0.0,2026-09-24T02:21:17.406-03:00
PUCPR,21,livre,0.0,0.0,2026-09-24T02:21:17.406-03:00
PUCPR,22,livre,0.0,0.0,2026-09-24T02:21:17.406-03:00
PUCPR,23,livre,0.0,0.0,2026-09-24T02:21:17.406-03:00
PUCPR,24,livre,0.0,0.0,2026-09-24T02:21:17.406-03:00
PUCPR,25,livre,0.0,0.0,2026-09-24T02:21:17.406-03:00
PUCPR,26,livre,0.0,0.0,2026-09-24T02:21:17.406-03:00
PUCPR,27,livre,0.0,0.0,2026-09-24T02:21:17.406-03:00
PUCPR,28,livre,0.0,0.0,2026-09-24T02:21:17.406-03:00
PUCPR,29,livre,0.0,0.0,2026-09-24T02:21:17.406-03:00
PUCPR,3,livre,0.0,0.0,2026-09-24T02:21:17.406-03:00
PUCPR,30,livre,0.0,0.0,2026-09-24T02:21:17.406-03:00
PUCPR,31,livre,0.0,0.0,2026-09-24T02:21:17.406-03:00
PUCPR,32,livre,0.0,0.0,2026-09-24T02:21:17.406-03:00
PUCPR,33,livre,0.0,0.0,2026-09-24T02:21:17.406-03:00
PUCPR,34,livre,0.0,0.0,2026-09-24T02:21:17.406-03:00
PUCPR,35,livre,0.0,0.0,2026-09-24T02:21:17.406-03:00
PUCPR,36,livre,0.0,0.0,2026-09-24T02:21:17.406-03:00
PUCPR,37,livre,0.0,0.0,2026-09-24T02:21:17.406-03:00
PUCPR,38,livre,0.0,0.0,2026-09-24T02:21:17.406-03:00
PUCPR,39,livre,0.0,0.0,2026-09-24T02:21:17.406-03:00
PUCPR,4,livre,0.0,0.0,2026-09-24T02:21:17.406-03:00
PUCPR,40,livre,0.0,0.0,2026-09-24T02:21:17.406-03:00
PUCPR,41,livre,0.0,0.0,2026-09-24T02:21:17.406-03:00
PUCPR,42,livre,0.0,0.0,2026-09-24T02:21:17.406-03:00
PUCPR,43,livre,0.0,0.0,2026-09-24T02:21:17.406-03:00
PUCPR,44,livre,0.0,0.0,2026-09-24T02:21:17.406-03:00
PUCPR,45,livre,0.0,0.0,2026-09-24T02:21:17.406-03:00
PUCPR,46,livre,0.0,0.0,2026-09-24T02:21:17.406-03:00
PUCPR,47,livre,0.0,0.0,2026-09-24T02:21:17.406-03:00
PUCPR,48,livre,0.0,0.0,2026-09-24T02:21:17.406-03:00
PUCPR,49,livre,0.0,0.0,2026-09-24T02:21:17.406-03:00
PUCPR,5,livre,0.0,0.0,2026-09-24T02:21:17.406-03:00
PUCPR,50,livre,0.0,0.0,2026-09-24T02:21:17.406-03:00
PUCPR,51,livre,0.0,0.0,2026-09-24T02:21:17.406-03:00
PUCPR,52,livre,0.0,0.0,2026-09-24T02:21:17.406-03:00
PUCPR,53,livre,0.0,0.0,2026-09-24T02:21:17.406-03:00
PUCPR,54,livre,0.0,0.0,2026-09-24T02:21:17.406-03:00
PUCPR,55,livre,0.0,0.0,2026-09-24T02:21:17.406-03:00
PUCPR,56,livre,0.0,0.0,2026-09-24T02:21:17.406-03:00
PUCPR,57,livre,0.0,0.0,2026-09-24T02:21:17.406-03:00
PUCPR,58,livre,0.0,0.0,2026-09-24T02:21:17.406-03:00
PUCPR,59,livre,0.0,0.0,2026-09-24T02:21:17.406-03:00
PUCPR,6,livre,0.0,0.0,2026-09-24T02:21:17.406-03:00
PUCPR,60,livre,0.0,0.0,2026-09-24T02:21:17.406-03:00
PUCPR,61,livre,0.0,0.0,2026-09-24T02:21:17.406-03:00
PUCPR,62,livre,0.0,0.0,2026-09-24T02:21:17.406-03:00
PUCPR,63,livre,0.0,0.0,2026-09-24T02:21:17.406-03:00
PUCPR,64,livre,0.0,0.0,2026-09-24T02:21:17.406-03:00
PUCPR,65,livre,0.0,0.0,2026-09-24T02:21:17.406-03:00
PUCPR,66,livre,0.0,0.0,2026-09-24T02:21:17.406-03:00
PUCPR,67,livre,0.0,0.0,2026-09-24T02:21:17.406-03:00
PUCPR,68,livre,0.0,0.0,2026-09-24T02:21:17.406-03:00
PUCPR,69,livre,0.0,0.167068724693753,2026-09-24T02:21:17.406-03:00
PUCPR,7,livre,0.0,0.0,2026-09-24T02:21:17.406-03:00
PUCPR,70,livre,0.295253723859787,0.8377131258640846,2026-09-24T02:21:17.406-03:00
PUCPR,71,livre,0.0,0.030913834359589797,2026-09-24T02:21:17.406-03:00
PUCPR,72,livre,0.0,0.0,2026-09-24T02:21:17.406-03:00
PUCPR,73,livre,0.0,0.0,2026-09-24T02:21:17.406-03:00
PUCPR,74,livre,0.0,0.0,2026-09-24T02:21:17.406-03:00
PUCPR,75,livre,0.0,0.0,2026-09-24T02:21:17.406-03:00
PUCPR,76,livre,0.0,0.0,2026-09-24T02:21:17.406-03:00
PUCPR,77,livre,0.0,0.0,2026-09-24T02:21:17.406-03:00
PUCPR,78,livre,0.0,0.0,2026-09-24T02:21:17.406-03:00
PUCPR,79,livre,0.0,0.0,2026-09-24T02:21:17.406-03:00
PUCPR,8,livre,0.0,0.0,2026-09-24T02:21:17.406-03:00
PUCPR,80,livre,0.0,0.0,2026-09-24T02:21:17.406-03:00
PUCPR,81,livre,0.0,0.0,2026-09-24T02:21:17.406-03:00
PUCPR,82,livre,0.0,0.0,2026-09-24T02:21:17.406-03:00
PUCPR,83,livre,0.0,0.0,2026-09-24T02:21:17.406-03:00
PUCPR,84,ocupada,0.29197368025779724,0.7565730978509057,2026-09-24T02:21:17.406-03:00
PUCPR,85,livre,0.0,0.0,2026-09-24T02:21:17.406-03:00
PUCPR,86,livre,0.40159478783607483,0.7866268781363781,2026-09-24T02:21:17.406-03:00
PUCPR,87,livre,0.0,0.033143358144195945,2026-09-24T02:21:17.406-03:00
PUCPR,88,livre,0.0,0.0,2026-09-24T02:21:17.406-03:00
PUCPR,89,livre,0.3194636106491089,0.9691982075208353,2026-09-24T02:21:17.406-03:00
PUCPR,9,livre,0.0,0.0,2026-09-24T02:21:17.406-03:00
PUCPR,90,livre,0.0,0.14874840457252678,2026-09-24T02:21:17.406-03:00
PUCPR,91,livre,0.0,0.0,2026-09-24T02:21:17.406-03:00
PUCPR,92,livre,0.0,0.0,2026-09-24T02:21:17.406-03:00
PUCPR,93,livre,0.0,0.0,2026-09-24T02:21:17.406-03:00
PUCPR,94,livre,0.0,0.0,2026-09-24T02:21:17.406-03:00
PUCPR,95,livre,0.0,0.0054660453261430025,2026-09-24T02:21:17.406-03:00
PUCPR,96,ocupada,0.3671324551105499,0.8220736477670072,2026-09-24T02:21:17.406-03:00
PUCPR,97,livre,0.0,0.0,2026-09-24T02:21:17.406-03:00
PUCPR,98,livre,0.0,0.0,2026-09-24T02:21:17.406-03:00
PUCPR,99,livre,0.0,0.0,2026-09-24T02:21:17.406-03:00
PUCPR,1,livre,0.0,0.0,2026-09-24T02:21:17.474-03:00
PUCPR,10,livre,0.0,0.0,2026-09-24T02:21:17.474-03:00
PUCPR,100,livre,0.0,0.0,2026-09-24T02:21:17.474-03:00
PUCPR,11,livre,0.0,0.0,2026-09-24T02:21:17.474-03:00
PUCPR,12,livre,0.0,0.0,2026-09-24T02:21:17.474-03:00
PUCPR,13,livre,0.0,0.0,2026-09-24T02:21:17.474-03:00
PUCPR,14,livre,0.0,0.0,2026-09-24T02:21:17.474-03:00
PUCPR,15,livre,0.0,0.0,2026-09-24T02:21:17.474-03:00
PUCPR,16,livre,0.0,0.0,2026-09-24T02:21:17.474-03:00
PUCPR,17,livre,0.0,0.0,2026-09-24T02:21:17.474-03:00
PUCPR,18,livre,0.0,0.0,2026-09-24T02:21:17.474-03:00
PUCPR,19,livre,0.0,0.0,2026-09-24T02:21:17.474-03:00
PUCPR,2,livre,0.0,0.0,2026-09-24T02:21:17.474-03:00
PUCPR,20,livre,0.0,0.0,2026-09-24T02:21:17.474-03:00
PUCPR,21,livre,0.0,0.0,2026-09-24T02:21:17.474-03:00
PUCPR,22,livre,0.0,0.0,2026-09-24T02:21:17.474-03:00
PUCPR,23,livre,0.0,0.0,2026-09-24T02:21:17.474-03:00
PUCPR,24,livre,0.0,0.0,2026-09-24T02:21:17.474-03:00
PUCPR,25,livre,0.0,0.0,2026-09-24T02:21:17.474-03:00
PUCPR,26,livre,0.0,0.0,2026-09-24T02:21:17.474-03:00
PUCPR,27,livre,0.0,0.0,2026-09-24T02:21:17.474-03:00
PUCPR,28,livre,0.0,0.0,2026-09-24T02:21:17.474-03:00
PUCPR,29,livre,0.0,0.0,2026-09-24T02:21:17.474-03:00
PUCPR,3,livre,0.0,0.0,2026-09-24T02:21:17.474-03:00
PUCPR,30,livre,0.0,0.0,2026-09-24T02:21:17.474-03:00
PUCPR,31,livre,0.0,0.0,2026-09-24T02:21:17.474-03:00
PUCPR,32,livre,0.0,0.0,2026-09-24T02:21:17.474-03:00
PUCPR,33,livre,0.0,0.0,2026-09-24T02:21:17.474-03:00
PUCPR,34,livre,0.0,0.0,2026-09-24T02:21:17.474-03:00
PUCPR,35,livre,0.0,0.0,2026-09-24T02:21:17.474-03:00
PUCPR,36,livre,0.0,0.0,2026-09-24T02:21:17.474-03:00
PUCPR,37,livre,0.0,0.0,2026-09-24T02:21:17.474-03:00
PUCPR,38,livre,0.0,0.0,2026-09-24T02:21:17.474-03:00
PUCPR,39,livre,0.0,0.0,2026-09-24T02:21:17.474-03:00
PUCPR,4,livre,0.0,0.0,2026-09-24T02:21:17.474-03:00
PUCPR,40,livre,0.0,0.0,2026-09-24T02:21:17.474-03:00
PUCPR,41,livre,0.0,0.0,2026-09-24T02:21:17.474-03:00
PUCPR,42,livre,0.0,0.0,2026-09-24T02:21:17.474-03:00
PUCPR,43,livre,0.0,0.0,2026-09-24T02:21:17.474-03:00
PUCPR,44,livre,0.0,0.0,2026-09-24T02:21:17.474-03:00
PUCPR,45,livre,0.0,0.0,2026-09-24T02:21:17.474-03:00
PUCPR,46,livre,0.0,0.0,2026-09-24T02:21:17.474-03:00
PUCPR,47,livre,0.0,0.0,2026-09-24T02:21:17.474-03:00
PUCPR,48,livre,0.0,0.0,2026-09-24T02:21:17.474-03:00
PUCPR,49,livre,0.0,0.0,2026-09-24T02:21:17.474-03:00
PUCPR,5,livre,0.0,0.0,2026-09-24T02:21:17.474-03:00
PUCPR,50,livre,0.0,0.0,2026-09-24T02:21:17.474-03:00
PUCPR,51,livre,0.0,0.0,2026-09-24T02:21:17.474-03:00
PUCPR,52,livre,0.0,0.0,2026-09-24T02:21:17.474-03:00
PUCPR,53,livre,0.0,0.0,2026-09-24T02:21:17.474-03:00
PUCPR,54,livre,0.0,0.0,2026-09-24T02:21:17.474-03:00
PUCPR,55,livre,0.0,0.0,2026-09-24T02:21:17.474-03:00
PUCPR,56,livre,0.0,0.0,2026-09-24T02:21:17.474-03:00
PUCPR,57,livre,0.0,0.0,2026-09-24T02:21:17.474-03:00
PUCPR,58,livre,0.0,0.0,2026-09-24T02:21:17.474-03:00
PUCPR,59,livre,0.0,0.0,2026-09-24T02:21:17.474-03:00
PUCPR,6,livre,0.0,0.0,2026-09-24T02:21:17.474-03:00
PUCPR,60,livre,0.0,0.0,2026-09-24T02:21:17.474-03:00
PUCPR,61,livre,0.0,0.0,2026-09-24T02:21:17.474-03:00
PUCPR,62,livre,0.0,0.0,2026-09-24T02:21:17.474-03:00
PUCPR,63,livre,0.0,0.0,2026-09-24T02:21:17.474-03:00
PUCPR,64,livre,0.0,0.0,2026-09-24T02:21:17.474-03:00
PUCPR,65,livre,0.0,0.0,2026-09-24T02:21:17.474-03:00
PUCPR,66,livre,0.0,0.0,2026-09-24T02:21:17.474-03:00
PUCPR,67,livre,0.0,0.0,2026-09-24T02:21:17.474-03:00
PUCPR,68,livre,0.0,0.0,2026-09-24T02:21:17.474-03:00
PUCPR,69,livre,0.0,0.0,2026-09-24T02:21:17.474-03:00
PUCPR,7,livre,0.0,0.0,2026-09-24T02:21:17.474-03:00
PUCPR,70,livre,0.0,0.0,2026-09-24T02:21:17.474-03:00
PUCPR,71,livre,0.0,0.0,2026-09-24T02:21:17.474-03:00
PUCPR,72,livre,0.0,0.0,2026-09-24T02:21:17.474-03:00
PUCPR,73,livre,0.0,0.0,2026-09-24T02:21:17.474-03:00
PUCPR,74,livre,0.0,0.0,2026-09-24T02:21:17.474-03:00
PUCPR,75,livre,0.0,0.0,2026-09-24T02:21:17.474-03:00
PUCPR,76,livre,0.0,0.0,2026-09-24T02:21:17.474-03:00
PUCPR,77,livre,0.0,0.0,2026-09-24T02:21:17.474-03:00
PUCPR,78,livre,0.0,0.0,2026-09-24T02:21:17.474-03:00
PUCPR,79,livre,0.0,0.0,2026-09-24T02:21:17.474-03:00
PUCPR,8,livre,0.0,0.0,2026-09-24T02:21:17.474-03:00
PUCPR,80,livre,0.0,0.0,2026-09-24T02:21:17.474-03:00
PUCPR,81,livre,0.0,0.0,2026-09-24T02:21:17.474-03:00
PUCPR,82,livre,0.0,0.0,2026-09-24T02:21:17.474-03:00
PUCPR,83,livre,0.0,0.0,2026-09-24T02:21:17.474-03:00
PUCPR,84,ocupada,0.0,0.0,2026-09-24T02:21:17.474-03:00
PUCPR,85,livre,0.0,0.0,2026-09-24T02:21:17.474-03:00
PUCPR,86,ocupada,0.36270594596862793,0.7928014077226487,2026-09-24T02:21:17.474-03:00
PUCPR,87,livre,0.0,0.036097212003025014,2026-09-24T02:21:17.474-03:00
PUCPR,88,livre,0.0,0.0,2026-09-24T02:21:17.474-03:00
PUCPR,89,livre,0.33305057883262634,0.9675697237476686,2026-09-24T02:21:17.474-03:00
PUCPR,9,livre,0.0,0.0,2026-09-24T02:21:17.474-03:00
PUCPR,90,livre,0.0,0.14415759500492326,2026-09-24T02:21:17.474-03:00
PUCPR,91,livre,0.0,0.23066997749487392,2026-09-24T02:21:17.474-03:00
PUCPR,92,livre,0.3338318467140198,0.9051849232395224,2026-09-24T02:21:17.474-03:00
PUCPR,93,livre,0.0,0.004678208873657796,2026-09-24T02:21:17.474-03:00
PUCPR,94,livre,0.0,0.0,2026-09-24T02:21:17.474-03:00
PUCPR,95,livre,0.0,0.005399145059282548,2026-09-24T02:21:17.474-03:00
PUCPR,96,ocupada,0.3772276043891907,0.8216986247806907,2026-09-24T02:21:17.474-03:00
PUCPR,97,livre,0.0,0.0,2026-09-24T02:21:17.474-03:00
PUCPR,98,livre,0.0,0.0,2026-09-24T02:21:17.474-03:00
PUCPR,99,livre,0.0,0.047259048988770036,2026-09-24T02:21:17.474-03:00
PUCPR,1,livre,0.0,0.0,2026-09-24T02:21:17.547-03:00
PUCPR,10,livre,0.0,0.0,2026-09-24T02:21:17.547-03:00
PUCPR,100,livre,0.2750268280506134,0.5663811291893923,2026-09-24T02:21:17.547-03:00
PUCPR,11,livre,0.0,0.0,2026-09-24T02:21:17.547-03:00
PUCPR,12,livre,0.0,0.0,2026-09-24T02:21:17.547-03:00
PUCPR,13,livre,0.0,0.0,2026-09-24T02:21:17.547-03:00
PUCPR,14,livre,0.0,0.0,2026-09-24T02:21:17.547-03:00
PUCPR,15,livre,0.0,0.0,2026-09-24T02:21:17.547-03:00
PUCPR,16,livre,0.0,0.0,2026-09-24T02:21:17.547-03:00
PUCPR,17,livre,0.0,0.0,2026-09-24T02:21:17.547-03:00
PUCPR,18,livre,0.0,0.0,2026-09-24T02:21:17.547-03:00
PUCPR,19,livre,0.0,0.0,2026-09-24T02:21:17.547-03:00
PUCPR,2,livre,0.0,0.0,2026-09-24T02:21:17.547-03:00
PUCPR,20,livre,0.0,0.0,2026-09-24T02:21:17.547-03:00
PUCPR,21,livre,0.0,0.0,2026-09-24T02:21:17.547-03:00
PUCPR,22,livre,0.2643965482711792,0.7980310278101592,2026-09-24T02:21:17.547-03:00
PUCPR,23,livre,0.0,0.0,2026-09-24T02:21:17.547-03:00
PUCPR,24,livre,0.0,0.0,2026-09-24T02:21:17.547-03:00
PUCPR,25,livre,0.0,0.0,2026-09-24T02:21:17.547-03:00
PUCPR,26,livre,0.0,0.0,2026-09-24T02:21:17.547-03:00
PUCPR,27,livre,0.0,0.0,2026-09-24T02:21:17.547-03:00
PUCPR,28,livre,0.0,0.0,2026-09-24T02:21:17.547-03:00
PUCPR,29,livre,0.0,0.0,2026-09-24T02:21:17.547-03:00
PUCPR,3,livre,0.0,0.0,2026-09-24T02:21:17.547-03:00
PUCPR,30,livre,0.0,0.0,2026-09-24T02:21:17.547-03:00
PUCPR,31,livre,0.0,0.0,2026-09-24T02:21:17.547-03:00
PUCPR,32,livre,0.0,0.0,2026-09-24T02:21:17.547-03:00
PUCPR,33,livre,0.0,0.0,2026-09-24T02:21:17.547-03:00
PUCPR,34,livre,0.0,0.0,2026-09-24T02:21:17.547-03:00
PUCPR,35,livre,0.0,0.0,2026-09-24T02:21:17.547-03:00
PUCPR,36,livre,0.0,0.0,2026-09-24T02:21:17.547-03:00
PUCPR,37,livre,0.0,0.0,2026-09-24T02:21:17.547-03:00
PUCPR,38,livre,0.0,0.0,2026-09-24T02:21:17.547-03:00
PUCPR,39,livre,0.0,0.0,2026-09-24T02:21:17.547-03:00
PUCPR,4,livre,0.0,0.0,2026-09-24T02:21:17.547-03:00
PUCPR,40,livre,0.0,0.0,2026-09-24T02:21:17.547-03:00
PUCPR,41,livre,0.0,0.0,2026-09-24T02:21:17.547-03:00
PUCPR,42,livre,0.0,0.0,2026-09-24T02:21:17.547-03:00
PUCPR,43,livre,0.0,0.0,2026-09-24T02:21:17.547-03:00
PUCPR,44,livre,0.0,0.0,2026-09-24T02:21:17.547-03:00
PUCPR,45,livre,0.0,0.0,2026-09-24T02:21:17.547-03:00
PUCPR,46,livre,0.0,0.0,2026-09-24T02:21:17.547-03:00
PUCPR,47,livre,0.0,0.0,2026-09-24T02:21:17.547-03:00
PUCPR,48,livre,0.0,0.0,2026-09-24T02:21:17.547-03:00
PUCPR,49,livre,0.0,0.0,2026-09-24T02:21:17.547-03:00
PUCPR,5,livre,0.0,0.0,2026-09-24T02:21:17.547-03:00
PUCPR,50,livre,0.0,0.0,2026-09-24T02:21:17.547-03:00
PUCPR,51,livre,0.0,0.0,2026-09-24T02:21:17.547-03:00
PUCPR,52,livre,0.0,0.0,2026-09-24T02:21:17.547-03:00
PUCPR,53,livre,0.0,0.0,2026-09-24T02:21:17.547-03:00
PUCPR,54,livre,0.0,0.0,2026-09-24T02:21:17.547-03:00
PUCPR,55,livre,0.0,0.0,2026-09-24T02:21:17.547-03:00
PUCPR,56,livre,0.0,0.0,2026-09-24T02:21:17.547-03:00
PUCPR,57,livre,0.0,0.0,2026-09-24T02:21:17.547-03:00
PUCPR,58,livre,0.0,0.0,2026-09-24T02:21:17.547-03:00
PUCPR,59,livre,0.30460742115974426,0.828871068674062,2026-09-24T02:21:17.547-03:00
PUCPR,6,livre,0.0,0.0,2026-09-24T02:21:17.547-03:00
PUCPR,60,livre,0.0,0.0,2026-09-24T02:21:17.547-03:00
PUCPR,61,livre,0.0,0.0,2026-09-24T02:21:17.547-03:00
PUCPR,62,livre,0.0,0.0,2026-09-24T02:21:17.547-03:00
PUCPR,63,livre,0.0,0.0,2026-09-24T02:21:17.547-03:00
PUCPR,64,livre,0.0,0.0,2026-09-24T02:21:17.547-03:00
PUCPR,65,livre,0.0,0.0,2026-09-24T02:21:17.547-03:00
PUCPR,66,livre,0.0,0.0,2026-09-24T02:21:17.547-03:00
PUCPR,67,livre,0.0,0.0,2026-09-24T02:21:17.547-03:00
PUCPR,68,livre,0.0,0.04460129606317674,2026-09-24T02:21:17.547-03:00
PUCPR,69,livre,0.290793776512146,0.9288443089905846,2026-09-24T02:21:17.547-03:00
PUCPR,7,livre,0.0,0.0,2026-09-24T02:21:17.547-03:00
PUCPR,70,livre,0.3086704909801483,0.8440371228558451,2026-09-24T02:21:17.547-03:00
PUCPR,71,livre,0.0,0.03310098178644341,2026-09-24T02:21:17.547-03:00
PUCPR,72,livre,0.0,0.0,2026-09-24T02:21:17.547-03:00
PUCPR,73,livre,0.0,0.0,2026-09-24T02:21:17.547-03:00
PUCPR,74,livre,0.0,0.0,2026-09-24T02:21:17.547-03:00
PUCPR,75,livre,0.0,0.0,2026-09-24T02:21:17.547-03:00
PUCPR,76,livre,0.0,0.0,2026-09-24T02:21:17.547-03:00
PUCPR,77,livre,0.0,0.0,2026-09-24T02:21:17.547-03:00
PUCPR,78,livre,0.0,0.0,2026-09-24T02:21:17.547-03:00
PUCPR,79,livre,0.0,0.0,2026-09-24T02:21:17.547-03:00
PUCPR,8,livre,0.0,0.0,2026-09-24T02:21:17.547-03:00
PUCPR,80,livre,0.0,0.0,2026-09-24T02:21:17.547-03:00
PUCPR,81,livre,0.2609331011772156,0.7421296181375607,2026-09-24T02:21:17.547-03:00
PUCPR,82,livre,0.0,0.0,2026-09-24T02:21:17.547-03:00
PUCPR,83,livre,0.0,0.0,2026-09-24T02:21:17.547-03:00
PUCPR,84,ocupada,0.0,0.0,2026-09-24T02:21:17.547-03:00
PUCPR,85,livre,0.0,0.0,2026-09-24T02:21:17.547-03:00
PUCPR,86,ocupada,0.41883084177970886,0.7776444301636862,2026-09-24T02:21:17.547-03:00
PUCPR,87,livre,0.0,0.034007986327713215,2026-09-24T02:21:17.547-03:00
PUCPR,88,livre,0.0,0.0,2026-09-24T02:21:17.547-03:00
PUCPR,89,ocupada,0.472997784614563,0.9675782027132684,2026-09-24T02:21:17.547-03:00
PUCPR,9,livre,0.0,0.0,2026-09-24T02:21:17.547-03:00
PUCPR,90,livre,0.0,0.14300364150806957,2026-09-24T02:21:17.547-03:00
PUCPR,91,livre,0.0,0.21198713728351898,2026-09-24T02:21:17.547-03:00
PUCPR,92,livre,0.2811547815799713,0.9178639408389057,2026-09-24T02:21:17.547-03:00
PUCPR,93,livre,0.0,0.06572819748220612,2026-09-24T02:21:17.547-03:00
PUCPR,94,livre,0.2628767788410187,0.9388806562659985,2026-09-24T02:21:17.547-03:00
PUCPR,95,livre,0.0,0.0512345836388214,2026-09-24T02:21:17.547-03:00
PUCPR,96,ocupada,0.4954723119735718,0.8436631541359303,2026-09-24T02:21:17.547-03:00
PUCPR,97,livre,0.2720832824707031,0.8008245164659641,2026-09-24T02:21:17.547-03:00
PUCPR,98,livre,0.0,0.01968916947169573,2026-09-24T02:21:17.547-03:00
PUCPR,99,livre,0.0,0.013274009054049752,2026-09-24T02:21:17.547-03:00
PUCPR,1,livre,0.0,0.0,2026-09-24T02:21:17.631-03:00
PUCPR,10,livre,0.0,0.0,2026-09-24T02:21:17.631-03:00
PUCPR,100,livre,0.0,0.0,2026-09-24T02:21:17.631-03:00
PUCPR,11,livre,0.0,0.0,2026-09-24T02:21:17.631-03:00
PUCPR,12,livre,0.0,0.0,2026-09-24T02:21:17.631-03:00
PUCPR,13,livre,0.0,0.0,2026-09-24T02:21:17.631-03:00
PUCPR,14,livre,0.0,0.0,2026-09-24T02:21:17.631-03:00
PUCPR,15,livre,0.0,0.0,2026-09-24T02:21:17.631-03:00
PUCPR,16,livre,0.0,0.0,2026-09-24T02:21:17.631-03:00
PUCPR,17,livre,0.0,0.0,2026-09-24T02:21:17.631-03:00
PUCPR,18,livre,0.0,0.0,2026-09-24T02:21:17.631-03:00
PUCPR,19,livre,0.0,0.0,2026-09-24T02:21:17.631-03:00
PUCPR,2,livre,0.0,0.0,2026-09-24T02:21:17.631-03:00
PUCPR,20,livre,0.0,0.0,2026-09-24T02:21:17.631-03:00
PUCPR,21,livre,0.0,0.0,2026-09-24T02:21:17.631-03:00
PUCPR,22,livre,0.0,0.0,2026-09-24T02:21:17.631-03:00
PUCPR,23,livre,0.0,0.0,2026-09-24T02:21:17.631-03:00
PUCPR,24,livre,0.0,0.0,2026-09-24T02:21:17.631-03:00
PUCPR,25,livre,0.0,0.0,2026-09-24T02:21:17.631-03:00
PUCPR,26,livre,0.0,0.0,2026-09-24T02:21:17.631-03:00
PUCPR,27,livre,0.0,0.0,2026-09-24T02:21:17.631-03:00
PUCPR,28,livre,0.0,0.0,2026-09-24T02:21:17.631-03:00
PUCPR,29,livre,0.0,0.0,2026-09-24T02:21:17.631-03:00
PUCPR,3,livre,0.0,0.0,2026-09-24T02:21:17.631-03:00
PUCPR,30,livre,0.0,0.0,2026-09-24T02:21:17.631-03:00
PUCPR,31,livre,0.0,0.0,2026-09-24T02:21:17.631-03:00
PUCPR,32,livre,0.0,0.0,2026-09-24T02:21:17.631-03:00
PUCPR,33,livre,0.0,0.0,2026-09-24T02:21:17.631-03:00
PUCPR,34,livre,0.0,0.0,2026-09-24T02:21:17.631-03:00
PUCPR,35,livre,0.0,0.0,2026-09-24T02:21:17.631-03:00
PUCPR,36,livre,0.0,0.0,2026-09-24T02:21:17.631-03:00
PUCPR,37,livre,0.0,0.0,2026-09-24T02:21:17.631-03:00
PUCPR,38,livre,0.0,0.0,2026-09-24T02:21:17.631-03:00
PUCPR,39,livre,0.0,0.0,2026-09-24T02:21:17.631-03:00
PUCPR,4,livre,0.0,0.0,2026-09-24T02:21:17.631-03:00
PUCPR,40,livre,0.0,0.0,2026-09-24T02:21:17.631-03:00
PUCPR,41,livre,0.0,0.0,2026-09-24T02:21:17.631-03:00
PUCPR,42,livre,0.0,0.0,2026-09-24T02:21:17.631-03:00
PUCPR,43,livre,0.0,0.0,2026-09-24T02:21:17.631-03:00
PUCPR,44,livre,0.0,0.0,2026-09-24T02:21:17.631-03:00
PUCPR,45,livre,0.0,0.0,2026-09-24T02:21:17.631-03:00
PUCPR,46,livre,0.0,0.0,2026-09-24T02:21:17.631-03:00
PUCPR,47,livre,0.0,0.0,2026-09-24T02:21:17.631-03:00
PUCPR,48,livre,0.0,0.0,2026-09-24T02:21:17.631-03:00
PUCPR,49,livre,0.0,0.0,2026-09-24T02:21:17.631-03:00
PUCPR,5,livre,0.0,0.0,2026-09-24T02:21:17.631-03:00
PUCPR,50,livre,0.0,0.0,2026-09-24T02:21:17.631-03:00
PUCPR,51,livre,0.0,0.0,2026-09-24T02:21:17.631-03:00
PUCPR,52,livre,0.0,0.0,2026-09-24T02:21:17.631-03:00
PUCPR,53,livre,0.0,0.0,2026-09-24T02:21:17.631-03:00
PUCPR,54,livre,0.0,0.0,2026-09-24T02:21:17.631-03:00
PUCPR,55,livre,0.0,0.0,2026-09-24T02:21:17.631-03:00
PUCPR,56,livre,0.0,0.0,2026-09-24T02:21:17.631-03:00
PUCPR,57,livre,0.0,0.0,2026-09-24T02:21:17.631-03:00
PUCPR,58,livre,0.0,0.0,2026-09-24T02:21:17.631-03:00
PUCPR,59,livre,0.0,0.0,2026-09-24T02:21:17.631-03:00
PUCPR,6,livre,0.0,0.0,2026-09-24T02:21:17.631-03:00
PUCPR,60,livre,0.0,0.0,2026-09-24T02:21:17.631-03:00
PUCPR,61,livre,0.0,0.0,2026-09-24T02:21:17.631-03:00
PUCPR,62,livre,0.0,0.0,2026-09-24T02:21:17.631-03:00
PUCPR,63,livre,0.0,0.0,2026-09-24T02:21:17.631-03:00
PUCPR,64,livre,0.0,0.0,2026-09-24T02:21:17.631-03:00
PUCPR,65,livre,0.0,0.0,2026-09-24T02:21:17.631-03:00
PUCPR,66,livre,0.0,0.0,2026-09-24T02:21:17.631-03:00
PUCPR,67,livre,0.0,0.0,2026-09-24T02:21:17.631-03:00
PUCPR,68,livre,0.0,0.0,2026-09-24T02:21:17.631-03:00
PUCPR,69,livre,0.0,0.0,2026-09-24T02:21:17.631-03:00
PUCPR,7,livre,0.0,0.0,2026-09-24T02:21:17.631-03:00
PUCPR,70,livre,0.0,0.0,2026-09-24T02:21:17.631-03:00
PUCPR,71,livre,0.0,0.0,2026-09-24T02:21:17.631-03:00
PUCPR,72,livre,0.0,0.0,2026-09-24T02:21:17.631-03:00
PUCPR,73,livre,0.0,0.0,2026-09-24T02:21:17.631-03:00
PUCPR,74,livre,0.0,0.0,2026-09-24T02:21:17.631-03:00
PUCPR,75,livre,0.0,0.0,2026-09-24T02:21:17.631-03:00
PUCPR,76,livre,0.0,0.0,2026-09-24T02:21:17.631-03:00
PUCPR,77,livre,0.0,0.0,2026-09-24T02:21:17.631-03:00
PUCPR,78,livre,0.0,0.0,2026-09-24T02:21:17.631-03:00
PUCPR,79,livre,0.0,0.0,2026-09-24T02:21:17.631-03:00
PUCPR,8,livre,0.0,0.0,2026-09-24T02:21:17.631-03:00
PUCPR,80,livre,0.0,0.0,2026-09-24T02:21:17.631-03:00
PUCPR,81,livre,0.0,0.0,2026-09-24T02:21:17.631-03:00
PUCPR,82,livre,0.0,0.0,2026-09-24T02:21:17.631-03:00
PUCPR,83,livre,0.0,0.0,2026-09-24T02:21:17.631-03:00
PUCPR,84,livre,0.0,0.0,2026-09-24T02:21:17.631-03:00
PUCPR,85,livre,0.0,0.0,2026-09-24T02:21:17.631-03:00
PUCPR,86,ocupada,0.43332773447036743,0.7667779897789558,2026-09-24T02:21:17.631-03:00
PUCPR,87,livre,0.0,0.03212524423805051,2026-09-24T02:21:17.631-03:00
PUCPR,88,livre,0.28650230169296265,0.8446077862693436,2026-09-24T02:21:17.631-03:00
PUCPR,89,ocupada,0.3593876361846924,0.9692101645278457,2026-09-24T02:21:17.631-03:00
PUCPR,9,livre,0.0,0.0,2026-09-24T02:21:17.631-03:00
PUCPR,90,livre,0.0,0.1406886244320583,2026-09-24T02:21:17.631-03:00
PUCPR,91,livre,0.27605295181274414,0.9549018963179174,2026-09-24T02:21:17.631-03:00
PUCPR,92,ocupada,0.3365243971347809,0.9230179711230702,2026-09-24T02:21:17.631-03:00
PUCPR,93,livre,0.0,0.06191471641067039,2026-09-24T02:21:17.631-03:00
PUCPR,94,livre,0.26789775490760803,0.9270429709109991,2026-09-24T02:21:17.631-03:00
PUCPR,95,livre,0.0,0.038311770791872125,2026-09-24T02:21:17.631-03:00
PUCPR,96,ocupada,0.3309018015861511,0.8154981792392643,2026-09-24T02:21:17.631-03:00
PUCPR,97,livre,0.0,0.0,2026-09-24T02:21:17.631-03:00
PUCPR,98,livre,0.0,0.0,2026-09-24T02:21:17.631-03:00
PUCPR,99,livre,0.0,0.0,2026-09-24T02:21:17.631-03:00
PUCPR,1,livre,0.0,0.0,2026-09-24T02:21:17.704-03:00
PUCPR,10,livre,0.0,0.0,2026-09-24T02:21:17.704-03:00
PUCPR,100,livre,0.0,0.0,2026-09-24T02:21:17.704-03:00
PUCPR,11,livre,0.0,0.0,2026-09-24T02:21:17.704-03:00
PUCPR,12,livre,0.0,0.0,2026-09-24T02:21:17.704-03:00
PUCPR,13,livre,0.0,0.0,2026-09-24T02:21:17.704-03:00
PUCPR,14,livre,0.0,0.0,2026-09-24T02:21:17.704-03:00
PUCPR,15,livre,0.0,0.0,2026-09-24T02:21:17.704-03:00
PUCPR,16,livre,0.0,0.0,2026-09-24T02:21:17.704-03:00
PUCPR,17,livre,0.0,0.0,2026-09-24T02:21:17.704-03:00
PUCPR,18,livre,0.0,0.0,2026-09-24T02:21:17.704-03:00
PUCPR,19,livre,0.0,0.0,2026-09-24T02:21:17.704-03:00
PUCPR,2,livre,0.0,0.0,2026-09-24T02:21:17.704-03:00
PUCPR,20,livre,0.0,0.0,2026-09-24T02:21:17.704-03:00
PUCPR,21,livre,0.0,0.0,2026-09-24T02:21:17.704-03:00
PUCPR,22,livre,0.0,0.0,2026-09-24T02:21:17.704-03:00
PUCPR,23,livre,0.0,0.0,2026-09-24T02:21:17.704-03:00
PUCPR,24,livre,0.0,0.0,2026-09-24T02:21:17.704-03:00
PUCPR,25,livre,0.0,0.0,2026-09-24T02:21:17.704-03:00
PUCPR,26,livre,0.0,0.0,2026-09-24T02:21:17.704-03:00
PUCPR,27,livre,0.0,0.0,2026-09-24T02:21:17.704-03:00
PUCPR,28,livre,0.0,0.0,2026-09-24T02:21:17.704-03:00
PUCPR,29,livre,0.0,0.0,2026-09-24T02:21:17.704-03:00
PUCPR,3,livre,0.0,0.0,2026-09-24T02:21:17.704-03:00
PUCPR,30,livre,0.0,0.0,2026-09-24T02:21:17.704-03:00
PUCPR,31,livre,0.0,0.0,2026-09-24T02:21:17.704-03:00
PUCPR,32,livre,0.0,0.0,2026-09-24T02:21:17.704-03:00
PUCPR,33,livre,0.0,0.0,2026-09-24T02:21:17.704-03:00
PUCPR,34,livre,0.0,0.0,2026-09-24T02:21:17.704-03:00
PUCPR,35,livre,0.0,0.0,2026-09-24T02:21:17.704-03:00
PUCPR,36,livre,0.0,0.0,2026-09-24T02:21:17.704-03:00
PUCPR,37,livre,0.0,0.0,2026-09-24T02:21:17.704-03:00
PUCPR,38,livre,0.0,0.0,2026-09-24T02:21:17.704-03:00
PUCPR,39,livre,0.0,0.0,2026-09-24T02:21:17.704-03:00
PUCPR,4,livre,0.0,0.0,2026-09-24T02:21:17.704-03:00
PUCPR,40,livre,0.0,0.0,2026-09-24T02:21:17.704-03:00
PUCPR,41,livre,0.0,0.0,2026-09-24T02:21:17.704-03:00
PUCPR,42,livre,0.0,0.0,2026-09-24T02:21:17.704-03:00
PUCPR,43,livre,0.0,0.0,2026-09-24T02:21:17.704-03:00
PUCPR,44,livre,0.0,0.0,2026-09-24T02:21:17.704-03:00
PUCPR,45,livre,0.0,0.0,2026-09-24T02:21:17.704-03:00
PUCPR,46,livre,0.0,0.0,2026-09-24T02:21:17.704-03:00
PUCPR,47,livre,0.0,0.0,2026-09-24T02:21:17.704-03:00
PUCPR,48,livre,0.0,0.0,2026-09-24T02:21:17.704-03:00
PUCPR,49,livre,0.0,0.0,2026-09-24T02:21:17.704-03:00
PUCPR,5,livre,0.0,0.0,2026-09-24T02:21:17.704-03:00
PUCPR,50,livre,0.0,0.0,2026-09-24T02:21:17.704-03:00
PUCPR,51,livre,0.0,0.0,2026-09-24T02:21:17.704-03:00
PUCPR,52,livre,0.0,0.0,2026-09-24T02:21:17.704-03:00
PUCPR,53,livre,0.0,0.0,2026-09-24T02:21:17.704-03:00
PUCPR,54,livre,0.0,0.0,2026-09-24T02:21:17.704-03:00
PUCPR,55,livre,0.0,0.0,2026-09-24T02:21:17.704-03:00
PUCPR,56,livre,0.0,0.0,2026-09-24T02:21:17.704-03:00
PUCPR,57,livre,0.0,0.0,2026-09-24T02:21:17.704-03:00
PUCPR,58,livre,0.0,0.0,2026-09-24T02:21:17.704-03:00
PUCPR,59,livre,0.0,0.0,2026-09-24T02:21:17.704-03:00
PUCPR,6,livre,0.0,0.0,2026-09-24T02:21:17.704-03:00
PUCPR,60,livre,0.0,0.0,2026-09-24T02:21:17.704-03:00
PUCPR,61,livre,0.0,0.0,2026-09-24T02:21:17.704-03:00
PUCPR,62,livre,0.0,0.0,2026-09-24T02:21:17.704-03:00
PUCPR,63,livre,0.0,0.0,2026-09-24T02:21:17.704-03:00
PUCPR,64,livre,0.0,0.0,2026-09-24T02:21:17.704-03:00
PUCPR,65,livre,0.0,0.0,2026-09-24T02:21:17.704-03:00
PUCPR,66,livre,0.0,0.0,2026-09-24T02:21:17.704-03:00
PUCPR,67,livre,0.0,0.0,2026-09-24T02:21:17.704-03:00
PUCPR,68,livre,0.0,0.0,2026-09-24T02:21:17.704-03:00
PUCPR,69,livre,0.0,0.0,2026-09-24T02:21:17.704-03:00
PUCPR,7,livre,0.0,0.0,2026-09-24T02:21:17.704-03:00
PUCPR,70,livre,0.0,0.0,2026-09-24T02:21:17.704-03:00
PUCPR,71,livre,0.0,0.0,2026-09-24T02:21:17.704-03:00
PUCPR,72,livre,0.0,0.0,2026-09-24T02:21:17.704-03:00
PUCPR,73,livre,0.0,0.0,2026-09-24T02:21:17.704-03:00
PUCPR,74,livre,0.0,0.0,2026-09-24T02:21:17.704-03:00
PUCPR,75,livre,0.0,0.0,2026-09-24T02:21:17.704-03:00
PUCPR,76,livre,0.0,0.0,2026-09-24T02:21:17.704-03:00
PUCPR,77,livre,0.0,0.0,2026-09-24T02:21:17.704-03:00
PUCPR,78,livre,0.0,0.0,2026-09-24T02:21:17.704-03:00
PUCPR,79,livre,0.0,0.0,2026-09-24T02:21:17.704-03:00
PUCPR,8,livre,0.0,0.0,2026-09-24T02:21:17.704-03:00
PUCPR,80,livre,0.0,0.0,2026-09-24T02:21:17.704-03:00
PUCPR,81,livre,0.0,0.0,2026-09-24T02:21:17.704-03:00
PUCPR,82,livre,0.0,0.0,2026-09-24T02:21:17.704-03:00
PUCPR,83,livre,0.0,0.0,2026-09-24T02:21:17.704-03:00
PUCPR,84,livre,0.0,0.0,2026-09-24T02:21:17.704-03:00
PUCPR,85,livre,0.0,0.0,2026-09-24T02:21:17.704-03:00
PUCPR,86,ocupada,0.36863118410110474,0.7661707395888698,2026-09-24T02:21:17.704-03:00
PUCPR,87,livre,0.0,0.02532617918334798,2026-09-24T02:21:17.704-03:00
PUCPR,88,livre,0.255316823720932,0.8531823978081615,2026-09-24T02:21:17.704-03:00
PUCPR,89,ocupada,0.3829576075077057,0.9685390678852266,2026-09-24T02:21:17.704-03:00
PUCPR,9,livre,0.0,0.0,2026-09-24T02:21:17.704-03:00
PUCPR,90,livre,0.0,0.1452579104704012,2026-09-24T02:21:17.704-03:00
PUCPR,91,livre,0.0,0.21701336560522816,2026-09-24T02:21:17.704-03:00
PUCPR,92,ocupada,0.26708900928497314,0.9258220098687864,2026-09-24T02:21:17.704-03:00
PUCPR,93,livre,0.0,0.014063932935673262,2026-09-24T02:21:17.704-03:00
PUCPR,94,livre,0.0,0.0,2026-09-24T02:21:17.704-03:00
PUCPR,95,livre,0.0,0.005876355614973256,2026-09-24T02:21:17.704-03:00
PUCPR,96,ocupada,0.3093879520893097,0.8148587525245978,2026-09-24T02:21:17.704-03:00
PUCPR,97,livre,0.0,0.0,2026-09-24T02:21:17.704-03:00
PUCPR,98,livre,0.0,0.0,2026-09-24T02:21:17.704-03:00
PUCPR,99,livre,0.0,0.0,2026-09-24T02:21:17.704-03:00
PUCPR,1,livre,0.0,0.0,2026-09-24T02:21:17.776-03:00
PUCPR,10,livre,0.0,0.0,2026-09-24T02:21:17.776-03:00
PUCPR,100,livre,0.0,0.0,2026-09-24T02:21:17.776-03:00
PUCPR,11,livre,0.0,0.0,2026-09-24T02:21:17.776-03:00
PUCPR,12,livre,0.0,0.0,2026-09-24T02:21:17.776-03:00
PUCPR,13,livre,0.0,0.0,2026-09-24T02:21:17.776-03:00
PUCPR,14,livre,0.0,0.0,2026-09-24T02:21:17.776-03:00
PUCPR,15,livre,0.0,0.0,2026-09-24T02:21:17.776-03:00
PUCPR,16,livre,0.0,0.0,2026-09-24T02:21:17.776-03:00
PUCPR,17,livre,0.0,0.0,2026-09-24T02:21:17.776-03:00
PUCPR,18,livre,0.0,0.0,2026-09-24T02:21:17.776-03:00
PUCPR,19,livre,0.0,0.0,2026-09-24T02:21:17.776-03:00
PUCPR,2,livre,0.0,0.0,2026-09-24T02:21:17.776-03:00
PUCPR,20,livre,0.0,0.0,2026-09-24T02:21:17.776-03:00
PUCPR,21,livre,0.0,0.0,2026-09-24T02:21:17.776-03:00
PUCPR,22,livre,0.0,0.0,2026-09-24T02:21:17.776-03:00
PUCPR,23,livre,0.0,0.0,2026-09-24T02:21:17.776-03:00
PUCPR,24,livre,0.0,0.0,2026-09-24T02:21:17.776-03:00
PUCPR,25,livre,0.0,0.0,2026-09-24T02:21:17.776-03:00
PUCPR,26,livre,0.0,0.0,2026-09-24T02:21:17.776-03:00
PUCPR,27,livre,0.0,0.0,2026-09-24T02:21:17.776-03:00
PUCPR,28,livre,0.0,0.0,2026-09-24T02:21:17.776-03:00
PUCPR,29,livre,0.0,0.0,2026-09-24T02:21:17.776-03:00
PUCPR,3,livre,0.0,0.0,2026-09-24T02:21:17.776-03:00
PUCPR,30,livre,0.0,0.0,2026-09-24T02:21:17.776-03:00
PUCPR,31,livre,0.0,0.0,2026-09-24T02:21:17.776-03:00
PUCPR,32,livre,0.0,0.0,2026-09-24T02:21:17.776-03:00
PUCPR,33,livre,0.0,0.0,2026-09-24T02:21:17.776-03:00
PUCPR,34,livre,0.0,0.0,2026-09-24T02:21:17.776-03:00
PUCPR,35,livre,0.0,0.0,2026-09-24T02:21:17.776-03:00
PUCPR,36,livre,0.0,0.0,2026-09-24T02:21:17.776-03:00
PUCPR,37,livre,0.0,0.0,2026-09-24T02:21:17.776-03:00
PUCPR,38,livre,0.0,0.0,2026-09-24T02:21:17.776-03:00
PUCPR,39,livre,0.0,0.0,2026-09-24T02:21:17.776-03:00
PUCPR,4,livre,0.0,0.0,2026-09-24T02:21:17.776-03:00
PUCPR,40,livre,0.0,0.0,2026-09-24T02:21:17.776-03:00
PUCPR,41,livre,0.0,0.0,2026-09-24T02:21:17.776-03:00
PUCPR,42,livre,0.0,0.0,2026-09-24T02:21:17.776-03:00
PUCPR,43,livre,0.0,0.0,2026-09-24T02:21:17.776-03:00
PUCPR,44,livre,0.0,0.0,2026-09-24T02:21:17.776-03:00
PUCPR,45,livre,0.0,0.0,2026-09-24T02:21:17.776-03:00
PUCPR,46,livre,0.0,0.0,2026-09-24T02:21:17.776-03:00
PUCPR,47,livre,0.0,0.0,2026-09-24T02:21:17.776-03:00
PUCPR,48,livre,0.0,0.0,2026-09-24T02:21:17.776-03:00
PUCPR,49,livre,0.0,0.0,2026-09-24T02:21:17.776-03:00
PUCPR,5,livre,0.0,0.0,2026-09-24T02:21:17.776-03:00
PUCPR,50,livre,0.0,0.0,2026-09-24T02:21:17.776-03:00
PUCPR,51,livre,0.0,0.0,2026-09-24T02:21:17.776-03:00
PUCPR,52,livre,0.0,0.0,2026-09-24T02:21:17.776-03:00
PUCPR,53,livre,0.0,0.0,2026-09-24T02:21:17.776-03:00
PUCPR,54,livre,0.0,0.0,2026-09-24T02:21:17.776-03:00
PUCPR,55,livre,0.0,0.0,2026-09-24T02:21:17.776-03:00
PUCPR,56,livre,0.0,0.0,2026-09-24T02:21:17.776-03:00
PUCPR,57,livre,0.0,0.0,2026-09-24T02:21:17.776-03:00
PUCPR,58,livre,0.0,0.0,2026-09-24T02:21:17.776-03:00
PUCPR,59,livre,0.0,0.0,2026-09-24T02:21:17.776-03:00
PUCPR,6,livre,0.0,0.0,2026-09-24T02:21:17.776-03:00
PUCPR,60,livre,0.0,0.0,2026-09-24T02:21:17.776-03:00
PUCPR,61,livre,0.0,0.0,2026-09-24T02:21:17.776-03:00
PUCPR,62,livre,0.0,0.0,2026-09-24T02:21:17.776-03:00
PUCPR,63,livre,0.0,0.0,2026-09-24T02:21:17.776-03:00
PUCPR,64,livre,0.0,0.0,2026-09-24T02:21:17.776-03:00
PUCPR,65,livre,0.0,0.0,2026-09-24T02:21:17.776-03:00
PUCPR,66,livre,0.0,0.0,2026-09-24T02:21:17.776-03:00
PUCPR,67,livre,0.0,0.0,2026-09-24T02:21:17.776-03:00
PUCPR,68,livre,0.0,0.0,2026-09-24T02:21:17.776-03:00
PUCPR,69,livre,0.0,0.16938379527424335,2026-09-24T02:21:17.776-03:00
PUCPR,7,livre,0.0,0.0,2026-09-24T02:21:17.776-03:00
PUCPR,70,livre,0.25626683235168457,0.830030719274334,2026-09-24T02:21:17.776-03:00
PUCPR,71,livre,0.0,0.03066329719590543,2026-09-24T02:21:17.776-03:00
PUCPR,72,livre,0.0,0.0,2026-09-24T02:21:17.776-03:00
PUCPR,73,livre,0.0,0.0,2026-09-24T02:21:17.776-03:00
PUCPR,74,livre,0.0,0.0,2026-09-24T02:21:17.776-03:00
PUCPR,75,livre,0.0,0.0,2026-09-24T02:21:17.776-03:00
PUCPR,76,livre,0.0,0.0,2026-09-24T02:21:17.776-03:00
PUCPR,77,livre,0.0,0.0,2026-09-24T02:21:17.776-03:00
PUCPR,78,livre,0.0,0.0,2026-09-24T02:21:17.776-03:00
PUCPR,79,livre,0.0,0.0,2026-09-24T02:21:17.776-03:00
PUCPR,8,livre,0.0,0.0,2026-09-24T02:21:17.776-03:00
PUCPR,80,livre,0.0,0.0,2026-09-24T02:21:17.776-03:00
PUCPR,81,livre,0.0,0.0,2026-09-24T02:21:17.776-03:00
PUCPR,82,livre,0.0,0.0,2026-09-24T02:21:17.776-03:00
PUCPR,83,livre,0.0,0.0,2026-09-24T02:21:17.776-03:00
PUCPR,84,livre,0.27286726236343384,0.7630211277769208,2026-09-24T02:21:17.776-03:00
PUCPR,85,livre,0.0,0.0,2026-09-24T02:21:17.776-03:00
PUCPR,86,ocupada,0.3650962710380554,0.8001178925348374,2026-09-24T02:21:17.776-03:00
PUCPR,87,livre,0.0,0.0272069149733659,2026-09-24T02:21:17.776-03:00
PUCPR,88,livre,0.0,0.0009265464894896864,2026-09-24T02:21:17.776-03:00
PUCPR,89,ocupada,0.3120425343513489,0.9710034496965161,2026-09-24T02:21:17.776-03:00
PUCPR,9,livre,0.0,0.0,2026-09-24T02:21:17.776-03:00
PUCPR,90,livre,0.0,0.15415019857632645,2026-09-24T02:21:17.776-03:00
PUCPR,91,livre,0.0,0.0,2026-09-24T02:21:17.776-03:00
PUCPR,92,ocupada,0.0,0.0,2026-09-24T02:21:17.776-03:00
PUCPR,93,livre,0.0,0.0,2026-09-24T02:21:17.776-03:00
PUCPR,94,livre,0.0,0.0,2026-09-24T02:21:17.776-03:00
PUCPR,95,livre,0.0,0.012345009936552999,2026-09-24T02:21:17.776-03:00
PUCPR,96,ocupada,0.25345006585121155,0.8096138317321917,2026-09-24T02:21:17.776-03:00
PUCPR,97,livre,0.0,0.021370232037981562,2026-09-24T02:21:17.776-03:00
PUCPR,98,livre,0.0,0.0,2026-09-24T02:21:17.776-03:00
PUCPR,99,livre,0.0,0.0,2026-09-24T02:21:17.776-03:00
PUCPR,1,livre,0.0,0.0,2026-09-24T02:21:17.859-03:00
PUCPR,10,livre,0.0,0.0,2026-09-24T02:21:17.859-03:00
PUCPR,100,livre,0.0,0.0,2026-09-24T02:21:17.859-03:00
PUCPR,11,livre,0.0,0.0,2026-09-24T02:21:17.859-03:00
PUCPR,12,livre,0.0,0.0,2026-09-24T02:21:17.859-03:00
PUCPR,13,livre,0.0,0.0,2026-09-24T02:21:17.859-03:00
PUCPR,14,livre,0.0,0.0,2026-09-24T02:21:17.859-03:00
PUCPR,15,livre,0.0,0.0,2026-09-24T02:21:17.859-03:00
PUCPR,16,livre,0.0,0.0,2026-09-24T02:21:17.859-03:00
PUCPR,17,livre,0.0,0.0,2026-09-24T02:21:17.859-03:00
PUCPR,18,livre,0.0,0.0,2026-09-24T02:21:17.859-03:00
PUCPR,19,livre,0.0,0.0,2026-09-24T02:21:17.859-03:00
PUCPR,2,livre,0.0,0.0,2026-09-24T02:21:17.859-03:00
PUCPR,20,livre,0.0,0.0,2026-09-24T02:21:17.859-03:00
PUCPR,21,livre,0.0,0.0,2026-09-24T02:21:17.859-03:00
PUCPR,22,livre,0.0,0.0,2026-09-24T02:21:17.859-03:00
PUCPR,23,livre,0.0,0.0,2026-09-24T02:21:17.859-03:00
PUCPR,24,livre,0.0,0.0,2026-09-24T02:21:17.859-03:00
PUCPR,25,livre,0.0,0.0,2026-09-24T02:21:17.859-03:00
PUCPR,26,livre,0.0,0.0,2026-09-24T02:21:17.859-03:00
PUCPR,27,livre,0.0,0.0,2026-09-24T02:21:17.859-03:00
PUCPR,28,livre,0.0,0.0,2026-09-24T02:21:17.859-03:00
PUCPR,29,livre,0.0,0.0,2026-09-24T02:21:17.859-03:00
PUCPR,3,livre,0.0,0.0,2026-09-24T02:21:17.859-03:00
PUCPR,30,livre,0.0,0.0,2026-09-24T02:21:17.859-03:00
PUCPR,31,livre,0.0,0.0,2026-09-24T02:21:17.859-03:00
PUCPR,32,livre,0.0,0.0,2026-09-24T02:21:17.859-03:00
PUCPR,33,livre,0.0,0.0,2026-09-24T02:21:17.859-03:00
PUCPR,34,livre,0.0,0.0,2026-09-24T02:21:17.859-03:00
PUCPR,35,livre,0.0,0.0,2026-09-24T02:21:17.859-03:00
PUCPR,36,livre,0.0,0.0,2026-09-24T02:21:17.859-03:00
PUCPR,37,livre,0.0,0.0,2026-09-24T02:21:17.859-03:00
PUCPR,38,livre,0.0,0.0,2026-09-24T02:21:17.859-03:00
PUCPR,39,livre,0.0,0.0,2026-09-24T02:21:17.859-03:00
PUCPR,4,livre,0.0,0.0,2026-09-24T02:21:17.859-03:00
PUCPR,40,livre,0.0,0.0,2026-09-24T02:21:17.859-03:00
PUCPR,41,livre,0.0,0.0,2026-09-24T02:21:17.859-03:00
PUCPR,42,livre,0.0,0.0,2026-09-24T02:21:17.859-03:00
PUCPR,43,livre,0.0,0.0,2026-09-24T02:21:17.859-03:00
PUCPR,44,livre,0.0,0.0,2026-09-24T02:21:17.859-03:00
PUCPR,45,livre,0.0,0.0,2026-09-24T02:21:17.859-03:00
PUCPR,46,livre,0.0,0.0,2026-09-24T02:21:17.859-03:00
PUCPR,47,livre,0.0,0.0,2026-09-24T02:21:17.859-03:00
PUCPR,48,livre,0.0,0.0,2026-09-24T02:21:17.859-03:00
PUCPR,49,livre,0.0,0.0,2026-09-24T02:21:17.859-03:00
PUCPR,5,livre,0.0,0.0,2026-09-24T02:21:17.859-03:00
PUCPR,50,livre,0.0,0.0,2026-09-24T02:21:17.859-03:00
PUCPR,51,livre,0.0,0.0,2026-09-24T02:21:17.859-03:00
PUCPR,52,livre,0.0,0.0,2026-09-24T02:21:17.859-03:00
PUCPR,53,livre,0.0,0.0,2026-09-24T02:21:17.859-03:00
PUCPR,54,livre,0.0,0.0,2026-09-24T02:21:17.859-03:00
PUCPR,55,livre,0.0,0.0,2026-09-24T02:21:17.859-03:00
PUCPR,56,livre,0.0,0.0,2026-09-24T02:21:17.859-03:00
PUCPR,57,livre,0.0,0.0,2026-09-24T02:21:17.859-03:00
PUCPR,58,livre,0.0,0.0,2026-09-24T02:21:17.859-03:00
PUCPR,59,livre,0.0,0.0,2026-09-24T02:21:17.859-03:00
PUCPR,6,livre,0.0,0.0,2026-09-24T02:21:17.859-03:00
PUCPR,60,livre,0.0,0.0,2026-09-24T02:21:17.859-03:00
PUCPR,61,livre,0.0,0.0,2026-09-24T02:21:17.859-03:00
PUCPR,62,livre,0.0,0.0,2026-09-24T02:21:17.859-03:00
PUCPR,63,livre,0.0,0.0,2026-09-24T02:21:17.859-03:00
PUCPR,64,livre,0.0,0.0,2026-09-24T02:21:17.859-03:00
PUCPR,65,livre,0.0,0.0,2026-09-24T02:21:17.859-03:00
PUCPR,66,livre,0.0,0.0,2026-09-24T02:21:17.859-03:00
PUCPR,67,livre,0.0,0.0,2026-09-24T02:21:17.859-03:00
PUCPR,68,livre,0.0,0.0,2026-09-24T02:21:17.859-03:00
PUCPR,69,livre,0.0,0.14872469404312075,2026-09-24T02:21:17.859-03:00
PUCPR,7,livre,0.0,0.0,2026-09-24T02:21:17.859-03:00
PUCPR,70,ocupada,0.3195531666278839,0.8132915305823656,2026-09-24T02:21:17.859-03:00
PUCPR,71,livre,0.0,0.02909832324579105,2026-09-24T02:21:17.859-03:00
PUCPR,72,livre,0.0,0.0,2026-09-24T02:21:17.859-03:00
PUCPR,73,livre,0.0,0.0,2026-09-24T02:21:17.859-03:00
PUCPR,74,livre,0.0,0.0,2026-09-24T02:21:17.859-03:00
PUCPR,75,livre,0.0,0.0,2026-09-24T02:21:17.859-03:00
PUCPR,76,livre,0.0,0.0,2026-09-24T02:21:17.859-03:00
PUCPR,77,livre,0.0,0.0,2026-09-24T02:21:17.859-03:00
PUCPR,78,livre,0.0,0.0,2026-09-24T02:21:17.859-03:00
PUCPR,79,livre,0.0,0.0,2026-09-24T02:21:17.859-03:00
PUCPR,8,livre,0.0,0.0,2026-09-24T02:21:17.859-03:00
PUCPR,80,livre,0.0,0.0,2026-09-24T02:21:17.859-03:00
PUCPR,81,livre,0.0,0.0,2026-09-24T02:21:17.859-03:00
PUCPR,82,livre,0.0,0.0,2026-09-24T02:21:17.859-03:00
PUCPR,83,livre,0.0,0.0,2026-09-24T02:21:17.859-03:00
PUCPR,84,livre,0.0,0.0,2026-09-24T02:21:17.859-03:00
PUCPR,85,livre,0.0,0.0,2026-09-24T02:21:17.859-03:00
PUCPR,86,ocupada,0.42527490854263306,0.7928665700666874,2026-09-24T02:21:17.859-03:00
PUCPR,87,livre,0.0,0.029519273241081497,2026-09-24T02:21:17.859-03:00
PUCPR,88,ocupada,0.3278908133506775,0.867793963995103,2026-09-24T02:21:17.859-03:00
PUCPR,89,ocupada,0.2640535831451416,0.9705752466099494,2026-09-24T02:21:17.859-03:00
PUCPR,9,livre,0.0,0.0,2026-09-24T02:21:17.859-03:00
PUCPR,90,livre,0.0,0.15404422698922085,2026-09-24T02:21:17.859-03:00
PUCPR,91,livre,0.0,0.0,2026-09-24T02:21:17.859-03:00
PUCPR,92,ocupada,0.0,0.0,2026-09-24T02:21:17.859-03:00
PUCPR,93,livre,0.0,0.0,2026-09-24T02:21:17.859-03:00
PUCPR,94,livre,0.0,0.0,2026-09-24T02:21:17.859-03:00
PUCPR,95,livre,0.0,0.00544900194650127,2026-09-24T02:21:17.859-03:00
PUCPR,96,ocupada,0.31028279662132263,0.8331310132655666,2026-09-24T02:21:17.859-03:00
PUCPR,97,livre,0.0,0.0,2026-09-24T02:21:17.859-03:00
PUCPR,98,livre,0.0,0.0,2026-09-24T02:21:17.859-03:00
PUCPR,99,livre,0.0,0.0,2026-09-24T02:21:17.859-03:00
PUCPR,1,livre,0.0,0.0,2026-09-24T02:21:17.937-03:00
PUCPR,10,livre,0.0,0.0,2026-09-24T02:21:17.937-03:00
PUCPR,100,livre,0.0,0.0,2026-09-24T02:21:17.937-03:00
PUCPR,11,livre,0.0,0.0,2026-09-24T02:21:17.937-03:00
PUCPR,12,livre,0.0,0.0,2026-09-24T02:21:17.937-03:00
PUCPR,13,livre,0.0,0.0,2026-09-24T02:21:17.937-03:00
PUCPR,14,livre,0.0,0.0,2026-09-24T02:21:17.937-03:00
PUCPR,15,livre,0.0,0.0,2026-09-24T02:21:17.937-03:00
PUCPR,16,livre,0.0,0.0,2026-09-24T02:21:17.937-03:00
PUCPR,17,livre,0.0,0.0,2026-09-24T02:21:17.937-03:00
PUCPR,18,livre,0.0,0.0,2026-09-24T02:21:17.937-03:00
PUCPR,19,livre,0.0,0.0,2026-09-24T02:21:17.937-03:00
PUCPR,2,livre,0.0,0.0,2026-09-24T02:21:17.937-03:00
PUCPR,20,livre,0.0,0.0,2026-09-24T02:21:17.937-03:00
PUCPR,21,livre,0.0,0.0,2026-09-24T02:21:17.937-03:00
PUCPR,22,livre,0.28313034772872925,0.7839080010445671,2026-09-24T02:21:17.937-03:00
PUCPR,23,livre,0.0,0.0,2026-09-24T02:21:17.937-03:00
PUCPR,24,livre,0.0,0.0,2026-09-24T02:21:17.937-03:00
PUCPR,25,livre,0.0,0.0,2026-09-24T02:21:17.937-03:00
PUCPR,26,livre,0.0,0.0,2026-09-24T02:21:17.937-03:00
PUCPR,27,livre,0.0,0.0,2026-09-24T02:21:17.937-03:00
PUCPR,28,livre,0.0,0.0,2026-09-24T02:21:17.937-03:00
PUCPR,29,livre,0.0,0.0,2026-09-24T02:21:17.937-03:00
PUCPR,3,livre,0.0,0.0,2026-09-24T02:21:17.937-03:00
PUCPR,30,livre,0.0,0.0,2026-09-24T02:21:17.937-03:00
PUCPR,31,livre,0.0,0.0,2026-09-24T02:21:17.937-03:00
PUCPR,32,livre,0.0,0.0,2026-09-24T02:21:17.937-03:00
PUCPR,33,livre,0.0,0.0,2026-09-24T02:21:17.937-03:00
PUCPR,34,livre,0.0,0.0,2026-09-24T02:21:17.937-03:00
PUCPR,35,livre,0.0,0.0,2026-09-24T02:21:17.937-03:00
PUCPR,36,livre,0.0,0.0,2026-09-24T02:21:17.937-03:00
PUCPR,37,livre,0.0,0.0,2026-09-24T02:21:17.937-03:00
PUCPR,38,livre,0.0,0.0,2026-09-24T02:21:17.937-03:00
PUCPR,39,livre,0.0,0.0,2026-09-24T02:21:17.937-03:00
PUCPR,4,livre,0.0,0.0,2026-09-24T02:21:17.937-03:00
PUCPR,40,livre,0.0,0.0,2026-09-24T02:21:17.937-03:00
PUCPR,41,livre,0.0,0.0,2026-09-24T02:21:17.937-03:00
PUCPR,42,livre,0.0,0.0,2026-09-24T02:21:17.937-03:00
PUCPR,43,livre,0.0,0.0,2026-09-24T02:21:17.937-03:00
PUCPR,44,livre,0.0,0.0,2026-09-24T02:21:17.937-03:00
PUCPR,45,livre,0.0,0.0,2026-09-24T02:21:17.937-03:00
PUCPR,46,livre,0.0,0.0,2026-09-24T02:21:17.937-03:00
PUCPR,47,livre,0.0,0.0,2026-09-24T02:21:17.937-03:00
PUCPR,48,livre,0.0,0.0,2026-09-24T02:21:17.937-03:00
PUCPR,49,livre,0.0,0.0,2026-09-24T02:21:17.937-03:00
PUCPR,5,livre,0.0,0.0,2026-09-24T02:21:17.937-03:00
PUCPR,50,livre,0.0,0.0,2026-09-24T02:21:17.937-03:00
PUCPR,51,livre,0.0,0.0,2026-09-24T02:21:17.937-03:00
PUCPR,52,livre,0.0,0.0,2026-09-24T02:21:17.937-03:00
PUCPR,53,livre,0.0,0.0,2026-09-24T02:21:17.937-03:00
PUCPR,54,livre,0.0,0.0,2026-09-24T02:21:17.937-03:00
PUCPR,55,livre,0.0,0.0,2026-09-24T02:21:17.937-03:00
PUCPR,56,livre,0.0,0.0,2026-09-24T02:21:17.937-03:00
PUCPR,57,livre,0.0,0.0,2026-09-24T02:21:17.937-03:00
PUCPR,58,livre,0.0,0.0,2026-09-24T02:21:17.937-03:00
PUCPR,59,livre,0.0,0.0,2026-09-24T02:21:17.937-03:00
PUCPR,6,livre,0.0,0.0,2026-09-24T02:21:17.937-03:00
PUCPR,60,livre,0.0,0.0,2026-09-24T02:21:17.937-03:00
PUCPR,61,livre,0.0,0.0,2026-09-24T02:21:17.937-03:00
PUCPR,62,livre,0.0,0.0,2026-09-24T02:21:17.937-03:00
PUCPR,63,livre,0.0,0.0,2026-09-24T02:21:17.937-03:00
PUCPR,64,livre,0.0,0.0,2026-09-24T02:21:17.937-03:00
PUCPR,65,livre,0.0,0.0,2026-09-24T02:21:17.937-03:00
PUCPR,66,livre,0.0,0.0,2026-09-24T02:21:17.937-03:00
PUCPR,67,livre,0.0,0.0,2026-09-24T02:21:17.937-03:00
PUCPR,68,livre,0.0,0.05600810992294907,2026-09-24T02:21:17.937-03:00
PUCPR,69,livre,0.3084747791290283,0.926610483148866,2026-09-24T02:21:17.937-03:00
PUCPR,7,livre,0.0,0.0,2026-09-24T02:21:17.937-03:00
PUCPR,70,ocupada,0.3270637094974518,0.8360321118190048,2026-09-24T02:21:17.937-03:00
PUCPR,71,livre,0.0,0.04446720219261826,2026-09-24T02:21:17.937-03:00
PUCPR,72,livre,0.0,0.0,2026-09-24T02:21:17.937-03:00
PUCPR,73,livre,0.0,0.0,2026-09-24T02:21:17.937-03:00
PUCPR,74,livre,0.0,0.0,2026-09-24T02:21:17.937-03:00
PUCPR,75,livre,0.0,0.0,2026-09-24T02:21:17.937-03:00
PUCPR,76,livre,0.0,0.0,2026-09-24T02:21:17.937-03:00
PUCPR,77,livre,0.0,0.0,2026-09-24T02:21:17.937-03:00
PUCPR,78,livre,0.0,0.0,2026-09-24T02:21:17.937-03:00
PUCPR,79,livre,0.0,0.0,2026-09-24T02:21:17.937-03:00
PUCPR,8,livre,0.0,0.0,2026-09-24T02:21:17.937-03:00
PUCPR,80,livre,0.0,0.0,2026-09-24T02:21:17.937-03:00
PUCPR,81,livre,0.0,0.0,2026-09-24T02:21:17.937-03:00
PUCPR,82,livre,0.0,0.0,2026-09-24T02:21:17.937-03:00
PUCPR,83,livre,0.2613362669944763,0.8911644388645518,2026-09-24T02:21:17.937-03:00
PUCPR,84,livre,0.2678825855255127,0.7406148360912567,2026-09-24T02:21:17.937-03:00
PUCPR,85,livre,0.0,0.0,2026-09-24T02:21:17.937-03:00
PUCPR,86,ocupada,0.4563828110694885,0.7954976538819292,2026-09-24T02:21:17.937-03:00
PUCPR,87,livre,0.0,0.028549035736948523,2026-09-24T02:21:17.937-03:00
PUCPR,88,ocupada,0.3371278643608093,0.8620505094764636,2026-09-24T02:21:17.937-03:00
PUCPR,89,ocupada,0.4446497857570648,0.9824226577082009,2026-09-24T02:21:17.937-03:00
PUCPR,9,livre,0.0,0.0,2026-09-24T02:21:17.937-03:00
PUCPR,90,livre,0.0,0.17401412435401276,2026-09-24T02:21:17.937-03:00
PUCPR,91,livre,0.0,0.21646395089379486,2026-09-24T02:21:17.937-03:00
PUCPR,92,ocupada,0.2804764211177826,0.9331504602121793,2026-09-24T02:21:17.937-03:00
PUCPR,93,livre,0.0,0.08113176673599728,2026-09-24T02:21:17.937-03:00
PUCPR,94,livre,0.2723899185657501,0.8550192604176513,2026-09-24T02:21:17.937-03:00
PUCPR,95,livre,0.0,0.006473647578469113,2026-09-24T02:21:17.937-03:00
PUCPR,96,ocupada,0.4033623933792114,0.8416044651521591,2026-09-24T02:21:17.937-03:00
PUCPR,97,livre,0.0,0.0,2026-09-24T02:21:17.937-03:00
PUCPR,98,livre,0.0,0.0,2026-09-24T02:21:17.937-03:00
PUCPR,99,livre,0.0,0.0,2026-09-24T02:21:17.937-03:00
PUCPR,1,livre,0.0,0.0,2026-09-24T02:21:18.009-03:00
PUCPR,10,livre,0.0,0.0,2026-09-24T02:21:18.009-03:00
PUCPR,100,livre,0.0,0.0,2026-09-24T02:21:18.009-03:00
PUCPR,11,livre,0.0,0.0,2026-09-24T02:21:18.009-03:00
PUCPR,12,livre,0.0,0.0,2026-09-24T02:21:18.009-03:00
PUCPR,13,livre,0.0,0.0,2026-09-24T02:21:18.009-03:00
PUCPR,14,livre,0.0,0.0,2026-09-24T02:21:18.009-03:00
PUCPR,15,livre,0.0,0.0,2026-09-24T02:21:18.009-03:00
PUCPR,16,livre,0.0,0.0,2026-09-24T02:21:18.009-03:00
PUCPR,17,livre,0.0,0.0,2026-09-24T02:21:18.009-03:00
PUCPR,18,livre,0.0,0.0,2026-09-24T02:21:18.009-03:00
PUCPR,19,livre,0.0,0.0,2026-09-24T02:21:18.009-03:00
PUCPR,2,livre,0.0,0.0,2026-09-24T02:21:18.009-03:00
PUCPR,20,livre,0.0,0.0,2026-09-24T02:21:18.009-03:00
PUCPR,21,livre,0.0,0.0,2026-09-24T02:21:18.009-03:00
PUCPR,22,livre,0.0,0.0,2026-09-24T02:21:18.009-03:00
PUCPR,23,livre,0.0,0.0,2026-09-24T02:21:18.009-03:00
PUCPR,24,livre,0.0,0.0,2026-09-24T02:21:18.009-03:00
PUCPR,25,livre,0.0,0.0,2026-09-24T02:21:18.009-03:00
PUCPR,26,livre,0.0,0.0,2026-09-24T02:21:18.009-03:00
PUCPR,27,livre,0.0,0.0,2026-09-24T02:21:18.009-03:00
PUCPR,28,livre,0.0,0.0,2026-09-24T02:21:18.009-03:00
PUCPR,29,livre,0.0,0.0,2026-09-24T02:21:18.009-03:00
PUCPR,3,livre,0.0,0.0,2026-09-24T02:21:18.009-03:00
PUCPR,30,livre,0.0,0.0,2026-09-24T02:21:18.009-03:00
PUCPR,31,livre,0.0,0.0,2026-09-24T02:21:18.009-03:00
PUCPR,32,livre,0.0,0.0,2026-09-24T02:21:18.009-03:00
PUCPR,33,livre,0.0,0.0,2026-09-24T02:21:18.009-03:00
PUCPR,34,livre,0.0,0.0,2026-09-24T02:21:18.009-03:00
PUCPR,35,livre,0.0,0.0,2026-09-24T02:21:18.009-03:00
PUCPR,36,livre,0.0,0.0,2026-09-24T02:21:18.009-03:00
PUCPR,37,livre,0.0,0.0,2026-09-24T02:21:18.009-03:00
PUCPR,38,livre,0.0,0.0,2026-09-24T02:21:18.009-03:00
PUCPR,39,livre,0.0,0.0,2026-09-24T02:21:18.009-03:00
PUCPR,4,livre,0.0,0.0,2026-09-24T02:21:18.009-03:00
PUCPR,40,livre,0.0,0.0,2026-09-24T02:21:18.009-03:00
PUCPR,41,livre,0.0,0.0,2026-09-24T02:21:18.009-03:00
PUCPR,42,livre,0.0,0.0,2026-09-24T02:21:18.009-03:00
PUCPR,43,livre,0.0,0.0,2026-09-24T02:21:18.009-03:00
PUCPR,44,livre,0.0,0.0,2026-09-24T02:21:18.009-03:00
PUCPR,45,livre,0.0,0.0,2026-09-24T02:21:18.009-03:00
PUCPR,46,livre,0.0,0.0,2026-09-24T02:21:18.009-03:00
PUCPR,47,livre,0.0,0.0,2026-09-24T02:21:18.009-03:00
PUCPR,48,livre,0.0,0.0,2026-09-24T02:21:18.009-03:00
PUCPR,49,livre,0.0,0.0,2026-09-24T02:21:18.009-03:00
PUCPR,5,livre,0.0,0.0,2026-09-24T02:21:18.009-03:00
PUCPR,50,livre,0.0,0.0,2026-09-24T02:21:18.009-03:00
PUCPR,51,livre,0.0,0.0,2026-09-24T02:21:18.009-03:00
PUCPR,52,livre,0.0,0.0,2026-09-24T02:21:18.009-03:00
PUCPR,53,livre,0.0,0.0,2026-09-24T02:21:18.009-03:00
PUCPR,54,livre,0.0,0.0,2026-09-24T02:21:18.009-03:00
PUCPR,55,livre,0.0,0.0,2026-09-24T02:21:18.009-03:00
PUCPR,56,livre,0.0,0.0,2026-09-24T02:21:18.009-03:00
PUCPR,57,livre,0.0,0.0,2026-09-24T02:21:18.009-03:00
PUCPR,58,livre,0.0,0.0,2026-09-24T02:21:18.009-03:00
PUCPR,59,livre,0.0,0.0,2026-09-24T02:21:18.009-03:00
PUCPR,6,livre,0.0,0.0,2026-09-24T02:21:18.009-03:00
PUCPR,60,livre,0.0,0.0,2026-09-24T02:21:18.009-03:00
PUCPR,61,livre,0.0,0.0,2026-09-24T02:21:18.009-03:00
PUCPR,62,livre,0.0,0.0,2026-09-24T02:21:18.009-03:00
PUCPR,63,livre,0.0,0.0,2026-09-24T02:21:18.009-03:00
PUCPR,64,livre,0.0,0.0,2026-09-24T02:21:18.009-03:00
PUCPR,65,livre,0.0,0.0,2026-09-24T02:21:18.009-03:00
PUCPR,66,livre,0.0,0.0,2026-09-24T02:21:18.009-03:00
PUCPR,67,livre,0.0,0.0,2026-09-24T02:21:18.009-03:00
PUCPR,68,livre,0.0,0.0,2026-09-24T02:21:18.009-03:00
PUCPR,69,livre,0.0,0.0,2026-09-24T02:21:18.009-03:00
PUCPR,7,livre,0.0,0.0,2026-09-24T02:21:18.009-03:00
PUCPR,70,ocupada,0.0,0.0,2026-09-24T02:21:18.009-03:00
PUCPR,71,livre,0.0,0.0,2026-09-24T02:21:18.009-03:00
PUCPR,72,livre,0.0,0.0,2026-09-24T02:21:18.009-03:00
PUCPR,73,livre,0.0,0.0,2026-09-24T02:21:18.009-03:00
PUCPR,74,livre,0.0,0.0,2026-09-24T02:21:18.009-03:00
PUCPR,75,livre,0.0,0.0,2026-09-24T02:21:18.009-03:00
PUCPR,76,livre,0.0,0.0,2026-09-24T02:21:18.009-03:00
PUCPR,77,livre,0.0,0.0,2026-09-24T02:21:18.009-03:00
PUCPR,78,livre,0.0,0.0,2026-09-24T02:21:18.009-03:00
PUCPR,79,livre,0.0,0.0,2026-09-24T02:21:18.009-03:00
PUCPR,8,livre,0.0,0.0,2026-09-24T02:21:18.009-03:00
PUCPR,80,livre,0.0,0.0,2026-09-24T02:21:18.009-03:00
PUCPR,81,livre,0.0,0.0,2026-09-24T02:21:18.009-03:00
PUCPR,82,livre,0.0,0.0,2026-09-24T02:21:18.009-03:00
PUCPR,83,livre,0.0,0.0,2026-09-24T02:21:18.009-03:00
PUCPR,84,livre,0.0,0.0,2026-09-24T02:21:18.009-03:00
PUCPR,85,livre,0.0,0.0,2026-09-24T02:21:18.009-03:00
PUCPR,86,ocupada,0.42494043707847595,0.770947122754538,2026-09-24T02:21:18.009-03:00
PUCPR,87,livre,0.0,0.03190381399550785,2026-09-24T02:21:18.009-03:00
PUCPR,88,ocupada,0.0,0.0,2026-09-24T02:21:18.009-03:00
PUCPR,89,ocupada,0.0,0.1959133876201852,2026-09-24T02:21:18.009-03:00
PUCPR,9,livre,0.0,0.0,2026-09-24T02:21:18.009-03:00
PUCPR,90,livre,0.0,0.0,2026-09-24T02:21:18.009-03:00
PUCPR,91,livre,0.0,0.0,2026-09-24T02:21:18.009-03:00
PUCPR,92,livre,0.0,0.0,2026-09-24T02:21:18.009-03:00
PUCPR,93,livre,0.0,0.0,2026-09-24T02:21:18.009-03:00
PUCPR,94,livre,0.0,0.0,2026-09-24T02:21:18.009-03:00
PUCPR,95,livre,0.0,0.010524336622014,2026-09-24T02:21:18.009-03:00
PUCPR,96,ocupada,0.31401747465133667,0.8292894947874943,2026-09-24T02:21:18.009-03:00
PUCPR,97,livre,0.0,0.0,2026-09-24T02:21:18.009-03:00
PUCPR,98,livre,0.0,0.0,2026-09-24T02:21:18.009-03:00
PUCPR,99,livre,0.0,0.0,2026-09-24T02:21:18.009-03:00
PUCPR,1,livre,0.0,0.0,2026-09-24T02:21:18.085-03:00
PUCPR,10,livre,0.0,0.0,2026-09-24T02:21:18.085-03:00
PUCPR,100,livre,0.0,0.0,2026-09-24T02:21:18.085-03:00
PUCPR,11,livre,0.0,0.0,2026-09-24T02:21:18.085-03:00
PUCPR,12,livre,0.0,0.0,2026-09-24T02:21:18.085-03:00
PUCPR,13,livre,0.0,0.0,2026-09-24T02:21:18.085-03:00
PUCPR,14,livre,0.0,0.0,2026-09-24T02:21:18.085-03:00
PUCPR,15,livre,0.0,0.0,2026-09-24T02:21:18.085-03:00
PUCPR,16,livre,0.0,0.0,2026-09-24T02:21:18.085-03:00
PUCPR,17,livre,0.0,0.0,2026-09-24T02:21:18.085-03:00
PUCPR,18,livre,0.0,0.0,2026-09-24T02:21:18.085-03:00
PUCPR,19,livre,0.0,0.0,2026-09-24T02:21:18.085-03:00
PUCPR,2,livre,0.0,0.0,2026-09-24T02:21:18.085-03:00
PUCPR,20,livre,0.0,0.0,2026-09-24T02:21:18.085-03:00
PUCPR,21,livre,0.0,0.0,2026-09-24T02:21:18.085-03:00
PUCPR,22,livre,0.0,0.0,2026-09-24T02:21:18.085-03:00
PUCPR,23,livre,0.0,0.0,2026-09-24T02:21:18.085-03:00
PUCPR,24,livre,0.0,0.0,2026-09-24T02:21:18.085-03:00
PUCPR,25,livre,0.0,0.0,2026-09-24T02:21:18.085-03:00
PUCPR,26,livre,0.0,0.0,2026-09-24T02:21:18.085-03:00
PUCPR,27,livre,0.0,0.0,2026-09-24T02:21:18.085-03:00
PUCPR,28,livre,0.0,0.0,2026-09-24T02:21:18.085-03:00
PUCPR,29,livre,0.0,0.0,2026-09-24T02:21:18.085-03:00
PUCPR,3,livre,0.0,0.0,2026-09-24T02:21:18.085-03:00
PUCPR,30,livre,0.0,0.0,2026-09-24T02:21:18.085-03:00
PUCPR,31,livre,0.0,0.0,2026-09-24T02:21:18.085-03:00
PUCPR,32,livre,0.0,0.0,2026-09-24T02:21:18.085-03:00
PUCPR,33,livre,0.0,0.0,2026-09-24T02:21:18.085-03:00
PUCPR,34,livre,0.0,0.0,2026-09-24T02:21:18.085-03:00
PUCPR,35,livre,0.0,0.0,2026-09-24T02:21:18.085-03:00
PUCPR,36,livre,0.0,0.0,2026-09-24T02:21:18.085-03:00
PUCPR,37,livre,0.0,0.0,2026-09-24T02:21:18.085-03:00
PUCPR,38,livre,0.0,0.0,2026-09-24T02:21:18.085-03:00
PUCPR,39,livre,0.0,0.0,2026-09-24T02:21:18.085-03:00
PUCPR,4,livre,0.0,0.0,2026-09-24T02:21:18.085-03:00
PUCPR,40,livre,0.0,0.0,2026-09-24T02:21:18.085-03:00
PUCPR,41,livre,0.0,0.0,2026-09-24T02:21:18.085-03:00
PUCPR,42,livre,0.0,0.0,2026-09-24T02:21:18.085-03:00
PUCPR,43,livre,0.0,0.0,2026-09-24T02:21:18.085-03:00
PUCPR,44,livre,0.0,0.0,2026-09-24T02:21:18.085-03:00
PUCPR,45,livre,0.0,0.0,2026-09-24T02:21:18.085-03:00
PUCPR,46,livre,0.0,0.0,2026-09-24T02:21:18.085-03:00
PUCPR,47,livre,0.0,0.0,2026-09-24T02:21:18.085-03:00
PUCPR,48,livre,0.0,0.0,2026-09-24T02:21:18.085-03:00
PUCPR,49,livre,0.0,0.0,2026-09-24T02:21:18.085-03:00
PUCPR,5,livre,0.0,0.0,2026-09-24T02:21:18.085-03:00
PUCPR,50,livre,0.0,0.0,2026-09-24T02:21:18.085-03:00
PUCPR,51,livre,0.0,0.0,2026-09-24T02:21:18.085-03:00
PUCPR,52,livre,0.0,0.0,2026-09-24T02:21:18.085-03:00
PUCPR,53,livre,0.0,0.0,2026-09-24T02:21:18.085-03:00
PUCPR,54,livre,0.0,0.0,2026-09-24T02:21:18.085-03:00
PUCPR,55,livre,0.0,0.0,2026-09-24T02:21:18.085-03:00
PUCPR,56,livre,0.0,0.0,2026-09-24T02:21:18.085-03:00
PUCPR,57,livre,0.0,0.0,2026-09-24T02:21:18.085-03:00
PUCPR,58,livre,0.0,0.0,2026-09-24T02:21:18.085-03:00
PUCPR,59,livre,0.0,0.0,2026-09-24T02:21:18.085-03:00
PUCPR,6,livre,0.0,0.0,2026-09-24T02:21:18.085-03:00
PUCPR,60,livre,0.0,0.0,2026-09-24T02:21:18.085-03:00
PUCPR,61,livre,0.0,0.0,2026-09-24T02:21:18.085-03:00
PUCPR,62,livre,0.0,0.0,2026-09-24T02:21:18.085-03:00
PUCPR,63,livre,0.0,0.0,2026-09-24T02:21:18.085-03:00
PUCPR,64,livre,0.0,0.0,2026-09-24T02:21:18.085-03:00
PUCPR,65,livre,0.0,0.0,2026-09-24T02:21:18.085-03:00
PUCPR,66,livre,0.0,0.0,2026-09-24T02:21:18.085-03:00
PUCPR,67,livre,0.0,0.0,2026-09-24T02:21:18.085-03:00
PUCPR,68,livre,0.0,0.0,2026-09-24T02:21:18.085-03:00
PUCPR,69,livre,0.0,0.0,2026-09-24T02:21:18.085-03:00
PUCPR,7,livre,0.0,0.0,2026-09-24T02:21:18.085-03:00
PUCPR,70,ocupada,0.0,0.0,2026-09-24T02:21:18.085-03:00
PUCPR,71,livre,0.0,0.0,2026-09-24T02:21:18.085-03:00
PUCPR,72,livre,0.0,0.0,2026-09-24T02:21:18.085-03:00
PUCPR,73,livre,0.0,0.0,2026-09-24T02:21:18.085-03:00
PUCPR,74,livre,0.0,0.0,2026-09-24T02:21:18.085-03:00
PUCPR,75,livre,0.0,0.0,2026-09-24T02:21:18.085-03:00
PUCPR,76,livre,0.0,0.0,2026-09-24T02:21:18.085-03:00
PUCPR,77,livre,0.0,0.0,2026-09-24T02:21:18.085-03:00
PUCPR,78,livre,0.0,0.0,2026-09-24T02:21:18.085-03:00
PUCPR,79,livre,0.0,0.0,2026-09-24T02:21:18.085-03:00
PUCPR,8,livre,0.0,0.0,2026-09-24T02:21:18.085-03:00
PUCPR,80,livre,0.0,0.0,2026-09-24T02:21:18.085-03:00
PUCPR,81,livre,0.0,0.0,2026-09-24T02:21:18.085-03:00
PUCPR,82,livre,0.0,0.0,2026-09-24T02:21:18.085-03:00
PUCPR,83,livre,0.0,0.0,2026-09-24T02:21:18.085-03:00
PUCPR,84,livre,0.0,0.0,2026-09-24T02:21:18.085-03:00
PUCPR,85,livre,0.0,0.0,2026-09-24T02:21:18.085-03:00
PUCPR,86,ocupada,0.3966579735279083,0.7352688004620869,2026-09-24T02:21:18.085-03:00
PUCPR,87,livre,0.0,0.03552365858691445,2026-09-24T02:21:18.085-03:00
PUCPR,88,livre,0.0,0.0,2026-09-24T02:21:18.085-03:00
PUCPR,89,ocupada,0.0,0.0,2026-09-24T02:21:18.085-03:00
PUCPR,9,livre,0.0,0.0,2026-09-24T02:21:18.085-03:00
PUCPR,90,livre,0.0,0.0,2026-09-24T02:21:18.085-03:00
PUCPR,91,livre,0.0,0.0,2026-09-24T02:21:18.085-03:00
PUCPR,92,livre,0.0,0.056979948856952914,2026-09-24T02:21:18.085-03:00
PUCPR,93,livre,0.326358437538147,0.8851787068579984,2026-09-24T02:21:18.085-03:00
PUCPR,94,livre,0.0,0.03805470242770771,2026-09-24T02:21:18.085-03:00
PUCPR,95,livre,0.0,0.008964660962437978,2026-09-24T02:21:18.085-03:00
PUCPR,96,ocupada,0.4193676710128784,0.827528599621376,2026-09-24T02:21:18.085-03:00
PUCPR,97,livre,0.2603116035461426,0.8259398740788,2026-09-24T02:21:18.085-03:00
PUCPR,98,livre,0.0,0.0,2026-09-24T02:21:18.085-03:00
PUCPR,99,livre,0.0,0.0,2026-09-24T02:21:18.085-03:00
PUCPR,1,livre,0.0,0.0,2026-09-24T02:21:18.163-03:00
PUCPR,10,livre,0.0,0.0,2026-09-24T02:21:18.163-03:00
PUCPR,100,livre,0.0,0.0,2026-09-24T02:21:18.163-03:00
PUCPR,11,livre,0.0,0.0,2026-09-24T02:21:18.163-03:00
PUCPR,12,livre,0.0,0.0,2026-09-24T02:21:18.163-03:00
PUCPR,13,livre,0.0,0.0,2026-09-24T02:21:18.163-03:00
PUCPR,14,livre,0.0,0.0,2026-09-24T02:21:18.163-03:00
PUCPR,15,livre,0.0,0.0,2026-09-24T02:21:18.163-03:00
PUCPR,16,livre,0.0,0.0,2026-09-24T02:21:18.163-03:00
PUCPR,17,livre,0.0,0.0,2026-09-24T02:21:18.163-03:00
PUCPR,18,livre,0.0,0.0,2026-09-24T02:21:18.163-03:00
PUCPR,19,livre,0.0,0.0,2026-09-24T02:21:18.163-03:00
PUCPR,2,livre,0.0,0.0,2026-09-24T02:21:18.163-03:00
PUCPR,20,livre,0.0,0.0,2026-09-24T02:21:18.163-03:00
PUCPR,21,livre,0.0,0.0,2026-09-24T02:21:18.163-03:00
PUCPR,22,livre,0.0,0.0,2026-09-24T02:21:18.163-03:00
PUCPR,23,livre,0.0,0.0,2026-09-24T02:21:18.163-03:00
PUCPR,24,livre,0.0,0.0,2026-09-24T02:21:18.163-03:00
PUCPR,25,livre,0.0,0.0,2026-09-24T02:21:18.163-03:00
PUCPR,26,livre,0.0,0.0,2026-09-24T02:21:18.163-03:00
PUCPR,27,livre,0.0,0.0,2026-09-24T02:21:18.163-03:00
PUCPR,28,livre,0.0,0.0,2026-09-24T02:21:18.163-03:00
PUCPR,29,livre,0.0,0.0,2026-09-24T02:21:18.163-03:00
PUCPR,3,livre,0.0,0.0,2026-09-24T02:21:18.163-03:00
PUCPR,30,livre,0.0,0.0,2026-09-24T02:21:18.163-03:00
PUCPR,31,livre,0.0,0.0,2026-09-24T02:21:18.163-03:00
PUCPR,32,livre,0.0,0.0,2026-09-24T02:21:18.163-03:00
PUCPR,33,livre,0.0,0.0,2026-09-24T02:21:18.163-03:00
PUCPR,34,livre,0.0,0.0,2026-09-24T02:21:18.163-03:00
PUCPR,35,livre,0.0,0.0,2026-09-24T02:21:18.163-03:00
PUCPR,36,livre,0.0,0.0,2026-09-24T02:21:18.163-03:00
PUCPR,37,livre,0.0,0.0,2026-09-24T02:21:18.163-03:00
PUCPR,38,livre,0.0,0.0,2026-09-24T02:21:18.163-03:00
PUCPR,39,livre,0.0,0.0,2026-09-24T02:21:18.163-03:00
PUCPR,4,livre,0.0,0.0,2026-09-24T02:21:18.163-03:00
PUCPR,40,livre,0.0,0.0,2026-09-24T02:21:18.163-03:00
PUCPR,41,livre,0.0,0.0,2026-09-24T02:21:18.163-03:00
PUCPR,42,livre,0.0,0.0,2026-09-24T02:21:18.163-03:00
PUCPR,43,livre,0.0,0.0,2026-09-24T02:21:18.163-03:00
PUCPR,44,livre,0.0,0.0,2026-09-24T02:21:18.163-03:00
PUCPR,45,livre,0.0,0.0,2026-09-24T02:21:18.163-03:00
PUCPR,46,livre,0.0,0.0,2026-09-24T02:21:18.163-03:00
PUCPR,47,livre,0.0,0.0,2026-09-24T02:21:18.163-03:00
PUCPR,48,livre,0.0,0.0,2026-09-24T02:21:18.163-03:00
PUCPR,49,livre,0.0,0.0,2026-09-24T02:21:18.163-03:00
PUCPR,5,livre,0.0,0.0,2026-09-24T02:21:18.163-03:00
PUCPR,50,livre,0.0,0.0,2026-09-24T02:21:18.163-03:00
PUCPR,51,livre,0.0,0.0,2026-09-24T02:21:18.163-03:00
PUCPR,52,livre,0.0,0.0,2026-09-24T02:21:18.163-03:00
PUCPR,53,livre,0.0,0.0,2026-09-24T02:21:18.163-03:00
PUCPR,54,livre,0.0,0.0,2026-09-24T02:21:18.163-03:00
PUCPR,55,livre,0.0,0.0,2026-09-24T02:21:18.163-03:00
PUCPR,56,livre,0.0,0.0,2026-09-24T02:21:18.163-03:00
PUCPR,57,livre,0.0,0.0,2026-09-24T02:21:18.163-03:00
PUCPR,58,livre,0.0,0.0,2026-09-24T02:21:18.163-03:00
PUCPR,59,livre,0.25550544261932373,0.8360588816197674,2026-09-24T02:21:18.163-03:00
PUCPR,6,livre,0.0,0.0,2026-09-24T02:21:18.163-03:00
PUCPR,60,livre,0.0,0.0,2026-09-24T02:21:18.163-03:00
PUCPR,61,livre,0.0,0.0,2026-09-24T02:21:18.163-03:00
PUCPR,62,livre,0.0,0.0,2026-09-24T02:21:18.163-03:00
PUCPR,63,livre,0.0,0.0,2026-09-24T02:21:18.163-03:00
PUCPR,64,livre,0.0,0.0,2026-09-24T02:21:18.163-03:00
PUCPR,65,livre,0.0,0.0,2026-09-24T02:21:18.163-03:00
PUCPR,66,livre,0.0,0.0,2026-09-24T02:21:18.163-03:00
PUCPR,67,livre,0.0,0.0,2026-09-24T02:21:18.163-03:00
PUCPR,68,livre,0.0,0.0,2026-09-24T02:21:18.163-03:00
PUCPR,69,livre,0.0,0.0,2026-09-24T02:21:18.163-03:00
PUCPR,7,livre,0.0,0.0,2026-09-24T02:21:18.163-03:00
PUCPR,70,livre,0.0,0.0,2026-09-24T02:21:18.163-03:00
PUCPR,71,livre,0.0,0.0,2026-09-24T02:21:18.163-03:00
PUCPR,72,livre,0.0,0.0,2026-09-24T02:21:18.163-03:00
PUCPR,73,livre,0.0,0.045450950716927896,2026-09-24T02:21:18.163-03:00
PUCPR,74,livre,0.4685179591178894,0.699619853957529,2026-09-24T02:21:18.163-03:00
PUCPR,75,livre,0.0,0.0,2026-09-24T02:21:18.163-03:00
PUCPR,76,livre,0.0,0.0,2026-09-24T02:21:18.163-03:00
PUCPR,77,livre,0.0,0.0,2026-09-24T02:21:18.163-03:00
PUCPR,78,livre,0.0,0.0,2026-09-24T02:21:18.163-03:00
PUCPR,79,livre,0.0,0.0,2026-09-24T02:21:18.163-03:00
PUCPR,8,livre,0.0,0.0,2026-09-24T02:21:18.163-03:00
PUCPR,80,livre,0.0,0.0,2026-09-24T02:21:18.163-03:00
PUCPR,81,livre,0.0,0.0,2026-09-24T02:21:18.163-03:00
PUCPR,82,livre,0.2832246422767639,0.8217253000233996,2026-09-24T02:21:18.163-03:00
PUCPR,83,livre,0.0,0.0,2026-09-24T02:21:18.163-03:00
PUCPR,84,livre,0.0,0.0,2026-09-24T02:21:18.163-03:00
PUCPR,85,livre,0.28953391313552856,0.829083190708983,2026-09-24T02:21:18.163-03:00
PUCPR,86,ocupada,0.4095276892185211,0.7879694653174922,2026-09-24T02:21:18.163-03:00
PUCPR,87,livre,0.0,0.028709439853385244,2026-09-24T02:21:18.163-03:00
PUCPR,88,livre,0.0,0.0,2026-09-24T02:21:18.163-03:00
PUCPR,89,livre,0.0,0.19779887315971237,2026-09-24T02:21:18.163-03:00
PUCPR,9,livre,0.0,0.0,2026-09-24T02:21:18.163-03:00
PUCPR,90,livre,0.0,0.05859160867525038,2026-09-24T02:21:18.163-03:00
PUCPR,91,livre,0.27767300605773926,0.9253381274766573,2026-09-24T02:21:18.163-03:00
PUCPR,92,livre,0.0,0.08390960190484793,2026-09-24T02:21:18.163-03:00
PUCPR,93,livre,0.4642295241355896,0.8832630224232862,2026-09-24T02:21:18.163-03:00
PUCPR,94,livre,0.0,0.036936688609951224,2026-09-24T02:21:18.163-03:00
PUCPR,95,livre,0.2839100956916809,0.7300286721726482,2026-09-24T02:21:18.163-03:00
PUCPR,96,ocupada,0.49758338928222656,0.8319451500634171,2026-09-24T02:21:18.163-03:00
PUCPR,97,livre,0.3487400412559509,0.8184263809470302,2026-09-24T02:21:18.163-03:00
PUCPR,98,livre,0.0,0.0,2026-09-24T02:21:18.163-03:00
PUCPR,99,livre,0.0,0.0,2026-09-24T02:21:18.163-03:00
PUCPR,1,livre,0.0,0.0,2026-09-24T02:21:18.237-03:00
PUCPR,10,livre,0.0,0.0,2026-09-24T02:21:18.237-03:00
PUCPR,100,livre,0.0,0.0,2026-09-24T02:21:18.237-03:00
PUCPR,11,livre,0.0,0.0,2026-09-24T02:21:18.237-03:00
PUCPR,12,livre,0.0,0.0,2026-09-24T02:21:18.237-03:00
PUCPR,13,livre,0.0,0.0,2026-09-24T02:21:18.237-03:00
PUCPR,14,livre,0.0,0.0,2026-09-24T02:21:18.237-03:00
PUCPR,15,livre,0.0,0.0,2026-09-24T02:21:18.237-03:00
PUCPR,16,livre,0.0,0.0,2026-09-24T02:21:18.237-03:00
PUCPR,17,livre,0.0,0.0,2026-09-24T02:21:18.237-03:00
PUCPR,18,livre,0.0,0.0,2026-09-24T02:21:18.237-03:00
PUCPR,19,livre,0.0,0.0,2026-09-24T02:21:18.237-03:00
PUCPR,2,livre,0.0,0.0,2026-09-24T02:21:18.237-03:00
PUCPR,20,livre,0.0,0.0,2026-09-24T02:21:18.237-03:00
PUCPR,21,livre,0.0,0.0,2026-09-24T02:21:18.237-03:00
PUCPR,22,livre,0.0,0.0,2026-09-24T02:21:18.237-03:00
PUCPR,23,livre,0.0,0.0,2026-09-24T02:21:18.237-03:00
PUCPR,24,livre,0.0,0.0,2026-09-24T02:21:18.237-03:00
PUCPR,25,livre,0.0,0.0,2026-09-24T02:21:18.237-03:00
PUCPR,26,livre,0.0,0.0,2026-09-24T02:21:18.237-03:00
PUCPR,27,livre,0.0,0.0,2026-09-24T02:21:18.237-03:00
PUCPR,28,livre,0.0,0.0,2026-09-24T02:21:18.237-03:00
PUCPR,29,livre,0.0,0.0,2026-09-24T02:21:18.237-03:00
PUCPR,3,livre,0.0,0.0,2026-09-24T02:21:18.237-03:00
PUCPR,30,livre,0.0,0.0,2026-09-24T02:21:18.237-03:00
PUCPR,31,livre,0.0,0.0,2026-09-24T02:21:18.237-03:00
PUCPR,32,livre,0.0,0.0,2026-09-24T02:21:18.237-03:00
PUCPR,33,livre,0.0,0.0,2026-09-24T02:21:18.237-03:00
PUCPR,34,livre,0.0,0.0,2026-09-24T02:21:18.237-03:00
PUCPR,35,livre,0.0,0.0,2026-09-24T02:21:18.237-03:00
PUCPR,36,livre,0.0,0.0,2026-09-24T02:21:18.237-03:00
PUCPR,37,livre,0.0,0.0,2026-09-24T02:21:18.237-03:00
PUCPR,38,livre,0.0,0.0,2026-09-24T02:21:18.237-03:00
PUCPR,39,livre,0.0,0.0,2026-09-24T02:21:18.237-03:00
PUCPR,4,livre,0.0,0.0,2026-09-24T02:21:18.237-03:00
PUCPR,40,livre,0.0,0.0,2026-09-24T02:21:18.237-03:00
PUCPR,41,livre,0.0,0.0,2026-09-24T02:21:18.237-03:00
PUCPR,42,livre,0.0,0.0,2026-09-24T02:21:18.237-03:00
PUCPR,43,livre,0.0,0.0,2026-09-24T02:21:18.237-03:00
PUCPR,44,livre,0.0,0.0,2026-09-24T02:21:18.237-03:00
PUCPR,45,livre,0.0,0.0,2026-09-24T02:21:18.237-03:00
PUCPR,46,livre,0.0,0.0,2026-09-24T02:21:18.237-03:00
PUCPR,47,livre,0.0,0.0,2026-09-24T02:21:18.237-03:00
PUCPR,48,livre,0.0,0.0,2026-09-24T02:21:18.237-03:00
PUCPR,49,livre,0.0,0.0,2026-09-24T02:21:18.237-03:00
PUCPR,5,livre,0.0,0.0,2026-09-24T02:21:18.237-03:00
PUCPR,50,livre,0.0,0.0,2026-09-24T02:21:18.237-03:00
PUCPR,51,livre,0.0,0.0,2026-09-24T02:21:18.237-03:00
PUCPR,52,livre,0.0,0.0,2026-09-24T02:21:18.237-03:00
PUCPR,53,livre,0.0,0.0,2026-09-24T02:21:18.237-03:00
PUCPR,54,livre,0.0,0.0,2026-09-24T02:21:18.237-03:00
PUCPR,55,livre,0.0,0.0,2026-09-24T02:21:18.237-03:00
PUCPR,56,livre,0.0,0.0,2026-09-24T02:21:18.237-03:00
PUCPR,57,livre,0.0,0.0,2026-09-24T02:21:18.237-03:00
PUCPR,58,livre,0.0,0.0,2026-09-24T02:21:18.237-03:00
PUCPR,59,livre,0.0,0.0,2026-09-24T02:21:18.237-03:00
PUCPR,6,livre,0.0,0.0,2026-09-24T02:21:18.237-03:00
PUCPR,60,livre,0.0,0.0,2026-09-24T02:21:18.237-03:00
PUCPR,61,livre,0.0,0.0,2026-09-24T02:21:18.237-03:00
PUCPR,62,livre,0.0,0.0,2026-09-24T02:21:18.237-03:00
PUCPR,63,livre,0.0,0.0,2026-09-24T02:21:18.237-03:00
PUCPR,64,livre,0.0,0.0,2026-09-24T02:21:18.237-03:00
PUCPR,65,livre,0.0,0.0,2026-09-24T02:21:18.237-03:00
PUCPR,66,livre,0.0,0.0,2026-09-24T02:21:18.237-03:00
PUCPR,67,livre,0.0,0.0,2026-09-24T02:21:18.237-03:00
PUCPR,68,livre,0.0,0.0,2026-09-24T02:21:18.237-03:00
PUCPR,69,livre,0.0,0.0,2026-09-24T02:21:18.237-03:00
PUCPR,7,livre,0.0,0.0,2026-09-24T02:21:18.237-03:00
PUCPR,70,livre,0.0,0.0,2026-09-24T02:21:18.237-03:00
PUCPR,71,livre,0.0,0.0,2026-09-24T02:21:18.237-03:00
PUCPR,72,livre,0.0,0.0,2026-09-24T02:21:18.237-03:00
PUCPR,73,livre,0.0,0.034467915067578674,2026-09-24T02:21:18.237-03:00
PUCPR,74,livre,0.3471585214138031,0.6404100828421869,2026-09-24T02:21:18.237-03:00
PUCPR,75,livre,0.0,0.0,2026-09-24T02:21:18.237-03:00
PUCPR,76,livre,0.0,0.0,2026-09-24T02:21:18.237-03:00
PUCPR,77,livre,0.0,0.0,2026-09-24T02:21:18.237-03:00
PUCPR,78,livre,0.0,0.0,2026-09-24T02:21:18.237-03:00
PUCPR,79,livre,0.0,0.0,2026-09-24T02:21:18.237-03:00
PUCPR,8,livre,0.0,0.0,2026-09-24T02:21:18.237-03:00
PUCPR,80,livre,0.0,0.0,2026-09-24T02:21:18.237-03:00
PUCPR,81,livre,0.0,0.0,2026-09-24T02:21:18.237-03:00
PUCPR,82,livre,0.0,0.0,2026-09-24T02:21:18.237-03:00
PUCPR,83,livre,0.0,0.0,2026-09-24T02:21:18.237-03:00
PUCPR,84,livre,0.0,0.0,2026-09-24T02:21:18.237-03:00
PUCPR,85,livre,0.0,0.0,2026-09-24T02:21:18.237-03:00
PUCPR,86,ocupada,0.36615225672721863,0.7264670621940886,2026-09-24T02:21:18.237-03:00
PUCPR,87,livre,0.0,0.031533887677874364,2026-09-24T02:21:18.237-03:00
PUCPR,88,livre,0.0,0.0,2026-09-24T02:21:18.237-03:00
PUCPR,89,livre,0.0,0.0,2026-09-24T02:21:18.237-03:00
PUCPR,9,livre,0.0,0.0,2026-09-24T02:21:18.237-03:00
PUCPR,90,livre,0.0,0.0,2026-09-24T02:21:18.237-03:00
PUCPR,91,livre,0.0,0.0,2026-09-24T02:21:18.237-03:00
PUCPR,92,livre,0.0,0.05730042657132853,2026-09-24T02:21:18.237-03:00
PUCPR,93,ocupada,0.3432140350341797,0.8763433814296706,2026-09-24T02:21:18.237-03:00
PUCPR,94,livre,0.0,0.035752400018326046,2026-09-24T02:21:18.237-03:00
PUCPR,95,livre,0.0,0.010244285960514585,2026-09-24T02:21:18.237-03:00
PUCPR,96,ocupada,0.378612756729126,0.8353374089097584,2026-09-24T02:21:18.237-03:00
PUCPR,97,ocupada,0.2691982090473175,0.8201679551910297,2026-09-24T02:21:18.237-03:00
PUCPR,98,livre,0.0,0.0,2026-09-24T02:21:18.237-03:00
PUCPR,99,livre,0.0,0.0,2026-09-24T02:21:18.237-03:00
PUCPR,1,livre,0.0,0.0,2026-09-24T02:21:18.310-03:00
PUCPR,10,livre,0.0,0.0,2026-09-24T02:21:18.310-03:00
PUCPR,100,livre,0.0,0.0,2026-09-24T02:21:18.310-03:00
PUCPR,11,livre,0.0,0.0,2026-09-24T02:21:18.310-03:00
PUCPR,12,livre,0.0,0.0,2026-09-24T02:21:18.310-03:00
PUCPR,13,livre,0.0,0.0,2026-09-24T02:21:18.310-03:00
PUCPR,14,livre,0.0,0.0,2026-09-24T02:21:18.310-03:00
PUCPR,15,livre,0.0,0.0,2026-09-24T02:21:18.310-03:00
PUCPR,16,livre,0.0,0.0,2026-09-24T02:21:18.310-03:00
PUCPR,17,livre,0.0,0.0,2026-09-24T02:21:18.310-03:00
PUCPR,18,livre,0.0,0.0,2026-09-24T02:21:18.310-03:00
PUCPR,19,livre,0.0,0.0,2026-09-24T02:21:18.310-03:00
PUCPR,2,livre,0.0,0.0,2026-09-24T02:21:18.310-03:00
PUCPR,20,livre,0.0,0.0,2026-09-24T02:21:18.310-03:00
PUCPR,21,livre,0.0,0.0,2026-09-24T02:21:18.310-03:00
PUCPR,22,livre,0.0,0.0,2026-09-24T02:21:18.310-03:00
PUCPR,23,livre,0.0,0.0,2026-09-24T02:21:18.310-03:00
PUCPR,24,livre,0.0,0.0,2026-09-24T02:21:18.310-03:00
PUCPR,25,livre,0.0,0.0,2026-09-24T02:21:18.310-03:00
PUCPR,26,livre,0.0,0.0,2026-09-24T02:21:18.310-03:00
PUCPR,27,livre,0.0,0.0,2026-09-24T02:21:18.310-03:00
PUCPR,28,livre,0.0,0.0,2026-09-24T02:21:18.310-03:00
PUCPR,29,livre,0.0,0.0,2026-09-24T02:21:18.310-03:00
PUCPR,3,livre,0.0,0.0,2026-09-24T02:21:18.310-03:00
PUCPR,30,livre,0.0,0.0,2026-09-24T02:21:18.310-03:00
PUCPR,31,livre,0.0,0.0,2026-09-24T02:21:18.310-03:00
PUCPR,32,livre,0.0,0.0,2026-09-24T02:21:18.310-03:00
PUCPR,33,livre,0.0,0.0,2026-09-24T02:21:18.310-03:00
PUCPR,34,livre,0.0,0.0,2026-09-24T02:21:18.310-03:00
PUCPR,35,livre,0.0,0.0,2026-09-24T02:21:18.310-03:00
PUCPR,36,livre,0.0,0.0,2026-09-24T02:21:18.310-03:00
PUCPR,37,livre,0.0,0.0,2026-09-24T02:21:18.310-03:00
PUCPR,38,livre,0.0,0.0,2026-09-24T02:21:18.310-03:00
PUCPR,39,livre,0.0,0.0,2026-09-24T02:21:18.310-03:00
PUCPR,4,livre,0.0,0.0,2026-09-24T02:21:18.310-03:00
PUCPR,40,livre,0.0,0.0,2026-09-24T02:21:18.310-03:00
PUCPR,41,livre,0.0,0.0,2026-09-24T02:21:18.310-03:00
PUCPR,42,livre,0.0,0.0,2026-09-24T02:21:18.310-03:00
PUCPR,43,livre,0.0,0.0,2026-09-24T02:21:18.310-03:00
PUCPR,44,livre,0.0,0.0,2026-09-24T02:21:18.310-03:00
PUCPR,45,livre,0.0,0.0,2026-09-24T02:21:18.310-03:00
PUCPR,46,livre,0.0,0.0,2026-09-24T02:21:18.310-03:00
PUCPR,47,livre,0.0,0.0,2026-09-24T02:21:18.310-03:00
PUCPR,48,livre,0.0,0.0,2026-09-24T02:21:18.310-03:00
PUCPR,49,livre,0.0,0.0,2026-09-24T02:21:18.310-03:00
PUCPR,5,livre,0.0,0.0,2026-09-24T02:21:18.310-03:00
PUCPR,50,livre,0.0,0.0,2026-09-24T02:21:18.310-03:00
PUCPR,51,livre,0.0,0.0,2026-09-24T02:21:18.310-03:00
PUCPR,52,livre,0.0,0.0,2026-09-24T02:21:18.310-03:00
PUCPR,53,livre,0.0,0.0,2026-09-24T02:21:18.310-03:00
PUCPR,54,livre,0.0,0.0,2026-09-24T02:21:18.310-03:00
PUCPR,55,livre,0.0,0.0,2026-09-24T02:21:18.310-03:00
PUCPR,56,livre,0.0,0.0,2026-09-24T02:21:18.310-03:00
PUCPR,57,livre,0.0,0.0,2026-09-24T02:21:18.310-03:00
PUCPR,58,livre,0.0,0.0,2026-09-24T02:21:18.310-03:00
PUCPR,59,livre,0.0,0.0,2026-09-24T02:21:18.310-03:00
PUCPR,6,livre,0.0,0.0,2026-09-24T02:21:18.310-03:00
PUCPR,60,livre,0.0,0.0,2026-09-24T02:21:18.310-03:00
PUCPR,61,livre,0.0,0.0,2026-09-24T02:21:18.310-03:00
PUCPR,62,livre,0.0,0.0,2026-09-24T02:21:18.310-03:00
PUCPR,63,livre,0.0,0.0,2026-09-24T02:21:18.310-03:00
PUCPR,64,livre,0.0,0.0,2026-09-24T02:21:18.310-03:00
PUCPR,65,livre,0.0,0.0,2026-09-24T02:21:18.310-03:00
PUCPR,66,livre,0.0,0.0,2026-09-24T02:21:18.310-03:00
PUCPR,67,livre,0.0,0.0,2026-09-24T02:21:18.310-03:00
PUCPR,68,livre,0.0,0.0,2026-09-24T02:21:18.310-03:00
PUCPR,69,livre,0.0,0.0,2026-09-24T02:21:18.310-03:00
PUCPR,7,livre,0.0,0.0,2026-09-24T02:21:18.310-03:00
PUCPR,70,livre,0.0,0.0,2026-09-24T02:21:18.310-03:00
PUCPR,71,livre,0.0,0.0,2026-09-24T02:21:18.310-03:00
PUCPR,72,livre,0.0,0.0,2026-09-24T02:21:18.310-03:00
PUCPR,73,livre,0.0,0.0,2026-09-24T02:21:18.310-03:00
PUCPR,74,livre,0.0,0.0,2026-09-24T02:21:18.310-03:00
PUCPR,75,livre,0.0,0.0,2026-09-24T02:21:18.310-03:00
PUCPR,76,livre,0.0,0.0,2026-09-24T02:21:18.310-03:00
PUCPR,77,livre,0.0,0.0,2026-09-24T02:21:18.310-03:00
PUCPR,78,livre,0.0,0.0,2026-09-24T02:21:18.310-03:00
PUCPR,79,livre,0.0,0.0,2026-09-24T02:21:18.310-03:00
PUCPR,8,livre,0.0,0.0,2026-09-24T02:21:18.310-03:00
PUCPR,80,livre,0.0,0.0,2026-09-24T02:21:18.310-03:00
PUCPR,81,livre,0.0,0.0,2026-09-24T02:21:18.310-03:00
PUCPR,82,livre,0.0,0.0,2026-09-24T02:21:18.310-03:00
PUCPR,83,livre,0.0,0.0,2026-09-24T02:21:18.310-03:00
PUCPR,84,livre,0.0,0.0,2026-09-24T02:21:18.310-03:00
PUCPR,85,livre,0.0,0.0,2026-09-24T02:21:18.310-03:00
PUCPR,86,ocupada,0.33759498596191406,0.7361790159280185,2026-09-24T02:21:18.310-03:00
PUCPR,87,livre,0.0,0.028041891747664444,2026-09-24T02:21:18.310-03:00
PUCPR,88,livre,0.0,0.0,2026-09-24T02:21:18.310-03:00
PUCPR,89,livre,0.0,0.0,2026-09-24T02:21:18.310-03:00
PUCPR,9,livre,0.0,0.0,2026-09-24T02:21:18.310-03:00
PUCPR,90,livre,0.0,0.0,2026-09-24T02:21:18.310-03:00
PUCPR,91,livre,0.0,0.0,2026-09-24T02:21:18.310-03:00
PUCPR,92,livre,0.0,0.0,2026-09-24T02:21:18.310-03:00
PUCPR,93,ocupada,0.0,0.0,2026-09-24T02:21:18.310-03:00
PUCPR,94,livre,0.0,0.0,2026-09-24T02:21:18.310-03:00
PUCPR,95,livre,0.0,0.008712625126757988,2026-09-24T02:21:18.310-03:00
PUCPR,96,ocupada,0.42405232787132263,0.8345392709278048,2026-09-24T02:21:18.310-03:00
PUCPR,97,ocupada,0.34324970841407776,0.8061306130900251,2026-09-24T02:21:18.310-03:00
PUCPR,98,livre,0.0,0.0,2026-09-24T02:21:18.310-03:00
PUCPR,99,livre,0.0,0.0,2026-09-24T02:21:18.310-03:00
