camera,vaga,estado,confianca,cobertura,instante
UFPR05,1,livre,0.8966031074523926,0.5766232064058765,2026-09-29T17:50:22.909-03:00
UFPR05,10,livre,0.8827096819877625,0.6710688181649636,2026-09-29T17:50:22.909-03:00
UFPR05,11,livre,0.9084969758987427,0.6372720498372308,2026-09-29T17:50:22.909-03:00
UFPR05,12,livre,0.8819376230239868,0.5844050196103772,2026-09-29T17:50:22.909-03:00
UFPR05,13,livre,0.9215148687362671,0.6624206153774065,2026-09-29T17:50:22.909-03:00
UFPR05,14,livre,0.8719281554222107,0.6124972433631476,2026-09-29T17:50:22.909-03:00
UFPR05,15,livre,0.8953455686569214,0.6243490894265495,2026-09-29T17:50:22.909-03:00
UFPR05,16,livre,0.897638738155365,0.6312211934240909,2026-09-29T17:50:22.909-03:00
UFPR05,17,livre,0.8787182569503784,0.5818588114504984,2026-09-29T17:50:22.909-03:00
UFPR05,18,livre,0.8962469696998596,0.5694421937237933,2026-09-29T17:50:22.909-03:00
UFPR05,19,livre,0.8618893623352051,0.5871687261634582,2026-09-29T17:50:22.909-03:00
UFPR05,2,livre,0.920843780040741,0.5724505502565426,2026-09-29T17:50:22.909-03:00
UFPR05,20,livre,0.8504458069801331,0.630687435684009,2026-09-29T17:50:22.909-03:00
UFPR05,21,livre,0.9250240325927734,0.758545424540503,2026-09-29T17:50:22.909-03:00
UFPR05,22,livre,0.9058666825294495,0.7334991512838684,2026-09-29T17:50:22.909-03:00
UFPR05,23,livre,0.9127225279808044,0.7503919849804234,2026-09-29T17:50:22.909-03:00
UFPR05,24,livre,0.8889270424842834,0.71020991126572,2026-09-29T17:50:22.909-03:00
UFPR05,25,livre,0.9019230604171753,0.6724770774422777,2026-09-29T17:50:22.909-03:00
UFPR05,26,livre,0.9191292524337769,0.5816921838386646,2026-09-29T17:50:22.909-03:00
UFPR05,27,livre,0.8980669379234314,0.5420503174453855,2026-09-29T17:50:22.909-03:00
UFPR05,28,livre,0.8617887496948242,0.5668108701734584,2026-09-29T17:50:22.909-03:00
UFPR05,29,livre,0.9047781229019165,0.5746888019201447,2026-09-29T17:50:22.909-03:00
UFPR05,3,livre,0.9008017182350159,0.6215607892679703,2026-09-29T17:50:22.909-03:00
UFPR05,30,livre,0.8839268088340759,0.6457317920753609,2026-09-29T17:50:22.909-03:00
UFPR05,31,livre,0.916410505771637,0.6531118881927727,2026-09-29T17:50:22.909-03:00
UFPR05,32,livre,0.8824150562286377,0.731118644964797,2026-09-29T17:50:22.909-03:00
UFPR05,33,livre,0.8607947826385498,0.7863018727895855,2026-09-29T17:50:22.909-03:00
UFPR05,34,livre,0.85491544008255,0.8014136351842782,2026-09-29T17:50:22.909-03:00
UFPR05,35,livre,0.8180539011955261,0.8778654262094714,2026-09-29T17:50:22.909-03:00
UFPR05,36,livre,0.8506208658218384,0.8423358083087972,2026-09-29T17:50:22.909-03:00
UFPR05,37,livre,0.8588991165161133,0.8465336758016986,2026-09-29T17:50:22.909-03:00
UFPR05,38,livre,0.8720950484275818,0.83956678552547,2026-09-29T17:50:22.909-03:00
UFPR05,39,livre,0.8869234323501587,0.8005824420412515,2026-09-29T17:50:22.909-03:00
UFPR05,4,livre,0.895491898059845,0.6363037149265169,2026-09-29T17:50:22.909-03:00
UFPR05,40,livre,0.8770654201507568,0.775871938070948,2026-09-29T17:50:22.909-03:00
UFPR05,5,livre,0.9082125425338745,0.6160688054522522,2026-09-29T17:50:22.909-03:00
UFPR05,6,livre,0.8890758156776428,0.6158242160234872,2026-09-29T17:50:22.909-03:00
UFPR05,7,livre,0.8974368572235107,0.6204580730518623,2026-09-29T17:50:22.909-03:00
UFPR05,8,livre,0.8917620778083801,0.6488536183815439,2026-09-29T17:50:22.909-03:00
UFPR05,9,livre,0.8713069558143616,0.5701626375457708,2026-09-29T17:50:22.909-03:00
UFPR05,1,livre,0.8917749524116516,0.5673459335439586,2026-09-29T17:50:22.981-03:00
UFPR05,10,livre,0.8904384970664978,0.6709982000636867,2026-09-29T17:50:22.981-03:00
UFPR05,11,livre,0.9172906875610352,0.6247955567212593,2026-09-29T17:50:22.981-03:00
UFPR05,12,livre,0.8914457559585571,0.5877531024926926,2026-09-29T17:50:22.981-03:00
UFPR05,13,livre,0.9112375974655151,0.6462844506404114,2026-09-29T17:50:22.981-03:00
UFPR05,14,livre,0.8728494048118591,0.6346767308581438,2026-09-29T17:50:22.981-03:00
UFPR05,15,livre,0.906963586807251,0.628744560866418,2026-09-29T17:50:22.981-03:00
UFPR05,16,livre,0.894772469997406,0.6389566062174834,2026-09-29T17:50:22.981-03:00
UFPR05,17,livre,0.8823972940444946,0.5708928905074638,2026-09-29T17:50:22.981-03:00
UFPR05,18,livre,0.8803114891052246,0.5400083597663398,2026-09-29T17:50:22.981-03:00
UFPR05,19,livre,0.8695107102394104,0.580297139153139,2026-09-29T17:50:22.981-03:00
UFPR05,2,livre,0.9206112623214722,0.5779603764309613,2026-09-29T17:50:22.981-03:00
UFPR05,20,livre,0.8633300065994263,0.6177199343251384,2026-09-29T17:50:22.981-03:00
UFPR05,21,livre,0.9160122871398926,0.7762549915181488,2026-09-29T17:50:22.981-03:00
UFPR05,22,livre,0.9095866084098816,0.7328999359422793,2026-09-29T17:50:22.981-03:00
UFPR05,23,livre,0.8970671892166138,0.7415092033881852,2026-09-29T17:50:22.981-03:00
UFPR05,24,livre,0.9094032049179077,0.7106725757639146,2026-09-29T17:50:22.981-03:00
UFPR05,25,livre,0.9063782691955566,0.6703172630545672,2026-09-29T17:50:22.981-03:00
UFPR05,26,livre,0.9247616529464722,0.6074521261684759,2026-09-29T17:50:22.981-03:00
UFPR05,27,livre,0.9028323292732239,0.5568048667027508,2026-09-29T17:50:22.981-03:00
UFPR05,28,livre,0.8954127430915833,0.5483024476793831,2026-09-29T17:50:22.981-03:00
UFPR05,29,livre,0.9183428287506104,0.5491926615701594,2026-09-29T17:50:22.981-03:00
UFPR05,3,livre,0.908008873462677,0.6236305552077683,2026-09-29T17:50:22.981-03:00
UFPR05,30,livre,0.8958160877227783,0.6945046704050685,2026-09-29T17:50:22.981-03:00
UFPR05,31,livre,0.8872051239013672,0.6437849243713016,2026-09-29T17:50:22.981-03:00
UFPR05,32,livre,0.8549908995628357,0.7756000365969277,2026-09-29T17:50:22.981-03:00
UFPR05,33,livre,0.8781676888465881,0.8063105780525927,2026-09-29T17:50:22.981-03:00
UFPR05,34,livre,0.8390353322029114,0.8323475612987462,2026-09-29T17:50:22.981-03:00
UFPR05,35,livre,0.801396906375885,0.8807773083041107,2026-09-29T17:50:22.981-03:00
UFPR05,36,livre,0.87178635597229,0.8776490967598084,2026-09-29T17:50:22.981-03:00
UFPR05,37,livre,0.847030758857727,0.8218375541748599,2026-09-29T17:50:22.981-03:00
UFPR05,38,livre,0.8876768946647644,0.8627384812819405,2026-09-29T17:50:22.981-03:00
UFPR05,39,livre,0.9029409885406494,0.8212196995390355,2026-09-29T17:50:22.981-03:00
UFPR05,4,livre,0.8893507719039917,0.6393461952312219,2026-09-29T17:50:22.981-03:00
UFPR05,40,livre,0.8712736368179321,0.7595228302398546,2026-09-29T17:50:22.981-03:00
UFPR05,5,livre,0.9041422009468079,0.6197713193832439,2026-09-29T17:50:22.981-03:00
UFPR05,6,livre,0.8675829768180847,0.6200579597996309,2026-09-29T17:50:22.981-03:00
UFPR05,7,livre,0.8953949809074402,0.621032118655295,2026-09-29T17:50:22.981-03:00
UFPR05,8,livre,0.8911214470863342,0.6291275866618571,2026-09-29T17:50:22.981-03:00
UFPR05,9,livre,0.8733497262001038,0.5775015315199808,2026-09-29T17:50:22.981-03:00
UFPR05,1,livre,0.903488039970398,0.5797022935088684,2026-09-29T17:50:23.045-03:00
UFPR05,10,livre,0.9037995338439941,0.6648986205961802,2026-09-29T17:50:23.045-03:00
UFPR05,11,livre,0.9018292427062988,0.6085667169664196,2026-09-29T17:50:23.045-03:00
UFPR05,12,livre,0.8927130699157715,0.5877957401159133,2026-09-29T17:50:23.045-03:00
UFPR05,13,livre,0.912955641746521,0.6348528493230597,2026-09-29T17:50:23.045-03:00
UFPR05,14,livre,0.8877771496772766,0.6291994675468566,2026-09-29T17:50:23.045-03:00
UFPR05,15,livre,0.9140030741691589,0.6380495407748269,2026-09-29T17:50:23.045-03:00
UFPR05,16,livre,0.898136556148529,0.6364789670236528,2026-09-29T17:50:23.045-03:00
UFPR05,17,livre,0.8848878741264343,0.5714596680847773,2026-09-29T17:50:23.045-03:00
UFPR05,18,livre,0.8813488483428955,0.5447727083630258,2026-09-29T17:50:23.045-03:00
UFPR05,19,livre,0.8715921640396118,0.592111681394079,2026-09-29T17:50:23.045-03:00
UFPR05,2,livre,0.9189437031745911,0.5733452541028526,2026-09-29T17:50:23.045-03:00
UFPR05,20,livre,0.866780698299408,0.6277656798713737,2026-09-29T17:50:23.045-03:00
UFPR05,21,livre,0.9199821352958679,0.7848577911257,2026-09-29T17:50:23.045-03:00
UFPR05,22,livre,0.9054017663002014,0.7392401992728425,2026-09-29T17:50:23.045-03:00
UFPR05,23,livre,0.9013983011245728,0.7457712383326782,2026-09-29T17:50:23.045-03:00
UFPR05,24,livre,0.9052026271820068,0.7144516014311079,2026-09-29T17:50:23.045-03:00
UFPR05,25,livre,0.9031614661216736,0.6608058984335011,2026-09-29T17:50:23.045-03:00
UFPR05,26,livre,0.9214640855789185,0.5934594045153702,2026-09-29T17:50:23.045-03:00
UFPR05,27,livre,0.9038129448890686,0.55307261267101,2026-09-29T17:50:23.045-03:00
UFPR05,28,livre,0.9004223346710205,0.5407517189662011,2026-09-29T17:50:23.045-03:00
UFPR05,29,livre,0.9178659319877625,0.5544048491780719,2026-09-29T17:50:23.045-03:00
UFPR05,3,livre,0.9122860431671143,0.6379542194165703,2026-09-29T17:50:23.045-03:00
UFPR05,30,livre,0.8973915576934814,0.6764437038985792,2026-09-29T17:50:23.045-03:00
UFPR05,31,livre,0.8941525220870972,0.6537127192488857,2026-09-29T17:50:23.045-03:00
UFPR05,32,livre,0.8748730421066284,0.7890159373169219,2026-09-29T17:50:23.045-03:00
UFPR05,33,livre,0.8833662271499634,0.8057697501479933,2026-09-29T17:50:23.045-03:00
UFPR05,34,livre,0.8671614527702332,0.8123453959008213,2026-09-29T17:50:23.045-03:00
UFPR05,35,livre,0.8296495079994202,0.8624050258105177,2026-09-29T17:50:23.045-03:00
UFPR05,36,livre,0.8654952645301819,0.8645860845463867,2026-09-29T17:50:23.045-03:00
UFPR05,37,livre,0.8492168188095093,0.8331286148345514,2026-09-29T17:50:23.045-03:00
UFPR05,38,livre,0.892741322517395,0.8743149241526821,2026-09-29T17:50:23.045-03:00
UFPR05,39,livre,0.9011591672897339,0.8467306317977549,2026-09-29T17:50:23.045-03:00
UFPR05,4,livre,0.883658230304718,0.6370208893685946,2026-09-29T17:50:23.045-03:00
UFPR05,40,livre,0.8909024000167847,0.7550379545337224,2026-09-29T17:50:23.045-03:00
UFPR05,5,livre,0.8979775309562683,0.6094750352863294,2026-09-29T17:50:23.045-03:00
UFPR05,6,livre,0.8702616691589355,0.6029015028475025,2026-09-29T17:50:23.045-03:00
UFPR05,7,livre,0.9067540168762207,0.6348899601820345,2026-09-29T17:50:23.045-03:00
UFPR05,8,livre,0.8821126222610474,0.6249017939067165,2026-09-29T17:50:23.045-03:00
UFPR05,9,livre,0.8793587684631348,0.5759193841554109,2026-09-29T17:50:23.045-03:00
UFPR05,1,livre,0.8994168043136597,0.5847121210030846,2026-09-29T17:50:23.109-03:00
UFPR05,10,livre,0.9034439325332642,0.6548221765962596,2026-09-29T17:50:23.109-03:00
UFPR05,11,livre,0.895052433013916,0.6248052810739693,2026-09-29T17:50:23.109-03:00
UFPR05,12,livre,0.8913523554801941,0.5897438445408505,2026-09-29T17:50:23.109-03:00
UFPR05,13,livre,0.9103778004646301,0.6353954006557616,2026-09-29T17:50:23.109-03:00
UFPR05,14,livre,0.8934648036956787,0.6371620443721842,2026-09-29T17:50:23.109-03:00
UFPR05,15,livre,0.9247032403945923,0.6474044964141605,2026-09-29T17:50:23.109-03:00
UFPR05,16,livre,0.8974161148071289,0.6355758862660393,2026-09-29T17:50:23.109-03:00
UFPR05,17,livre,0.8958463072776794,0.5858970744093644,2026-09-29T17:50:23.109-03:00
UFPR05,18,livre,0.8691101670265198,0.5534349477491327,2026-09-29T17:50:23.109-03:00
UFPR05,19,livre,0.8841772675514221,0.5762927292663022,2026-09-29T17:50:23.109-03:00
UFPR05,2,livre,0.9246246218681335,0.5859394611677161,2026-09-29T17:50:23.109-03:00
UFPR05,20,livre,0.8641378879547119,0.6164606458354559,2026-09-29T17:50:23.109-03:00
UFPR05,21,livre,0.919837474822998,0.7845426604016988,2026-09-29T17:50:23.109-03:00
UFPR05,22,livre,0.9087799787521362,0.7480458531390466,2026-09-29T17:50:23.109-03:00
UFPR05,23,livre,0.9173007607460022,0.7648305181801416,2026-09-29T17:50:23.109-03:00
UFPR05,24,livre,0.898996114730835,0.7124042886882318,2026-09-29T17:50:23.109-03:00
UFPR05,25,livre,0.8988839387893677,0.6602847796830565,2026-09-29T17:50:23.109-03:00
UFPR05,26,livre,0.9213786125183105,0.5945938347309558,2026-09-29T17:50:23.109-03:00
UFPR05,27,livre,0.9110918045043945,0.5462509989155845,2026-09-29T17:50:23.109-03:00
UFPR05,28,livre,0.8732048869132996,0.5316907320070822,2026-09-29T17:50:23.109-03:00
UFPR05,29,livre,0.906082034111023,0.5516586081988915,2026-09-29T17:50:23.109-03:00
UFPR05,3,livre,0.9031832814216614,0.6324805553348924,2026-09-29T17:50:23.109-03:00
UFPR05,30,livre,0.9188114404678345,0.6616642954232268,2026-09-29T17:50:23.109-03:00
UFPR05,31,livre,0.9046772718429565,0.6575047308215299,2026-09-29T17:50:23.109-03:00
UFPR05,32,livre,0.8809237480163574,0.7866176026215903,2026-09-29T17:50:23.109-03:00
UFPR05,33,livre,0.8869731426239014,0.8253487461484489,2026-09-29T17:50:23.109-03:00
UFPR05,34,livre,0.8475172519683838,0.8328417928908509,2026-09-29T17:50:23.109-03:00
UFPR05,35,livre,0.8112010955810547,0.8597117529668201,2026-09-29T17:50:23.109-03:00
UFPR05,36,livre,0.8657618165016174,0.8471850252862243,2026-09-29T17:50:23.109-03:00
UFPR05,37,livre,0.8406375050544739,0.8404946278432007,2026-09-29T17:50:23.109-03:00
UFPR05,38,livre,0.8944118022918701,0.8743654224924148,2026-09-29T17:50:23.109-03:00
UFPR05,39,livre,0.9126780033111572,0.834689973238366,2026-09-29T17:50:23.109-03:00
UFPR05,4,livre,0.8842705488204956,0.6377509446545013,2026-09-29T17:50:23.109-03:00
UFPR05,40,livre,0.8778764605522156,0.7584047925035818,2026-09-29T17:50:23.109-03:00
UFPR05,5,livre,0.9001508355140686,0.6041963569429529,2026-09-29T17:50:23.109-03:00
UFPR05,6,livre,0.8667709827423096,0.6035428511228679,2026-09-29T17:50:23.109-03:00
UFPR05,7,livre,0.9020065069198608,0.6251959613142813,2026-09-29T17:50:23.109-03:00
UFPR05,8,livre,0.8788483738899231,0.620299102129446,2026-09-29T17:50:23.109-03:00
UFPR05,9,livre,0.8876976370811462,0.5736473450226114,2026-09-29T17:50:23.109-03:00
UFPR05,1,livre,0.9031361937522888,0.5795137862228853,2026-09-29T17:50:23.207-03:00
UFPR05,10,livre,0.9049123525619507,0.6701930312795564,2026-09-29T17:50:23.207-03:00
UFPR05,11,livre,0.9166865944862366,0.606986333045726,2026-09-29T17:50:23.207-03:00
UFPR05,12,livre,0.8864149451255798,0.5941147181356663,2026-09-29T17:50:23.207-03:00
UFPR05,13,livre,0.9235446453094482,0.6390758609269168,2026-09-29T17:50:23.207-03:00
UFPR05,14,livre,0.8849300146102905,0.6309616012854823,2026-09-29T17:50:23.207-03:00
UFPR05,15,livre,0.9192472100257874,0.6469158886120246,2026-09-29T17:50:23.207-03:00
UFPR05,16,livre,0.897357165813446,0.6285125592118586,2026-09-29T17:50:23.207-03:00
UFPR05,17,livre,0.8881381750106812,0.5716809443102492,2026-09-29T17:50:23.207-03:00
UFPR05,18,livre,0.8869479894638062,0.5662233110612751,2026-09-29T17:50:23.207-03:00
UFPR05,19,livre,0.8739779591560364,0.5822788472006801,2026-09-29T17:50:23.207-03:00
UFPR05,2,livre,0.9268220663070679,0.5811799189190828,2026-09-29T17:50:23.207-03:00
UFPR05,20,livre,0.8592268824577332,0.6237198664312972,2026-09-29T17:50:23.207-03:00
UFPR05,21,livre,0.9228454828262329,0.7787971388168028,2026-09-29T17:50:23.207-03:00
UFPR05,22,livre,0.8939706087112427,0.7388943524554185,2026-09-29T17:50:23.207-03:00
UFPR05,23,livre,0.9298748970031738,0.7586544692241055,2026-09-29T17:50:23.207-03:00
UFPR05,24,livre,0.9044122099876404,0.7177597576249429,2026-09-29T17:50:23.207-03:00
UFPR05,25,livre,0.8861154913902283,0.6591975575174688,2026-09-29T17:50:23.207-03:00
UFPR05,26,livre,0.9179103374481201,0.5789562761498183,2026-09-29T17:50:23.207-03:00
UFPR05,27,livre,0.9017512798309326,0.5512273036598465,2026-09-29T17:50:23.207-03:00
UFPR05,28,livre,0.858191192150116,0.5604962464196125,2026-09-29T17:50:23.207-03:00
UFPR05,29,livre,0.9110642671585083,0.568744564842986,2026-09-29T17:50:23.207-03:00
UFPR05,3,livre,0.9029776453971863,0.6227577477180268,2026-09-29T17:50:23.207-03:00
UFPR05,30,livre,0.9178506731987,0.6858105203213196,2026-09-29T17:50:23.207-03:00
UFPR05,31,livre,0.9145904183387756,0.6685105647535557,2026-09-29T17:50:23.207-03:00
UFPR05,32,livre,0.8850336074829102,0.7638651957651392,2026-09-29T17:50:23.207-03:00
UFPR05,33,livre,0.8861114382743835,0.808481158251629,2026-09-29T17:50:23.207-03:00
UFPR05,34,livre,0.8582843542098999,0.8346357076905295,2026-09-29T17:50:23.207-03:00
UFPR05,35,livre,0.8547067046165466,0.8573546576154913,2026-09-29T17:50:23.207-03:00
UFPR05,36,livre,0.8464099168777466,0.8863071479903,2026-09-29T17:50:23.207-03:00
UFPR05,37,livre,0.8506823182106018,0.847543838641436,2026-09-29T17:50:23.207-03:00
UFPR05,38,livre,0.9010270833969116,0.8609284256299987,2026-09-29T17:50:23.207-03:00
UFPR05,39,livre,0.9054030179977417,0.8323567903884119,2026-09-29T17:50:23.207-03:00
UFPR05,4,livre,0.8867584466934204,0.6379793801698072,2026-09-29T17:50:23.207-03:00
UFPR05,40,livre,0.8842078447341919,0.7799052186177567,2026-09-29T17:50:23.207-03:00
UFPR05,5,livre,0.899999737739563,0.5927929761390796,2026-09-29T17:50:23.207-03:00
UFPR05,6,livre,0.8615941405296326,0.6005597054015293,2026-09-29T17:50:23.207-03:00
UFPR05,7,livre,0.9108027219772339,0.6307509545332941,2026-09-29T17:50:23.207-03:00
UFPR05,8,livre,0.8785515427589417,0.6416563762795475,2026-09-29T17:50:23.207-03:00
UFPR05,9,livre,0.8841109275817871,0.5724750233334761,2026-09-29T17:50:23.207-03:00
UFPR05,1,livre,0.9091097116470337,0.5815668735959998,2026-09-29T17:50:23.277-03:00
UFPR05,10,livre,0.8997452259063721,0.6567530367866367,2026-09-29T17:50:23.277-03:00
UFPR05,11,livre,0.9122970700263977,0.617525919477257,2026-09-29T17:50:23.277-03:00
UFPR05,12,livre,0.880616307258606,0.5979249119573246,2026-09-29T17:50:23.277-03:00
UFPR05,13,livre,0.8990226984024048,0.621014925910945,2026-09-29T17:50:23.277-03:00
UFPR05,14,livre,0.888032853603363,0.6274943493106678,2026-09-29T17:50:23.277-03:00
UFPR05,15,livre,0.899005651473999,0.6434767551554492,2026-09-29T17:50:23.277-03:00
UFPR05,16,livre,0.8952536582946777,0.641354281417639,2026-09-29T17:50:23.277-03:00
UFPR05,17,livre,0.8824495673179626,0.5763650943394174,2026-09-29T17:50:23.277-03:00
UFPR05,18,livre,0.8797239661216736,0.5575515355196978,2026-09-29T17:50:23.277-03:00
UFPR05,19,livre,0.8802961707115173,0.5833061759591742,2026-09-29T17:50:23.277-03:00
UFPR05,2,livre,0.9233452081680298,0.5824910317748102,2026-09-29T17:50:23.277-03:00
UFPR05,20,livre,0.8559786677360535,0.6095192708416284,2026-09-29T17:50:23.277-03:00
UFPR05,21,livre,0.913612961769104,0.7781324399442618,2026-09-29T17:50:23.277-03:00
UFPR05,22,livre,0.8919381499290466,0.7349885421313573,2026-09-29T17:50:23.277-03:00
UFPR05,23,livre,0.9124372005462646,0.7538002742155507,2026-09-29T17:50:23.277-03:00
UFPR05,24,livre,0.9117193222045898,0.7032742906302919,2026-09-29T17:50:23.277-03:00
UFPR05,25,livre,0.8929453492164612,0.6401051140678578,2026-09-29T17:50:23.277-03:00
UFPR05,26,livre,0.9159333109855652,0.5870270393175513,2026-09-29T17:50:23.277-03:00
UFPR05,27,livre,0.9118662476539612,0.5368621435839205,2026-09-29T17:50:23.277-03:00
UFPR05,28,livre,0.8569726347923279,0.5651255609569238,2026-09-29T17:50:23.277-03:00
UFPR05,29,livre,0.9039006233215332,0.563930086421238,2026-09-29T17:50:23.277-03:00
UFPR05,3,livre,0.8985767960548401,0.6252083746172408,2026-09-29T17:50:23.277-03:00
UFPR05,30,livre,0.9037948250770569,0.6806823651971975,2026-09-29T17:50:23.277-03:00
UFPR05,31,livre,0.9086243510246277,0.6443270619399876,2026-09-29T17:50:23.277-03:00
UFPR05,32,livre,0.8847514390945435,0.8058486068399511,2026-09-29T17:50:23.277-03:00
UFPR05,33,livre,0.8852484226226807,0.8097412373006474,2026-09-29T17:50:23.277-03:00
UFPR05,34,livre,0.8547897338867188,0.8406855440843479,2026-09-29T17:50:23.277-03:00
UFPR05,35,livre,0.859889566898346,0.8727535594218798,2026-09-29T17:50:23.277-03:00
UFPR05,36,livre,0.8356910347938538,0.9019403803702811,2026-09-29T17:50:23.277-03:00
UFPR05,37,livre,0.8473764061927795,0.8503918743738638,2026-09-29T17:50:23.277-03:00
UFPR05,38,livre,0.8985227346420288,0.8623386282273813,2026-09-29T17:50:23.277-03:00
UFPR05,39,livre,0.895867645740509,0.8349157373032468,2026-09-29T17:50:23.277-03:00
UFPR05,4,livre,0.893948495388031,0.6411129195051243,2026-09-29T17:50:23.277-03:00
UFPR05,40,livre,0.886500895023346,0.7593743341798417,2026-09-29T17:50:23.277-03:00
UFPR05,5,livre,0.8963071703910828,0.5933897915336424,2026-09-29T17:50:23.277-03:00
UFPR05,6,livre,0.8662117123603821,0.6004340087667813,2026-09-29T17:50:23.277-03:00
UFPR05,7,livre,0.902955949306488,0.6301215279022405,2026-09-29T17:50:23.277-03:00
UFPR05,8,livre,0.8797770142555237,0.6400499280077053,2026-09-29T17:50:23.277-03:00
UFPR05,9,livre,0.8788428902626038,0.5802206909751284,2026-09-29T17:50:23.277-03:00
UFPR05,1,livre,0.911454975605011,0.5825662679286161,2026-09-29T17:50:23.339-03:00
UFPR05,10,livre,0.9563626646995544,0.6805397625443891,2026-09-29T17:50:23.339-03:00
UFPR05,11,livre,0.9141170382499695,0.6370167774402001,2026-09-29T17:50:23.339-03:00
UFPR05,12,livre,0.8829752802848816,0.5997391927345362,2026-09-29T17:50:23.339-03:00
UFPR05,13,livre,0.9109138250350952,0.6353687720972468,2026-09-29T17:50:23.339-03:00
UFPR05,14,livre,0.8945152163505554,0.6374903028761452,2026-09-29T17:50:23.339-03:00
UFPR05,15,livre,0.8838086724281311,0.6411727446644052,2026-09-29T17:50:23.339-03:00
UFPR05,16,livre,0.8950406908988953,0.6466802321653775,2026-09-29T17:50:23.339-03:00
UFPR05,17,livre,0.8864336609840393,0.5688664857744613,2026-09-29T17:50:23.339-03:00
UFPR05,18,livre,0.8773457407951355,0.5583711112898223,2026-09-29T17:50:23.339-03:00
UFPR05,19,livre,0.8881113529205322,0.579230178278527,2026-09-29T17:50:23.339-03:00
UFPR05,2,livre,0.9259931445121765,0.5838342989352244,2026-09-29T17:50:23.339-03:00
UFPR05,20,livre,0.8663150072097778,0.6015607871597666,2026-09-29T17:50:23.339-03:00
UFPR05,21,livre,0.919834554195404,0.7820713091333704,2026-09-29T17:50:23.339-03:00
UFPR05,22,livre,0.8900861740112305,0.7522011733658088,2026-09-29T17:50:23.339-03:00
UFPR05,23,livre,0.910009503364563,0.7363429741206531,2026-09-29T17:50:23.339-03:00
UFPR05,24,livre,0.9024224877357483,0.7392780806932931,2026-09-29T17:50:23.339-03:00
UFPR05,25,livre,0.8974588513374329,0.6513362383602523,2026-09-29T17:50:23.339-03:00
UFPR05,26,livre,0.9229134917259216,0.6089918576394414,2026-09-29T17:50:23.339-03:00
UFPR05,27,livre,0.9040762782096863,0.5502196269833716,2026-09-29T17:50:23.339-03:00
UFPR05,28,livre,0.8638516664505005,0.5733341090280577,2026-09-29T17:50:23.339-03:00
UFPR05,29,livre,0.9099226593971252,0.5792591369086715,2026-09-29T17:50:23.339-03:00
UFPR05,3,livre,0.9044583439826965,0.6283945129196602,2026-09-29T17:50:23.339-03:00
UFPR05,30,livre,0.9012302756309509,0.6973475181940904,2026-09-29T17:50:23.339-03:00
UFPR05,31,livre,0.9179980158805847,0.6615219811772887,2026-09-29T17:50:23.339-03:00
UFPR05,32,livre,0.8709638118743896,0.7640666840947186,2026-09-29T17:50:23.339-03:00
UFPR05,33,livre,0.8848730325698853,0.8053144143570458,2026-09-29T17:50:23.339-03:00
UFPR05,34,livre,0.8563536405563354,0.8533312029213134,2026-09-29T17:50:23.339-03:00
UFPR05,35,livre,0.8500679135322571,0.8683445797510204,2026-09-29T17:50:23.339-03:00
UFPR05,36,livre,0.8373779058456421,0.8800542548474077,2026-09-29T17:50:23.339-03:00
UFPR05,37,livre,0.8632374405860901,0.8522802638075981,2026-09-29T17:50:23.339-03:00
UFPR05,38,livre,0.8890605568885803,0.8693124413131887,2026-09-29T17:50:23.339-03:00
UFPR05,39,livre,0.9038207530975342,0.8401478028576077,2026-09-29T17:50:23.339-03:00
UFPR05,4,livre,0.8951345086097717,0.6421539489131391,2026-09-29T17:50:23.339-03:00
UFPR05,40,livre,0.8976835608482361,0.7618563044983732,2026-09-29T17:50:23.339-03:00
UFPR05,5,livre,0.8995450139045715,0.5905700645349907,2026-09-29T17:50:23.339-03:00
UFPR05,6,livre,0.8790593147277832,0.604112321399803,2026-09-29T17:50:23.339-03:00
UFPR05,7,livre,0.9003483653068542,0.6378719324226471,2026-09-29T17:50:23.339-03:00
UFPR05,8,livre,0.8925828337669373,0.645698423127919,2026-09-29T17:50:23.339-03:00
UFPR05,9,livre,0.894762396812439,0.5832727528500049,2026-09-29T17:50:23.339-03:00
UFPR05,1,livre,0.905946671962738,0.5825611189644528,2026-09-29T17:50:23.406-03:00
UFPR05,10,livre,0.9506067037582397,0.669426037482836,2026-09-29T17:50:23.406-03:00
UFPR05,11,livre,0.9089023470878601,0.6342286279156721,2026-09-29T17:50:23.406-03:00
UFPR05,12,livre,0.878413200378418,0.6041510814967963,2026-09-29T17:50:23.406-03:00
UFPR05,13,livre,0.9019810557365417,0.6237472288764279,2026-09-29T17:50:23.406-03:00
UFPR05,14,livre,0.8880143761634827,0.6400611452415783,2026-09-29T17:50:23.406-03:00
UFPR05,15,livre,0.8942163586616516,0.6433883741763409,2026-09-29T17:50:23.406-03:00
UFPR05,16,livre,0.900115430355072,0.643710937055118,2026-09-29T17:50:23.406-03:00
UFPR05,17,livre,0.8882459402084351,0.5655496492629593,2026-09-29T17:50:23.406-03:00
UFPR05,18,livre,0.8687980771064758,0.5524610232054186,2026-09-29T17:50:23.406-03:00
UFPR05,19,livre,0.8815906047821045,0.5816585875691176,2026-09-29T17:50:23.406-03:00
UFPR05,2,livre,0.9293138980865479,0.5812190522143301,2026-09-29T17:50:23.406-03:00
UFPR05,20,livre,0.8691442012786865,0.6069954208588862,2026-09-29T17:50:23.406-03:00
UFPR05,21,livre,0.9237531423568726,0.7759764288436182,2026-09-29T17:50:23.406-03:00
UFPR05,22,livre,0.892623245716095,0.7629204823136927,2026-09-29T17:50:23.406-03:00
UFPR05,23,livre,0.90913325548172,0.751076355835609,2026-09-29T17:50:23.406-03:00
UFPR05,24,livre,0.896906316280365,0.7317830223806885,2026-09-29T17:50:23.406-03:00
UFPR05,25,livre,0.8876888155937195,0.6525469169555264,2026-09-29T17:50:23.406-03:00
UFPR05,26,livre,0.917853057384491,0.6109368818167852,2026-09-29T17:50:23.406-03:00
UFPR05,27,livre,0.9081774353981018,0.5511218938144914,2026-09-29T17:50:23.406-03:00
UFPR05,28,livre,0.8534005880355835,0.5717375552386434,2026-09-29T17:50:23.406-03:00
UFPR05,29,livre,0.9143226146697998,0.5778182959532006,2026-09-29T17:50:23.406-03:00
UFPR05,3,livre,0.910601019859314,0.6290884562344591,2026-09-29T17:50:23.406-03:00
UFPR05,30,livre,0.8963268399238586,0.7030259939771594,2026-09-29T17:50:23.406-03:00
UFPR05,31,livre,0.9198371171951294,0.6791525483655508,2026-09-29T17:50:23.406-03:00
UFPR05,32,livre,0.8874819278717041,0.7856298316187897,2026-09-29T17:50:23.406-03:00
UFPR05,33,livre,0.8798788189888,0.8034820771696579,2026-09-29T17:50:23.406-03:00
UFPR05,34,livre,0.8708889484405518,0.8193814327866101,2026-09-29T17:50:23.406-03:00
UFPR05,35,livre,0.834725558757782,0.8680186250381989,2026-09-29T17:50:23.406-03:00
UFPR05,36,livre,0.8615506887435913,0.910967256619736,2026-09-29T17:50:23.406-03:00
UFPR05,37,livre,0.8573996424674988,0.8387517794396583,2026-09-29T17:50:23.406-03:00
UFPR05,38,livre,0.8371973037719727,0.8187077407405507,2026-09-29T17:50:23.406-03:00
UFPR05,39,livre,0.9099004864692688,0.8387215722898219,2026-09-29T17:50:23.406-03:00
UFPR05,4,livre,0.891602635383606,0.6423464524946065,2026-09-29T17:50:23.406-03:00
UFPR05,40,livre,0.8986404538154602,0.7734708802075896,2026-09-29T17:50:23.406-03:00
UFPR05,5,livre,0.9007213711738586,0.5886306398205611,2026-09-29T17:50:23.406-03:00
UFPR05,6,livre,0.8772774934768677,0.5964460188733616,2026-09-29T17:50:23.406-03:00
UFPR05,7,livre,0.9013143181800842,0.6361578367276299,2026-09-29T17:50:23.406-03:00
UFPR05,8,livre,0.8797377943992615,0.6446372802705267,2026-09-29T17:50:23.406-03:00
UFPR05,9,livre,0.884952187538147,0.5680877356596196,2026-09-29T17:50:23.406-03:00
UFPR05,1,livre,0.9134656190872192,0.5833872191645005,2026-09-29T17:50:23.472-03:00
UFPR05,10,ocupada,0.9466041326522827,0.6382951738010556,2026-09-29T17:50:23.472-03:00
UFPR05,11,livre,0.9184505343437195,0.6232164649899155,2026-09-29T17:50:23.472-03:00
UFPR05,12,livre,0.8855117559432983,0.6056856379541877,2026-09-29T17:50:23.472-03:00
UFPR05,13,livre,0.9144077897071838,0.6486252183098857,2026-09-29T17:50:23.472-03:00
UFPR05,14,livre,0.8853598833084106,0.636325945817465,2026-09-29T17:50:23.472-03:00
UFPR05,15,livre,0.8874313235282898,0.6465932024149916,2026-09-29T17:50:23.472-03:00
UFPR05,16,livre,0.8902604579925537,0.6378570741075196,2026-09-29T17:50:23.472-03:00
UFPR05,17,livre,0.889194667339325,0.568126395175355,2026-09-29T17:50:23.472-03:00
UFPR05,18,livre,0.8827648162841797,0.5545426815407561,2026-09-29T17:50:23.472-03:00
UFPR05,19,livre,0.8753281235694885,0.5868122811011769,2026-09-29T17:50:23.472-03:00
UFPR05,2,livre,0.9265457391738892,0.585764341918256,2026-09-29T17:50:23.472-03:00
UFPR05,20,livre,0.8605999946594238,0.612853775374711,2026-09-29T17:50:23.472-03:00
UFPR05,21,livre,0.9110257029533386,0.7723338398209152,2026-09-29T17:50:23.472-03:00
UFPR05,22,livre,0.9091126918792725,0.7611823829646275,2026-09-29T17:50:23.472-03:00
UFPR05,23,livre,0.9246655106544495,0.7650247227710694,2026-09-29T17:50:23.472-03:00
UFPR05,24,livre,0.8935478925704956,0.7308045418190829,2026-09-29T17:50:23.472-03:00
UFPR05,25,livre,0.8852970004081726,0.6558316889376976,2026-09-29T17:50:23.472-03:00
UFPR05,26,livre,0.9209686517715454,0.6000696369871332,2026-09-29T17:50:23.472-03:00
UFPR05,27,livre,0.9122394323348999,0.5477127406042525,2026-09-29T17:50:23.472-03:00
UFPR05,28,livre,0.8680249452590942,0.5801125926077413,2026-09-29T17:50:23.472-03:00
UFPR05,29,livre,0.9092841148376465,0.5788999908988625,2026-09-29T17:50:23.472-03:00
UFPR05,3,livre,0.9011743068695068,0.6254316418500814,2026-09-29T17:50:23.472-03:00
UFPR05,30,livre,0.8911009430885315,0.6857324426930285,2026-09-29T17:50:23.472-03:00
UFPR05,31,livre,0.9101858735084534,0.6626769038031078,2026-09-29T17:50:23.472-03:00
UFPR05,32,livre,0.8847417235374451,0.7668110268548527,2026-09-29T17:50:23.472-03:00
UFPR05,33,livre,0.8854948282241821,0.8072474251211106,2026-09-29T17:50:23.472-03:00
UFPR05,34,livre,0.8538011312484741,0.8412557108879866,2026-09-29T17:50:23.472-03:00
UFPR05,35,livre,0.85503751039505,0.8627835748268176,2026-09-29T17:50:23.472-03:00
UFPR05,36,livre,0.8492216467857361,0.8997878456474775,2026-09-29T17:50:23.472-03:00
UFPR05,37,livre,0.8730384111404419,0.8537964364840988,2026-09-29T17:50:23.472-03:00
UFPR05,38,livre,0.8485597372055054,0.8190487883123689,2026-09-29T17:50:23.472-03:00
UFPR05,39,livre,0.9290716052055359,0.8307406190376978,2026-09-29T17:50:23.472-03:00
UFPR05,4,livre,0.8870205283164978,0.6532237955060228,2026-09-29T17:50:23.472-03:00
UFPR05,40,livre,0.8771663904190063,0.7673074740269037,2026-09-29T17:50:23.472-03:00
UFPR05,5,livre,0.8962466716766357,0.5958917386710562,2026-09-29T17:50:23.472-03:00
UFPR05,6,livre,0.8926476240158081,0.6051545177779478,2026-09-29T17:50:23.472-03:00
UFPR05,7,livre,0.9105419516563416,0.6323602539472997,2026-09-29T17:50:23.472-03:00
UFPR05,8,livre,0.9136105179786682,0.6439516465617713,2026-09-29T17:50:23.472-03:00
UFPR05,9,livre,0.8718715310096741,0.6031196432559148,2026-09-29T17:50:23.472-03:00
UFPR05,1,livre,0.8736234307289124,0.5650963337867453,2026-09-29T17:50:23.543-03:00
UFPR05,10,ocupada,0.93415766954422,0.6508411545451458,2026-09-29T17:50:23.543-03:00
UFPR05,11,livre,0.89045649766922,0.6113743602962936,2026-09-29T17:50:23.543-03:00
UFPR05,12,livre,0.8734636902809143,0.6027398313704115,2026-09-29T17:50:23.543-03:00
UFPR05,13,livre,0.8792627453804016,0.6571909877191972,2026-09-29T17:50:23.543-03:00
UFPR05,14,livre,0.890500545501709,0.6426879882593459,2026-09-29T17:50:23.543-03:00
UFPR05,15,livre,0.8504550457000732,0.6490554016907099,2026-09-29T17:50:23.543-03:00
UFPR05,16,livre,0.8978171348571777,0.6338836757609112,2026-09-29T17:50:23.543-03:00
UFPR05,17,livre,0.896584153175354,0.5705412860468368,2026-09-29T17:50:23.543-03:00
UFPR05,18,livre,0.8865577578544617,0.5620954142748005,2026-09-29T17:50:23.543-03:00
UFPR05,19,livre,0.8782715797424316,0.5873053129030916,2026-09-29T17:50:23.543-03:00
UFPR05,2,livre,0.9129836559295654,0.580518030633443,2026-09-29T17:50:23.543-03:00
UFPR05,20,livre,0.8475448489189148,0.6151206441527495,2026-09-29T17:50:23.543-03:00
UFPR05,21,livre,0.8583903908729553,0.7790311223971511,2026-09-29T17:50:23.543-03:00
UFPR05,22,livre,0.8968527317047119,0.7473897988211659,2026-09-29T17:50:23.543-03:00
UFPR05,23,livre,0.9133234024047852,0.7451841792198556,2026-09-29T17:50:23.543-03:00
UFPR05,24,livre,0.8872215747833252,0.7312741366209136,2026-09-29T17:50:23.543-03:00
UFPR05,25,livre,0.880636990070343,0.6660185623207394,2026-09-29T17:50:23.543-03:00
UFPR05,26,livre,0.9173030257225037,0.607565872795822,2026-09-29T17:50:23.543-03:00
UFPR05,27,livre,0.9071540832519531,0.5545225794781694,2026-09-29T17:50:23.543-03:00
UFPR05,28,livre,0.857073962688446,0.5789084739516586,2026-09-29T17:50:23.543-03:00
UFPR05,29,livre,0.9096348285675049,0.5785639700624506,2026-09-29T17:50:23.543-03:00
UFPR05,3,livre,0.9044167995452881,0.6230404818206212,2026-09-29T17:50:23.543-03:00
UFPR05,30,livre,0.8544214367866516,0.625378049555359,2026-09-29T17:50:23.543-03:00
UFPR05,31,livre,0.8990569710731506,0.6876047576076398,2026-09-29T17:50:23.543-03:00
UFPR05,32,livre,0.8947920799255371,0.7457774553257416,2026-09-29T17:50:23.543-03:00
UFPR05,33,livre,0.8837702870368958,0.8324222039300041,2026-09-29T17:50:23.543-03:00
UFPR05,34,livre,0.860226035118103,0.8238212381870138,2026-09-29T17:50:23.543-03:00
UFPR05,35,livre,0.8460468053817749,0.8639346657889766,2026-09-29T17:50:23.543-03:00
UFPR05,36,livre,0.8451841473579407,0.8740640456282953,2026-09-29T17:50:23.543-03:00
UFPR05,37,livre,0.8585476279258728,0.8577158974578868,2026-09-29T17:50:23.543-03:00
UFPR05,38,ocupada,0.8435688614845276,0.8034615185035189,2026-09-29T17:50:23.543-03:00
UFPR05,39,livre,0.8615128397941589,0.8228435497726994,2026-09-29T17:50:23.543-03:00
UFPR05,4,livre,0.8917281627655029,0.6435912249765098,2026-09-29T17:50:23.543-03:00
UFPR05,40,livre,0.8391131162643433,0.8043699604810579,2026-09-29T17:50:23.543-03:00
UFPR05,5,livre,0.8944084644317627,0.603959002244374,2026-09-29T17:50:23.543-03:00
UFPR05,6,livre,0.8908675909042358,0.6049424556993136,2026-09-29T17:50:23.543-03:00
UFPR05,7,livre,0.9057953357696533,0.6235073661945835,2026-09-29T17:50:23.543-03:00
UFPR05,8,livre,0.8999009728431702,0.6585988028170459,2026-09-29T17:50:23.543-03:00
UFPR05,9,livre,0.8768176436424255,0.6023759547162216,2026-09-29T17:50:23.543-03:00
UFPR05,1,livre,0.8391903638839722,0.5419012235587084,2026-09-29T17:50:23.605-03:00
UFPR05,10,ocupada,0.9295122027397156,0.6594677613537949,2026-09-29T17:50:23.605-03:00
UFPR05,11,livre,0.8843092322349548,0.6212994506380335,2026-09-29T17:50:23.605-03:00
UFPR05,12,livre,0.8588868379592896,0.5983209654027151,2026-09-29T17:50:23.605-03:00
UFPR05,13,livre,0.8824719190597534,0.6350865501515875,2026-09-29T17:50:23.605-03:00
UFPR05,14,livre,0.8882664442062378,0.637401619035614,2026-09-29T17:50:23.605-03:00
UFPR05,15,livre,0.8692150115966797,0.6424036352535633,2026-09-29T17:50:23.605-03:00
UFPR05,16,livre,0.8884910345077515,0.6312424694179556,2026-09-29T17:50:23.605-03:00
UFPR05,17,livre,0.8734696507453918,0.5872868406666097,2026-09-29T17:50:23.605-03:00
UFPR05,18,livre,0.8685446381568909,0.5658657075385463,2026-09-29T17:50:23.605-03:00
UFPR05,19,livre,0.8717342615127563,0.5909087019439647,2026-09-29T17:50:23.605-03:00
UFPR05,2,livre,0.8930878639221191,0.6198902439430987,2026-09-29T17:50:23.605-03:00
UFPR05,20,livre,0.8501065969467163,0.6176272850293947,2026-09-29T17:50:23.605-03:00
UFPR05,21,livre,0.8769296407699585,0.7697435780446902,2026-09-29T17:50:23.605-03:00
UFPR05,22,livre,0.8618779182434082,0.7411167700747971,2026-09-29T17:50:23.605-03:00
UFPR05,23,livre,0.8345658779144287,0.7439611822424761,2026-09-29T17:50:23.605-03:00
UFPR05,24,livre,0.8890569806098938,0.7121784175253801,2026-09-29T17:50:23.605-03:00
UFPR05,25,livre,0.881759524345398,0.6456506260764113,2026-09-29T17:50:23.605-03:00
UFPR05,26,livre,0.9197269678115845,0.6014447844257799,2026-09-29T17:50:23.605-03:00
UFPR05,27,livre,0.887102484703064,0.5593888687148133,2026-09-29T17:50:23.605-03:00
UFPR05,28,livre,0.9423573613166809,0.5722400032921949,2026-09-29T17:50:23.605-03:00
UFPR05,29,livre,0.9125797152519226,0.5625102877756829,2026-09-29T17:50:23.605-03:00
UFPR05,3,livre,0.9127802848815918,0.6272035269884834,2026-09-29T17:50:23.605-03:00
UFPR05,30,livre,0.8693493008613586,0.6298080670450577,2026-09-29T17:50:23.605-03:00
UFPR05,31,livre,0.8938742876052856,0.6640791591266274,2026-09-29T17:50:23.605-03:00
UFPR05,32,livre,0.87477046251297,0.7556952304042074,2026-09-29T17:50:23.605-03:00
UFPR05,33,livre,0.8835358023643494,0.8263245252511912,2026-09-29T17:50:23.605-03:00
UFPR05,34,livre,0.8592726588249207,0.8505684440463706,2026-09-29T17:50:23.605-03:00
UFPR05,35,livre,0.8396620154380798,0.8657944127835219,2026-09-29T17:50:23.605-03:00
UFPR05,36,livre,0.8486525416374207,0.8324622387933684,2026-09-29T17:50:23.605-03:00
UFPR05,37,livre,0.8668822646141052,0.8395604729221436,2026-09-29T17:50:23.605-03:00
UFPR05,38,ocupada,0.8389167785644531,0.8298273943356037,2026-09-29T17:50:23.605-03:00
UFPR05,39,ocupada,0.8702302575111389,0.8167640881675123,2026-09-29T17:50:23.605-03:00
UFPR05,4,livre,0.8913317918777466,0.6318932508538039,2026-09-29T17:50:23.605-03:00
UFPR05,40,livre,0.8599874377250671,0.8067282349012523,2026-09-29T17:50:23.605-03:00
UFPR05,5,livre,0.8988011479377747,0.596322513884213,2026-09-29T17:50:23.605-03:00
UFPR05,6,livre,0.8859390616416931,0.5942850754880276,2026-09-29T17:50:23.605-03:00
UFPR05,7,livre,0.8999741077423096,0.620510608833652,2026-09-29T17:50:23.605-03:00
UFPR05,8,livre,0.8998125791549683,0.6385239578620866,2026-09-29T17:50:23.605-03:00
UFPR05,9,ocupada,0.8853116631507874,0.5835406924298032,2026-09-29T17:50:23.605-03:00
UFPR05,1,livre,0.8468499779701233,0.551238510325079,2026-09-29T17:50:23.670-03:00
UFPR05,10,ocupada,0.9403027296066284,0.6553652938718287,2026-09-29T17:50:23.670-03:00
UFPR05,11,ocupada,0.8619756102561951,0.6270916094681183,2026-09-29T17:50:23.670-03:00
UFPR05,12,ocupada,0.8537750840187073,0.586800048101418,2026-09-29T17:50:23.670-03:00
UFPR05,13,livre,0.8998459577560425,0.6421529872416915,2026-09-29T17:50:23.670-03:00
UFPR05,14,livre,0.8895329833030701,0.6496845925424232,2026-09-29T17:50:23.670-03:00
UFPR05,15,livre,0.8781063556671143,0.6539434302142111,2026-09-29T17:50:23.670-03:00
UFPR05,16,livre,0.8945131897926331,0.6140929966253768,2026-09-29T17:50:23.670-03:00
UFPR05,17,livre,0.8564563393592834,0.5870278977123515,2026-09-29T17:50:23.670-03:00
UFPR05,18,livre,0.8554413318634033,0.5808483154492914,2026-09-29T17:50:23.670-03:00
UFPR05,19,livre,0.8692477941513062,0.5822318284904134,2026-09-29T17:50:23.670-03:00
UFPR05,2,livre,0.8364682793617249,0.5776488537424718,2026-09-29T17:50:23.670-03:00
UFPR05,20,livre,0.8435848951339722,0.6306301145797393,2026-09-29T17:50:23.670-03:00
UFPR05,21,ocupada,0.8793252110481262,0.7756799996298814,2026-09-29T17:50:23.670-03:00
UFPR05,22,livre,0.8832255601882935,0.7626702119126638,2026-09-29T17:50:23.670-03:00
UFPR05,23,livre,0.8469741344451904,0.750001597331494,2026-09-29T17:50:23.670-03:00
UFPR05,24,livre,0.9001832604408264,0.7297953645112157,2026-09-29T17:50:23.670-03:00
UFPR05,25,livre,0.8978033065795898,0.6682311207756573,2026-09-29T17:50:23.670-03:00
UFPR05,26,livre,0.918239176273346,0.5967762319916543,2026-09-29T17:50:23.670-03:00
UFPR05,27,livre,0.8797973990440369,0.5562126078035038,2026-09-29T17:50:23.670-03:00
UFPR05,28,livre,0.945214033126831,0.5636098548032715,2026-09-29T17:50:23.670-03:00
UFPR05,29,livre,0.9073237180709839,0.5588628043919993,2026-09-29T17:50:23.670-03:00
UFPR05,3,livre,0.8955659866333008,0.6315800967330552,2026-09-29T17:50:23.670-03:00
UFPR05,30,ocupada,0.8541257977485657,0.6313313649162218,2026-09-29T17:50:23.670-03:00
UFPR05,31,livre,0.8972554206848145,0.6063288859921081,2026-09-29T17:50:23.670-03:00
UFPR05,32,livre,0.8755292892456055,0.7948093304844764,2026-09-29T17:50:23.670-03:00
UFPR05,33,livre,0.8906828761100769,0.8285983324836129,2026-09-29T17:50:23.670-03:00
UFPR05,34,livre,0.8504735231399536,0.8418749510411441,2026-09-29T17:50:23.670-03:00
UFPR05,35,livre,0.8605172634124756,0.8671461840665711,2026-09-29T17:50:23.670-03:00
UFPR05,36,livre,0.8536205887794495,0.8483946071967069,2026-09-29T17:50:23.670-03:00
UFPR05,37,livre,0.8517406582832336,0.8554526345029665,2026-09-29T17:50:23.670-03:00
UFPR05,38,ocupada,0.8312789797782898,0.8346579356496244,2026-09-29T17:50:23.670-03:00
UFPR05,39,ocupada,0.8679139614105225,0.8408179591820085,2026-09-29T17:50:23.670-03:00
UFPR05,4,livre,0.8670556545257568,0.6524447319206615,2026-09-29T17:50:23.670-03:00
UFPR05,40,ocupada,0.8534706830978394,0.8017651071785687,2026-09-29T17:50:23.670-03:00
UFPR05,5,livre,0.9035148024559021,0.6100999239337497,2026-09-29T17:50:23.670-03:00
UFPR05,6,livre,0.8798761367797852,0.6035328117046694,2026-09-29T17:50:23.670-03:00
UFPR05,7,livre,0.9055255055427551,0.624771898554346,2026-09-29T17:50:23.670-03:00
UFPR05,8,livre,0.8857941627502441,0.6495123885210778,2026-09-29T17:50:23.670-03:00
UFPR05,9,ocupada,0.8839836716651917,0.6010755195393785,2026-09-29T17:50:23.670-03:00
UFPR05,1,ocupada,0.8350180387496948,0.5477126512562056,2026-09-29T17:50:23.734-03:00
UFPR05,10,ocupada,0.9389804601669312,0.6643681094740189,2026-09-29T17:50:23.734-03:00
UFPR05,11,ocupada,0.8728955984115601,0.6170626442434067,2026-09-29T17:50:23.734-03:00
UFPR05,12,ocupada,0.8628048300743103,0.5998486345365508,2026-09-29T17:50:23.734-03:00
UFPR05,13,livre,0.8968937993049622,0.6376377703430154,2026-09-29T17:50:23.734-03:00
UFPR05,14,livre,0.8312394022941589,0.6050864324092292,2026-09-29T17:50:23.734-03:00
UFPR05,15,livre,0.8552312850952148,0.6382846765164913,2026-09-29T17:50:23.734-03:00
UFPR05,16,ocupada,0.8623771071434021,0.6291474546845722,2026-09-29T17:50:23.734-03:00
UFPR05,17,livre,0.8772555589675903,0.5872949474388998,2026-09-29T17:50:23.734-03:00
UFPR05,18,livre,0.8864333033561707,0.5851145735331615,2026-09-29T17:50:23.734-03:00
UFPR05,19,livre,0.8590134978294373,0.5914157405758069,2026-09-29T17:50:23.734-03:00
UFPR05,2,livre,0.8382527232170105,0.5699079700564396,2026-09-29T17:50:23.734-03:00
UFPR05,20,livre,0.8392389416694641,0.633460636673191,2026-09-29T17:50:23.734-03:00
UFPR05,21,ocupada,0.8762253522872925,0.7901025374091015,2026-09-29T17:50:23.734-03:00
UFPR05,22,livre,0.8408206701278687,0.7504569382341485,2026-09-29T17:50:23.734-03:00
UFPR05,23,ocupada,0.8322324156761169,0.7553288455412748,2026-09-29T17:50:23.734-03:00
UFPR05,24,livre,0.8676285743713379,0.7022037565486722,2026-09-29T17:50:23.734-03:00
UFPR05,25,livre,0.8959096670150757,0.6485377028111765,2026-09-29T17:50:23.734-03:00
UFPR05,26,livre,0.9144777059555054,0.5923471416715871,2026-09-29T17:50:23.734-03:00
UFPR05,27,livre,0.8841284513473511,0.5579829255777488,2026-09-29T17:50:23.734-03:00
UFPR05,28,ocupada,0.9502171277999878,0.5657673443467494,2026-09-29T17:50:23.734-03:00
UFPR05,29,livre,0.9028278589248657,0.5447518119016872,2026-09-29T17:50:23.734-03:00
UFPR05,3,livre,0.9084482192993164,0.624096720900119,2026-09-29T17:50:23.734-03:00
UFPR05,30,ocupada,0.8574130535125732,0.6031312507695193,2026-09-29T17:50:23.734-03:00
UFPR05,31,livre,0.8995294570922852,0.6172719541584378,2026-09-29T17:50:23.734-03:00
UFPR05,32,livre,0.8646832704544067,0.714708196520511,2026-09-29T17:50:23.734-03:00
UFPR05,33,livre,0.849478006362915,0.7647136706313924,2026-09-29T17:50:23.734-03:00
UFPR05,34,livre,0.8500400185585022,0.8788321119823168,2026-09-29T17:50:23.734-03:00
UFPR05,35,livre,0.870518147945404,0.8303698871813865,2026-09-29T17:50:23.734-03:00
UFPR05,36,livre,0.8452202081680298,0.8795737972708555,2026-09-29T17:50:23.734-03:00
UFPR05,37,livre,0.8781613111495972,0.8450861727124008,2026-09-29T17:50:23.734-03:00
UFPR05,38,ocupada,0.8372532725334167,0.8290923395088926,2026-09-29T17:50:23.734-03:00
UFPR05,39,ocupada,0.8275351524353027,0.8260619384683496,2026-09-29T17:50:23.734-03:00
UFPR05,4,livre,0.8898062109947205,0.647671345267278,2026-09-29T17:50:23.734-03:00
UFPR05,40,ocupada,0.840430736541748,0.7988565099900824,2026-09-29T17:50:23.734-03:00
UFPR05,5,livre,0.8730727434158325,0.6134768686857667,2026-09-29T17:50:23.734-03:00
UFPR05,6,livre,0.9022649526596069,0.6194129858658636,2026-09-29T17:50:23.734-03:00
UFPR05,7,livre,0.8956485986709595,0.6246504920928266,2026-09-29T17:50:23.734-03:00
UFPR05,8,ocupada,0.9101245403289795,0.656888802712992,2026-09-29T17:50:23.734-03:00
UFPR05,9,ocupada,0.8814135193824768,0.6029568986990911,2026-09-29T17:50:23.734-03:00
UFPR05,1,ocupada,0.8397935032844543,0.5501641967806771,2026-09-29T17:50:23.801-03:00
UFPR05,10,ocupada,0.9508653283119202,0.6639944773043489,2026-09-29T17:50:23.801-03:00
UFPR05,11,ocupada,0.8733479380607605,0.6253479656643881,2026-09-29T17:50:23.801-03:00
UFPR05,12,ocupada,0.8373203873634338,0.6090697378872203,2026-09-29T17:50:23.801-03:00
UFPR05,13,livre,0.8223691582679749,0.615636201176378,2026-09-29T17:50:23.801-03:00
UFPR05,14,livre,0.8739453554153442,0.6231118089918021,2026-09-29T17:50:23.801-03:00
UFPR05,15,livre,0.8562614917755127,0.6392214567803377,2026-09-29T17:50:23.801-03:00
UFPR05,16,ocupada,0.8617879748344421,0.630021293920259,2026-09-29T17:50:23.801-03:00
UFPR05,17,livre,0.8717265725135803,0.5775385410629931,2026-09-29T17:50:23.801-03:00
UFPR05,18,livre,0.8971287608146667,0.5787903951442972,2026-09-29T17:50:23.801-03:00
UFPR05,19,livre,0.8971316814422607,0.5783039089833519,2026-09-29T17:50:23.801-03:00
UFPR05,2,ocupada,0.8428227305412292,0.5657650915908856,2026-09-29T17:50:23.801-03:00
UFPR05,20,ocupada,0.859187662601471,0.6321436709256585,2026-09-29T17:50:23.801-03:00
UFPR05,21,ocupada,0.8877080678939819,0.7760830119064576,2026-09-29T17:50:23.801-03:00
UFPR05,22,livre,0.8558335900306702,0.742998787514623,2026-09-29T17:50:23.801-03:00
UFPR05,23,ocupada,0.8429785966873169,0.7587592438968497,2026-09-29T17:50:23.801-03:00
UFPR05,24,livre,0.8809955716133118,0.6988747352701326,2026-09-29T17:50:23.801-03:00
UFPR05,25,livre,0.8538455367088318,0.639890382807541,2026-09-29T17:50:23.801-03:00
UFPR05,26,livre,0.8919601440429688,0.6008906792470641,2026-09-29T17:50:23.801-03:00
UFPR05,27,livre,0.8832907676696777,0.5519463717240084,2026-09-29T17:50:23.801-03:00
UFPR05,28,ocupada,0.9459565281867981,0.563525285035768,2026-09-29T17:50:23.801-03:00
UFPR05,29,livre,0.9078900218009949,0.5351277983110597,2026-09-29T17:50:23.801-03:00
UFPR05,3,ocupada,0.9018052816390991,0.6372894058467955,2026-09-29T17:50:23.801-03:00
UFPR05,30,ocupada,0.8595465421676636,0.6107713954454789,2026-09-29T17:50:23.801-03:00
UFPR05,31,ocupada,0.8971832990646362,0.5925340399940625,2026-09-29T17:50:23.801-03:00
UFPR05,32,livre,0.8704693913459778,0.7103213066845557,2026-09-29T17:50:23.801-03:00
UFPR05,33,livre,0.859428882598877,0.6979962736792884,2026-09-29T17:50:23.801-03:00
UFPR05,34,livre,0.8683170676231384,0.8533912908662958,2026-09-29T17:50:23.801-03:00
UFPR05,35,livre,0.8326070308685303,0.8577504764601961,2026-09-29T17:50:23.801-03:00
UFPR05,36,livre,0.8423593044281006,0.8532498305822064,2026-09-29T17:50:23.801-03:00
UFPR05,37,livre,0.8753847479820251,0.8407204801752167,2026-09-29T17:50:23.801-03:00
UFPR05,38,ocupada,0.8545385003089905,0.8344734393112375,2026-09-29T17:50:23.801-03:00
UFPR05,39,ocupada,0.8306920528411865,0.8292304349516538,2026-09-29T17:50:23.801-03:00
UFPR05,4,livre,0.8906751871109009,0.6339579260905276,2026-09-29T17:50:23.801-03:00
UFPR05,40,ocupada,0.8521643877029419,0.8051111438038989,2026-09-29T17:50:23.801-03:00
UFPR05,5,livre,0.8647444844245911,0.6049621707462172,2026-09-29T17:50:23.801-03:00
UFPR05,6,livre,0.9033794403076172,0.5797422008701726,2026-09-29T17:50:23.801-03:00
UFPR05,7,livre,0.8650473356246948,0.6110899111256702,2026-09-29T17:50:23.801-03:00
UFPR05,8,ocupada,0.9160255789756775,0.6572758311142383,2026-09-29T17:50:23.801-03:00
UFPR05,9,ocupada,0.8840230703353882,0.6175682278780511,2026-09-29T17:50:23.801-03:00
UFPR05,1,ocupada,0.8484594821929932,0.5522318582752155,2026-09-29T17:50:23.864-03:00
UFPR05,10,ocupada,0.9383318424224854,0.658865205340906,2026-09-29T17:50:23.864-03:00
UFPR05,11,ocupada,0.8751910924911499,0.621331540945889,2026-09-29T17:50:23.864-03:00
UFPR05,12,ocupada,0.8377729654312134,0.6118143930776656,2026-09-29T17:50:23.864-03:00
UFPR05,13,livre,0.8282912373542786,0.6317049632289877,2026-09-29T17:50:23.864-03:00
UFPR05,14,ocupada,0.8553974032402039,0.6189110998258707,2026-09-29T17:50:23.864-03:00
UFPR05,15,ocupada,0.8688379526138306,0.6361970217013196,2026-09-29T17:50:23.864-03:00
UFPR05,16,ocupada,0.8810880184173584,0.6174304213341789,2026-09-29T17:50:23.864-03:00
UFPR05,17,livre,0.8363959193229675,0.5796842150551547,2026-09-29T17:50:23.864-03:00
UFPR05,18,livre,0.84861820936203,0.5839125836818121,2026-09-29T17:50:23.864-03:00
UFPR05,19,livre,0.8723864555358887,0.5390187501028141,2026-09-29T17:50:23.864-03:00
UFPR05,2,ocupada,0.8470332026481628,0.5774565171210329,2026-09-29T17:50:23.864-03:00
UFPR05,20,ocupada,0.8800503015518188,0.6165417849069904,2026-09-29T17:50:23.864-03:00
UFPR05,21,ocupada,0.8804901242256165,0.7829797563825363,2026-09-29T17:50:23.864-03:00
UFPR05,22,ocupada,0.8527863621711731,0.7396527291563553,2026-09-29T17:50:23.864-03:00
UFPR05,23,ocupada,0.8319149613380432,0.7516601465182535,2026-09-29T17:50:23.864-03:00
UFPR05,24,ocupada,0.8823270797729492,0.7059365361391381,2026-09-29T17:50:23.864-03:00
UFPR05,25,livre,0.8591043949127197,0.6416286466314064,2026-09-29T17:50:23.864-03:00
UFPR05,26,livre,0.8988257050514221,0.595578792045992,2026-09-29T17:50:23.864-03:00
UFPR05,27,ocupada,0.8892284631729126,0.5520590793747807,2026-09-29T17:50:23.864-03:00
UFPR05,28,ocupada,0.9208077192306519,0.5565386136695457,2026-09-29T17:50:23.864-03:00
UFPR05,29,livre,0.8766497373580933,0.5324095162636681,2026-09-29T17:50:23.864-03:00
UFPR05,3,ocupada,0.9026985764503479,0.6300590122313386,2026-09-29T17:50:23.864-03:00
UFPR05,30,ocupada,0.8667005300521851,0.6090764496045477,2026-09-29T17:50:23.864-03:00
UFPR05,31,ocupada,0.8929750919342041,0.5996096489282691,2026-09-29T17:50:23.864-03:00
UFPR05,32,ocupada,0.8726558089256287,0.7230023496628103,2026-09-29T17:50:23.864-03:00
UFPR05,33,ocupada,0.8682354688644409,0.7044130955103013,2026-09-29T17:50:23.864-03:00
UFPR05,34,livre,0.8433966636657715,0.8299328814615191,2026-09-29T17:50:23.864-03:00
UFPR05,35,livre,0.8484012484550476,0.8398787000056482,2026-09-29T17:50:23.864-03:00
UFPR05,36,livre,0.8620384335517883,0.8651755751167978,2026-09-29T17:50:23.864-03:00
UFPR05,37,livre,0.9103599190711975,0.7942858709632202,2026-09-29T17:50:23.864-03:00
UFPR05,38,ocupada,0.8490707278251648,0.8350614054353653,2026-09-29T17:50:23.864-03:00
UFPR05,39,ocupada,0.83744877576828,0.83465446704111,2026-09-29T17:50:23.864-03:00
UFPR05,4,ocupada,0.8958754539489746,0.6242519843831523,2026-09-29T17:50:23.864-03:00
UFPR05,40,ocupada,0.8505021929740906,0.8101866607172366,2026-09-29T17:50:23.864-03:00
UFPR05,5,livre,0.8597159385681152,0.6027861437420077,2026-09-29T17:50:23.864-03:00
UFPR05,6,livre,0.9054695963859558,0.5860859251813529,2026-09-29T17:50:23.864-03:00
UFPR05,7,livre,0.8625752329826355,0.6128942118816352,2026-09-29T17:50:23.864-03:00
UFPR05,8,ocupada,0.9133056402206421,0.6569658287674001,2026-09-29T17:50:23.864-03:00
UFPR05,9,ocupada,0.8802226185798645,0.6074000927906112,2026-09-29T17:50:23.864-03:00
UFPR05,1,ocupada,0.8482674956321716,0.5541207456116118,2026-09-29T17:50:23.931-03:00
UFPR05,10,ocupada,0.9454589486122131,0.6440809183257751,2026-09-29T17:50:23.931-03:00
UFPR05,11,ocupada,0.8602917194366455,0.6205144861616536,2026-09-29T17:50:23.931-03:00
UFPR05,12,ocupada,0.8359131813049316,0.6068677404879743,2026-09-29T17:50:23.931-03:00
UFPR05,13,ocupada,0.8157820105552673,0.619147921106121,2026-09-29T17:50:23.931-03:00
UFPR05,14,ocupada,0.8574581146240234,0.6140788277132868,2026-09-29T17:50:23.931-03:00
UFPR05,15,ocupada,0.8618238568305969,0.6607453275473817,2026-09-29T17:50:23.931-03:00
UFPR05,16,ocupada,0.8800780177116394,0.6194417707753713,2026-09-29T17:50:23.931-03:00
UFPR05,17,livre,0.823900580406189,0.5731766942425354,2026-09-29T17:50:23.931-03:00
UFPR05,18,livre,0.8489397764205933,0.5856779953616001,2026-09-29T17:50:23.931-03:00
UFPR05,19,ocupada,0.8743161559104919,0.5289748186600335,2026-09-29T17:50:23.931-03:00
UFPR05,2,ocupada,0.8360413312911987,0.5640753010809004,2026-09-29T17:50:23.931-03:00
UFPR05,20,ocupada,0.8602713942527771,0.605595549093982,2026-09-29T17:50:23.931-03:00
UFPR05,21,ocupada,0.8555842041969299,0.790585684992449,2026-09-29T17:50:23.931-03:00
UFPR05,22,ocupada,0.8346030116081238,0.7445463177524272,2026-09-29T17:50:23.931-03:00
UFPR05,23,ocupada,0.833176851272583,0.7494599452590159,2026-09-29T17:50:23.931-03:00
UFPR05,24,ocupada,0.8767960667610168,0.6952691657285235,2026-09-29T17:50:23.931-03:00
UFPR05,25,ocupada,0.8671582341194153,0.6376321873329631,2026-09-29T17:50:23.931-03:00
UFPR05,26,ocupada,0.8963438868522644,0.5923446634306796,2026-09-29T17:50:23.931-03:00
UFPR05,27,ocupada,0.8903355598449707,0.5515388250945156,2026-09-29T17:50:23.931-03:00
UFPR05,28,ocupada,0.9220721125602722,0.5489499898873852,2026-09-29T17:50:23.931-03:00
UFPR05,29,livre,0.8835724592208862,0.5366675989137428,2026-09-29T17:50:23.931-03:00
UFPR05,3,ocupada,0.9023069739341736,0.6225752710667408,2026-09-29T17:50:23.931-03:00
UFPR05,30,ocupada,0.8499835729598999,0.6047137114399955,2026-09-29T17:50:23.931-03:00
UFPR05,31,ocupada,0.9051547050476074,0.6041397346888141,2026-09-29T17:50:23.931-03:00
UFPR05,32,ocupada,0.8714826703071594,0.726853327175281,2026-09-29T17:50:23.931-03:00
UFPR05,33,ocupada,0.8708409667015076,0.6835485616372442,2026-09-29T17:50:23.931-03:00
UFPR05,34,ocupada,0.8481690287590027,0.8238313775347277,2026-09-29T17:50:23.931-03:00
UFPR05,35,ocupada,0.8346184492111206,0.8568822416588114,2026-09-29T17:50:23.931-03:00
UFPR05,36,livre,0.9023566842079163,0.8966765841013393,2026-09-29T17:50:23.931-03:00
UFPR05,37,livre,0.9078489542007446,0.7835430649955031,2026-09-29T17:50:23.931-03:00
UFPR05,38,ocupada,0.8484580516815186,0.8509907971473317,2026-09-29T17:50:23.931-03:00
UFPR05,39,ocupada,0.8021301627159119,0.8441072510980218,2026-09-29T17:50:23.931-03:00
UFPR05,4,ocupada,0.8885536789894104,0.6299447970162833,2026-09-29T17:50:23.931-03:00
UFPR05,40,ocupada,0.8125773072242737,0.8000226452695683,2026-09-29T17:50:23.931-03:00
UFPR05,5,ocupada,0.8553528785705566,0.5965226572059424,2026-09-29T17:50:23.931-03:00
UFPR05,6,ocupada,0.9046928286552429,0.5857880462753078,2026-09-29T17:50:23.931-03:00
UFPR05,7,ocupada,0.8650597333908081,0.6166261627263954,2026-09-29T17:50:23.931-03:00
UFPR05,8,ocupada,0.9095209240913391,0.6668425698859585,2026-09-29T17:50:23.931-03:00
UFPR05,9,ocupada,0.8846539258956909,0.6084917646583696,2026-09-29T17:50:23.931-03:00
UFPR05,1,ocupada,0.8569068312644958,0.5486669053876657,2026-09-29T17:50:24.001-03:00
UFPR05,10,ocupada,0.9355756640434265,0.6651670342436815,2026-09-29T17:50:24.001-03:00
UFPR05,11,ocupada,0.8652743101119995,0.6234701214417662,2026-09-29T17:50:24.001-03:00
UFPR05,12,ocupada,0.8289529085159302,0.59658732289037,2026-09-29T17:50:24.001-03:00
UFPR05,13,ocupada,0.8247888088226318,0.6265995094785786,2026-09-29T17:50:24.001-03:00
UFPR05,14,ocupada,0.8506115674972534,0.6157218141299552,2026-09-29T17:50:24.001-03:00
UFPR05,15,ocupada,0.8694857358932495,0.6356019370098568,2026-09-29T17:50:24.001-03:00
UFPR05,16,ocupada,0.8783078789710999,0.6260394379367137,2026-09-29T17:50:24.001-03:00
UFPR05,17,ocupada,0.8389734625816345,0.5815625616708692,2026-09-29T17:50:24.001-03:00
UFPR05,18,ocupada,0.8562286496162415,0.5781870156862712,2026-09-29T17:50:24.001-03:00
UFPR05,19,ocupada,0.872628927230835,0.5429076422599319,2026-09-29T17:50:24.001-03:00
UFPR05,2,ocupada,0.8303833603858948,0.5645317343831249,2026-09-29T17:50:24.001-03:00
UFPR05,20,ocupada,0.8712664246559143,0.6139217652731563,2026-09-29T17:50:24.001-03:00
UFPR05,21,ocupada,0.8801053762435913,0.788027519968958,2026-09-29T17:50:24.001-03:00
UFPR05,22,ocupada,0.8310143351554871,0.7480952533133137,2026-09-29T17:50:24.001-03:00
UFPR05,23,ocupada,0.8458131551742554,0.7531049430148588,2026-09-29T17:50:24.001-03:00
UFPR05,24,ocupada,0.8607372045516968,0.7148215672246552,2026-09-29T17:50:24.001-03:00
UFPR05,25,ocupada,0.8422117829322815,0.6419696119077553,2026-09-29T17:50:24.001-03:00
UFPR05,26,ocupada,0.8870828151702881,0.588756366380356,2026-09-29T17:50:24.001-03:00
UFPR05,27,ocupada,0.8943272233009338,0.5410153761146368,2026-09-29T17:50:24.001-03:00
UFPR05,28,ocupada,0.9206489324569702,0.5554757411443639,2026-09-29T17:50:24.001-03:00
UFPR05,29,ocupada,0.8725751638412476,0.5435039919392348,2026-09-29T17:50:24.001-03:00
UFPR05,3,ocupada,0.90227872133255,0.6275393064955915,2026-09-29T17:50:24.001-03:00
UFPR05,30,ocupada,0.8732376098632812,0.588529274195762,2026-09-29T17:50:24.001-03:00
UFPR05,31,ocupada,0.902509868144989,0.6013946753813231,2026-09-29T17:50:24.001-03:00
UFPR05,32,ocupada,0.8669583201408386,0.7217988551469136,2026-09-29T17:50:24.001-03:00
UFPR05,33,ocupada,0.8677763342857361,0.6891620796389262,2026-09-29T17:50:24.001-03:00
UFPR05,34,ocupada,0.8467122912406921,0.8269612944331048,2026-09-29T17:50:24.001-03:00
UFPR05,35,ocupada,0.8449545502662659,0.8400466987532645,2026-09-29T17:50:24.001-03:00
UFPR05,36,ocupada,0.9038210511207581,0.8768735301027997,2026-09-29T17:50:24.001-03:00
UFPR05,37,ocupada,0.9011164903640747,0.8225569293263626,2026-09-29T17:50:24.001-03:00
UFPR05,38,ocupada,0.8504691123962402,0.8502300727550997,2026-09-29T17:50:24.001-03:00
UFPR05,39,ocupada,0.8196179866790771,0.8219530716567844,2026-09-29T17:50:24.001-03:00
UFPR05,4,ocupada,0.8841648101806641,0.6375438702916533,2026-09-29T17:50:24.001-03:00
UFPR05,40,ocupada,0.8550686240196228,0.7932607014151921,2026-09-29T17:50:24.001-03:00
UFPR05,5,ocupada,0.8530804514884949,0.624533007652914,2026-09-29T17:50:24.001-03:00
UFPR05,6,ocupada,0.9004606008529663,0.591541072398135,2026-09-29T17:50:24.001-03:00
UFPR05,7,ocupada,0.8583621978759766,0.6188772451015905,2026-09-29T17:50:24.001-03:00
UFPR05,8,ocupada,0.9092534780502319,0.6531924312321133,2026-09-29T17:50:24.001-03:00
UFPR05,9,ocupada,0.8813492655754089,0.6026324251584444,2026-09-29T17:50:24.001-03:00
UFPR05,1,ocupada,0.8736155033111572,0.5594772886819447,2026-09-29T17:50:24.074-03:00
UFPR05,10,ocupada,0.930129885673523,0.6598236164413355,2026-09-29T17:50:24.074-03:00
UFPR05,11,ocupada,0.8368767499923706,0.6261955890171922,2026-09-29T17:50:24.074-03:00
UFPR05,12,ocupada,0.8347769975662231,0.6019110891157465,2026-09-29T17:50:24.074-03:00
UFPR05,13,ocupada,0.8377688527107239,0.6046738549872966,2026-09-29T17:50:24.074-03:00
UFPR05,14,ocupada,0.8633898496627808,0.6233612340270036,2026-09-29T17:50:24.074-03:00
UFPR05,15,ocupada,0.8699845671653748,0.6214189744283553,2026-09-29T17:50:24.074-03:00
UFPR05,16,ocupada,0.8811335563659668,0.6219655378603519,2026-09-29T17:50:24.074-03:00
UFPR05,17,ocupada,0.8489277362823486,0.5706366213638728,2026-09-29T17:50:24.074-03:00
UFPR05,18,ocupada,0.8564707636833191,0.5828032194027086,2026-09-29T17:50:24.074-03:00
UFPR05,19,ocupada,0.8782991766929626,0.535838626672586,2026-09-29T17:50:24.074-03:00
UFPR05,2,ocupada,0.8368014097213745,0.5598933186920079,2026-09-29T17:50:24.074-03:00
UFPR05,20,ocupada,0.8891710638999939,0.6429760840673199,2026-09-29T17:50:24.074-03:00
UFPR05,21,ocupada,0.8671290278434753,0.7787458992856398,2026-09-29T17:50:24.074-03:00
UFPR05,22,ocupada,0.8353278040885925,0.744470761017309,2026-09-29T17:50:24.074-03:00
UFPR05,23,ocupada,0.823550820350647,0.7500643038124762,2026-09-29T17:50:24.074-03:00
UFPR05,24,ocupada,0.8568016290664673,0.7027715537016511,2026-09-29T17:50:24.074-03:00
UFPR05,25,ocupada,0.844369649887085,0.6364875184899891,2026-09-29T17:50:24.074-03:00
UFPR05,26,ocupada,0.894183874130249,0.5888760768461606,2026-09-29T17:50:24.074-03:00
UFPR05,27,ocupada,0.8972828984260559,0.5432827424001367,2026-09-29T17:50:24.074-03:00
UFPR05,28,ocupada,0.9140900373458862,0.5531850476220059,2026-09-29T17:50:24.074-03:00
UFPR05,29,ocupada,0.8679267764091492,0.5592321115804488,2026-09-29T17:50:24.074-03:00
UFPR05,3,ocupada,0.9040113687515259,0.6264983286272018,2026-09-29T17:50:24.074-03:00
UFPR05,30,ocupada,0.8579138517379761,0.6005979310019417,2026-09-29T17:50:24.074-03:00
UFPR05,31,ocupada,0.9092149138450623,0.5839720439990785,2026-09-29T17:50:24.074-03:00
UFPR05,32,ocupada,0.8659607172012329,0.7326960156316646,2026-09-29T17:50:24.074-03:00
UFPR05,33,ocupada,0.871472179889679,0.6833004713668905,2026-09-29T17:50:24.074-03:00
UFPR05,34,ocupada,0.8447975516319275,0.7969526303908218,2026-09-29T17:50:24.074-03:00
UFPR05,35,ocupada,0.8386098146438599,0.8280017934624797,2026-09-29T17:50:24.074-03:00
UFPR05,36,ocupada,0.8950081467628479,0.8770930560321482,2026-09-29T17:50:24.074-03:00
UFPR05,37,ocupada,0.9038757681846619,0.8126892876265984,2026-09-29T17:50:24.074-03:00
UFPR05,38,ocupada,0.8450641632080078,0.8462839457948891,2026-09-29T17:50:24.074-03:00
UFPR05,39,ocupada,0.8154537677764893,0.8401295884216209,2026-09-29T17:50:24.074-03:00
UFPR05,4,ocupada,0.8820802569389343,0.6394630521822271,2026-09-29T17:50:24.074-03:00
UFPR05,40,ocupada,0.8403578400611877,0.7851761662868442,2026-09-29T17:50:24.074-03:00
UFPR05,5,ocupada,0.8647649884223938,0.6075823497646279,2026-09-29T17:50:24.074-03:00
UFPR05,6,ocupada,0.9004034399986267,0.5870762920799659,2026-09-29T17:50:24.074-03:00
UFPR05,7,ocupada,0.8520955443382263,0.6123440830421917,2026-09-29T17:50:24.074-03:00
UFPR05,8,ocupada,0.9141427278518677,0.6464221742182127,2026-09-29T17:50:24.074-03:00
UFPR05,9,ocupada,0.8778507113456726,0.6031605972255157,2026-09-29T17:50:24.074-03:00
UFPR05,1,ocupada,0.8684159517288208,0.573604138192537,2026-09-29T17:50:24.151-03:00
UFPR05,10,ocupada,0.9361886382102966,0.6714982268431424,2026-09-29T17:50:24.151-03:00
UFPR05,11,ocupada,0.8327528834342957,0.6311338958919152,2026-09-29T17:50:24.151-03:00
UFPR05,12,ocupada,0.8229715824127197,0.5806660730414889,2026-09-29T17:50:24.151-03:00
UFPR05,13,ocupada,0.8259071111679077,0.6377444730294708,2026-09-29T17:50:24.151-03:00
UFPR05,14,ocupada,0.8580605983734131,0.6166867062548528,2026-09-29T17:50:24.151-03:00
UFPR05,15,ocupada,0.8681158423423767,0.6347842238652861,2026-09-29T17:50:24.151-03:00
UFPR05,16,ocupada,0.8764573335647583,0.6167388059493385,2026-09-29T17:50:24.151-03:00
UFPR05,17,ocupada,0.8392467498779297,0.5777798347380932,2026-09-29T17:50:24.151-03:00
UFPR05,18,ocupada,0.8413418531417847,0.5872802704169507,2026-09-29T17:50:24.151-03:00
UFPR05,19,ocupada,0.8710765838623047,0.5349260639213417,2026-09-29T17:50:24.151-03:00
UFPR05,2,ocupada,0.8498471975326538,0.5717151511555643,2026-09-29T17:50:24.151-03:00
UFPR05,20,ocupada,0.8853341341018677,0.6615072693817914,2026-09-29T17:50:24.151-03:00
UFPR05,21,ocupada,0.8526130318641663,0.770025271734274,2026-09-29T17:50:24.151-03:00
UFPR05,22,ocupada,0.8254913687705994,0.7442935091264777,2026-09-29T17:50:24.151-03:00
UFPR05,23,ocupada,0.8403692841529846,0.7473340041453359,2026-09-29T17:50:24.151-03:00
UFPR05,24,ocupada,0.8429261445999146,0.7105301689042125,2026-09-29T17:50:24.151-03:00
UFPR05,25,ocupada,0.8666137456893921,0.6447507716617125,2026-09-29T17:50:24.151-03:00
UFPR05,26,ocupada,0.8938164114952087,0.6040039453622847,2026-09-29T17:50:24.151-03:00
UFPR05,27,ocupada,0.8995071649551392,0.5331300990302686,2026-09-29T17:50:24.151-03:00
UFPR05,28,ocupada,0.8935070633888245,0.5537838993658105,2026-09-29T17:50:24.151-03:00
UFPR05,29,ocupada,0.8767428398132324,0.5510161409185351,2026-09-29T17:50:24.151-03:00
UFPR05,3,ocupada,0.9026705622673035,0.6185168370421827,2026-09-29T17:50:24.151-03:00
UFPR05,30,ocupada,0.8511549830436707,0.5717876851830607,2026-09-29T17:50:24.151-03:00
UFPR05,31,ocupada,0.8992228507995605,0.5916662570055088,2026-09-29T17:50:24.151-03:00
UFPR05,32,ocupada,0.8722605109214783,0.7192215807496682,2026-09-29T17:50:24.151-03:00
UFPR05,33,ocupada,0.8584780693054199,0.692013912876646,2026-09-29T17:50:24.151-03:00
UFPR05,34,ocupada,0.8431147933006287,0.8227946167790011,2026-09-29T17:50:24.151-03:00
UFPR05,35,ocupada,0.8417419195175171,0.8192688186831635,2026-09-29T17:50:24.151-03:00
UFPR05,36,ocupada,0.9188422560691833,0.8593647042210825,2026-09-29T17:50:24.151-03:00
UFPR05,37,ocupada,0.9012272357940674,0.7750940042153451,2026-09-29T17:50:24.151-03:00
UFPR05,38,ocupada,0.8469812273979187,0.846668544912066,2026-09-29T17:50:24.151-03:00
UFPR05,39,ocupada,0.803053617477417,0.8587255764165521,2026-09-29T17:50:24.151-03:00
UFPR05,4,ocupada,0.8842101693153381,0.6593320803708121,2026-09-29T17:50:24.151-03:00
UFPR05,40,ocupada,0.8349657654762268,0.7801899857426042,2026-09-29T17:50:24.151-03:00
UFPR05,5,ocupada,0.8612553477287292,0.6211198855704098,2026-09-29T17:50:24.151-03:00
UFPR05,6,ocupada,0.9014258980751038,0.5815534281543877,2026-09-29T17:50:24.151-03:00
UFPR05,7,ocupada,0.8444764018058777,0.6085974202878703,2026-09-29T17:50:24.151-03:00
UFPR05,8,ocupada,0.9004090428352356,0.6413264612831429,2026-09-29T17:50:24.151-03:00
UFPR05,9,ocupada,0.890494167804718,0.5857039461263986,2026-09-29T17:50:24.151-03:00
UFPR05,1,ocupada,0.8733640909194946,0.5789291031874795,2026-09-29T17:50:24.223-03:00
UFPR05,10,ocupada,0.9033888578414917,0.6899221625901131,2026-09-29T17:50:24.223-03:00
UFPR05,11,ocupada,0.8648548722267151,0.61409913672823,2026-09-29T17:50:24.223-03:00
UFPR05,12,ocupada,0.814839243888855,0.613845506314934,2026-09-29T17:50:24.223-03:00
UFPR05,13,ocupada,0.8480178713798523,0.6102511858485472,2026-09-29T17:50:24.223-03:00
UFPR05,14,ocupada,0.8341023921966553,0.6220700484178106,2026-09-29T17:50:24.223-03:00
UFPR05,15,ocupada,0.8723564147949219,0.6218053379513814,2026-09-29T17:50:24.223-03:00
UFPR05,16,ocupada,0.8788926005363464,0.6357287664847768,2026-09-29T17:50:24.223-03:00
UFPR05,17,ocupada,0.8312147855758667,0.5745559538804013,2026-09-29T17:50:24.223-03:00
UFPR05,18,ocupada,0.8455929160118103,0.5856213145179727,2026-09-29T17:50:24.223-03:00
UFPR05,19,ocupada,0.8692967295646667,0.5582034039284969,2026-09-29T17:50:24.223-03:00
UFPR05,2,ocupada,0.8475672602653503,0.5745866726489064,2026-09-29T17:50:24.223-03:00
UFPR05,20,ocupada,0.8538813591003418,0.6228495227197763,2026-09-29T17:50:24.223-03:00
UFPR05,21,ocupada,0.8835548162460327,0.7694199823037454,2026-09-29T17:50:24.223-03:00
UFPR05,22,ocupada,0.8326336145401001,0.7524000269769394,2026-09-29T17:50:24.223-03:00
UFPR05,23,ocupada,0.8626108765602112,0.7528429727673763,2026-09-29T17:50:24.223-03:00
UFPR05,24,ocupada,0.8388811945915222,0.7103244530829697,2026-09-29T17:50:24.223-03:00
UFPR05,25,ocupada,0.8852149248123169,0.6483765136856534,2026-09-29T17:50:24.223-03:00
UFPR05,26,ocupada,0.8803997039794922,0.6244831715558677,2026-09-29T17:50:24.223-03:00
UFPR05,27,ocupada,0.8904270529747009,0.5567959842585668,2026-09-29T17:50:24.223-03:00
UFPR05,28,ocupada,0.9105532765388489,0.5605424722744289,2026-09-29T17:50:24.223-03:00
UFPR05,29,ocupada,0.8807992935180664,0.5605311534212893,2026-09-29T17:50:24.223-03:00
UFPR05,3,ocupada,0.8992089629173279,0.6202903466103201,2026-09-29T17:50:24.223-03:00
UFPR05,30,ocupada,0.8674365878105164,0.5890116044691116,2026-09-29T17:50:24.223-03:00
UFPR05,31,ocupada,0.9112690687179565,0.6209475530779549,2026-09-29T17:50:24.223-03:00
UFPR05,32,ocupada,0.8642116785049438,0.716376026636641,2026-09-29T17:50:24.223-03:00
UFPR05,33,ocupada,0.8605214953422546,0.7083734611213544,2026-09-29T17:50:24.223-03:00
UFPR05,34,ocupada,0.824446976184845,0.8106925355970248,2026-09-29T17:50:24.223-03:00
UFPR05,35,ocupada,0.8445625305175781,0.8408879615815441,2026-09-29T17:50:24.223-03:00
UFPR05,36,ocupada,0.9200479388237,0.8643602657863579,2026-09-29T17:50:24.223-03:00
UFPR05,37,ocupada,0.9060826301574707,0.8027321088734218,2026-09-29T17:50:24.223-03:00
UFPR05,38,ocupada,0.8569174408912659,0.8358416187236937,2026-09-29T17:50:24.223-03:00
UFPR05,39,ocupada,0.8430691361427307,0.8313666543269982,2026-09-29T17:50:24.223-03:00
UFPR05,4,ocupada,0.8887786865234375,0.6441838239058153,2026-09-29T17:50:24.223-03:00
UFPR05,40,ocupada,0.8761961460113525,0.777053676332558,2026-09-29T17:50:24.223-03:00
UFPR05,5,ocupada,0.8756134510040283,0.6158148542493834,2026-09-29T17:50:24.223-03:00
UFPR05,6,ocupada,0.9072145223617554,0.5848864319043185,2026-09-29T17:50:24.223-03:00
UFPR05,7,ocupada,0.8436335921287537,0.6153179718064993,2026-09-29T17:50:24.223-03:00
UFPR05,8,ocupada,0.9047673940658569,0.6587061951684283,2026-09-29T17:50:24.223-03:00
UFPR05,9,ocupada,0.882213830947876,0.5808718589395374,2026-09-29T17:50:24.223-03:00
UFPR05,1,ocupada,0.870762288570404,0.5748004528458741,2026-09-29T17:50:24.293-03:00
UFPR05,10,ocupada,0.8870083093643188,0.6844471048403417,2026-09-29T17:50:24.293-03:00
UFPR05,11,ocupada,0.8614721298217773,0.6194154258466108,2026-09-29T17:50:24.293-03:00
UFPR05,12,ocupada,0.8268244862556458,0.6075046296976796,2026-09-29T17:50:24.293-03:00
UFPR05,13,ocupada,0.8319275379180908,0.6165528773910286,2026-09-29T17:50:24.293-03:00
UFPR05,14,ocupada,0.841689944267273,0.6236309949193182,2026-09-29T17:50:24.293-03:00
UFPR05,15,ocupada,0.8611395359039307,0.6258000865084915,2026-09-29T17:50:24.293-03:00
UFPR05,16,ocupada,0.878498375415802,0.6301897152092096,2026-09-29T17:50:24.293-03:00
UFPR05,17,ocupada,0.8266831040382385,0.5695829025313459,2026-09-29T17:50:24.293-03:00
UFPR05,18,ocupada,0.8426876068115234,0.595587205822968,2026-09-29T17:50:24.293-03:00
UFPR05,19,ocupada,0.8710408210754395,0.5590125157030907,2026-09-29T17:50:24.293-03:00
UFPR05,2,ocupada,0.8434982895851135,0.5647233791906426,2026-09-29T17:50:24.293-03:00
UFPR05,20,ocupada,0.851203441619873,0.6455160005621143,2026-09-29T17:50:24.293-03:00
UFPR05,21,ocupada,0.8787499666213989,0.766757460372037,2026-09-29T17:50:24.293-03:00
UFPR05,22,ocupada,0.8216739296913147,0.7573555477269692,2026-09-29T17:50:24.293-03:00
UFPR05,23,ocupada,0.8387470841407776,0.7640548793769014,2026-09-29T17:50:24.293-03:00
UFPR05,24,ocupada,0.8679013848304749,0.7074770799603972,2026-09-29T17:50:24.293-03:00
UFPR05,25,ocupada,0.8778710961341858,0.6450910297673611,2026-09-29T17:50:24.293-03:00
UFPR05,26,ocupada,0.8827170133590698,0.6238300136616405,2026-09-29T17:50:24.293-03:00
UFPR05,27,ocupada,0.891423761844635,0.5511160691356427,2026-09-29T17:50:24.293-03:00
UFPR05,28,ocupada,0.9030978083610535,0.5600218966546546,2026-09-29T17:50:24.293-03:00
UFPR05,29,ocupada,0.8659588098526001,0.5590636727458362,2026-09-29T17:50:24.293-03:00
UFPR05,3,ocupada,0.8751299381256104,0.6378104865371121,2026-09-29T17:50:24.293-03:00
UFPR05,30,ocupada,0.8712713122367859,0.5916364900197523,2026-09-29T17:50:24.293-03:00
UFPR05,31,ocupada,0.9009805917739868,0.604166624378154,2026-09-29T17:50:24.293-03:00
UFPR05,32,ocupada,0.8686434626579285,0.706893655254187,2026-09-29T17:50:24.293-03:00
UFPR05,33,ocupada,0.8651076555252075,0.702143845904231,2026-09-29T17:50:24.293-03:00
UFPR05,34,ocupada,0.8332075476646423,0.8401262836053304,2026-09-29T17:50:24.293-03:00
UFPR05,35,ocupada,0.8430721163749695,0.8503412713261532,2026-09-29T17:50:24.293-03:00
UFPR05,36,ocupada,0.9090763926506042,0.8533331669107532,2026-09-29T17:50:24.293-03:00
UFPR05,37,ocupada,0.8918933272361755,0.7780883794739186,2026-09-29T17:50:24.293-03:00
UFPR05,38,ocupada,0.8644607067108154,0.8662508387676544,2026-09-29T17:50:24.293-03:00
UFPR05,39,ocupada,0.8352314829826355,0.8380531494380888,2026-09-29T17:50:24.293-03:00
UFPR05,4,ocupada,0.8853549361228943,0.6437665198305643,2026-09-29T17:50:24.293-03:00
UFPR05,40,ocupada,0.9003655910491943,0.7863101825922661,2026-09-29T17:50:24.293-03:00
UFPR05,5,ocupada,0.8632027506828308,0.6305494936698028,2026-09-29T17:50:24.293-03:00
UFPR05,6,ocupada,0.8925288319587708,0.5782891894067649,2026-09-29T17:50:24.293-03:00
UFPR05,7,ocupada,0.8420159220695496,0.619289319181564,2026-09-29T17:50:24.293-03:00
UFPR05,8,ocupada,0.9089812636375427,0.6602180843020677,2026-09-29T17:50:24.293-03:00
UFPR05,9,ocupada,0.8841106295585632,0.585697414305236,2026-09-29T17:50:24.293-03:00
UFPR05,1,ocupada,0.8744317293167114,0.579169637441036,2026-09-29T17:50:24.364-03:00
UFPR05,10,ocupada,0.8853561878204346,0.6821191394548676,2026-09-29T17:50:24.364-03:00
UFPR05,11,ocupada,0.8846800327301025,0.6118646693952483,2026-09-29T17:50:24.364-03:00
UFPR05,12,ocupada,0.8586248159408569,0.6150376014296538,2026-09-29T17:50:24.364-03:00
UFPR05,13,ocupada,0.835838258266449,0.6183338930019103,2026-09-29T17:50:24.364-03:00
UFPR05,14,ocupada,0.8734135627746582,0.6358680558708397,2026-09-29T17:50:24.364-03:00
UFPR05,15,ocupada,0.8733223676681519,0.648457436122286,2026-09-29T17:50:24.364-03:00
UFPR05,16,ocupada,0.8837631344795227,0.625417227234798,2026-09-29T17:50:24.364-03:00
UFPR05,17,ocupada,0.8214333653450012,0.5789702027248995,2026-09-29T17:50:24.364-03:00
UFPR05,18,ocupada,0.8432320952415466,0.5764303143317213,2026-09-29T17:50:24.364-03:00
UFPR05,19,ocupada,0.8730893135070801,0.5634889474751004,2026-09-29T17:50:24.364-03:00
UFPR05,2,ocupada,0.8457857370376587,0.5655335222385853,2026-09-29T17:50:24.364-03:00
UFPR05,20,ocupada,0.852172315120697,0.6137729203314679,2026-09-29T17:50:24.364-03:00
UFPR05,21,ocupada,0.8776885271072388,0.7712850311439104,2026-09-29T17:50:24.364-03:00
UFPR05,22,ocupada,0.8316336274147034,0.7570025919668651,2026-09-29T17:50:24.364-03:00
UFPR05,23,ocupada,0.8732370138168335,0.7659606762953656,2026-09-29T17:50:24.364-03:00
UFPR05,24,ocupada,0.8658374547958374,0.6952419801959673,2026-09-29T17:50:24.364-03:00
UFPR05,25,ocupada,0.8753595352172852,0.6419031449311252,2026-09-29T17:50:24.364-03:00
UFPR05,26,ocupada,0.879682719707489,0.6119608160761983,2026-09-29T17:50:24.364-03:00
UFPR05,27,ocupada,0.8993825912475586,0.5444427869066443,2026-09-29T17:50:24.364-03:00
UFPR05,28,ocupada,0.9180916547775269,0.5570487895716457,2026-09-29T17:50:24.364-03:00
UFPR05,29,ocupada,0.8729278445243835,0.5587797755479335,2026-09-29T17:50:24.364-03:00
UFPR05,3,ocupada,0.8835856318473816,0.6287378646917691,2026-09-29T17:50:24.364-03:00
UFPR05,30,ocupada,0.8916763067245483,0.5959663659456491,2026-09-29T17:50:24.364-03:00
UFPR05,31,ocupada,0.9001869559288025,0.6060618171652438,2026-09-29T17:50:24.364-03:00
UFPR05,32,ocupada,0.8717785477638245,0.7175130664937093,2026-09-29T17:50:24.364-03:00
UFPR05,33,ocupada,0.861700177192688,0.7148527232801755,2026-09-29T17:50:24.364-03:00
UFPR05,34,ocupada,0.8241561055183411,0.8140128225560923,2026-09-29T17:50:24.364-03:00
UFPR05,35,ocupada,0.8406473398208618,0.8425492862283938,2026-09-29T17:50:24.364-03:00
UFPR05,36,ocupada,0.887879490852356,0.8476790173065804,2026-09-29T17:50:24.364-03:00
UFPR05,37,ocupada,0.8877198100090027,0.7771753621504812,2026-09-29T17:50:24.364-03:00
UFPR05,38,ocupada,0.8644036054611206,0.8531809872222003,2026-09-29T17:50:24.364-03:00
UFPR05,39,ocupada,0.8255490660667419,0.8417910428464974,2026-09-29T17:50:24.364-03:00
UFPR05,4,ocupada,0.8822181224822998,0.6538666834977314,2026-09-29T17:50:24.364-03:00
UFPR05,40,ocupada,0.8776927590370178,0.7746212192696639,2026-09-29T17:50:24.364-03:00
UFPR05,5,ocupada,0.8493518233299255,0.620423312327761,2026-09-29T17:50:24.364-03:00
UFPR05,6,ocupada,0.9024429321289062,0.581482526688977,2026-09-29T17:50:24.364-03:00
UFPR05,7,ocupada,0.851503312587738,0.6127424473769656,2026-09-29T17:50:24.364-03:00
UFPR05,8,ocupada,0.9071570038795471,0.647178546771647,2026-09-29T17:50:24.364-03:00
UFPR05,9,ocupada,0.8838701248168945,0.5807764782676955,2026-09-29T17:50:24.364-03:00
UFPR05,1,ocupada,0.8553335070610046,0.5803472099137187,2026-09-29T17:50:24.428-03:00
UFPR05,10,ocupada,0.9168629050254822,0.677571923042146,2026-09-29T17:50:24.428-03:00
UFPR05,11,ocupada,0.8671503067016602,0.6168692493487639,2026-09-29T17:50:24.428-03:00
UFPR05,12,ocupada,0.8373632431030273,0.614331323156154,2026-09-29T17:50:24.428-03:00
UFPR05,13,ocupada,0.8303164839744568,0.6344311718288353,2026-09-29T17:50:24.428-03:00
UFPR05,14,ocupada,0.8448550701141357,0.6234708709608142,2026-09-29T17:50:24.428-03:00
UFPR05,15,ocupada,0.8700960278511047,0.625072702367606,2026-09-29T17:50:24.428-03:00
UFPR05,16,ocupada,0.8831055164337158,0.6318737173562395,2026-09-29T17:50:24.428-03:00
UFPR05,17,ocupada,0.8309917449951172,0.5837435743369387,2026-09-29T17:50:24.428-03:00
UFPR05,18,ocupada,0.837195098400116,0.5778040769686887,2026-09-29T17:50:24.428-03:00
UFPR05,19,ocupada,0.8666456937789917,0.5463234322776856,2026-09-29T17:50:24.428-03:00
UFPR05,2,ocupada,0.8412961959838867,0.5578015706013111,2026-09-29T17:50:24.428-03:00
UFPR05,20,ocupada,0.8794917464256287,0.6096854680356096,2026-09-29T17:50:24.428-03:00
UFPR05,21,ocupada,0.8735845685005188,0.7592870523300717,2026-09-29T17:50:24.428-03:00
UFPR05,22,ocupada,0.837169885635376,0.74300782114014,2026-09-29T17:50:24.428-03:00
UFPR05,23,ocupada,0.8758186101913452,0.7450401867548168,2026-09-29T17:50:24.428-03:00
UFPR05,24,ocupada,0.8527947664260864,0.6972528199777424,2026-09-29T17:50:24.428-03:00
UFPR05,25,ocupada,0.8682879209518433,0.641788267295853,2026-09-29T17:50:24.428-03:00
UFPR05,26,ocupada,0.8840590119361877,0.6172096950050967,2026-09-29T17:50:24.428-03:00
UFPR05,27,ocupada,0.8960326910018921,0.5511707933523774,2026-09-29T17:50:24.428-03:00
UFPR05,28,ocupada,0.9066547155380249,0.5601208047263537,2026-09-29T17:50:24.428-03:00
UFPR05,29,ocupada,0.8828020095825195,0.5611851322948472,2026-09-29T17:50:24.428-03:00
UFPR05,3,ocupada,0.890657901763916,0.6282748638924835,2026-09-29T17:50:24.428-03:00
UFPR05,30,ocupada,0.8824978470802307,0.599349588157065,2026-09-29T17:50:24.428-03:00
UFPR05,31,ocupada,0.9140977263450623,0.6105350842927099,2026-09-29T17:50:24.428-03:00
UFPR05,32,ocupada,0.8701290488243103,0.707630410052898,2026-09-29T17:50:24.428-03:00
UFPR05,33,ocupada,0.8651822209358215,0.691743968318099,2026-09-29T17:50:24.428-03:00
UFPR05,34,ocupada,0.830010175704956,0.8092676395304371,2026-09-29T17:50:24.428-03:00
UFPR05,35,ocupada,0.8361202478408813,0.8570612957837327,2026-09-29T17:50:24.428-03:00
UFPR05,36,ocupada,0.8959386348724365,0.8547622750679225,2026-09-29T17:50:24.428-03:00
UFPR05,37,ocupada,0.8939507007598877,0.795086199412743,2026-09-29T17:50:24.428-03:00
UFPR05,38,ocupada,0.8441398739814758,0.8483447859197417,2026-09-29T17:50:24.428-03:00
UFPR05,39,ocupada,0.8195644021034241,0.8286895426739941,2026-09-29T17:50:24.428-03:00
UFPR05,4,ocupada,0.8808268308639526,0.652742176151465,2026-09-29T17:50:24.428-03:00
UFPR05,40,ocupada,0.843680739402771,0.7887048598249308,2026-09-29T17:50:24.428-03:00
UFPR05,5,ocupada,0.850558340549469,0.6117614135811024,2026-09-29T17:50:24.428-03:00
UFPR05,6,ocupada,0.8906495571136475,0.578286712909918,2026-09-29T17:50:24.428-03:00
UFPR05,7,ocupada,0.8492804765701294,0.6061268076461547,2026-09-29T17:50:24.428-03:00
UFPR05,8,ocupada,0.9019075632095337,0.6519724777904373,2026-09-29T17:50:24.428-03:00
UFPR05,9,ocupada,0.8871442675590515,0.5901996584054621,2026-09-29T17:50:24.428-03:00
UFPR05,1,ocupada,0.8732631802558899,0.5818172350654485,2026-09-29T17:50:24.494-03:00
UFPR05,10,ocupada,0.8265278339385986,0.680592762638407,2026-09-29T17:50:24.494-03:00
UFPR05,11,ocupada,0.8714421987533569,0.6139743035174885,2026-09-29T17:50:24.494-03:00
UFPR05,12,ocupada,0.8452713489532471,0.6156896275947742,2026-09-29T17:50:24.494-03:00
UFPR05,13,ocupada,0.8464314341545105,0.617629478214777,2026-09-29T17:50:24.494-03:00
UFPR05,14,ocupada,0.8352012634277344,0.6239109008403432,2026-09-29T17:50:24.494-03:00
UFPR05,15,ocupada,0.8694502115249634,0.6579327870757788,2026-09-29T17:50:24.494-03:00
UFPR05,16,ocupada,0.8829048871994019,0.6397816221305201,2026-09-29T17:50:24.494-03:00
UFPR05,17,ocupada,0.8277735114097595,0.583810655319091,2026-09-29T17:50:24.494-03:00
UFPR05,18,ocupada,0.8605719804763794,0.5493144929432692,2026-09-29T17:50:24.494-03:00
UFPR05,19,ocupada,0.8797470331192017,0.5639023125909794,2026-09-29T17:50:24.494-03:00
UFPR05,2,ocupada,0.8392497897148132,0.5685073260801623,2026-09-29T17:50:24.494-03:00
UFPR05,20,ocupada,0.868488609790802,0.6250678837077601,2026-09-29T17:50:24.494-03:00
UFPR05,21,ocupada,0.8745661973953247,0.7831334282810473,2026-09-29T17:50:24.494-03:00
UFPR05,22,ocupada,0.8355628252029419,0.7494175500431028,2026-09-29T17:50:24.494-03:00
UFPR05,23,ocupada,0.8893132209777832,0.7452314774721547,2026-09-29T17:50:24.494-03:00
UFPR05,24,ocupada,0.863915205001831,0.7014210496901175,2026-09-29T17:50:24.494-03:00
UFPR05,25,ocupada,0.8753688335418701,0.6482301894428345,2026-09-29T17:50:24.494-03:00
UFPR05,26,ocupada,0.8857244849205017,0.619535817073671,2026-09-29T17:50:24.494-03:00
UFPR05,27,ocupada,0.8919949531555176,0.5556520830306254,2026-09-29T17:50:24.494-03:00
UFPR05,28,ocupada,0.9017263650894165,0.5589082233761631,2026-09-29T17:50:24.494-03:00
UFPR05,29,ocupada,0.7084071040153503,0.5543834670781631,2026-09-29T17:50:24.494-03:00
UFPR05,3,ocupada,0.898644745349884,0.6216544393855093,2026-09-29T17:50:24.494-03:00
UFPR05,30,ocupada,0.8914073705673218,0.6036812530077609,2026-09-29T17:50:24.494-03:00
UFPR05,31,ocupada,0.9091649055480957,0.6152690151764184,2026-09-29T17:50:24.494-03:00
UFPR05,32,ocupada,0.8683324456214905,0.7035931073738309,2026-09-29T17:50:24.494-03:00
UFPR05,33,ocupada,0.8785979151725769,0.6811065414629792,2026-09-29T17:50:24.494-03:00
UFPR05,34,ocupada,0.8171247839927673,0.8211067797540331,2026-09-29T17:50:24.494-03:00
UFPR05,35,ocupada,0.841594398021698,0.8667340211627095,2026-09-29T17:50:24.494-03:00
UFPR05,36,ocupada,0.9252021312713623,0.8426785605561231,2026-09-29T17:50:24.494-03:00
UFPR05,37,ocupada,0.9381887912750244,0.8099006791573227,2026-09-29T17:50:24.494-03:00
UFPR05,38,ocupada,0.8582630157470703,0.8285284224356699,2026-09-29T17:50:24.494-03:00
UFPR05,39,ocupada,0.813610315322876,0.8370281695361584,2026-09-29T17:50:24.494-03:00
UFPR05,4,ocupada,0.8822413086891174,0.6491229672296508,2026-09-29T17:50:24.494-03:00
UFPR05,40,ocupada,0.8146715760231018,0.7784387308433544,2026-09-29T17:50:24.494-03:00
UFPR05,5,ocupada,0.862342357635498,0.6202718591614225,2026-09-29T17:50:24.494-03:00
UFPR05,6,ocupada,0.9019389152526855,0.5823318812387545,2026-09-29T17:50:24.494-03:00
UFPR05,7,ocupada,0.8472900390625,0.6188080296947113,2026-09-29T17:50:24.494-03:00
UFPR05,8,ocupada,0.9005103707313538,0.6364076081883072,2026-09-29T17:50:24.494-03:00
UFPR05,9,ocupada,0.8809303045272827,0.5691278116273367,2026-09-29T17:50:24.494-03:00
UFPR05,1,ocupada,0.86790531873703,0.5668631565951602,2026-09-29T17:50:24.558-03:00
UFPR05,10,ocupada,0.8894671201705933,0.6879238023477194,2026-09-29T17:50:24.558-03:00
UFPR05,11,ocupada,0.8669021129608154,0.6225829767795928,2026-09-29T17:50:24.558-03:00
UFPR05,12,ocupada,0.8371249437332153,0.6091826040601966,2026-09-29T17:50:24.558-03:00
UFPR05,13,ocupada,0.8420329093933105,0.618205102274864,2026-09-29T17:50:24.558-03:00
UFPR05,14,ocupada,0.8389474749565125,0.6332541624190179,2026-09-29T17:50:24.558-03:00
UFPR05,15,ocupada,0.8720839023590088,0.6312178158488159,2026-09-29T17:50:24.558-03:00
UFPR05,16,ocupada,0.8944319486618042,0.6281143317857605,2026-09-29T17:50:24.558-03:00
UFPR05,17,ocupada,0.8261103630065918,0.5970631548484097,2026-09-29T17:50:24.558-03:00
UFPR05,18,ocupada,0.8540069460868835,0.5720037995819872,2026-09-29T17:50:24.558-03:00
UFPR05,19,ocupada,0.8635088801383972,0.5516871068397966,2026-09-29T17:50:24.558-03:00
UFPR05,2,ocupada,0.8372039794921875,0.5710272187932478,2026-09-29T17:50:24.558-03:00
UFPR05,20,ocupada,0.8575323820114136,0.6416070093680042,2026-09-29T17:50:24.558-03:00
UFPR05,21,ocupada,0.8732786178588867,0.7803603343753421,2026-09-29T17:50:24.558-03:00
UFPR05,22,ocupada,0.8438815474510193,0.7459665661706039,2026-09-29T17:50:24.558-03:00
UFPR05,23,ocupada,0.8443874716758728,0.7651718336341565,2026-09-29T17:50:24.558-03:00
UFPR05,24,ocupada,0.864989697933197,0.6955333796573852,2026-09-29T17:50:24.558-03:00
UFPR05,25,ocupada,0.885841965675354,0.6400334936472774,2026-09-29T17:50:24.558-03:00
UFPR05,26,ocupada,0.880025327205658,0.6280526157795776,2026-09-29T17:50:24.558-03:00
UFPR05,27,ocupada,0.8918238282203674,0.5607933223699012,2026-09-29T17:50:24.558-03:00
UFPR05,28,ocupada,0.916231632232666,0.5690318050609035,2026-09-29T17:50:24.558-03:00
UFPR05,29,ocupada,0.8669384121894836,0.575797123548487,2026-09-29T17:50:24.558-03:00
UFPR05,3,ocupada,0.9039924740791321,0.6240142254197685,2026-09-29T17:50:24.558-03:00
UFPR05,30,ocupada,0.8587859272956848,0.6292590422325764,2026-09-29T17:50:24.558-03:00
UFPR05,31,ocupada,0.9070226550102234,0.6051651463688996,2026-09-29T17:50:24.558-03:00
UFPR05,32,ocupada,0.866301953792572,0.7376232714547454,2026-09-29T17:50:24.558-03:00
UFPR05,33,ocupada,0.8714087605476379,0.6849441706956446,2026-09-29T17:50:24.558-03:00
UFPR05,34,ocupada,0.8116219639778137,0.7906395708747115,2026-09-29T17:50:24.558-03:00
UFPR05,35,ocupada,0.8342978358268738,0.8371486294400549,2026-09-29T17:50:24.558-03:00
UFPR05,36,ocupada,0.9150752425193787,0.8542580659224379,2026-09-29T17:50:24.558-03:00
UFPR05,37,ocupada,0.9309150576591492,0.7926809742873709,2026-09-29T17:50:24.558-03:00
UFPR05,38,ocupada,0.8580204844474792,0.8302625475826343,2026-09-29T17:50:24.558-03:00
UFPR05,39,ocupada,0.8178672790527344,0.8286851228815946,2026-09-29T17:50:24.558-03:00
UFPR05,4,ocupada,0.8857858180999756,0.6321257664150273,2026-09-29T17:50:24.558-03:00
UFPR05,40,ocupada,0.8436833024024963,0.7850061641049517,2026-09-29T17:50:24.558-03:00
UFPR05,5,ocupada,0.8518572449684143,0.6079509279493034,2026-09-29T17:50:24.558-03:00
UFPR05,6,ocupada,0.8955103158950806,0.5741315216255745,2026-09-29T17:50:24.558-03:00
UFPR05,7,ocupada,0.8484445810317993,0.6124336723531025,2026-09-29T17:50:24.558-03:00
UFPR05,8,ocupada,0.9111268520355225,0.642735371558124,2026-09-29T17:50:24.558-03:00
UFPR05,9,ocupada,0.8812171816825867,0.5718197495566083,2026-09-29T17:50:24.558-03:00
UFPR05,1,ocupada,0.8813686966896057,0.5789447410831878,2026-09-29T17:50:24.620-03:00
UFPR05,10,ocupada,0.8518365621566772,0.6551608462167556,2026-09-29T17:50:24.620-03:00
UFPR05,11,ocupada,0.8746477961540222,0.6223455263974169,2026-09-29T17:50:24.620-03:00
UFPR05,12,ocupada,0.8527649641036987,0.6026306235888625,2026-09-29T17:50:24.620-03:00
UFPR05,13,ocupada,0.8449558019638062,0.6179954030923379,2026-09-29T17:50:24.620-03:00
UFPR05,14,ocupada,0.8330591917037964,0.638208098612861,2026-09-29T17:50:24.620-03:00
UFPR05,15,ocupada,0.8723880052566528,0.655242289289904,2026-09-29T17:50:24.620-03:00
UFPR05,16,ocupada,0.8894689083099365,0.6425429563789015,2026-09-29T17:50:24.620-03:00
UFPR05,17,ocupada,0.8259766101837158,0.5990646583413815,2026-09-29T17:50:24.620-03:00
UFPR05,18,ocupada,0.8514484167098999,0.572600722791133,2026-09-29T17:50:24.620-03:00
UFPR05,19,ocupada,0.8731513023376465,0.554868914608251,2026-09-29T17:50:24.620-03:00
UFPR05,2,ocupada,0.8424491286277771,0.5671942264720201,2026-09-29T17:50:24.620-03:00
UFPR05,20,ocupada,0.8649241924285889,0.6154144772607284,2026-09-29T17:50:24.620-03:00
UFPR05,21,ocupada,0.8514812588691711,0.7811300260516225,2026-09-29T17:50:24.620-03:00
UFPR05,22,ocupada,0.840625524520874,0.7491768169507929,2026-09-29T17:50:24.620-03:00
UFPR05,23,ocupada,0.8601117730140686,0.7588379992549666,2026-09-29T17:50:24.620-03:00
UFPR05,24,ocupada,0.8516006469726562,0.6938062208627382,2026-09-29T17:50:24.620-03:00
UFPR05,25,ocupada,0.8811459541320801,0.6472060078583269,2026-09-29T17:50:24.620-03:00
UFPR05,26,ocupada,0.8863692283630371,0.6240564346642378,2026-09-29T17:50:24.620-03:00
UFPR05,27,ocupada,0.8997510671615601,0.5584591656409347,2026-09-29T17:50:24.620-03:00
UFPR05,28,ocupada,0.9195138216018677,0.5679890707287817,2026-09-29T17:50:24.620-03:00
UFPR05,29,ocupada,0.8642012476921082,0.5808414563257253,2026-09-29T17:50:24.620-03:00
UFPR05,3,ocupada,0.8989314436912537,0.6307303442667044,2026-09-29T17:50:24.620-03:00
UFPR05,30,ocupada,0.8690354228019714,0.6341431401639318,2026-09-29T17:50:24.620-03:00
UFPR05,31,ocupada,0.9000868797302246,0.6017235361029739,2026-09-29T17:50:24.620-03:00
UFPR05,32,ocupada,0.8641574382781982,0.738376782335382,2026-09-29T17:50:24.620-03:00
UFPR05,33,ocupada,0.8706314563751221,0.6946619258729928,2026-09-29T17:50:24.620-03:00
UFPR05,34,ocupada,0.8236970901489258,0.8258951605649673,2026-09-29T17:50:24.620-03:00
UFPR05,35,ocupada,0.8470920920372009,0.8450481415596185,2026-09-29T17:50:24.620-03:00
UFPR05,36,ocupada,0.9174826145172119,0.8383893483568221,2026-09-29T17:50:24.620-03:00
UFPR05,37,ocupada,0.9356775879859924,0.7764399731785991,2026-09-29T17:50:24.620-03:00
UFPR05,38,ocupada,0.8547843098640442,0.8265345820727363,2026-09-29T17:50:24.620-03:00
UFPR05,39,ocupada,0.8153666853904724,0.8421026046049851,2026-09-29T17:50:24.620-03:00
UFPR05,4,ocupada,0.8852412700653076,0.638291526584787,2026-09-29T17:50:24.620-03:00
UFPR05,40,ocupada,0.8858294486999512,0.7404512383385679,2026-09-29T17:50:24.620-03:00
UFPR05,5,ocupada,0.8597564697265625,0.6026911179467318,2026-09-29T17:50:24.620-03:00
UFPR05,6,ocupada,0.9043357968330383,0.5775055721187804,2026-09-29T17:50:24.620-03:00
UFPR05,7,ocupada,0.8528982996940613,0.6179948981600125,2026-09-29T17:50:24.620-03:00
UFPR05,8,ocupada,0.9142759442329407,0.6473159922845,2026-09-29T17:50:24.620-03:00
UFPR05,9,ocupada,0.8843108415603638,0.5723096827033838,2026-09-29T17:50:24.620-03:00
UFPR05,1,ocupada,0.8740586042404175,0.5710158335750736,2026-09-29T17:50:24.685-03:00
UFPR05,10,ocupada,0.8663778305053711,0.6681794825218372,2026-09-29T17:50:24.685-03:00
UFPR05,11,ocupada,0.8730567693710327,0.6293512304977079,2026-09-29T17:50:24.685-03:00
UFPR05,12,ocupada,0.8605338335037231,0.6039646471728831,2026-09-29T17:50:24.685-03:00
UFPR05,13,ocupada,0.84090256690979,0.6269381929300422,2026-09-29T17:50:24.685-03:00
UFPR05,14,ocupada,0.8438138365745544,0.641206555969188,2026-09-29T17:50:24.685-03:00
UFPR05,15,ocupada,0.8614363074302673,0.6521803652119295,2026-09-29T17:50:24.685-03:00
UFPR05,16,ocupada,0.8823995590209961,0.6406001355862732,2026-09-29T17:50:24.685-03:00
UFPR05,17,ocupada,0.8242251873016357,0.5921470605005459,2026-09-29T17:50:24.685-03:00
UFPR05,18,ocupada,0.8450707793235779,0.5650998573958592,2026-09-29T17:50:24.685-03:00
UFPR05,19,ocupada,0.8716791868209839,0.5481996611075008,2026-09-29T17:50:24.685-03:00
UFPR05,2,ocupada,0.8448858261108398,0.5702681561699032,2026-09-29T17:50:24.685-03:00
UFPR05,20,ocupada,0.866310179233551,0.6046528775151743,2026-09-29T17:50:24.685-03:00
UFPR05,21,ocupada,0.8706465363502502,0.7797456488980373,2026-09-29T17:50:24.685-03:00
UFPR05,22,ocupada,0.8462212085723877,0.7430782522784373,2026-09-29T17:50:24.685-03:00
UFPR05,23,ocupada,0.8674051761627197,0.7615278001002806,2026-09-29T17:50:24.685-03:00
UFPR05,24,ocupada,0.8619744777679443,0.7004584129376842,2026-09-29T17:50:24.685-03:00
UFPR05,25,ocupada,0.8853994011878967,0.6374547087735516,2026-09-29T17:50:24.685-03:00
UFPR05,26,ocupada,0.8824728727340698,0.6228282939004053,2026-09-29T17:50:24.685-03:00
UFPR05,27,ocupada,0.904228687286377,0.5582340368899981,2026-09-29T17:50:24.685-03:00
UFPR05,28,ocupada,0.9150081276893616,0.5660777901060791,2026-09-29T17:50:24.685-03:00
UFPR05,29,ocupada,0.8687256574630737,0.5770048764447189,2026-09-29T17:50:24.685-03:00
UFPR05,3,ocupada,0.9038569927215576,0.6234542911726398,2026-09-29T17:50:24.685-03:00
UFPR05,30,ocupada,0.8850090503692627,0.6083639189030305,2026-09-29T17:50:24.685-03:00
UFPR05,31,ocupada,0.9135240316390991,0.6151992007545156,2026-09-29T17:50:24.685-03:00
UFPR05,32,ocupada,0.8671960830688477,0.7379637491307292,2026-09-29T17:50:24.685-03:00
UFPR05,33,ocupada,0.8650573492050171,0.7026276248118285,2026-09-29T17:50:24.685-03:00
UFPR05,34,ocupada,0.8310174942016602,0.8298072634754412,2026-09-29T17:50:24.685-03:00
UFPR05,35,ocupada,0.8439103364944458,0.8453602514838665,2026-09-29T17:50:24.685-03:00
UFPR05,36,ocupada,0.9320504665374756,0.8585049486419418,2026-09-29T17:50:24.685-03:00
UFPR05,37,ocupada,0.9380961656570435,0.7927341598083784,2026-09-29T17:50:24.685-03:00
UFPR05,38,ocupada,0.8552772402763367,0.8443497684547167,2026-09-29T17:50:24.685-03:00
UFPR05,39,ocupada,0.8193048238754272,0.8463800333758226,2026-09-29T17:50:24.685-03:00
UFPR05,4,ocupada,0.8854073882102966,0.6482102607546728,2026-09-29T17:50:24.685-03:00
UFPR05,40,ocupada,0.8856439590454102,0.771313719058338,2026-09-29T17:50:24.685-03:00
UFPR05,5,ocupada,0.8537428975105286,0.6251584383396409,2026-09-29T17:50:24.685-03:00
UFPR05,6,ocupada,0.9040367603302002,0.585608178813591,2026-09-29T17:50:24.685-03:00
UFPR05,7,ocupada,0.8459146022796631,0.6129410880173229,2026-09-29T17:50:24.685-03:00
UFPR05,8,ocupada,0.9044458866119385,0.6460217304535416,2026-09-29T17:50:24.685-03:00
UFPR05,9,ocupada,0.8837830424308777,0.5835611596421043,2026-09-29T17:50:24.685-03:00
UFPR05,1,ocupada,0.8707078695297241,0.574238529981245,2026-09-29T17:50:24.755-03:00
UFPR05,10,ocupada,0.8598322868347168,0.6795623399012712,2026-09-29T17:50:24.755-03:00
UFPR05,11,ocupada,0.8727129101753235,0.6182564642671033,2026-09-29T17:50:24.755-03:00
UFPR05,12,ocupada,0.846451461315155,0.6034411204027053,2026-09-29T17:50:24.755-03:00
UFPR05,13,ocupada,0.8425992727279663,0.6233622555104334,2026-09-29T17:50:24.755-03:00
UFPR05,14,ocupada,0.8342409133911133,0.6466584279919406,2026-09-29T17:50:24.755-03:00
UFPR05,15,ocupada,0.871396005153656,0.6414438015047701,2026-09-29T17:50:24.755-03:00
UFPR05,16,ocupada,0.8860434889793396,0.6238498790562435,2026-09-29T17:50:24.755-03:00
UFPR05,17,ocupada,0.827631413936615,0.5974115320798962,2026-09-29T17:50:24.755-03:00
UFPR05,18,ocupada,0.8505239486694336,0.5664551275424736,2026-09-29T17:50:24.755-03:00
UFPR05,19,ocupada,0.8740636110305786,0.5545186831542381,2026-09-29T17:50:24.755-03:00
UFPR05,2,ocupada,0.8445342183113098,0.569722487933081,2026-09-29T17:50:24.755-03:00
UFPR05,20,ocupada,0.8679617047309875,0.6057084643112479,2026-09-29T17:50:24.755-03:00
UFPR05,21,ocupada,0.8711915016174316,0.7722488672662983,2026-09-29T17:50:24.755-03:00
UFPR05,22,ocupada,0.8519077897071838,0.7409104281406717,2026-09-29T17:50:24.755-03:00
UFPR05,23,ocupada,0.8444337844848633,0.7643499799992185,2026-09-29T17:50:24.755-03:00
UFPR05,24,ocupada,0.8723365664482117,0.7056492933701141,2026-09-29T17:50:24.755-03:00
UFPR05,25,ocupada,0.8803843259811401,0.6410737641259815,2026-09-29T17:50:24.755-03:00
UFPR05,26,ocupada,0.8854708075523376,0.6250139302989396,2026-09-29T17:50:24.755-03:00
UFPR05,27,ocupada,0.9008883833885193,0.5591265520530062,2026-09-29T17:50:24.755-03:00
UFPR05,28,ocupada,0.9155942797660828,0.5656432704286634,2026-09-29T17:50:24.755-03:00
UFPR05,29,ocupada,0.8709849715232849,0.5821054927023191,2026-09-29T17:50:24.755-03:00
UFPR05,3,ocupada,0.8990897536277771,0.621062028575416,2026-09-29T17:50:24.755-03:00
UFPR05,30,ocupada,0.8635208010673523,0.6140084453864081,2026-09-29T17:50:24.755-03:00
UFPR05,31,ocupada,0.9074730277061462,0.6104300265926996,2026-09-29T17:50:24.755-03:00
UFPR05,32,ocupada,0.8741925358772278,0.7245618865045141,2026-09-29T17:50:24.755-03:00
UFPR05,33,ocupada,0.8700569272041321,0.6922527872351533,2026-09-29T17:50:24.755-03:00
UFPR05,34,ocupada,0.8232595324516296,0.8131088155288757,2026-09-29T17:50:24.755-03:00
UFPR05,35,ocupada,0.8525860905647278,0.857259363620899,2026-09-29T17:50:24.755-03:00
UFPR05,36,ocupada,0.9271673560142517,0.8578019884567316,2026-09-29T17:50:24.755-03:00
UFPR05,37,ocupada,0.9353110194206238,0.7792636004904032,2026-09-29T17:50:24.755-03:00
UFPR05,38,ocupada,0.8582674264907837,0.8298444557289179,2026-09-29T17:50:24.755-03:00
UFPR05,39,ocupada,0.8204530477523804,0.8267311343516642,2026-09-29T17:50:24.755-03:00
UFPR05,4,ocupada,0.8839318752288818,0.6400498663250973,2026-09-29T17:50:24.755-03:00
UFPR05,40,ocupada,0.8750038743019104,0.7076445679944403,2026-09-29T17:50:24.755-03:00
UFPR05,5,ocupada,0.8500751852989197,0.6059816279743977,2026-09-29T17:50:24.755-03:00
UFPR05,6,ocupada,0.900941789150238,0.5755050328617776,2026-09-29T17:50:24.755-03:00
UFPR05,7,ocupada,0.8389586210250854,0.6172715556837817,2026-09-29T17:50:24.755-03:00
UFPR05,8,ocupada,0.9064450860023499,0.6292746568713782,2026-09-29T17:50:24.755-03:00
UFPR05,9,ocupada,0.8850014805793762,0.5691453012924373,2026-09-29T17:50:24.755-03:00
UFPR05,1,ocupada,0.880056619644165,0.5798210928036501,2026-09-29T17:50:24.825-03:00
UFPR05,10,ocupada,0.9176802635192871,0.6907402426260213,2026-09-29T17:50:24.825-03:00
UFPR05,11,ocupada,0.8550931811332703,0.6165924523912133,2026-09-29T17:50:24.825-03:00
UFPR05,12,ocupada,0.8473113179206848,0.5944104021901812,2026-09-29T17:50:24.825-03:00
UFPR05,13,ocupada,0.8419872522354126,0.6211149230142293,2026-09-29T17:50:24.825-03:00
UFPR05,14,ocupada,0.8531859517097473,0.6402029567908321,2026-09-29T17:50:24.825-03:00
UFPR05,15,ocupada,0.87021803855896,0.6405216718413879,2026-09-29T17:50:24.825-03:00
UFPR05,16,ocupada,0.8946143984794617,0.628987678639326,2026-09-29T17:50:24.825-03:00
UFPR05,17,ocupada,0.8301306366920471,0.5926758445663246,2026-09-29T17:50:24.825-03:00
UFPR05,18,ocupada,0.8382066488265991,0.5844121473543316,2026-09-29T17:50:24.825-03:00
UFPR05,19,ocupada,0.8795302510261536,0.5451325446420071,2026-09-29T17:50:24.825-03:00
UFPR05,2,ocupada,0.8337526321411133,0.561531346134996,2026-09-29T17:50:24.825-03:00
UFPR05,20,ocupada,0.8740770816802979,0.6198922698108222,2026-09-29T17:50:24.825-03:00
UFPR05,21,ocupada,0.8634890913963318,0.7622911911547653,2026-09-29T17:50:24.825-03:00
UFPR05,22,ocupada,0.8421657085418701,0.7473141703544588,2026-09-29T17:50:24.825-03:00
UFPR05,23,ocupada,0.8571626543998718,0.766690302028321,2026-09-29T17:50:24.825-03:00
UFPR05,24,ocupada,0.8627087473869324,0.7086696652121725,2026-09-29T17:50:24.825-03:00
UFPR05,25,ocupada,0.8632670640945435,0.6295084607442438,2026-09-29T17:50:24.825-03:00
UFPR05,26,ocupada,0.8863242864608765,0.6220874630159633,2026-09-29T17:50:24.825-03:00
UFPR05,27,ocupada,0.9020991921424866,0.5459725873455382,2026-09-29T17:50:24.825-03:00
UFPR05,28,ocupada,0.910991370677948,0.5577855382803864,2026-09-29T17:50:24.825-03:00
UFPR05,29,ocupada,0.8620173335075378,0.5749214088987549,2026-09-29T17:50:24.825-03:00
UFPR05,3,ocupada,0.8996421694755554,0.6327977197017085,2026-09-29T17:50:24.825-03:00
UFPR05,30,ocupada,0.8835697174072266,0.6213689730218784,2026-09-29T17:50:24.825-03:00
UFPR05,31,ocupada,0.8926401138305664,0.6210832116319595,2026-09-29T17:50:24.825-03:00
UFPR05,32,ocupada,0.8731352686882019,0.7152345189834659,2026-09-29T17:50:24.825-03:00
UFPR05,33,ocupada,0.8704809546470642,0.6986615546196516,2026-09-29T17:50:24.825-03:00
UFPR05,34,ocupada,0.8281159996986389,0.8203781998642633,2026-09-29T17:50:24.825-03:00
UFPR05,35,ocupada,0.839139461517334,0.852383051009428,2026-09-29T17:50:24.825-03:00
UFPR05,36,ocupada,0.9195511341094971,0.8493486473564171,2026-09-29T17:50:24.825-03:00
UFPR05,37,ocupada,0.927035927772522,0.7898283099625217,2026-09-29T17:50:24.825-03:00
UFPR05,38,ocupada,0.8699444532394409,0.8350786767820501,2026-09-29T17:50:24.825-03:00
UFPR05,39,ocupada,0.833422064781189,0.833811339388835,2026-09-29T17:50:24.825-03:00
UFPR05,4,ocupada,0.8899441957473755,0.627231986738607,2026-09-29T17:50:24.825-03:00
UFPR05,40,ocupada,0.8762667179107666,0.7599854170963852,2026-09-29T17:50:24.825-03:00
UFPR05,5,ocupada,0.8429385423660278,0.6256081399490652,2026-09-29T17:50:24.825-03:00
UFPR05,6,ocupada,0.8956710696220398,0.5770353035949366,2026-09-29T17:50:24.825-03:00
UFPR05,7,ocupada,0.8454457521438599,0.6192275014341257,2026-09-29T17:50:24.825-03:00
UFPR05,8,ocupada,0.9133263230323792,0.6490983408658663,2026-09-29T17:50:24.825-03:00
UFPR05,9,ocupada,0.8890294432640076,0.5890442389135497,2026-09-29T17:50:24.825-03:00
UFPR05,1,ocupada,0.8748945593833923,0.5787911780314275,2026-09-29T17:50:24.888-03:00
UFPR05,10,ocupada,0.8910031914710999,0.6825743300090398,2026-09-29T17:50:24.888-03:00
UFPR05,11,ocupada,0.862660825252533,0.6219324794731378,2026-09-29T17:50:24.888-03:00
UFPR05,12,ocupada,0.8482444286346436,0.5938922907939118,2026-09-29T17:50:24.888-03:00
UFPR05,13,ocupada,0.8444489240646362,0.6228423000930888,2026-09-29T17:50:24.888-03:00
UFPR05,14,ocupada,0.8239777684211731,0.6329741285876357,2026-09-29T17:50:24.888-03:00
UFPR05,15,ocupada,0.8678689002990723,0.6336116092548496,2026-09-29T17:50:24.888-03:00
UFPR05,16,ocupada,0.8589826226234436,0.6741940827821509,2026-09-29T17:50:24.888-03:00
UFPR05,17,ocupada,0.8251257538795471,0.5993543639991545,2026-09-29T17:50:24.888-03:00
UFPR05,18,ocupada,0.8458617329597473,0.5738340701360524,2026-09-29T17:50:24.888-03:00
UFPR05,19,ocupada,0.8829023241996765,0.543791317578624,2026-09-29T17:50:24.888-03:00
UFPR05,2,ocupada,0.8403195738792419,0.557906365562778,2026-09-29T17:50:24.888-03:00
UFPR05,20,ocupada,0.8778301477432251,0.6077824219804465,2026-09-29T17:50:24.888-03:00
UFPR05,21,ocupada,0.861849844455719,0.7701915318922651,2026-09-29T17:50:24.888-03:00
UFPR05,22,ocupada,0.8478791117668152,0.7528428376220296,2026-09-29T17:50:24.888-03:00
UFPR05,23,ocupada,0.8665040135383606,0.7565432191805365,2026-09-29T17:50:24.888-03:00
UFPR05,24,ocupada,0.8680079579353333,0.6930721780966345,2026-09-29T17:50:24.888-03:00
UFPR05,25,ocupada,0.8514936566352844,0.6358057574007759,2026-09-29T17:50:24.888-03:00
UFPR05,26,ocupada,0.8875894546508789,0.6184293851463442,2026-09-29T17:50:24.888-03:00
UFPR05,27,ocupada,0.8940913081169128,0.5585785735847019,2026-09-29T17:50:24.888-03:00
UFPR05,28,ocupada,0.9146217703819275,0.5726939949092386,2026-09-29T17:50:24.888-03:00
UFPR05,29,ocupada,0.8725002408027649,0.5804310080211745,2026-09-29T17:50:24.888-03:00
UFPR05,3,ocupada,0.8987692594528198,0.626099832620023,2026-09-29T17:50:24.888-03:00
UFPR05,30,ocupada,0.8880210518836975,0.6227027681419701,2026-09-29T17:50:24.888-03:00
UFPR05,31,ocupada,0.8994686007499695,0.6191042334979511,2026-09-29T17:50:24.888-03:00
UFPR05,32,ocupada,0.8678141236305237,0.7259684401930776,2026-09-29T17:50:24.888-03:00
UFPR05,33,ocupada,0.8748350739479065,0.7213181240622913,2026-09-29T17:50:24.888-03:00
UFPR05,34,ocupada,0.8303703665733337,0.8416750822037998,2026-09-29T17:50:24.888-03:00
UFPR05,35,ocupada,0.840570867061615,0.8637305934548669,2026-09-29T17:50:24.888-03:00
UFPR05,36,ocupada,0.9066627621650696,0.87641998835492,2026-09-29T17:50:24.888-03:00
UFPR05,37,ocupada,0.9390943646430969,0.7986564169485408,2026-09-29T17:50:24.888-03:00
UFPR05,38,ocupada,0.8444838523864746,0.8324196905469986,2026-09-29T17:50:24.888-03:00
UFPR05,39,ocupada,0.8279819488525391,0.8310773195773699,2026-09-29T17:50:24.888-03:00
UFPR05,4,ocupada,0.8827425241470337,0.6317736446297653,2026-09-29T17:50:24.888-03:00
UFPR05,40,ocupada,0.8683401942253113,0.7470616320185195,2026-09-29T17:50:24.888-03:00
UFPR05,5,ocupada,0.8368915319442749,0.6109981323230332,2026-09-29T17:50:24.888-03:00
UFPR05,6,ocupada,0.9015353322029114,0.58381282213259,2026-09-29T17:50:24.888-03:00
UFPR05,7,ocupada,0.8363929390907288,0.6178218287220162,2026-09-29T17:50:24.888-03:00
UFPR05,8,ocupada,0.9055359363555908,0.653289455693481,2026-09-29T17:50:24.888-03:00
UFPR05,9,ocupada,0.8824853301048279,0.5828991318522654,2026-09-29T17:50:24.888-03:00
UFPR05,1,ocupada,0.877312183380127,0.5819683922638416,2026-09-29T17:50:24.951-03:00
UFPR05,10,ocupada,0.8614360094070435,0.669221207578976,2026-09-29T17:50:24.951-03:00
UFPR05,11,ocupada,0.8590218424797058,0.6250504150995932,2026-09-29T17:50:24.951-03:00
UFPR05,12,ocupada,0.858087956905365,0.598974432628848,2026-09-29T17:50:24.951-03:00
UFPR05,13,ocupada,0.8488540053367615,0.6155795419287806,2026-09-29T17:50:24.951-03:00
UFPR05,14,ocupada,0.8398470878601074,0.6273665356774745,2026-09-29T17:50:24.951-03:00
UFPR05,15,ocupada,0.8870468735694885,0.6382166745552198,2026-09-29T17:50:24.951-03:00
UFPR05,16,ocupada,0.899522066116333,0.635813909171795,2026-09-29T17:50:24.951-03:00
UFPR05,17,ocupada,0.8230182528495789,0.5943555248065883,2026-09-29T17:50:24.951-03:00
UFPR05,18,ocupada,0.861466646194458,0.5554031548491812,2026-09-29T17:50:24.951-03:00
UFPR05,19,ocupada,0.8792926073074341,0.5553531127054556,2026-09-29T17:50:24.951-03:00
UFPR05,2,ocupada,0.8264789581298828,0.556205400682179,2026-09-29T17:50:24.951-03:00
UFPR05,20,ocupada,0.8903898596763611,0.6107991659762164,2026-09-29T17:50:24.951-03:00
UFPR05,21,ocupada,0.8560836911201477,0.7765202675971309,2026-09-29T17:50:24.951-03:00
UFPR05,22,ocupada,0.862872838973999,0.7311275965988254,2026-09-29T17:50:24.951-03:00
UFPR05,23,ocupada,0.8465248346328735,0.755129894284589,2026-09-29T17:50:24.951-03:00
UFPR05,24,ocupada,0.8695346117019653,0.6941709608624154,2026-09-29T17:50:24.951-03:00
UFPR05,25,ocupada,0.8865026235580444,0.6424169112958608,2026-09-29T17:50:24.951-03:00
UFPR05,26,ocupada,0.8894525766372681,0.6217772558421572,2026-09-29T17:50:24.951-03:00
UFPR05,27,ocupada,0.9046619534492493,0.5593721743689011,2026-09-29T17:50:24.951-03:00
UFPR05,28,ocupada,0.9311196804046631,0.5747100529361756,2026-09-29T17:50:24.951-03:00
UFPR05,29,ocupada,0.879904568195343,0.5730729122467102,2026-09-29T17:50:24.951-03:00
UFPR05,3,ocupada,0.8958437442779541,0.6115989317995248,2026-09-29T17:50:24.951-03:00
UFPR05,30,ocupada,0.872645914554596,0.5999725443076613,2026-09-29T17:50:24.951-03:00
UFPR05,31,ocupada,0.9182156324386597,0.6263272465322638,2026-09-29T17:50:24.951-03:00
UFPR05,32,ocupada,0.8630373477935791,0.735770480762481,2026-09-29T17:50:24.951-03:00
UFPR05,33,ocupada,0.8758215308189392,0.7170279001647177,2026-09-29T17:50:24.951-03:00
UFPR05,34,ocupada,0.8271020650863647,0.8231417075736998,2026-09-29T17:50:24.951-03:00
UFPR05,35,ocupada,0.8206577301025391,0.8746404479870447,2026-09-29T17:50:24.951-03:00
UFPR05,36,ocupada,0.8965908288955688,0.8865919978518036,2026-09-29T17:50:24.951-03:00
UFPR05,37,ocupada,0.9197225570678711,0.8238789786091323,2026-09-29T17:50:24.951-03:00
UFPR05,38,ocupada,0.8552259802818298,0.8433587877240858,2026-09-29T17:50:24.951-03:00
UFPR05,39,ocupada,0.8305748105049133,0.8350975176464985,2026-09-29T17:50:24.951-03:00
UFPR05,4,ocupada,0.8963862061500549,0.6362223595083752,2026-09-29T17:50:24.951-03:00
UFPR05,40,ocupada,0.8877953886985779,0.7705255315543889,2026-09-29T17:50:24.951-03:00
UFPR05,5,ocupada,0.8521069884300232,0.6050712571183801,2026-09-29T17:50:24.951-03:00
UFPR05,6,ocupada,0.9089794754981995,0.5781196368614725,2026-09-29T17:50:24.951-03:00
UFPR05,7,ocupada,0.8479357361793518,0.6140327143303218,2026-09-29T17:50:24.951-03:00
UFPR05,8,ocupada,0.9111738204956055,0.6401284764246613,2026-09-29T17:50:24.951-03:00
UFPR05,9,ocupada,0.8743249773979187,0.5798135924442053,2026-09-29T17:50:24.951-03:00
UFPR05,1,ocupada,0.885675847530365,0.5686698866537561,2026-09-29T17:50:25.019-03:00
UFPR05,10,ocupada,0.8277049660682678,0.6713137533098419,2026-09-29T17:50:25.019-03:00
UFPR05,11,ocupada,0.8558967113494873,0.6175090938424089,2026-09-29T17:50:25.019-03:00
UFPR05,12,ocupada,0.8699778914451599,0.6054866590215282,2026-09-29T17:50:25.019-03:00
UFPR05,13,ocupada,0.8446843028068542,0.61677996243498,2026-09-29T17:50:25.019-03:00
UFPR05,14,ocupada,0.860026478767395,0.6317983036687825,2026-09-29T17:50:25.019-03:00
UFPR05,15,ocupada,0.8761103749275208,0.6579711128563053,2026-09-29T17:50:25.019-03:00
UFPR05,16,ocupada,0.887825608253479,0.620952344365896,2026-09-29T17:50:25.019-03:00
UFPR05,17,ocupada,0.8282981514930725,0.5846451337250366,2026-09-29T17:50:25.019-03:00
UFPR05,18,ocupada,0.8667092323303223,0.5522296850891231,2026-09-29T17:50:25.019-03:00
UFPR05,19,ocupada,0.8749086856842041,0.5470633160203544,2026-09-29T17:50:25.019-03:00
UFPR05,2,ocupada,0.8284134268760681,0.5498887309409923,2026-09-29T17:50:25.019-03:00
UFPR05,20,ocupada,0.8794362545013428,0.5790921701392867,2026-09-29T17:50:25.019-03:00
UFPR05,21,ocupada,0.8731257319450378,0.7621879106414524,2026-09-29T17:50:25.019-03:00
UFPR05,22,ocupada,0.8617079257965088,0.7385366526802918,2026-09-29T17:50:25.019-03:00
UFPR05,23,ocupada,0.8730466961860657,0.752063551582827,2026-09-29T17:50:25.019-03:00
UFPR05,24,ocupada,0.8787412643432617,0.6893645988958849,2026-09-29T17:50:25.019-03:00
UFPR05,25,ocupada,0.876689076423645,0.6477428758986613,2026-09-29T17:50:25.019-03:00
UFPR05,26,ocupada,0.875234067440033,0.6144151010686788,2026-09-29T17:50:25.019-03:00
UFPR05,27,ocupada,0.9079246520996094,0.551051909401503,2026-09-29T17:50:25.019-03:00
UFPR05,28,ocupada,0.9248718619346619,0.561362301241873,2026-09-29T17:50:25.019-03:00
UFPR05,29,ocupada,0.8855064511299133,0.5622214981657891,2026-09-29T17:50:25.019-03:00
UFPR05,3,ocupada,0.8942044377326965,0.6278290890504115,2026-09-29T17:50:25.019-03:00
UFPR05,30,ocupada,0.8690062761306763,0.6232616568086078,2026-09-29T17:50:25.019-03:00
UFPR05,31,ocupada,0.9001967906951904,0.6129597806943098,2026-09-29T17:50:25.019-03:00
UFPR05,32,ocupada,0.8758955001831055,0.7226123525751509,2026-09-29T17:50:25.019-03:00
UFPR05,33,ocupada,0.8755404949188232,0.7020646947669615,2026-09-29T17:50:25.019-03:00
UFPR05,34,ocupada,0.8258178234100342,0.832285244598896,2026-09-29T17:50:25.019-03:00
UFPR05,35,ocupada,0.8312606811523438,0.8690761433495572,2026-09-29T17:50:25.019-03:00
UFPR05,36,ocupada,0.9032010436058044,0.8324811684480408,2026-09-29T17:50:25.019-03:00
UFPR05,37,ocupada,0.9360388517379761,0.777564603448313,2026-09-29T17:50:25.019-03:00
UFPR05,38,ocupada,0.8427551984786987,0.8414191278625952,2026-09-29T17:50:25.019-03:00
UFPR05,39,ocupada,0.8227438926696777,0.8252123693897792,2026-09-29T17:50:25.019-03:00
UFPR05,4,ocupada,0.8884588479995728,0.6414255571272252,2026-09-29T17:50:25.019-03:00
UFPR05,40,ocupada,0.8634808659553528,0.7615638652458522,2026-09-29T17:50:25.019-03:00
UFPR05,5,ocupada,0.8457845449447632,0.6135972468103308,2026-09-29T17:50:25.019-03:00
UFPR05,6,ocupada,0.9029702544212341,0.5705296453346422,2026-09-29T17:50:25.019-03:00
UFPR05,7,ocupada,0.8505846858024597,0.615338963973648,2026-09-29T17:50:25.019-03:00
UFPR05,8,ocupada,0.9159907102584839,0.610670549966441,2026-09-29T17:50:25.019-03:00
UFPR05,9,ocupada,0.8815964460372925,0.5641807915593416,2026-09-29T17:50:25.019-03:00
UFPR05,1,ocupada,0.8696885704994202,0.5803700096772388,2026-09-29T17:50:25.093-03:00
UFPR05,10,ocupada,0.8585608005523682,0.6649171473925771,2026-09-29T17:50:25.093-03:00
UFPR05,11,ocupada,0.8605903387069702,0.6072198095453609,2026-09-29T17:50:25.093-03:00
UFPR05,12,ocupada,0.8847806453704834,0.6056323563898178,2026-09-29T17:50:25.093-03:00
UFPR05,13,ocupada,0.844825267791748,0.633270037310715,2026-09-29T17:50:25.093-03:00
UFPR05,14,ocupada,0.8406782746315002,0.6312700980260763,2026-09-29T17:50:25.093-03:00
UFPR05,15,ocupada,0.8753812909126282,0.6525645394144234,2026-09-29T17:50:25.093-03:00
UFPR05,16,ocupada,0.8882656097412109,0.6258512216041587,2026-09-29T17:50:25.093-03:00
UFPR05,17,ocupada,0.823569118976593,0.5968169615540109,2026-09-29T17:50:25.093-03:00
UFPR05,18,ocupada,0.8604915142059326,0.5542032095130669,2026-09-29T17:50:25.093-03:00
UFPR05,19,ocupada,0.8819459080696106,0.5383068846120204,2026-09-29T17:50:25.093-03:00
UFPR05,2,ocupada,0.8280810713768005,0.557869420331746,2026-09-29T17:50:25.093-03:00
UFPR05,20,ocupada,0.872917115688324,0.5765547194665752,2026-09-29T17:50:25.093-03:00
UFPR05,21,ocupada,0.8709357976913452,0.7725474326044939,2026-09-29T17:50:25.093-03:00
UFPR05,22,ocupada,0.8588758707046509,0.7355645353419715,2026-09-29T17:50:25.093-03:00
UFPR05,23,ocupada,0.8757701516151428,0.7493977335654819,2026-09-29T17:50:25.093-03:00
UFPR05,24,ocupada,0.8734452128410339,0.6895114969186835,2026-09-29T17:50:25.093-03:00
UFPR05,25,ocupada,0.8691464066505432,0.642945626618983,2026-09-29T17:50:25.093-03:00
UFPR05,26,ocupada,0.8825912475585938,0.6134207408389707,2026-09-29T17:50:25.093-03:00
UFPR05,27,ocupada,0.9015654921531677,0.5539129059572867,2026-09-29T17:50:25.093-03:00
UFPR05,28,ocupada,0.9194373488426208,0.5582782818502248,2026-09-29T17:50:25.093-03:00
UFPR05,29,ocupada,0.874893069267273,0.5673786274633099,2026-09-29T17:50:25.093-03:00
UFPR05,3,ocupada,0.8990443348884583,0.6244549902758055,2026-09-29T17:50:25.093-03:00
UFPR05,30,ocupada,0.8756163716316223,0.6107133319131473,2026-09-29T17:50:25.093-03:00
UFPR05,31,ocupada,0.8927907943725586,0.6114011780202152,2026-09-29T17:50:25.093-03:00
UFPR05,32,ocupada,0.8709844350814819,0.7174821565097161,2026-09-29T17:50:25.093-03:00
UFPR05,33,ocupada,0.8690786361694336,0.719501325425692,2026-09-29T17:50:25.093-03:00
UFPR05,34,ocupada,0.8277953863143921,0.8097497361515194,2026-09-29T17:50:25.093-03:00
UFPR05,35,ocupada,0.8338274955749512,0.8579071977437736,2026-09-29T17:50:25.093-03:00
UFPR05,36,ocupada,0.9097736477851868,0.838736917112617,2026-09-29T17:50:25.093-03:00
UFPR05,37,ocupada,0.9374600052833557,0.7958145605467594,2026-09-29T17:50:25.093-03:00
UFPR05,38,ocupada,0.8547802567481995,0.8435612088817902,2026-09-29T17:50:25.093-03:00
UFPR05,39,ocupada,0.8016827702522278,0.8369915818786864,2026-09-29T17:50:25.093-03:00
UFPR05,4,ocupada,0.8873012661933899,0.6498207410016803,2026-09-29T17:50:25.093-03:00
UFPR05,40,ocupada,0.8855857253074646,0.7647702330952615,2026-09-29T17:50:25.093-03:00
UFPR05,5,ocupada,0.8495362401008606,0.6111063529607089,2026-09-29T17:50:25.093-03:00
UFPR05,6,ocupada,0.9038439393043518,0.573160347271824,2026-09-29T17:50:25.093-03:00
UFPR05,7,ocupada,0.8467745780944824,0.6008964768176686,2026-09-29T17:50:25.093-03:00
UFPR05,8,ocupada,0.9193293452262878,0.6256440659482276,2026-09-29T17:50:25.093-03:00
UFPR05,9,ocupada,0.87906813621521,0.5716115937818248,2026-09-29T17:50:25.093-03:00
UFPR05,1,ocupada,0.8768795132637024,0.5833905286104939,2026-09-29T17:50:25.159-03:00
UFPR05,10,ocupada,0.884934663772583,0.6578896906269807,2026-09-29T17:50:25.159-03:00
UFPR05,11,ocupada,0.8457028865814209,0.6229186596987009,2026-09-29T17:50:25.159-03:00
UFPR05,12,ocupada,0.8697133660316467,0.6075288864883244,2026-09-29T17:50:25.159-03:00
UFPR05,13,ocupada,0.8355052471160889,0.6372366953464161,2026-09-29T17:50:25.159-03:00
UFPR05,14,ocupada,0.8743588924407959,0.6351694172433365,2026-09-29T17:50:25.159-03:00
UFPR05,15,ocupada,0.855043351650238,0.6564016783007011,2026-09-29T17:50:25.159-03:00
UFPR05,16,ocupada,0.8925936818122864,0.6250296010978655,2026-09-29T17:50:25.159-03:00
UFPR05,17,ocupada,0.8210281729698181,0.6042374698442476,2026-09-29T17:50:25.159-03:00
UFPR05,18,ocupada,0.8413400650024414,0.572505378160656,2026-09-29T17:50:25.159-03:00
UFPR05,19,ocupada,0.8735811710357666,0.5264514348350915,2026-09-29T17:50:25.159-03:00
UFPR05,2,ocupada,0.8315001726150513,0.562286417399906,2026-09-29T17:50:25.159-03:00
UFPR05,20,ocupada,0.8731911778450012,0.6049738698862239,2026-09-29T17:50:25.159-03:00
UFPR05,21,ocupada,0.8673507571220398,0.7700524851109484,2026-09-29T17:50:25.159-03:00
UFPR05,22,ocupada,0.8443025946617126,0.7427512407688898,2026-09-29T17:50:25.159-03:00
UFPR05,23,ocupada,0.8780683875083923,0.7493764633396912,2026-09-29T17:50:25.159-03:00
UFPR05,24,ocupada,0.8759213089942932,0.6937357927756456,2026-09-29T17:50:25.159-03:00
UFPR05,25,ocupada,0.879534900188446,0.6507112718319751,2026-09-29T17:50:25.159-03:00
UFPR05,26,ocupada,0.8795365691184998,0.6187333241802551,2026-09-29T17:50:25.159-03:00
UFPR05,27,ocupada,0.893038809299469,0.5545773134069897,2026-09-29T17:50:25.159-03:00
UFPR05,28,ocupada,0.9196901321411133,0.5739386289074542,2026-09-29T17:50:25.159-03:00
UFPR05,29,ocupada,0.8669188022613525,0.5755021511869021,2026-09-29T17:50:25.159-03:00
UFPR05,3,ocupada,0.9070863723754883,0.615908773084931,2026-09-29T17:50:25.159-03:00
UFPR05,30,ocupada,0.8711153268814087,0.6014888792205321,2026-09-29T17:50:25.159-03:00
UFPR05,31,ocupada,0.9017623066902161,0.6154217141912095,2026-09-29T17:50:25.159-03:00
UFPR05,32,ocupada,0.8709572553634644,0.7160201907464088,2026-09-29T17:50:25.159-03:00
UFPR05,33,ocupada,0.8744649887084961,0.6905271033866476,2026-09-29T17:50:25.159-03:00
UFPR05,34,ocupada,0.8336731791496277,0.7951785264301299,2026-09-29T17:50:25.159-03:00
UFPR05,35,ocupada,0.8245132565498352,0.86709407312066,2026-09-29T17:50:25.159-03:00
UFPR05,36,ocupada,0.8824385404586792,0.8410226875825252,2026-09-29T17:50:25.159-03:00
UFPR05,37,ocupada,0.9252635836601257,0.8049036177786786,2026-09-29T17:50:25.159-03:00
UFPR05,38,ocupada,0.8534271717071533,0.8310375858682233,2026-09-29T17:50:25.159-03:00
UFPR05,39,ocupada,0.8155574798583984,0.8480728879721201,2026-09-29T17:50:25.159-03:00
UFPR05,4,ocupada,0.8824876546859741,0.6472483992676652,2026-09-29T17:50:25.159-03:00
UFPR05,40,ocupada,0.8664753437042236,0.7712607400463718,2026-09-29T17:50:25.159-03:00
UFPR05,5,ocupada,0.8494419455528259,0.6097940506497271,2026-09-29T17:50:25.159-03:00
UFPR05,6,ocupada,0.9017455577850342,0.5733054257299338,2026-09-29T17:50:25.159-03:00
UFPR05,7,ocupada,0.8455259799957275,0.6088595612541304,2026-09-29T17:50:25.159-03:00
UFPR05,8,ocupada,0.9132220149040222,0.6412705296486699,2026-09-29T17:50:25.159-03:00
UFPR05,9,ocupada,0.8805763721466064,0.5818773557829259,2026-09-29T17:50:25.159-03:00
UFPR05,1,ocupada,0.8937546014785767,0.5800588686424666,2026-09-29T17:50:25.227-03:00
UFPR05,10,ocupada,0.9064540863037109,0.6583019102498324,2026-09-29T17:50:25.227-03:00
UFPR05,11,ocupada,0.8632860779762268,0.6315258893203624,2026-09-29T17:50:25.227-03:00
UFPR05,12,ocupada,0.8740440607070923,0.609599475377351,2026-09-29T17:50:25.227-03:00
UFPR05,13,ocupada,0.8304300308227539,0.6431247117562481,2026-09-29T17:50:25.227-03:00
UFPR05,14,ocupada,0.8795835971832275,0.6377625669200341,2026-09-29T17:50:25.227-03:00
UFPR05,15,ocupada,0.8679832220077515,0.661053875916983,2026-09-29T17:50:25.227-03:00
UFPR05,16,ocupada,0.888552188873291,0.6279568662663005,2026-09-29T17:50:25.227-03:00
UFPR05,17,ocupada,0.8297165036201477,0.5964504802270472,2026-09-29T17:50:25.227-03:00
UFPR05,18,ocupada,0.8507813811302185,0.5742984782777039,2026-09-29T17:50:25.227-03:00
UFPR05,19,ocupada,0.8836131691932678,0.5389920633456391,2026-09-29T17:50:25.227-03:00
UFPR05,2,ocupada,0.8385598659515381,0.571839853562444,2026-09-29T17:50:25.227-03:00
UFPR05,20,ocupada,0.8819237351417542,0.6107020708658545,2026-09-29T17:50:25.227-03:00
UFPR05,21,ocupada,0.8678407073020935,0.7717088501392528,2026-09-29T17:50:25.227-03:00
UFPR05,22,ocupada,0.8479916453361511,0.739061965098368,2026-09-29T17:50:25.227-03:00
UFPR05,23,ocupada,0.8508531451225281,0.7548908258134541,2026-09-29T17:50:25.227-03:00
UFPR05,24,ocupada,0.8644369840621948,0.7027130050120431,2026-09-29T17:50:25.227-03:00
UFPR05,25,ocupada,0.8747962117195129,0.6628347909825637,2026-09-29T17:50:25.227-03:00
UFPR05,26,ocupada,0.8823819160461426,0.6221326555299804,2026-09-29T17:50:25.227-03:00
UFPR05,27,ocupada,0.8901001214981079,0.5612906929141629,2026-09-29T17:50:25.227-03:00
UFPR05,28,ocupada,0.9175860285758972,0.5822874705047617,2026-09-29T17:50:25.227-03:00
UFPR05,29,ocupada,0.8577091097831726,0.5775088609271462,2026-09-29T17:50:25.227-03:00
UFPR05,3,ocupada,0.8996965885162354,0.6154462453903103,2026-09-29T17:50:25.227-03:00
UFPR05,30,ocupada,0.8760308027267456,0.6102980642229882,2026-09-29T17:50:25.227-03:00
UFPR05,31,ocupada,0.9045318961143494,0.6139235004522343,2026-09-29T17:50:25.227-03:00
UFPR05,32,ocupada,0.8671900629997253,0.70752918168956,2026-09-29T17:50:25.227-03:00
UFPR05,33,ocupada,0.8666428327560425,0.6979880769121269,2026-09-29T17:50:25.227-03:00
UFPR05,34,ocupada,0.881768524646759,0.8677458253106758,2026-09-29T17:50:25.227-03:00
UFPR05,35,ocupada,0.8414443135261536,0.8451397960651617,2026-09-29T17:50:25.227-03:00
UFPR05,36,ocupada,0.9149734973907471,0.860188088559437,2026-09-29T17:50:25.227-03:00
UFPR05,37,ocupada,0.9332646131515503,0.7992595415298216,2026-09-29T17:50:25.227-03:00
UFPR05,38,ocupada,0.8447089791297913,0.8367694412094814,2026-09-29T17:50:25.227-03:00
UFPR05,39,ocupada,0.8017873764038086,0.8577356110567873,2026-09-29T17:50:25.227-03:00
UFPR05,4,ocupada,0.8811354041099548,0.6386074863013266,2026-09-29T17:50:25.227-03:00
UFPR05,40,ocupada,0.880362868309021,0.7751079403157985,2026-09-29T17:50:25.227-03:00
UFPR05,5,ocupada,0.8467450141906738,0.6039954531730669,2026-09-29T17:50:25.227-03:00
UFPR05,6,ocupada,0.9015547633171082,0.5761126367779329,2026-09-29T17:50:25.227-03:00
UFPR05,7,ocupada,0.8546741604804993,0.6083729053502677,2026-09-29T17:50:25.227-03:00
UFPR05,8,ocupada,0.9154113531112671,0.6506279867252904,2026-09-29T17:50:25.227-03:00
UFPR05,9,ocupada,0.877307116985321,0.5839821112577273,2026-09-29T17:50:25.227-03:00
UFPR05,1,ocupada,0.876041829586029,0.5899091317925724,2026-09-29T17:50:25.294-03:00
UFPR05,10,ocupada,0.9025089740753174,0.6773361350356335,2026-09-29T17:50:25.294-03:00
UFPR05,11,ocupada,0.8624014258384705,0.6295697406685096,2026-09-29T17:50:25.294-03:00
UFPR05,12,ocupada,0.8328335285186768,0.6136282636209255,2026-09-29T17:50:25.294-03:00
UFPR05,13,ocupada,0.8310608863830566,0.6278169565197572,2026-09-29T17:50:25.294-03:00
UFPR05,14,ocupada,0.8545195460319519,0.624904675107524,2026-09-29T17:50:25.294-03:00
UFPR05,15,ocupada,0.8480057120323181,0.6634932304090946,2026-09-29T17:50:25.294-03:00
UFPR05,16,ocupada,0.8904381990432739,0.6469369282063455,2026-09-29T17:50:25.294-03:00
UFPR05,17,ocupada,0.8205004334449768,0.5913936100742001,2026-09-29T17:50:25.294-03:00
UFPR05,18,ocupada,0.8456991910934448,0.5995681270587052,2026-09-29T17:50:25.294-03:00
UFPR05,19,ocupada,0.8803182244300842,0.5197373296113951,2026-09-29T17:50:25.294-03:00
UFPR05,2,ocupada,0.8677862882614136,0.567868388929107,2026-09-29T17:50:25.294-03:00
UFPR05,20,ocupada,0.8785732984542847,0.5753197165443478,2026-09-29T17:50:25.294-03:00
UFPR05,21,ocupada,0.8699221611022949,0.783353289650967,2026-09-29T17:50:25.294-03:00
UFPR05,22,ocupada,0.8556760549545288,0.7473013588793965,2026-09-29T17:50:25.294-03:00
UFPR05,23,ocupada,0.82438063621521,0.7549478197991892,2026-09-29T17:50:25.294-03:00
UFPR05,24,ocupada,0.8677473068237305,0.6943836463031012,2026-09-29T17:50:25.294-03:00
UFPR05,25,ocupada,0.8377420902252197,0.6521452876612222,2026-09-29T17:50:25.294-03:00
UFPR05,26,ocupada,0.8965030908584595,0.6126540767577865,2026-09-29T17:50:25.294-03:00
UFPR05,27,ocupada,0.8906995058059692,0.565103324257135,2026-09-29T17:50:25.294-03:00
UFPR05,28,ocupada,0.9326216578483582,0.5658667546067712,2026-09-29T17:50:25.294-03:00
UFPR05,29,ocupada,0.8658772706985474,0.5648276353168193,2026-09-29T17:50:25.294-03:00
UFPR05,3,ocupada,0.905582070350647,0.6100152680213351,2026-09-29T17:50:25.294-03:00
UFPR05,30,ocupada,0.8847435116767883,0.5879723891961145,2026-09-29T17:50:25.294-03:00
UFPR05,31,ocupada,0.8829060792922974,0.6155719223907937,2026-09-29T17:50:25.294-03:00
UFPR05,32,ocupada,0.8740336894989014,0.7054457196310667,2026-09-29T17:50:25.294-03:00
UFPR05,33,ocupada,0.863777756690979,0.7113032300417752,2026-09-29T17:50:25.294-03:00
UFPR05,34,ocupada,0.8785462975502014,0.8391892736534591,2026-09-29T17:50:25.294-03:00
UFPR05,35,ocupada,0.8385207056999207,0.8590382744810849,2026-09-29T17:50:25.294-03:00
UFPR05,36,ocupada,0.914746105670929,0.8793202126133628,2026-09-29T17:50:25.294-03:00
UFPR05,37,ocupada,0.9114810228347778,0.8205191138245602,2026-09-29T17:50:25.294-03:00
UFPR05,38,ocupada,0.8595502376556396,0.8369350140989187,2026-09-29T17:50:25.294-03:00
UFPR05,39,ocupada,0.8179420232772827,0.8546894562343804,2026-09-29T17:50:25.294-03:00
UFPR05,4,ocupada,0.8818157911300659,0.638720707019739,2026-09-29T17:50:25.294-03:00
UFPR05,40,ocupada,0.8697460889816284,0.7878115153944812,2026-09-29T17:50:25.294-03:00
UFPR05,5,ocupada,0.8424183130264282,0.6076310520247271,2026-09-29T17:50:25.294-03:00
UFPR05,6,ocupada,0.8977033495903015,0.5876559350661196,2026-09-29T17:50:25.294-03:00
UFPR05,7,ocupada,0.8529949188232422,0.6068361567617369,2026-09-29T17:50:25.294-03:00
UFPR05,8,ocupada,0.9109779000282288,0.6579586760331575,2026-09-29T17:50:25.294-03:00
UFPR05,9,ocupada,0.8907839059829712,0.6157461494552932,2026-09-29T17:50:25.294-03:00
UFPR05,1,ocupada,0.8711666464805603,0.5881647457499818,2026-09-29T17:50:25.362-03:00
UFPR05,10,ocupada,0.845069944858551,0.6611568864809514,2026-09-29T17:50:25.362-03:00
UFPR05,11,ocupada,0.8744500279426575,0.6272834325608582,2026-09-29T17:50:25.362-03:00
UFPR05,12,ocupada,0.8339479565620422,0.6049962867030241,2026-09-29T17:50:25.362-03:00
UFPR05,13,ocupada,0.8450164794921875,0.6202016962424193,2026-09-29T17:50:25.362-03:00
UFPR05,14,ocupada,0.8573809266090393,0.6280889803689712,2026-09-29T17:50:25.362-03:00
UFPR05,15,ocupada,0.8627831935882568,0.6632750277854581,2026-09-29T17:50:25.362-03:00
UFPR05,16,ocupada,0.8781319856643677,0.6471017404238817,2026-09-29T17:50:25.362-03:00
UFPR05,17,ocupada,0.8164852857589722,0.585705601576164,2026-09-29T17:50:25.362-03:00
UFPR05,18,ocupada,0.8442566990852356,0.5848946713615382,2026-09-29T17:50:25.362-03:00
UFPR05,19,ocupada,0.8727627396583557,0.5156084486368826,2026-09-29T17:50:25.362-03:00
UFPR05,2,ocupada,0.8480589985847473,0.5546663933313202,2026-09-29T17:50:25.362-03:00
UFPR05,20,ocupada,0.8913161158561707,0.5687691037819617,2026-09-29T17:50:25.362-03:00
UFPR05,21,ocupada,0.8745627999305725,0.7786497473363041,2026-09-29T17:50:25.362-03:00
UFPR05,22,ocupada,0.8077852725982666,0.7618835779071839,2026-09-29T17:50:25.362-03:00
UFPR05,23,ocupada,0.8768861889839172,0.7489859110831788,2026-09-29T17:50:25.362-03:00
UFPR05,24,ocupada,0.8793129920959473,0.7005818364113341,2026-09-29T17:50:25.362-03:00
UFPR05,25,ocupada,0.83472740650177,0.6405363583931103,2026-09-29T17:50:25.362-03:00
UFPR05,26,ocupada,0.8866037726402283,0.6090224790380339,2026-09-29T17:50:25.362-03:00
UFPR05,27,ocupada,0.9292389750480652,0.5817666292175595,2026-09-29T17:50:25.362-03:00
UFPR05,28,ocupada,0.9325624108314514,0.5859781307167233,2026-09-29T17:50:25.362-03:00
UFPR05,29,ocupada,0.8621945381164551,0.5540593117002636,2026-09-29T17:50:25.362-03:00
UFPR05,3,ocupada,0.906158983707428,0.617981425710614,2026-09-29T17:50:25.362-03:00
UFPR05,30,ocupada,0.8743596076965332,0.6097253947518919,2026-09-29T17:50:25.362-03:00
UFPR05,31,ocupada,0.8846116662025452,0.6199743545839239,2026-09-29T17:50:25.362-03:00
UFPR05,32,ocupada,0.8781079053878784,0.6987160985920647,2026-09-29T17:50:25.362-03:00
UFPR05,33,ocupada,0.8645883798599243,0.7239759684030249,2026-09-29T17:50:25.362-03:00
UFPR05,34,ocupada,0.8670404553413391,0.8334942938245666,2026-09-29T17:50:25.362-03:00
UFPR05,35,ocupada,0.8296135663986206,0.8781646120314035,2026-09-29T17:50:25.362-03:00
UFPR05,36,ocupada,0.9039537906646729,0.8834082297631751,2026-09-29T17:50:25.362-03:00
UFPR05,37,ocupada,0.9273556470870972,0.8211773544386569,2026-09-29T17:50:25.362-03:00
UFPR05,38,ocupada,0.8412860035896301,0.8362100822997943,2026-09-29T17:50:25.362-03:00
UFPR05,39,ocupada,0.8036897778511047,0.8597409153453902,2026-09-29T17:50:25.362-03:00
UFPR05,4,ocupada,0.8879690170288086,0.6224602535292485,2026-09-29T17:50:25.362-03:00
UFPR05,40,ocupada,0.9026757478713989,0.8008097114721829,2026-09-29T17:50:25.362-03:00
UFPR05,5,ocupada,0.8386432528495789,0.5967068287255937,2026-09-29T17:50:25.362-03:00
UFPR05,6,ocupada,0.898594319820404,0.6011181352582909,2026-09-29T17:50:25.362-03:00
UFPR05,7,ocupada,0.8504650592803955,0.6088034545476947,2026-09-29T17:50:25.362-03:00
UFPR05,8,ocupada,0.9091817140579224,0.6468064184688612,2026-09-29T17:50:25.362-03:00
UFPR05,9,ocupada,0.8856210708618164,0.5896978479641319,2026-09-29T17:50:25.362-03:00
UFPR05,1,ocupada,0.8745794892311096,0.5824229988131172,2026-09-29T17:50:25.436-03:00
UFPR05,10,ocupada,0.87385094165802,0.6743114861718812,2026-09-29T17:50:25.436-03:00
UFPR05,11,ocupada,0.8484904766082764,0.6390333826635335,2026-09-29T17:50:25.436-03:00
UFPR05,12,ocupada,0.8305200338363647,0.6064466408813446,2026-09-29T17:50:25.436-03:00
UFPR05,13,ocupada,0.8453654050827026,0.622848293224542,2026-09-29T17:50:25.436-03:00
UFPR05,14,ocupada,0.8645245432853699,0.6289642786745661,2026-09-29T17:50:25.436-03:00
UFPR05,15,ocupada,0.8554368615150452,0.6653781160188402,2026-09-29T17:50:25.436-03:00
UFPR05,16,ocupada,0.8751896619796753,0.6278012658848292,2026-09-29T17:50:25.436-03:00
UFPR05,17,ocupada,0.8247323036193848,0.6099243777530676,2026-09-29T17:50:25.436-03:00
UFPR05,18,ocupada,0.8419622778892517,0.6006228962618431,2026-09-29T17:50:25.436-03:00
UFPR05,19,ocupada,0.8728728890419006,0.5435408726029486,2026-09-29T17:50:25.436-03:00
UFPR05,2,ocupada,0.8414352536201477,0.5587269694573747,2026-09-29T17:50:25.436-03:00
UFPR05,20,ocupada,0.8596214056015015,0.6311465240273201,2026-09-29T17:50:25.436-03:00
UFPR05,21,ocupada,0.8727735280990601,0.7819927653978969,2026-09-29T17:50:25.436-03:00
UFPR05,22,ocupada,0.8176461458206177,0.7613446820647375,2026-09-29T17:50:25.436-03:00
UFPR05,23,ocupada,0.8683933019638062,0.7308959527037707,2026-09-29T17:50:25.436-03:00
UFPR05,24,ocupada,0.8700183033943176,0.7046025047417388,2026-09-29T17:50:25.436-03:00
UFPR05,25,ocupada,0.8410967588424683,0.6506358863539627,2026-09-29T17:50:25.436-03:00
UFPR05,26,ocupada,0.8917372226715088,0.6156035038483196,2026-09-29T17:50:25.436-03:00
UFPR05,27,ocupada,0.8880465030670166,0.5624370041128041,2026-09-29T17:50:25.436-03:00
UFPR05,28,ocupada,0.9310306906700134,0.578077218511723,2026-09-29T17:50:25.436-03:00
UFPR05,29,ocupada,0.861258864402771,0.5620939595242902,2026-09-29T17:50:25.436-03:00
UFPR05,3,ocupada,0.9085035920143127,0.6176095707191189,2026-09-29T17:50:25.436-03:00
UFPR05,30,ocupada,0.8723316192626953,0.6227856006397903,2026-09-29T17:50:25.436-03:00
UFPR05,31,ocupada,0.8977313041687012,0.6304583225677496,2026-09-29T17:50:25.436-03:00
UFPR05,32,ocupada,0.8692522048950195,0.7169707788837026,2026-09-29T17:50:25.436-03:00
UFPR05,33,ocupada,0.8622639179229736,0.703193957638421,2026-09-29T17:50:25.436-03:00
UFPR05,34,ocupada,0.8659133315086365,0.8470724420181593,2026-09-29T17:50:25.436-03:00
UFPR05,35,ocupada,0.8295289278030396,0.8743564848672116,2026-09-29T17:50:25.436-03:00
UFPR05,36,ocupada,0.9047978520393372,0.8860243013610076,2026-09-29T17:50:25.436-03:00
UFPR05,37,ocupada,0.9241310358047485,0.8215036977753015,2026-09-29T17:50:25.436-03:00
UFPR05,38,ocupada,0.8596214056015015,0.8485701685390982,2026-09-29T17:50:25.436-03:00
UFPR05,39,ocupada,0.8020636439323425,0.8489516691669989,2026-09-29T17:50:25.436-03:00
UFPR05,4,ocupada,0.8783500790596008,0.6509524437747536,2026-09-29T17:50:25.436-03:00
UFPR05,40,ocupada,0.9009689092636108,0.7955513826361464,2026-09-29T17:50:25.436-03:00
UFPR05,5,ocupada,0.8471599817276001,0.5936025026435057,2026-09-29T17:50:25.436-03:00
UFPR05,6,ocupada,0.9045478105545044,0.5905111823727156,2026-09-29T17:50:25.436-03:00
UFPR05,7,ocupada,0.8565962910652161,0.6237850564329677,2026-09-29T17:50:25.436-03:00
UFPR05,8,ocupada,0.9119726419448853,0.6452683494103874,2026-09-29T17:50:25.436-03:00
UFPR05,9,ocupada,0.884796142578125,0.5900516912796165,2026-09-29T17:50:25.436-03:00
UFPR05,1,ocupada,0.867645800113678,0.5857236309892672,2026-09-29T17:50:25.508-03:00
UFPR05,10,ocupada,0.8703516721725464,0.7080894993027628,2026-09-29T17:50:25.508-03:00
UFPR05,11,ocupada,0.8705305457115173,0.6391254357604188,2026-09-29T17:50:25.508-03:00
UFPR05,12,ocupada,0.836638331413269,0.6108582661911132,2026-09-29T17:50:25.508-03:00
UFPR05,13,ocupada,0.8431928157806396,0.629993056131992,2026-09-29T17:50:25.508-03:00
UFPR05,14,ocupada,0.8733035326004028,0.6459450113828766,2026-09-29T17:50:25.508-03:00
UFPR05,15,ocupada,0.8539998531341553,0.6741662523280921,2026-09-29T17:50:25.508-03:00
UFPR05,16,ocupada,0.8726879954338074,0.6284745755165068,2026-09-29T17:50:25.508-03:00
UFPR05,17,ocupada,0.8208543062210083,0.5876722404543373,2026-09-29T17:50:25.508-03:00
UFPR05,18,ocupada,0.8284176588058472,0.6011649150884826,2026-09-29T17:50:25.508-03:00
UFPR05,19,ocupada,0.8769423961639404,0.5147814048650762,2026-09-29T17:50:25.508-03:00
UFPR05,2,ocupada,0.8421353697776794,0.558734404668571,2026-09-29T17:50:25.508-03:00
UFPR05,20,ocupada,0.8693469762802124,0.610690886626905,2026-09-29T17:50:25.508-03:00
UFPR05,21,ocupada,0.8777574896812439,0.7816174597811782,2026-09-29T17:50:25.508-03:00
UFPR05,22,ocupada,0.8268240690231323,0.7696928182735493,2026-09-29T17:50:25.508-03:00
UFPR05,23,ocupada,0.8847484588623047,0.7526868478232858,2026-09-29T17:50:25.508-03:00
UFPR05,24,ocupada,0.8765691518783569,0.7106229238769151,2026-09-29T17:50:25.508-03:00
UFPR05,25,ocupada,0.8549519181251526,0.6585920630095295,2026-09-29T17:50:25.508-03:00
UFPR05,26,ocupada,0.8898187875747681,0.6093202076710595,2026-09-29T17:50:25.508-03:00
UFPR05,27,ocupada,0.9046471118927002,0.5635844807833428,2026-09-29T17:50:25.508-03:00
UFPR05,28,ocupada,0.9302912950515747,0.5797782974808662,2026-09-29T17:50:25.508-03:00
UFPR05,29,ocupada,0.8552864193916321,0.5633305187183014,2026-09-29T17:50:25.508-03:00
UFPR05,3,ocupada,0.896886944770813,0.6253249627212064,2026-09-29T17:50:25.508-03:00
UFPR05,30,ocupada,0.8860939741134644,0.6166896787633216,2026-09-29T17:50:25.508-03:00
UFPR05,31,ocupada,0.8958298563957214,0.6356004391956602,2026-09-29T17:50:25.508-03:00
UFPR05,32,ocupada,0.8679582476615906,0.7094851308528137,2026-09-29T17:50:25.508-03:00
UFPR05,33,ocupada,0.8622666001319885,0.7126688987754582,2026-09-29T17:50:25.508-03:00
UFPR05,34,ocupada,0.8790075182914734,0.846926488265482,2026-09-29T17:50:25.508-03:00
UFPR05,35,ocupada,0.8344730734825134,0.889078486001408,2026-09-29T17:50:25.508-03:00
UFPR05,36,ocupada,0.889407217502594,0.8924271814539618,2026-09-29T17:50:25.508-03:00
UFPR05,37,ocupada,0.9181143641471863,0.857700695793985,2026-09-29T17:50:25.508-03:00
UFPR05,38,ocupada,0.8617615699768066,0.8361276243311137,2026-09-29T17:50:25.508-03:00
UFPR05,39,ocupada,0.8053162097930908,0.8491058255494379,2026-09-29T17:50:25.508-03:00
UFPR05,4,ocupada,0.8779448866844177,0.6438710992496703,2026-09-29T17:50:25.508-03:00
UFPR05,40,ocupada,0.9104117155075073,0.7948806062065951,2026-09-29T17:50:25.508-03:00
UFPR05,5,ocupada,0.8524799346923828,0.599909720372542,2026-09-29T17:50:25.508-03:00
UFPR05,6,ocupada,0.9010972380638123,0.5932845433790936,2026-09-29T17:50:25.508-03:00
UFPR05,7,ocupada,0.8555944561958313,0.6167236166704942,2026-09-29T17:50:25.508-03:00
UFPR05,8,ocupada,0.9045417308807373,0.6386235722899841,2026-09-29T17:50:25.508-03:00
UFPR05,9,ocupada,0.8813227415084839,0.587041858069628,2026-09-29T17:50:25.508-03:00
UFPR05,1,ocupada,0.8694028258323669,0.5780463474936969,2026-09-29T17:50:25.574-03:00
UFPR05,10,ocupada,0.8717400431632996,0.6211225925754141,2026-09-29T17:50:25.574-03:00
UFPR05,11,ocupada,0.8576294779777527,0.630414981897821,2026-09-29T17:50:25.574-03:00
UFPR05,12,ocupada,0.8292919993400574,0.591605276313299,2026-09-29T17:50:25.574-03:00
UFPR05,13,ocupada,0.8452633023262024,0.6030360534354309,2026-09-29T17:50:25.574-03:00
UFPR05,14,ocupada,0.8757864236831665,0.6313444516533095,2026-09-29T17:50:25.574-03:00
UFPR05,15,ocupada,0.8569225668907166,0.6806124237980977,2026-09-29T17:50:25.574-03:00
UFPR05,16,ocupada,0.878990113735199,0.6509115356600127,2026-09-29T17:50:25.574-03:00
UFPR05,17,ocupada,0.8128659725189209,0.57720589039084,2026-09-29T17:50:25.574-03:00
UFPR05,18,ocupada,0.8264583945274353,0.5734233092963172,2026-09-29T17:50:25.574-03:00
UFPR05,19,ocupada,0.8772882223129272,0.510549457415175,2026-09-29T17:50:25.574-03:00
UFPR05,2,ocupada,0.8535993099212646,0.5661495983664797,2026-09-29T17:50:25.574-03:00
UFPR05,20,ocupada,0.872943103313446,0.6276462054851338,2026-09-29T17:50:25.574-03:00
UFPR05,21,ocupada,0.8702860474586487,0.7714937138697276,2026-09-29T17:50:25.574-03:00
UFPR05,22,ocupada,0.8314805626869202,0.7648609819628285,2026-09-29T17:50:25.574-03:00
UFPR05,23,ocupada,0.8583531379699707,0.7591434923220525,2026-09-29T17:50:25.574-03:00
UFPR05,24,ocupada,0.8608030080795288,0.7020163782309419,2026-09-29T17:50:25.574-03:00
UFPR05,25,ocupada,0.8363304138183594,0.6401841002963835,2026-09-29T17:50:25.574-03:00
UFPR05,26,ocupada,0.8881002068519592,0.6102734869276049,2026-09-29T17:50:25.574-03:00
UFPR05,27,ocupada,0.9146773219108582,0.5662820024455486,2026-09-29T17:50:25.574-03:00
UFPR05,28,ocupada,0.9179474115371704,0.5670182545045065,2026-09-29T17:50:25.574-03:00
UFPR05,29,ocupada,0.8837375044822693,0.5663620301241786,2026-09-29T17:50:25.574-03:00
UFPR05,3,ocupada,0.9111321568489075,0.6128691863583319,2026-09-29T17:50:25.574-03:00
UFPR05,30,ocupada,0.8762167096138,0.5830110550866744,2026-09-29T17:50:25.574-03:00
UFPR05,31,ocupada,0.8917357325553894,0.6206263416299448,2026-09-29T17:50:25.574-03:00
UFPR05,32,ocupada,0.8647552132606506,0.7063780265301806,2026-09-29T17:50:25.574-03:00
UFPR05,33,ocupada,0.8566493988037109,0.7054699584073028,2026-09-29T17:50:25.574-03:00
UFPR05,34,ocupada,0.8713676929473877,0.8391567927889885,2026-09-29T17:50:25.574-03:00
UFPR05,35,ocupada,0.8422003984451294,0.8710601331054423,2026-09-29T17:50:25.574-03:00
UFPR05,36,ocupada,0.9059444665908813,0.8981775088876496,2026-09-29T17:50:25.574-03:00
UFPR05,37,ocupada,0.9213895797729492,0.8643128822706317,2026-09-29T17:50:25.574-03:00
UFPR05,38,ocupada,0.8521049618721008,0.814109993696374,2026-09-29T17:50:25.574-03:00
UFPR05,39,ocupada,0.8194072246551514,0.8575945743771394,2026-09-29T17:50:25.574-03:00
UFPR05,4,ocupada,0.8769220113754272,0.6318597924415561,2026-09-29T17:50:25.574-03:00
UFPR05,40,ocupada,0.8978661298751831,0.7922205859239866,2026-09-29T17:50:25.574-03:00
UFPR05,5,ocupada,0.8523126840591431,0.5948692692758075,2026-09-29T17:50:25.574-03:00
UFPR05,6,ocupada,0.8922876715660095,0.588498721502812,2026-09-29T17:50:25.574-03:00
UFPR05,7,ocupada,0.8467544317245483,0.6142213921523696,2026-09-29T17:50:25.574-03:00
UFPR05,8,ocupada,0.9037981629371643,0.654213080696633,2026-09-29T17:50:25.574-03:00
UFPR05,9,ocupada,0.8865830898284912,0.6034942796734163,2026-09-29T17:50:25.574-03:00
UFPR05,1,ocupada,0.894993245601654,0.5492302377891207,2026-09-29T17:50:25.644-03:00
UFPR05,10,ocupada,0.8762727379798889,0.6726127931106679,2026-09-29T17:50:25.644-03:00
UFPR05,11,ocupada,0.870787501335144,0.6204440609615107,2026-09-29T17:50:25.644-03:00
UFPR05,12,ocupada,0.8154617547988892,0.5922170575644989,2026-09-29T17:50:25.644-03:00
UFPR05,13,ocupada,0.8362385034561157,0.6430410238467097,2026-09-29T17:50:25.644-03:00
UFPR05,14,ocupada,0.897812008857727,0.6230942756262378,2026-09-29T17:50:25.644-03:00
UFPR05,15,ocupada,0.8709431290626526,0.6997237356857986,2026-09-29T17:50:25.644-03:00
UFPR05,16,ocupada,0.864809513092041,0.6482627879006653,2026-09-29T17:50:25.644-03:00
UFPR05,17,ocupada,0.7990077137947083,0.5771452662096737,2026-09-29T17:50:25.644-03:00
UFPR05,18,ocupada,0.8253759741783142,0.5572015707749262,2026-09-29T17:50:25.644-03:00
UFPR05,19,ocupada,0.8587167263031006,0.5080832624937417,2026-09-29T17:50:25.644-03:00
UFPR05,2,ocupada,0.8293651342391968,0.5822903242661159,2026-09-29T17:50:25.644-03:00
UFPR05,20,ocupada,0.8566650152206421,0.607614671330493,2026-09-29T17:50:25.644-03:00
UFPR05,21,ocupada,0.8857085704803467,0.7747738895837877,2026-09-29T17:50:25.644-03:00
UFPR05,22,ocupada,0.8291199803352356,0.7465308959215511,2026-09-29T17:50:25.644-03:00
UFPR05,23,ocupada,0.880772054195404,0.7685564952231719,2026-09-29T17:50:25.644-03:00
UFPR05,24,ocupada,0.8690734505653381,0.717328991719918,2026-09-29T17:50:25.644-03:00
UFPR05,25,ocupada,0.8264241218566895,0.6584365080278453,2026-09-29T17:50:25.644-03:00
UFPR05,26,ocupada,0.9021144509315491,0.6141672203724186,2026-09-29T17:50:25.644-03:00
UFPR05,27,ocupada,0.8891981244087219,0.5791451852297157,2026-09-29T17:50:25.644-03:00
UFPR05,28,ocupada,0.931479811668396,0.5842896384102071,2026-09-29T17:50:25.644-03:00
UFPR05,29,ocupada,0.8812339901924133,0.5684368744948057,2026-09-29T17:50:25.644-03:00
UFPR05,3,ocupada,0.8972665667533875,0.6289616445552696,2026-09-29T17:50:25.644-03:00
UFPR05,30,ocupada,0.8796427249908447,0.5972875322615155,2026-09-29T17:50:25.644-03:00
UFPR05,31,ocupada,0.894348680973053,0.6274079682068492,2026-09-29T17:50:25.644-03:00
UFPR05,32,ocupada,0.8473284244537354,0.7285627389115403,2026-09-29T17:50:25.644-03:00
UFPR05,33,ocupada,0.8598010540008545,0.7211349438042644,2026-09-29T17:50:25.644-03:00
UFPR05,34,ocupada,0.8608350157737732,0.8535148534608493,2026-09-29T17:50:25.644-03:00
UFPR05,35,ocupada,0.8388871550559998,0.8637396386183396,2026-09-29T17:50:25.644-03:00
UFPR05,36,ocupada,0.8635872006416321,0.905355280165155,2026-09-29T17:50:25.644-03:00
UFPR05,37,ocupada,0.8854708075523376,0.8167020712844612,2026-09-29T17:50:25.644-03:00
UFPR05,38,ocupada,0.8615638613700867,0.8565001994671237,2026-09-29T17:50:25.644-03:00
UFPR05,39,ocupada,0.8069025278091431,0.8512464782803748,2026-09-29T17:50:25.644-03:00
UFPR05,4,ocupada,0.8738193511962891,0.6531099225544634,2026-09-29T17:50:25.644-03:00
UFPR05,40,ocupada,0.8960101008415222,0.7834531084445049,2026-09-29T17:50:25.644-03:00
UFPR05,5,ocupada,0.9155022501945496,0.6002069157679777,2026-09-29T17:50:25.644-03:00
UFPR05,6,ocupada,0.870570719242096,0.6017276352528821,2026-09-29T17:50:25.644-03:00
UFPR05,7,ocupada,0.8401665091514587,0.6180939356941105,2026-09-29T17:50:25.644-03:00
UFPR05,8,ocupada,0.8929722309112549,0.6267427307629408,2026-09-29T17:50:25.644-03:00
UFPR05,9,ocupada,0.8767147064208984,0.6078618403990033,2026-09-29T17:50:25.644-03:00
UFPR05,1,ocupada,0.8501884341239929,0.5735626413776931,2026-09-29T17:50:25.711-03:00
UFPR05,10,ocupada,0.9166815876960754,0.6960293760035449,2026-09-29T17:50:25.711-03:00
UFPR05,11,ocupada,0.8648728132247925,0.632894762439753,2026-09-29T17:50:25.711-03:00
UFPR05,12,ocupada,0.7782086133956909,0.600785530639594,2026-09-29T17:50:25.711-03:00
UFPR05,13,ocupada,0.8149986267089844,0.6214823172904436,2026-09-29T17:50:25.711-03:00
UFPR05,14,ocupada,0.8467891216278076,0.6508570639800974,2026-09-29T17:50:25.711-03:00
UFPR05,15,ocupada,0.8633217215538025,0.657973069161409,2026-09-29T17:50:25.711-03:00
UFPR05,16,ocupada,0.8522564172744751,0.6847668508331353,2026-09-29T17:50:25.711-03:00
UFPR05,17,ocupada,0.8079472184181213,0.5852676699109396,2026-09-29T17:50:25.711-03:00
UFPR05,18,ocupada,0.8449228405952454,0.5743393853116496,2026-09-29T17:50:25.711-03:00
UFPR05,19,ocupada,0.8757050633430481,0.5083451785588461,2026-09-29T17:50:25.711-03:00
UFPR05,2,ocupada,0.8433258533477783,0.5630018702781884,2026-09-29T17:50:25.711-03:00
UFPR05,20,ocupada,0.8783876299858093,0.6130015757076689,2026-09-29T17:50:25.711-03:00
UFPR05,21,ocupada,0.8764698505401611,0.7636420690682476,2026-09-29T17:50:25.711-03:00
UFPR05,22,ocupada,0.8515927791595459,0.7190443142261816,2026-09-29T17:50:25.711-03:00
UFPR05,23,ocupada,0.7980281114578247,0.7658206639311201,2026-09-29T17:50:25.711-03:00
UFPR05,24,ocupada,0.8840492367744446,0.7078438613326314,2026-09-29T17:50:25.711-03:00
UFPR05,25,ocupada,0.8677158355712891,0.6558881499340751,2026-09-29T17:50:25.711-03:00
UFPR05,26,ocupada,0.8897489905357361,0.6086087353414218,2026-09-29T17:50:25.711-03:00
UFPR05,27,ocupada,0.8823306560516357,0.5495513561403564,2026-09-29T17:50:25.711-03:00
UFPR05,28,ocupada,0.9047543406486511,0.5664587066823744,2026-09-29T17:50:25.711-03:00
UFPR05,29,ocupada,0.8838580846786499,0.567183034670488,2026-09-29T17:50:25.711-03:00
UFPR05,3,ocupada,0.8960307240486145,0.6221121939004548,2026-09-29T17:50:25.711-03:00
UFPR05,30,ocupada,0.8620712161064148,0.6076463413811526,2026-09-29T17:50:25.711-03:00
UFPR05,31,ocupada,0.9036583304405212,0.6217685441746319,2026-09-29T17:50:25.711-03:00
UFPR05,32,ocupada,0.8732993602752686,0.7192852517064678,2026-09-29T17:50:25.711-03:00
UFPR05,33,ocupada,0.8580323457717896,0.7008219282399129,2026-09-29T17:50:25.711-03:00
UFPR05,34,ocupada,0.8410760164260864,0.8309362135508183,2026-09-29T17:50:25.711-03:00
UFPR05,35,ocupada,0.8237122893333435,0.8567301120107667,2026-09-29T17:50:25.711-03:00
UFPR05,36,ocupada,0.8413465023040771,0.849102036137144,2026-09-29T17:50:25.711-03:00
UFPR05,37,ocupada,0.8766969442367554,0.8051299043172542,2026-09-29T17:50:25.711-03:00
UFPR05,38,ocupada,0.8592706918716431,0.8362464208386058,2026-09-29T17:50:25.711-03:00
UFPR05,39,ocupada,0.8059054017066956,0.8321544293902126,2026-09-29T17:50:25.711-03:00
UFPR05,4,ocupada,0.8879285454750061,0.6366405903804667,2026-09-29T17:50:25.711-03:00
UFPR05,40,ocupada,0.8964221477508545,0.7815925806584003,2026-09-29T17:50:25.711-03:00
UFPR05,5,ocupada,0.8633009195327759,0.6079836451279934,2026-09-29T17:50:25.711-03:00
UFPR05,6,ocupada,0.8819680213928223,0.5928568008369555,2026-09-29T17:50:25.711-03:00
UFPR05,7,ocupada,0.8459034562110901,0.6216501094261467,2026-09-29T17:50:25.711-03:00
UFPR05,8,ocupada,0.8955858945846558,0.6437876353017862,2026-09-29T17:50:25.711-03:00
UFPR05,9,ocupada,0.8714181184768677,0.6118991789008005,2026-09-29T17:50:25.711-03:00
UFPR05,1,ocupada,0.846252977848053,0.5726798100986475,2026-09-29T17:50:25.779-03:00
UFPR05,10,ocupada,0.8483524918556213,0.6527856327966476,2026-09-29T17:50:25.779-03:00
UFPR05,11,ocupada,0.8572077751159668,0.6495940031442005,2026-09-29T17:50:25.779-03:00
UFPR05,12,ocupada,0.8384864926338196,0.5698327056690481,2026-09-29T17:50:25.779-03:00
UFPR05,13,ocupada,0.815341591835022,0.6351911342968536,2026-09-29T17:50:25.779-03:00
UFPR05,14,ocupada,0.8468446731567383,0.653728437153598,2026-09-29T17:50:25.779-03:00
UFPR05,15,ocupada,0.8640904426574707,0.6719357411635767,2026-09-29T17:50:25.779-03:00
UFPR05,16,ocupada,0.8468369841575623,0.6472381632978075,2026-09-29T17:50:25.779-03:00
UFPR05,17,ocupada,0.8545961976051331,0.5704418383551213,2026-09-29T17:50:25.779-03:00
UFPR05,18,ocupada,0.8474884033203125,0.592370329572857,2026-09-29T17:50:25.779-03:00
UFPR05,19,ocupada,0.8756183981895447,0.5185186605545715,2026-09-29T17:50:25.779-03:00
UFPR05,2,ocupada,0.8367564678192139,0.571860784068559,2026-09-29T17:50:25.779-03:00
UFPR05,20,ocupada,0.8727332353591919,0.5787311981259549,2026-09-29T17:50:25.779-03:00
UFPR05,21,ocupada,0.8687428832054138,0.7721701418271356,2026-09-29T17:50:25.779-03:00
UFPR05,22,ocupada,0.8468475937843323,0.7413528660265333,2026-09-29T17:50:25.779-03:00
UFPR05,23,ocupada,0.8282347321510315,0.7687505242824214,2026-09-29T17:50:25.779-03:00
UFPR05,24,ocupada,0.9081162810325623,0.7055293129166101,2026-09-29T17:50:25.779-03:00
UFPR05,25,ocupada,0.9017679691314697,0.6404835502334058,2026-09-29T17:50:25.779-03:00
UFPR05,26,ocupada,0.8979072570800781,0.5939004605721594,2026-09-29T17:50:25.779-03:00
UFPR05,27,ocupada,0.870175302028656,0.5701221017702476,2026-09-29T17:50:25.779-03:00
UFPR05,28,ocupada,0.8965067267417908,0.5934722710314537,2026-09-29T17:50:25.779-03:00
UFPR05,29,ocupada,0.8580529689788818,0.5570184252581845,2026-09-29T17:50:25.779-03:00
UFPR05,3,ocupada,0.8919687867164612,0.6316871535401769,2026-09-29T17:50:25.779-03:00
UFPR05,30,ocupada,0.8706256747245789,0.6078005801456885,2026-09-29T17:50:25.779-03:00
UFPR05,31,ocupada,0.9154971837997437,0.6314300436933538,2026-09-29T17:50:25.779-03:00
UFPR05,32,ocupada,0.853395938873291,0.7194047645127171,2026-09-29T17:50:25.779-03:00
UFPR05,33,ocupada,0.8486356139183044,0.7304823403777716,2026-09-29T17:50:25.779-03:00
UFPR05,34,ocupada,0.8405629992485046,0.8722660648946927,2026-09-29T17:50:25.779-03:00
UFPR05,35,ocupada,0.8485196828842163,0.8662415173853932,2026-09-29T17:50:25.779-03:00
UFPR05,36,ocupada,0.8496718406677246,0.8788957097267457,2026-09-29T17:50:25.779-03:00
UFPR05,37,ocupada,0.8888035416603088,0.8255877709090393,2026-09-29T17:50:25.779-03:00
UFPR05,38,ocupada,0.8513228297233582,0.8475591374740394,2026-09-29T17:50:25.779-03:00
UFPR05,39,ocupada,0.8167608976364136,0.839011840744464,2026-09-29T17:50:25.779-03:00
UFPR05,4,ocupada,0.8911524415016174,0.6400684437271305,2026-09-29T17:50:25.779-03:00
UFPR05,40,ocupada,0.9067006707191467,0.8025853476893267,2026-09-29T17:50:25.779-03:00
UFPR05,5,ocupada,0.8944740891456604,0.5984569423598002,2026-09-29T17:50:25.779-03:00
UFPR05,6,ocupada,0.8574869632720947,0.597541333467762,2026-09-29T17:50:25.779-03:00
UFPR05,7,ocupada,0.8607999086380005,0.618962115325249,2026-09-29T17:50:25.779-03:00
UFPR05,8,ocupada,0.8838789463043213,0.6498906671870843,2026-09-29T17:50:25.779-03:00
UFPR05,9,ocupada,0.8705164194107056,0.6126828090616251,2026-09-29T17:50:25.779-03:00
UFPR05,1,ocupada,0.8518252372741699,0.5811609345161816,2026-09-29T17:50:25.843-03:00
UFPR05,10,ocupada,0.8271691799163818,0.6547452530330534,2026-09-29T17:50:25.843-03:00
UFPR05,11,ocupada,0.8524094820022583,0.6490564880753735,2026-09-29T17:50:25.843-03:00
UFPR05,12,ocupada,0.8752951622009277,0.5931690764312982,2026-09-29T17:50:25.843-03:00
UFPR05,13,ocupada,0.7894034385681152,0.6171148111799836,2026-09-29T17:50:25.843-03:00
UFPR05,14,ocupada,0.8800460696220398,0.6483084379273165,2026-09-29T17:50:25.843-03:00
UFPR05,15,ocupada,0.8428550958633423,0.6728569383315771,2026-09-29T17:50:25.843-03:00
UFPR05,16,ocupada,0.8607267737388611,0.640138935117075,2026-09-29T17:50:25.843-03:00
UFPR05,17,ocupada,0.8548415303230286,0.5567122353234497,2026-09-29T17:50:25.843-03:00
UFPR05,18,ocupada,0.8548295497894287,0.5776567048177701,2026-09-29T17:50:25.843-03:00
UFPR05,19,ocupada,0.8698415756225586,0.5238492221285557,2026-09-29T17:50:25.843-03:00
UFPR05,2,ocupada,0.8438125252723694,0.567236477122908,2026-09-29T17:50:25.843-03:00
UFPR05,20,ocupada,0.8646543025970459,0.6312292598733402,2026-09-29T17:50:25.843-03:00
UFPR05,21,ocupada,0.8806195855140686,0.7801525310300205,2026-09-29T17:50:25.843-03:00
UFPR05,22,ocupada,0.8632367253303528,0.7362053500942816,2026-09-29T17:50:25.843-03:00
UFPR05,23,ocupada,0.8044840097427368,0.7748342453771315,2026-09-29T17:50:25.843-03:00
UFPR05,24,ocupada,0.8885752558708191,0.6973727592863941,2026-09-29T17:50:25.843-03:00
UFPR05,25,ocupada,0.8440696597099304,0.639804277102444,2026-09-29T17:50:25.843-03:00
UFPR05,26,ocupada,0.8857980966567993,0.6117750767447886,2026-09-29T17:50:25.843-03:00
UFPR05,27,ocupada,0.8915266394615173,0.5459415445263425,2026-09-29T17:50:25.843-03:00
UFPR05,28,ocupada,0.9128267168998718,0.588013838974343,2026-09-29T17:50:25.843-03:00
UFPR05,29,ocupada,0.8430673480033875,0.5514586896675278,2026-09-29T17:50:25.843-03:00
UFPR05,3,ocupada,0.9051658511161804,0.628089825979957,2026-09-29T17:50:25.843-03:00
UFPR05,30,ocupada,0.8781202435493469,0.5921209520604174,2026-09-29T17:50:25.843-03:00
UFPR05,31,ocupada,0.9081231951713562,0.6264016035351296,2026-09-29T17:50:25.843-03:00
UFPR05,32,ocupada,0.8619930744171143,0.7329805079944831,2026-09-29T17:50:25.843-03:00
UFPR05,33,ocupada,0.8419325351715088,0.734651389500459,2026-09-29T17:50:25.843-03:00
UFPR05,34,ocupada,0.8633407354354858,0.8991318874865102,2026-09-29T17:50:25.843-03:00
UFPR05,35,ocupada,0.8515766859054565,0.8223287701591082,2026-09-29T17:50:25.843-03:00
UFPR05,36,ocupada,0.8559261560440063,0.8715138608807174,2026-09-29T17:50:25.843-03:00
UFPR05,37,ocupada,0.8867339491844177,0.8165301990108201,2026-09-29T17:50:25.843-03:00
UFPR05,38,ocupada,0.8512765765190125,0.8502535265072386,2026-09-29T17:50:25.843-03:00
UFPR05,39,ocupada,0.825014591217041,0.8393250501021438,2026-09-29T17:50:25.843-03:00
UFPR05,4,ocupada,0.8944213390350342,0.6472813431952557,2026-09-29T17:50:25.843-03:00
UFPR05,40,ocupada,0.903793215751648,0.7892995202591562,2026-09-29T17:50:25.843-03:00
UFPR05,5,ocupada,0.8866965770721436,0.5898648765736899,2026-09-29T17:50:25.843-03:00
UFPR05,6,ocupada,0.8705868124961853,0.605613627729675,2026-09-29T17:50:25.843-03:00
UFPR05,7,ocupada,0.8605741262435913,0.6238812313120912,2026-09-29T17:50:25.843-03:00
UFPR05,8,ocupada,0.8871748447418213,0.6502997620122649,2026-09-29T17:50:25.843-03:00
UFPR05,9,ocupada,0.8720220327377319,0.6059066549655556,2026-09-29T17:50:25.843-03:00
UFPR05,1,ocupada,0.8485031127929688,0.582648366134973,2026-09-29T17:50:25.910-03:00
UFPR05,10,ocupada,0.8415613770484924,0.702818141995658,2026-09-29T17:50:25.910-03:00
UFPR05,11,ocupada,0.8598578572273254,0.6479360298577305,2026-09-29T17:50:25.910-03:00
UFPR05,12,ocupada,0.8401713967323303,0.5866472635525767,2026-09-29T17:50:25.910-03:00
UFPR05,13,ocupada,0.7886141538619995,0.6470424469706106,2026-09-29T17:50:25.910-03:00
UFPR05,14,ocupada,0.8812221884727478,0.6311357038728937,2026-09-29T17:50:25.910-03:00
UFPR05,15,ocupada,0.8569795489311218,0.6698450382155823,2026-09-29T17:50:25.910-03:00
UFPR05,16,ocupada,0.8441274166107178,0.6598612092595421,2026-09-29T17:50:25.910-03:00
UFPR05,17,ocupada,0.8648204803466797,0.5679464217830786,2026-09-29T17:50:25.910-03:00
UFPR05,18,ocupada,0.8537954092025757,0.5717219986508278,2026-09-29T17:50:25.910-03:00
UFPR05,19,ocupada,0.8696743845939636,0.5346853448317145,2026-09-29T17:50:25.910-03:00
UFPR05,2,ocupada,0.8435805439949036,0.5766702033377161,2026-09-29T17:50:25.910-03:00
UFPR05,20,ocupada,0.8756403923034668,0.5951008673719168,2026-09-29T17:50:25.910-03:00
UFPR05,21,ocupada,0.8749662637710571,0.7768907143521079,2026-09-29T17:50:25.910-03:00
UFPR05,22,ocupada,0.852279782295227,0.736870813742807,2026-09-29T17:50:25.910-03:00
UFPR05,23,ocupada,0.8585542440414429,0.7648652276394692,2026-09-29T17:50:25.910-03:00
UFPR05,24,ocupada,0.8797532320022583,0.6914187141188705,2026-09-29T17:50:25.910-03:00
UFPR05,25,ocupada,0.838686466217041,0.6514793607643574,2026-09-29T17:50:25.910-03:00
UFPR05,26,ocupada,0.8967162370681763,0.6190663289571847,2026-09-29T17:50:25.910-03:00
UFPR05,27,ocupada,0.8902848362922668,0.5419345982313349,2026-09-29T17:50:25.910-03:00
UFPR05,28,ocupada,0.9008235931396484,0.5857436188144978,2026-09-29T17:50:25.910-03:00
UFPR05,29,ocupada,0.8591407537460327,0.5662358558061783,2026-09-29T17:50:25.910-03:00
UFPR05,3,ocupada,0.9057391285896301,0.6260161328449331,2026-09-29T17:50:25.910-03:00
UFPR05,30,ocupada,0.876824140548706,0.5951909329022013,2026-09-29T17:50:25.910-03:00
UFPR05,31,ocupada,0.9144675135612488,0.6114799731768853,2026-09-29T17:50:25.910-03:00
UFPR05,32,ocupada,0.8630841374397278,0.7047697976651836,2026-09-29T17:50:25.910-03:00
UFPR05,33,ocupada,0.849550724029541,0.7354626969411824,2026-09-29T17:50:25.910-03:00
UFPR05,34,ocupada,0.8638500571250916,0.9005210876204062,2026-09-29T17:50:25.910-03:00
UFPR05,35,ocupada,0.8504235744476318,0.8309757249984183,2026-09-29T17:50:25.910-03:00
UFPR05,36,ocupada,0.855798602104187,0.877841699350872,2026-09-29T17:50:25.910-03:00
UFPR05,37,ocupada,0.8833521604537964,0.8102126310518556,2026-09-29T17:50:25.910-03:00
UFPR05,38,ocupada,0.8516744375228882,0.8552954891361144,2026-09-29T17:50:25.910-03:00
UFPR05,39,ocupada,0.8349362015724182,0.8425306914442746,2026-09-29T17:50:25.910-03:00
UFPR05,4,ocupada,0.89939945936203,0.6465210555391325,2026-09-29T17:50:25.910-03:00
UFPR05,40,ocupada,0.8934279084205627,0.7895663815965929,2026-09-29T17:50:25.910-03:00
UFPR05,5,ocupada,0.8760316371917725,0.5881620327057231,2026-09-29T17:50:25.910-03:00
UFPR05,6,ocupada,0.8831066489219666,0.6073913394265336,2026-09-29T17:50:25.910-03:00
UFPR05,7,ocupada,0.8659514784812927,0.6169186215578538,2026-09-29T17:50:25.910-03:00
UFPR05,8,ocupada,0.8797883987426758,0.6340423282379939,2026-09-29T17:50:25.910-03:00
UFPR05,9,ocupada,0.8547149896621704,0.622096369289589,2026-09-29T17:50:25.910-03:00
UFPR05,1,ocupada,0.8640031814575195,0.5849854691287661,2026-09-29T17:50:25.976-03:00
UFPR05,10,ocupada,0.8562664985656738,0.7024896405615457,2026-09-29T17:50:25.976-03:00
UFPR05,11,ocupada,0.8575236201286316,0.6418902939404135,2026-09-29T17:50:25.976-03:00
UFPR05,12,ocupada,0.8452723622322083,0.5741977858338104,2026-09-29T17:50:25.976-03:00
UFPR05,13,ocupada,0.8045010566711426,0.6199684115776581,2026-09-29T17:50:25.976-03:00
UFPR05,14,ocupada,0.8955197334289551,0.6352062443270527,2026-09-29T17:50:25.976-03:00
UFPR05,15,ocupada,0.8362450003623962,0.6838693327619163,2026-09-29T17:50:25.976-03:00
UFPR05,16,ocupada,0.8384284377098083,0.6702377674312222,2026-09-29T17:50:25.976-03:00
UFPR05,17,ocupada,0.8738229870796204,0.5571951792944234,2026-09-29T17:50:25.976-03:00
UFPR05,18,ocupada,0.8603086471557617,0.5755709133442557,2026-09-29T17:50:25.976-03:00
UFPR05,19,ocupada,0.8837604522705078,0.5251023287890563,2026-09-29T17:50:25.976-03:00
UFPR05,2,ocupada,0.8429147005081177,0.5771439552563967,2026-09-29T17:50:25.976-03:00
UFPR05,20,ocupada,0.8666736483573914,0.6317684165025125,2026-09-29T17:50:25.976-03:00
UFPR05,21,ocupada,0.87679523229599,0.7639608941526037,2026-09-29T17:50:25.976-03:00
UFPR05,22,ocupada,0.8386827707290649,0.736436695439786,2026-09-29T17:50:25.976-03:00
UFPR05,23,ocupada,0.8124706149101257,0.7692429258361138,2026-09-29T17:50:25.976-03:00
UFPR05,24,ocupada,0.8813459873199463,0.6868309830194267,2026-09-29T17:50:25.976-03:00
UFPR05,25,ocupada,0.8368356823921204,0.6472891547047178,2026-09-29T17:50:25.976-03:00
UFPR05,26,ocupada,0.8951864838600159,0.6149628396857956,2026-09-29T17:50:25.976-03:00
UFPR05,27,ocupada,0.8956074714660645,0.5496559192947124,2026-09-29T17:50:25.976-03:00
UFPR05,28,ocupada,0.8899493217468262,0.5887036414608092,2026-09-29T17:50:25.976-03:00
UFPR05,29,ocupada,0.8739469647407532,0.551973064972143,2026-09-29T17:50:25.976-03:00
UFPR05,3,ocupada,0.9025081992149353,0.6291571837622736,2026-09-29T17:50:25.976-03:00
UFPR05,30,ocupada,0.8531086444854736,0.6012516746038837,2026-09-29T17:50:25.976-03:00
UFPR05,31,ocupada,0.9067239165306091,0.6241511828079019,2026-09-29T17:50:25.976-03:00
UFPR05,32,ocupada,0.8601061701774597,0.7223330208043787,2026-09-29T17:50:25.976-03:00
UFPR05,33,ocupada,0.8487010598182678,0.745301607143874,2026-09-29T17:50:25.976-03:00
UFPR05,34,ocupada,0.8644399046897888,0.8828093075660332,2026-09-29T17:50:25.976-03:00
UFPR05,35,ocupada,0.8444915413856506,0.8163748296375085,2026-09-29T17:50:25.976-03:00
UFPR05,36,ocupada,0.8662191033363342,0.9005916879378056,2026-09-29T17:50:25.976-03:00
UFPR05,37,ocupada,0.8887017965316772,0.8273221427281219,2026-09-29T17:50:25.976-03:00
UFPR05,38,ocupada,0.8673221468925476,0.8478883522287511,2026-09-29T17:50:25.976-03:00
UFPR05,39,ocupada,0.8213332891464233,0.843327198885616,2026-09-29T17:50:25.976-03:00
UFPR05,4,ocupada,0.8954670429229736,0.6521479370171258,2026-09-29T17:50:25.976-03:00
UFPR05,40,ocupada,0.9012219309806824,0.7934326009021422,2026-09-29T17:50:25.976-03:00
UFPR05,5,ocupada,0.9100244641304016,0.610334983118109,2026-09-29T17:50:25.976-03:00
UFPR05,6,ocupada,0.8650469779968262,0.602956818772709,2026-09-29T17:50:25.976-03:00
UFPR05,7,ocupada,0.8589789271354675,0.617252628967968,2026-09-29T17:50:25.976-03:00
UFPR05,8,ocupada,0.8791921734809875,0.6364432715027408,2026-09-29T17:50:25.976-03:00
UFPR05,9,ocupada,0.8552913069725037,0.6185780011865318,2026-09-29T17:50:25.976-03:00
UFPR05,1,ocupada,0.8671401739120483,0.5847275000674103,2026-09-29T17:50:26.042-03:00
UFPR05,10,ocupada,0.8917405009269714,0.6566479250285835,2026-09-29T17:50:26.042-03:00
UFPR05,11,ocupada,0.8519576191902161,0.64763896682015,2026-09-29T17:50:26.042-03:00
UFPR05,12,ocupada,0.8336812853813171,0.5802839877184777,2026-09-29T17:50:26.042-03:00
UFPR05,13,ocupada,0.7996646761894226,0.6346743519197136,2026-09-29T17:50:26.042-03:00
UFPR05,14,ocupada,0.890146791934967,0.6545271365910955,2026-09-29T17:50:26.042-03:00
UFPR05,15,ocupada,0.8602004051208496,0.6716936509905818,2026-09-29T17:50:26.042-03:00
UFPR05,16,ocupada,0.8480290174484253,0.6609039450092838,2026-09-29T17:50:26.042-03:00
UFPR05,17,ocupada,0.8647902607917786,0.5588074093662929,2026-09-29T17:50:26.042-03:00
UFPR05,18,ocupada,0.8605753779411316,0.5736546645842237,2026-09-29T17:50:26.042-03:00
UFPR05,19,ocupada,0.8767065405845642,0.5328453816504652,2026-09-29T17:50:26.042-03:00
UFPR05,2,ocupada,0.8375850915908813,0.5750348128404755,2026-09-29T17:50:26.042-03:00
UFPR05,20,ocupada,0.8700177669525146,0.6100495935321351,2026-09-29T17:50:26.042-03:00
UFPR05,21,ocupada,0.8702275156974792,0.7741708422119218,2026-09-29T17:50:26.042-03:00
UFPR05,22,ocupada,0.8533419966697693,0.7421056083253893,2026-09-29T17:50:26.042-03:00
UFPR05,23,ocupada,0.8226251602172852,0.7736629476847652,2026-09-29T17:50:26.042-03:00
UFPR05,24,ocupada,0.882400631904602,0.6751587035509645,2026-09-29T17:50:26.042-03:00
UFPR05,25,ocupada,0.8386598825454712,0.641949669308404,2026-09-29T17:50:26.042-03:00
UFPR05,26,ocupada,0.8947010636329651,0.6172098619677872,2026-09-29T17:50:26.042-03:00
UFPR05,27,ocupada,0.8690440058708191,0.5602081564708056,2026-09-29T17:50:26.042-03:00
UFPR05,28,ocupada,0.9019826054573059,0.5907307889490745,2026-09-29T17:50:26.042-03:00
UFPR05,29,ocupada,0.8534842133522034,0.53433056018627,2026-09-29T17:50:26.042-03:00
UFPR05,3,ocupada,0.9015694856643677,0.6313792629201879,2026-09-29T17:50:26.042-03:00
UFPR05,30,ocupada,0.8650438785552979,0.5943350824642527,2026-09-29T17:50:26.042-03:00
UFPR05,31,ocupada,0.9071827530860901,0.6250847176969503,2026-09-29T17:50:26.042-03:00
UFPR05,32,ocupada,0.8649588823318481,0.7213295816208712,2026-09-29T17:50:26.042-03:00
UFPR05,33,ocupada,0.8538826704025269,0.7371800558229642,2026-09-29T17:50:26.042-03:00
UFPR05,34,ocupada,0.862887978553772,0.8967064151206606,2026-09-29T17:50:26.042-03:00
UFPR05,35,ocupada,0.8365205526351929,0.827043222776334,2026-09-29T17:50:26.042-03:00
UFPR05,36,ocupada,0.880515456199646,0.8923041594877563,2026-09-29T17:50:26.042-03:00
UFPR05,37,ocupada,0.8645675778388977,0.8717083701687326,2026-09-29T17:50:26.042-03:00
UFPR05,38,ocupada,0.8656092286109924,0.8387352116621013,2026-09-29T17:50:26.042-03:00
UFPR05,39,ocupada,0.8256624937057495,0.842345196130656,2026-09-29T17:50:26.042-03:00
UFPR05,4,ocupada,0.8939733505249023,0.6498855086374004,2026-09-29T17:50:26.042-03:00
UFPR05,40,ocupada,0.8989456295967102,0.7868765329133207,2026-09-29T17:50:26.042-03:00
UFPR05,5,ocupada,0.889997661113739,0.6029036548673579,2026-09-29T17:50:26.042-03:00
UFPR05,6,ocupada,0.8807336091995239,0.59262787868888,2026-09-29T17:50:26.042-03:00
UFPR05,7,ocupada,0.8567287921905518,0.6200554521574042,2026-09-29T17:50:26.042-03:00
UFPR05,8,ocupada,0.8774035573005676,0.6315454093494968,2026-09-29T17:50:26.042-03:00
UFPR05,9,ocupada,0.8481971025466919,0.6183282665020761,2026-09-29T17:50:26.042-03:00
UFPR05,1,ocupada,0.8632588386535645,0.5610127373684681,2026-09-29T17:50:26.110-03:00
UFPR05,10,ocupada,0.861572802066803,0.671248915155151,2026-09-29T17:50:26.110-03:00
UFPR05,11,ocupada,0.8522862792015076,0.6373933872121833,2026-09-29T17:50:26.110-03:00
UFPR05,12,ocupada,0.8300448060035706,0.5806011784263124,2026-09-29T17:50:26.110-03:00
UFPR05,13,ocupada,0.7848629355430603,0.6301759307615978,2026-09-29T17:50:26.110-03:00
UFPR05,14,ocupada,0.893092691898346,0.6501022859291742,2026-09-29T17:50:26.110-03:00
UFPR05,15,ocupada,0.8360796570777893,0.6671944041667377,2026-09-29T17:50:26.110-03:00
UFPR05,16,ocupada,0.8599278330802917,0.6634956158879212,2026-09-29T17:50:26.110-03:00
UFPR05,17,ocupada,0.8362790942192078,0.5668724845105625,2026-09-29T17:50:26.110-03:00
UFPR05,18,ocupada,0.8563306331634521,0.5766476886926154,2026-09-29T17:50:26.110-03:00
UFPR05,19,ocupada,0.8700240254402161,0.5253442677238087,2026-09-29T17:50:26.110-03:00
UFPR05,2,ocupada,0.8368141055107117,0.5794809670705225,2026-09-29T17:50:26.110-03:00
UFPR05,20,ocupada,0.8790243864059448,0.6335470773953177,2026-09-29T17:50:26.110-03:00
UFPR05,21,ocupada,0.8671733140945435,0.7727994479248268,2026-09-29T17:50:26.110-03:00
UFPR05,22,ocupada,0.8394970297813416,0.7332417621744522,2026-09-29T17:50:26.110-03:00
UFPR05,23,ocupada,0.815911591053009,0.7612867727998073,2026-09-29T17:50:26.110-03:00
UFPR05,24,ocupada,0.8684619665145874,0.6885865066410463,2026-09-29T17:50:26.110-03:00
UFPR05,25,ocupada,0.9036828875541687,0.6612647809717286,2026-09-29T17:50:26.110-03:00
UFPR05,26,ocupada,0.8585294485092163,0.6080513479318986,2026-09-29T17:50:26.110-03:00
UFPR05,27,ocupada,0.8687252402305603,0.5580088563512097,2026-09-29T17:50:26.110-03:00
UFPR05,28,ocupada,0.8985328078269958,0.5958208328030948,2026-09-29T17:50:26.110-03:00
UFPR05,29,ocupada,0.8558672070503235,0.5504572995579997,2026-09-29T17:50:26.110-03:00
UFPR05,3,ocupada,0.8992251753807068,0.6307400757752767,2026-09-29T17:50:26.110-03:00
UFPR05,30,ocupada,0.8663660287857056,0.5975469806409603,2026-09-29T17:50:26.110-03:00
UFPR05,31,ocupada,0.9157754778862,0.6290440903821682,2026-09-29T17:50:26.110-03:00
UFPR05,32,ocupada,0.8570778965950012,0.7372953251091809,2026-09-29T17:50:26.110-03:00
UFPR05,33,ocupada,0.8619207143783569,0.7272773861118809,2026-09-29T17:50:26.110-03:00
UFPR05,34,ocupada,0.8578742146492004,0.896920816254843,2026-09-29T17:50:26.110-03:00
UFPR05,35,ocupada,0.8379080295562744,0.845017650148011,2026-09-29T17:50:26.110-03:00
UFPR05,36,ocupada,0.8844680190086365,0.8935687436125677,2026-09-29T17:50:26.110-03:00
UFPR05,37,ocupada,0.8802879452705383,0.854642466783667,2026-09-29T17:50:26.110-03:00
UFPR05,38,ocupada,0.8521550297737122,0.8388803932438744,2026-09-29T17:50:26.110-03:00
UFPR05,39,ocupada,0.8271632790565491,0.8486510611451042,2026-09-29T17:50:26.110-03:00
UFPR05,4,ocupada,0.889294445514679,0.6401197697112575,2026-09-29T17:50:26.110-03:00
UFPR05,40,ocupada,0.92507004737854,0.7889466060349212,2026-09-29T17:50:26.110-03:00
UFPR05,5,ocupada,0.91176837682724,0.6242715787556428,2026-09-29T17:50:26.110-03:00
UFPR05,6,ocupada,0.8763895630836487,0.5901938887571112,2026-09-29T17:50:26.110-03:00
UFPR05,7,ocupada,0.8638780117034912,0.620845283520628,2026-09-29T17:50:26.110-03:00
UFPR05,8,ocupada,0.8936980962753296,0.6305002936367649,2026-09-29T17:50:26.110-03:00
UFPR05,9,ocupada,0.8558048009872437,0.6226945125851818,2026-09-29T17:50:26.110-03:00
UFPR05,1,ocupada,0.8651046752929688,0.5732232553976071,2026-09-29T17:50:26.178-03:00
UFPR05,10,ocupada,0.8072654604911804,0.6606835580747629,2026-09-29T17:50:26.178-03:00
UFPR05,11,ocupada,0.8564320206642151,0.638442696005386,2026-09-29T17:50:26.178-03:00
UFPR05,12,ocupada,0.8364877700805664,0.5740896310632779,2026-09-29T17:50:26.178-03:00
UFPR05,13,ocupada,0.791551947593689,0.6175533547820078,2026-09-29T17:50:26.178-03:00
UFPR05,14,ocupada,0.8995698690414429,0.641094687093321,2026-09-29T17:50:26.178-03:00
UFPR05,15,ocupada,0.8264552354812622,0.6136977232121976,2026-09-29T17:50:26.178-03:00
UFPR05,16,ocupada,0.8738560080528259,0.6522624785659294,2026-09-29T17:50:26.178-03:00
UFPR05,17,ocupada,0.7804712653160095,0.5917038100261581,2026-09-29T17:50:26.178-03:00
UFPR05,18,ocupada,0.8554404377937317,0.5740612241316723,2026-09-29T17:50:26.178-03:00
UFPR05,19,ocupada,0.8680784702301025,0.5236567827377427,2026-09-29T17:50:26.178-03:00
UFPR05,2,ocupada,0.8393272161483765,0.5792260074693862,2026-09-29T17:50:26.178-03:00
UFPR05,20,ocupada,0.8686259388923645,0.6249902826123492,2026-09-29T17:50:26.178-03:00
UFPR05,21,ocupada,0.8797261714935303,0.768865922135849,2026-09-29T17:50:26.178-03:00
UFPR05,22,ocupada,0.8442966938018799,0.7439146481323015,2026-09-29T17:50:26.178-03:00
UFPR05,23,ocupada,0.8149392604827881,0.7732948127408923,2026-09-29T17:50:26.178-03:00
UFPR05,24,ocupada,0.8805772662162781,0.689214174892647,2026-09-29T17:50:26.178-03:00
UFPR05,25,ocupada,0.8420779705047607,0.6478054793505889,2026-09-29T17:50:26.178-03:00
UFPR05,26,ocupada,0.8859500885009766,0.6067696379687922,2026-09-29T17:50:26.178-03:00
UFPR05,27,ocupada,0.8655697107315063,0.5478290893997906,2026-09-29T17:50:26.178-03:00
UFPR05,28,ocupada,0.8984363675117493,0.5954686406132885,2026-09-29T17:50:26.178-03:00
UFPR05,29,ocupada,0.8546632528305054,0.5601647614369305,2026-09-29T17:50:26.178-03:00
UFPR05,3,ocupada,0.9130704998970032,0.6161487978845658,2026-09-29T17:50:26.178-03:00
UFPR05,30,ocupada,0.8823674321174622,0.5903916802076271,2026-09-29T17:50:26.178-03:00
UFPR05,31,ocupada,0.9134334325790405,0.6479195993214457,2026-09-29T17:50:26.178-03:00
UFPR05,32,ocupada,0.8771800398826599,0.7249964097678503,2026-09-29T17:50:26.178-03:00
UFPR05,33,ocupada,0.855685830116272,0.7282818248264851,2026-09-29T17:50:26.178-03:00
UFPR05,34,ocupada,0.8621442317962646,0.8656271568369496,2026-09-29T17:50:26.178-03:00
UFPR05,35,ocupada,0.8456118106842041,0.8582104766025119,2026-09-29T17:50:26.178-03:00
UFPR05,36,ocupada,0.8545503616333008,0.9019510148539392,2026-09-29T17:50:26.178-03:00
UFPR05,37,ocupada,0.8762077689170837,0.8449259799394838,2026-09-29T17:50:26.178-03:00
UFPR05,38,ocupada,0.839645266532898,0.8718989980120119,2026-09-29T17:50:26.178-03:00
UFPR05,39,ocupada,0.8254574537277222,0.8310581947884097,2026-09-29T17:50:26.178-03:00
UFPR05,4,ocupada,0.9008400440216064,0.6374026672719183,2026-09-29T17:50:26.178-03:00
UFPR05,40,ocupada,0.8657844662666321,0.797309752060076,2026-09-29T17:50:26.178-03:00
UFPR05,5,ocupada,0.8880210518836975,0.5933480056771935,2026-09-29T17:50:26.178-03:00
UFPR05,6,ocupada,0.8841827511787415,0.6080990109038751,2026-09-29T17:50:26.178-03:00
UFPR05,7,ocupada,0.8672786355018616,0.6160109535936663,2026-09-29T17:50:26.178-03:00
UFPR05,8,ocupada,0.8825678825378418,0.6342390120448103,2026-09-29T17:50:26.178-03:00
UFPR05,9,ocupada,0.8536758422851562,0.6136821177285947,2026-09-29T17:50:26.178-03:00
UFPR05,1,ocupada,0.8288713097572327,0.5701862752073874,2026-09-29T17:50:26.241-03:00
UFPR05,10,ocupada,0.9407970309257507,0.6530469754577876,2026-09-29T17:50:26.241-03:00
UFPR05,11,ocupada,0.8723499774932861,0.6254730831025836,2026-09-29T17:50:26.241-03:00
UFPR05,12,ocupada,0.834111213684082,0.5780123654061925,2026-09-29T17:50:26.241-03:00
UFPR05,13,ocupada,0.8023208379745483,0.6389802533931783,2026-09-29T17:50:26.241-03:00
UFPR05,14,ocupada,0.8946078419685364,0.6600641109121264,2026-09-29T17:50:26.241-03:00
UFPR05,15,ocupada,0.8596329092979431,0.6647638813725542,2026-09-29T17:50:26.241-03:00
UFPR05,16,ocupada,0.8311586380004883,0.6375629758086747,2026-09-29T17:50:26.241-03:00
UFPR05,17,ocupada,0.8186858296394348,0.5466842625712314,2026-09-29T17:50:26.241-03:00
UFPR05,18,ocupada,0.8464804887771606,0.5633178222339926,2026-09-29T17:50:26.241-03:00
UFPR05,19,ocupada,0.8590286374092102,0.5052405848279551,2026-09-29T17:50:26.241-03:00
UFPR05,2,ocupada,0.8717738389968872,0.5573875873913763,2026-09-29T17:50:26.241-03:00
UFPR05,20,ocupada,0.8750228881835938,0.5953281422122292,2026-09-29T17:50:26.241-03:00
UFPR05,21,ocupada,0.8813265562057495,0.772644060214085,2026-09-29T17:50:26.241-03:00
UFPR05,22,ocupada,0.8473110198974609,0.7195863405224496,2026-09-29T17:50:26.241-03:00
UFPR05,23,ocupada,0.816770613193512,0.7686825209620105,2026-09-29T17:50:26.241-03:00
UFPR05,24,ocupada,0.8659802079200745,0.6719842366030974,2026-09-29T17:50:26.241-03:00
UFPR05,25,ocupada,0.8508302569389343,0.6357928198816785,2026-09-29T17:50:26.241-03:00
UFPR05,26,ocupada,0.8909180164337158,0.5939873705997863,2026-09-29T17:50:26.241-03:00
UFPR05,27,ocupada,0.8691496849060059,0.5514060669302429,2026-09-29T17:50:26.241-03:00
UFPR05,28,ocupada,0.9066370129585266,0.5753142260372949,2026-09-29T17:50:26.241-03:00
UFPR05,29,ocupada,0.8540629744529724,0.5611977025931026,2026-09-29T17:50:26.241-03:00
UFPR05,3,ocupada,0.8983363509178162,0.6284778988501781,2026-09-29T17:50:26.241-03:00
UFPR05,30,ocupada,0.8886650800704956,0.6161507629403565,2026-09-29T17:50:26.241-03:00
UFPR05,31,ocupada,0.9065988063812256,0.6387138603397363,2026-09-29T17:50:26.241-03:00
UFPR05,32,ocupada,0.8729528188705444,0.7190348732657147,2026-09-29T17:50:26.241-03:00
UFPR05,33,ocupada,0.847759485244751,0.7359832896245904,2026-09-29T17:50:26.241-03:00
UFPR05,34,ocupada,0.8448077440261841,0.8766579236504038,2026-09-29T17:50:26.241-03:00
UFPR05,35,ocupada,0.8405947089195251,0.8538435937132797,2026-09-29T17:50:26.241-03:00
UFPR05,36,ocupada,0.8420409560203552,0.9142783528236293,2026-09-29T17:50:26.241-03:00
UFPR05,37,ocupada,0.8813079595565796,0.8299844908678976,2026-09-29T17:50:26.241-03:00
UFPR05,38,ocupada,0.8412172198295593,0.8291739484407805,2026-09-29T17:50:26.241-03:00
UFPR05,39,ocupada,0.8417410850524902,0.8400626988466341,2026-09-29T17:50:26.241-03:00
UFPR05,4,ocupada,0.8841966390609741,0.6429300767522524,2026-09-29T17:50:26.241-03:00
UFPR05,40,ocupada,0.9062271118164062,0.8109822359355101,2026-09-29T17:50:26.241-03:00
UFPR05,5,ocupada,0.8940110206604004,0.5953519447949296,2026-09-29T17:50:26.241-03:00
UFPR05,6,ocupada,0.8423777222633362,0.6250608317564451,2026-09-29T17:50:26.241-03:00
UFPR05,7,ocupada,0.8461675643920898,0.5826111096219547,2026-09-29T17:50:26.241-03:00
UFPR05,8,ocupada,0.8785222768783569,0.6316328250989568,2026-09-29T17:50:26.241-03:00
UFPR05,9,ocupada,0.8515175580978394,0.6223186481038362,2026-09-29T17:50:26.241-03:00
UFPR05,1,ocupada,0.8845254778862,0.586091355459208,2026-09-29T17:50:26.307-03:00
UFPR05,10,ocupada,0.8768782019615173,0.677269626305165,2026-09-29T17:50:26.307-03:00
UFPR05,11,ocupada,0.8529914617538452,0.6508760843267025,2026-09-29T17:50:26.307-03:00
UFPR05,12,ocupada,0.846644401550293,0.5804964002559759,2026-09-29T17:50:26.307-03:00
UFPR05,13,ocupada,0.7916829586029053,0.6231168865420559,2026-09-29T17:50:26.307-03:00
UFPR05,14,ocupada,0.8934398889541626,0.6678170131055996,2026-09-29T17:50:26.307-03:00
UFPR05,15,ocupada,0.8505578637123108,0.682247328717661,2026-09-29T17:50:26.307-03:00
UFPR05,16,ocupada,0.8492618799209595,0.6733667588325513,2026-09-29T17:50:26.307-03:00
UFPR05,17,ocupada,0.8358374238014221,0.5559349145777394,2026-09-29T17:50:26.307-03:00
UFPR05,18,ocupada,0.8481773734092712,0.5737138573710823,2026-09-29T17:50:26.307-03:00
UFPR05,19,ocupada,0.8728816509246826,0.5192485472089801,2026-09-29T17:50:26.307-03:00
UFPR05,2,ocupada,0.8539859056472778,0.5711030195728376,2026-09-29T17:50:26.307-03:00
UFPR05,20,ocupada,0.8810862302780151,0.5995717259463229,2026-09-29T17:50:26.307-03:00
UFPR05,21,ocupada,0.8796562552452087,0.7781824600229088,2026-09-29T17:50:26.307-03:00
UFPR05,22,ocupada,0.8359415531158447,0.7390535043086983,2026-09-29T17:50:26.307-03:00
UFPR05,23,ocupada,0.8292661309242249,0.7759108773850565,2026-09-29T17:50:26.307-03:00
UFPR05,24,ocupada,0.8815577030181885,0.6852228632543682,2026-09-29T17:50:26.307-03:00
UFPR05,25,ocupada,0.8444260954856873,0.63365340156819,2026-09-29T17:50:26.307-03:00
UFPR05,26,ocupada,0.8889049291610718,0.6050820577222832,2026-09-29T17:50:26.307-03:00
UFPR05,27,ocupada,0.8628412485122681,0.5484082843572843,2026-09-29T17:50:26.307-03:00
UFPR05,28,ocupada,0.9200853109359741,0.571770908294602,2026-09-29T17:50:26.307-03:00
UFPR05,29,ocupada,0.875788688659668,0.5544006204662476,2026-09-29T17:50:26.307-03:00
UFPR05,3,ocupada,0.900489866733551,0.6232254824773986,2026-09-29T17:50:26.307-03:00
UFPR05,30,ocupada,0.8819172382354736,0.6006597003436942,2026-09-29T17:50:26.307-03:00
UFPR05,31,ocupada,0.9210572242736816,0.6227962528638377,2026-09-29T17:50:26.307-03:00
UFPR05,32,ocupada,0.8663671612739563,0.7503866732095333,2026-09-29T17:50:26.307-03:00
UFPR05,33,ocupada,0.8428775072097778,0.7245002658210609,2026-09-29T17:50:26.307-03:00
UFPR05,34,ocupada,0.8542720675468445,0.8782898875166651,2026-09-29T17:50:26.307-03:00
UFPR05,35,ocupada,0.8386640548706055,0.8251362826425969,2026-09-29T17:50:26.307-03:00
UFPR05,36,ocupada,0.8476426601409912,0.9178554322516734,2026-09-29T17:50:26.307-03:00
UFPR05,37,ocupada,0.8798782825469971,0.8276541099028216,2026-09-29T17:50:26.307-03:00
UFPR05,38,ocupada,0.8487100005149841,0.8379884396818645,2026-09-29T17:50:26.307-03:00
UFPR05,39,ocupada,0.8251506686210632,0.8210718244820585,2026-09-29T17:50:26.307-03:00
UFPR05,4,ocupada,0.8969637751579285,0.6349281134516239,2026-09-29T17:50:26.307-03:00
UFPR05,40,ocupada,0.9026908874511719,0.7920770040241359,2026-09-29T17:50:26.307-03:00
UFPR05,5,ocupada,0.9087351560592651,0.5910285063437146,2026-09-29T17:50:26.307-03:00
UFPR05,6,ocupada,0.8685177564620972,0.6185473136713469,2026-09-29T17:50:26.307-03:00
UFPR05,7,ocupada,0.8593186736106873,0.6134803057518458,2026-09-29T17:50:26.307-03:00
UFPR05,8,ocupada,0.8671726584434509,0.6526137238541496,2026-09-29T17:50:26.307-03:00
UFPR05,9,ocupada,0.8554995059967041,0.6289755861740843,2026-09-29T17:50:26.307-03:00
UFPR05,1,ocupada,0.8699856400489807,0.5715327871042676,2026-09-29T17:50:26.370-03:00
UFPR05,10,ocupada,0.8868117928504944,0.6865410659674702,2026-09-29T17:50:26.370-03:00
UFPR05,11,ocupada,0.8542937636375427,0.6306558262373114,2026-09-29T17:50:26.370-03:00
UFPR05,12,ocupada,0.8579121828079224,0.5706045935210439,2026-09-29T17:50:26.370-03:00
UFPR05,13,ocupada,0.8352862596511841,0.6129726155303798,2026-09-29T17:50:26.370-03:00
UFPR05,14,ocupada,0.8983916640281677,0.6435230814877159,2026-09-29T17:50:26.370-03:00
UFPR05,15,ocupada,0.847781240940094,0.6707603855640782,2026-09-29T17:50:26.370-03:00
UFPR05,16,ocupada,0.8369742631912231,0.6766968871550796,2026-09-29T17:50:26.370-03:00
UFPR05,17,ocupada,0.8597784638404846,0.5796852939256503,2026-09-29T17:50:26.370-03:00
UFPR05,18,ocupada,0.8661325573921204,0.578749111708914,2026-09-29T17:50:26.370-03:00
UFPR05,19,ocupada,0.8570625185966492,0.5635710840560484,2026-09-29T17:50:26.370-03:00
UFPR05,2,ocupada,0.8683502078056335,0.5645041058369114,2026-09-29T17:50:26.370-03:00
UFPR05,20,ocupada,0.8466562032699585,0.6092401111563039,2026-09-29T17:50:26.370-03:00
UFPR05,21,ocupada,0.8752545714378357,0.7838175014852378,2026-09-29T17:50:26.370-03:00
UFPR05,22,ocupada,0.826100766658783,0.7477603147435589,2026-09-29T17:50:26.370-03:00
UFPR05,23,ocupada,0.7910645008087158,0.7726528838382286,2026-09-29T17:50:26.370-03:00
UFPR05,24,ocupada,0.8658446669578552,0.6935112486321838,2026-09-29T17:50:26.370-03:00
UFPR05,25,ocupada,0.846467912197113,0.6519333225046213,2026-09-29T17:50:26.370-03:00
UFPR05,26,ocupada,0.8879512548446655,0.6209060725552394,2026-09-29T17:50:26.370-03:00
UFPR05,27,ocupada,0.8612359762191772,0.569155268552318,2026-09-29T17:50:26.370-03:00
UFPR05,28,ocupada,0.9046960473060608,0.5930868113415109,2026-09-29T17:50:26.370-03:00
UFPR05,29,ocupada,0.8447462320327759,0.5647694434659506,2026-09-29T17:50:26.370-03:00
UFPR05,3,ocupada,0.8889237642288208,0.622168110004898,2026-09-29T17:50:26.370-03:00
UFPR05,30,ocupada,0.8801089525222778,0.6034638367924325,2026-09-29T17:50:26.370-03:00
UFPR05,31,ocupada,0.9114090800285339,0.6336914934589588,2026-09-29T17:50:26.370-03:00
UFPR05,32,ocupada,0.8611617684364319,0.740582809633168,2026-09-29T17:50:26.370-03:00
UFPR05,33,ocupada,0.8409249186515808,0.7479015311516717,2026-09-29T17:50:26.370-03:00
UFPR05,34,ocupada,0.8759152293205261,0.8859031842743512,2026-09-29T17:50:26.370-03:00
UFPR05,35,ocupada,0.8638136386871338,0.8632503144029026,2026-09-29T17:50:26.370-03:00
UFPR05,36,ocupada,0.8464028239250183,0.9341840740666996,2026-09-29T17:50:26.370-03:00
UFPR05,37,ocupada,0.8679121732711792,0.8347327512322753,2026-09-29T17:50:26.370-03:00
UFPR05,38,ocupada,0.832969069480896,0.8521335022370606,2026-09-29T17:50:26.370-03:00
UFPR05,39,ocupada,0.8322933316230774,0.8386944532430749,2026-09-29T17:50:26.370-03:00
UFPR05,4,ocupada,0.9041432738304138,0.6456195454073844,2026-09-29T17:50:26.370-03:00
UFPR05,40,ocupada,0.8710396885871887,0.8127957096199131,2026-09-29T17:50:26.370-03:00
UFPR05,5,ocupada,0.9129430055618286,0.6079470553385801,2026-09-29T17:50:26.370-03:00
UFPR05,6,ocupada,0.849946141242981,0.6170400070232864,2026-09-29T17:50:26.370-03:00
UFPR05,7,ocupada,0.8376150131225586,0.6124237268563585,2026-09-29T17:50:26.370-03:00
UFPR05,8,ocupada,0.8551965951919556,0.6357891098821193,2026-09-29T17:50:26.370-03:00
UFPR05,9,ocupada,0.8528069257736206,0.6349794510032915,2026-09-29T17:50:26.370-03:00
UFPR05,1,livre,0.902510941028595,0.5907648980980186,2026-09-29T17:50:26.437-03:00
UFPR05,10,ocupada,0.9344179034233093,0.6491649355442759,2026-09-29T17:50:26.437-03:00
UFPR05,11,ocupada,0.887032151222229,0.6121703669776376,2026-09-29T17:50:26.437-03:00
UFPR05,12,ocupada,0.8368253111839294,0.5790188703626311,2026-09-29T17:50:26.437-03:00
UFPR05,13,ocupada,0.784745454788208,0.6156083965110019,2026-09-29T17:50:26.437-03:00
UFPR05,14,ocupada,0.8824432492256165,0.6409450627097127,2026-09-29T17:50:26.437-03:00
UFPR05,15,ocupada,0.8652652502059937,0.6814921469116282,2026-09-29T17:50:26.437-03:00
UFPR05,16,ocupada,0.8738344311714172,0.6500556803569316,2026-09-29T17:50:26.437-03:00
UFPR05,17,ocupada,0.8138026595115662,0.5772326746817745,2026-09-29T17:50:26.437-03:00
UFPR05,18,ocupada,0.8476791977882385,0.5610606461609859,2026-09-29T17:50:26.437-03:00
UFPR05,19,ocupada,0.8584393262863159,0.5317439123153126,2026-09-29T17:50:26.437-03:00
UFPR05,2,ocupada,0.8730413317680359,0.5587504043737015,2026-09-29T17:50:26.437-03:00
UFPR05,20,ocupada,0.8628588914871216,0.6022589700031893,2026-09-29T17:50:26.437-03:00
UFPR05,21,ocupada,0.8777158856391907,0.7767807986017718,2026-09-29T17:50:26.437-03:00
UFPR05,22,ocupada,0.8650911450386047,0.723234358730738,2026-09-29T17:50:26.437-03:00
UFPR05,23,ocupada,0.8240414261817932,0.7609774654029242,2026-09-29T17:50:26.437-03:00
UFPR05,24,ocupada,0.8588575720787048,0.6702619042105947,2026-09-29T17:50:26.437-03:00
UFPR05,25,ocupada,0.8373463749885559,0.6392675752222702,2026-09-29T17:50:26.437-03:00
UFPR05,26,ocupada,0.877009391784668,0.6109463683389598,2026-09-29T17:50:26.437-03:00
UFPR05,27,ocupada,0.8703523278236389,0.5432226292287234,2026-09-29T17:50:26.437-03:00
UFPR05,28,ocupada,0.8969771862030029,0.5886529795342608,2026-09-29T17:50:26.437-03:00
UFPR05,29,ocupada,0.8536590933799744,0.5557025240200547,2026-09-29T17:50:26.437-03:00
UFPR05,3,ocupada,0.8986822962760925,0.6220131703508481,2026-09-29T17:50:26.437-03:00
UFPR05,30,ocupada,0.8808595538139343,0.6062911773241663,2026-09-29T17:50:26.437-03:00
UFPR05,31,ocupada,0.9023517966270447,0.6484431422783448,2026-09-29T17:50:26.437-03:00
UFPR05,32,ocupada,0.8696742057800293,0.6962706996660174,2026-09-29T17:50:26.437-03:00
UFPR05,33,ocupada,0.8465269207954407,0.7608383468795767,2026-09-29T17:50:26.437-03:00
UFPR05,34,ocupada,0.8454269170761108,0.8550084864658742,2026-09-29T17:50:26.437-03:00
UFPR05,35,ocupada,0.859290361404419,0.7604955598232533,2026-09-29T17:50:26.437-03:00
UFPR05,36,ocupada,0.8808283805847168,0.8667127476779569,2026-09-29T17:50:26.437-03:00
UFPR05,37,ocupada,0.8867475390434265,0.8333553999281348,2026-09-29T17:50:26.437-03:00
UFPR05,38,ocupada,0.8711131811141968,0.8051925628894996,2026-09-29T17:50:26.437-03:00
UFPR05,39,ocupada,0.825417160987854,0.8322512712027275,2026-09-29T17:50:26.437-03:00
UFPR05,4,ocupada,0.8732794523239136,0.6090864375290925,2026-09-29T17:50:26.437-03:00
UFPR05,40,ocupada,0.8497428894042969,0.79414305788864,2026-09-29T17:50:26.437-03:00
UFPR05,5,ocupada,0.8969377875328064,0.6054624775782388,2026-09-29T17:50:26.437-03:00
UFPR05,6,ocupada,0.8736362457275391,0.6092878124553988,2026-09-29T17:50:26.437-03:00
UFPR05,7,ocupada,0.8991266489028931,0.6089896942220734,2026-09-29T17:50:26.437-03:00
UFPR05,8,ocupada,0.9017767906188965,0.6289363773453566,2026-09-29T17:50:26.437-03:00
UFPR05,9,ocupada,0.862460196018219,0.6244608165921322,2026-09-29T17:50:26.437-03:00
UFPR05,1,livre,0.8735151290893555,0.5632669724873623,2026-09-29T17:50:26.503-03:00
UFPR05,10,ocupada,0.9086096882820129,0.6585983181311938,2026-09-29T17:50:26.503-03:00
UFPR05,11,ocupada,0.8696756958961487,0.6147944379715383,2026-09-29T17:50:26.503-03:00
UFPR05,12,ocupada,0.8323974609375,0.5833340032288201,2026-09-29T17:50:26.503-03:00
UFPR05,13,ocupada,0.7905282378196716,0.6253152421413302,2026-09-29T17:50:26.503-03:00
UFPR05,14,ocupada,0.8916274905204773,0.6460373547447138,2026-09-29T17:50:26.503-03:00
UFPR05,15,ocupada,0.890791654586792,0.6608853055513273,2026-09-29T17:50:26.503-03:00
UFPR05,16,ocupada,0.8507213592529297,0.6475182447514606,2026-09-29T17:50:26.503-03:00
UFPR05,17,ocupada,0.8188952207565308,0.5594183085205935,2026-09-29T17:50:26.503-03:00
UFPR05,18,ocupada,0.8380947113037109,0.5533896013255246,2026-09-29T17:50:26.503-03:00
UFPR05,19,ocupada,0.8605189323425293,0.5245982501326336,2026-09-29T17:50:26.503-03:00
UFPR05,2,ocupada,0.8311302661895752,0.5676153892384308,2026-09-29T17:50:26.503-03:00
UFPR05,20,ocupada,0.8620391488075256,0.6053416990778623,2026-09-29T17:50:26.503-03:00
UFPR05,21,ocupada,0.8783623576164246,0.7722233555235489,2026-09-29T17:50:26.503-03:00
UFPR05,22,ocupada,0.8463953137397766,0.7448284291223126,2026-09-29T17:50:26.503-03:00
UFPR05,23,ocupada,0.7837794423103333,0.7551917893138661,2026-09-29T17:50:26.503-03:00
UFPR05,24,ocupada,0.8403276801109314,0.6702651653467491,2026-09-29T17:50:26.503-03:00
UFPR05,25,ocupada,0.8302422165870667,0.6460064868101617,2026-09-29T17:50:26.503-03:00
UFPR05,26,ocupada,0.8785999417304993,0.6210216358657183,2026-09-29T17:50:26.503-03:00
UFPR05,27,ocupada,0.8646148443222046,0.5528218003909285,2026-09-29T17:50:26.503-03:00
UFPR05,28,ocupada,0.9022673964500427,0.5675814007877943,2026-09-29T17:50:26.503-03:00
UFPR05,29,ocupada,0.8533942699432373,0.5453304285992836,2026-09-29T17:50:26.503-03:00
UFPR05,3,ocupada,0.8929444551467896,0.61961189408764,2026-09-29T17:50:26.503-03:00
UFPR05,30,ocupada,0.9052209854125977,0.690929041955472,2026-09-29T17:50:26.503-03:00
UFPR05,31,ocupada,0.9121878147125244,0.6432867986872125,2026-09-29T17:50:26.503-03:00
UFPR05,32,ocupada,0.8644409775733948,0.6905365135028517,2026-09-29T17:50:26.503-03:00
UFPR05,33,ocupada,0.8498319387435913,0.7403844781890766,2026-09-29T17:50:26.503-03:00
UFPR05,34,ocupada,0.8603271842002869,0.8652799490366878,2026-09-29T17:50:26.503-03:00
UFPR05,35,ocupada,0.8592185974121094,0.8029866694669124,2026-09-29T17:50:26.503-03:00
UFPR05,36,ocupada,0.8974357843399048,0.9176536997620047,2026-09-29T17:50:26.503-03:00
UFPR05,37,ocupada,0.8877685070037842,0.8489562580579384,2026-09-29T17:50:26.503-03:00
UFPR05,38,ocupada,0.8626810908317566,0.799895060371163,2026-09-29T17:50:26.503-03:00
UFPR05,39,ocupada,0.8259124755859375,0.829184453858454,2026-09-29T17:50:26.503-03:00
UFPR05,4,ocupada,0.8730912208557129,0.6205188527169372,2026-09-29T17:50:26.503-03:00
UFPR05,40,ocupada,0.8383650183677673,0.805675230545308,2026-09-29T17:50:26.503-03:00
UFPR05,5,ocupada,0.9118358492851257,0.6159487758103757,2026-09-29T17:50:26.503-03:00
UFPR05,6,ocupada,0.8436793684959412,0.6092672989181015,2026-09-29T17:50:26.503-03:00
UFPR05,7,ocupada,0.8582150340080261,0.5956000569466012,2026-09-29T17:50:26.503-03:00
UFPR05,8,ocupada,0.8948207497596741,0.6469588405009211,2026-09-29T17:50:26.503-03:00
UFPR05,9,ocupada,0.8592885136604309,0.6268379467587725,2026-09-29T17:50:26.503-03:00
UFPR05,1,ocupada,0.8772670030593872,0.5658439353446453,2026-09-29T17:50:26.574-03:00
UFPR05,10,ocupada,0.918345034122467,0.6607347325865778,2026-09-29T17:50:26.574-03:00
UFPR05,11,ocupada,0.8815690279006958,0.6126191903653597,2026-09-29T17:50:26.574-03:00
UFPR05,12,ocupada,0.850597620010376,0.5658703919261836,2026-09-29T17:50:26.574-03:00
UFPR05,13,ocupada,0.7839937806129456,0.6082749473642998,2026-09-29T17:50:26.574-03:00
UFPR05,14,ocupada,0.9086432456970215,0.6422561614947865,2026-09-29T17:50:26.574-03:00
UFPR05,15,ocupada,0.8503231406211853,0.6808427124664791,2026-09-29T17:50:26.574-03:00
UFPR05,16,ocupada,0.8485974669456482,0.6434983491976639,2026-09-29T17:50:26.574-03:00
UFPR05,17,ocupada,0.8476138710975647,0.5539225380652736,2026-09-29T17:50:26.574-03:00
UFPR05,18,ocupada,0.846667468547821,0.5573407187029739,2026-09-29T17:50:26.574-03:00
UFPR05,19,ocupada,0.8548537492752075,0.5328640051077054,2026-09-29T17:50:26.574-03:00
UFPR05,2,ocupada,0.8615509271621704,0.5852545209236233,2026-09-29T17:50:26.574-03:00
UFPR05,20,ocupada,0.8771575689315796,0.5967366229359742,2026-09-29T17:50:26.574-03:00
UFPR05,21,ocupada,0.8775647282600403,0.7844837928425898,2026-09-29T17:50:26.574-03:00
UFPR05,22,ocupada,0.8400700688362122,0.7512008513085953,2026-09-29T17:50:26.574-03:00
UFPR05,23,ocupada,0.788479208946228,0.7635929513364945,2026-09-29T17:50:26.574-03:00
UFPR05,24,ocupada,0.8632369637489319,0.6830031859604921,2026-09-29T17:50:26.574-03:00
UFPR05,25,ocupada,0.849358081817627,0.6236636855189402,2026-09-29T17:50:26.574-03:00
UFPR05,26,ocupada,0.895868182182312,0.6205128011276201,2026-09-29T17:50:26.574-03:00
UFPR05,27,ocupada,0.854647159576416,0.5585660647442192,2026-09-29T17:50:26.574-03:00
UFPR05,28,ocupada,0.8986544013023376,0.5843340966822307,2026-09-29T17:50:26.574-03:00
UFPR05,29,ocupada,0.8552166223526001,0.5492933528629471,2026-09-29T17:50:26.574-03:00
UFPR05,3,ocupada,0.8935031890869141,0.6227981550042411,2026-09-29T17:50:26.574-03:00
UFPR05,30,ocupada,0.8842113018035889,0.6932355711318325,2026-09-29T17:50:26.574-03:00
UFPR05,31,ocupada,0.9162285923957825,0.6362806024201483,2026-09-29T17:50:26.574-03:00
UFPR05,32,ocupada,0.8618164658546448,0.7221235898090059,2026-09-29T17:50:26.574-03:00
UFPR05,33,ocupada,0.857559084892273,0.7263385343663912,2026-09-29T17:50:26.574-03:00
UFPR05,34,ocupada,0.8578035831451416,0.869098238784302,2026-09-29T17:50:26.574-03:00
UFPR05,35,ocupada,0.8778008222579956,0.7692719725936309,2026-09-29T17:50:26.574-03:00
UFPR05,36,ocupada,0.8331894278526306,0.9035607883974334,2026-09-29T17:50:26.574-03:00
UFPR05,37,ocupada,0.8707828521728516,0.7970948152656911,2026-09-29T17:50:26.574-03:00
UFPR05,38,ocupada,0.8658188581466675,0.8127206264471046,2026-09-29T17:50:26.574-03:00
UFPR05,39,ocupada,0.8521552681922913,0.8409622753030741,2026-09-29T17:50:26.574-03:00
UFPR05,4,ocupada,0.8708540797233582,0.6201497879855938,2026-09-29T17:50:26.574-03:00
UFPR05,40,ocupada,0.8787142634391785,0.8109781767593764,2026-09-29T17:50:26.574-03:00
UFPR05,5,ocupada,0.9273967742919922,0.6312958623419697,2026-09-29T17:50:26.574-03:00
UFPR05,6,ocupada,0.842322051525116,0.6085772242304736,2026-09-29T17:50:26.574-03:00
UFPR05,7,ocupada,0.8462324142456055,0.6048828349467775,2026-09-29T17:50:26.574-03:00
UFPR05,8,ocupada,0.8923358917236328,0.6607802819241319,2026-09-29T17:50:26.574-03:00
UFPR05,9,ocupada,0.8456228971481323,0.629264981832926,2026-09-29T17:50:26.574-03:00
UFPR05,1,ocupada,0.8788148760795593,0.5745855241565683,2026-09-29T17:50:26.641-03:00
UFPR05,10,ocupada,0.8738155364990234,0.6839388120296077,2026-09-29T17:50:26.641-03:00
UFPR05,11,ocupada,0.874504029750824,0.6185383536346197,2026-09-29T17:50:26.641-03:00
UFPR05,12,ocupada,0.8438847661018372,0.5838784172797152,2026-09-29T17:50:26.641-03:00
UFPR05,13,ocupada,0.8103463053703308,0.6165228336424275,2026-09-29T17:50:26.641-03:00
UFPR05,14,ocupada,0.8972384333610535,0.6540184956743232,2026-09-29T17:50:26.641-03:00
UFPR05,15,ocupada,0.8457366228103638,0.695545669374332,2026-09-29T17:50:26.641-03:00
UFPR05,16,ocupada,0.8491272330284119,0.6564985058551909,2026-09-29T17:50:26.641-03:00
UFPR05,17,ocupada,0.8585383296012878,0.5620237127269347,2026-09-29T17:50:26.641-03:00
UFPR05,18,ocupada,0.8580350279808044,0.5424649825169792,2026-09-29T17:50:26.641-03:00
UFPR05,19,ocupada,0.8586258292198181,0.5572663189615248,2026-09-29T17:50:26.641-03:00
UFPR05,2,ocupada,0.847679615020752,0.5812308023127027,2026-09-29T17:50:26.641-03:00
UFPR05,20,ocupada,0.8667263984680176,0.5867633471002204,2026-09-29T17:50:26.641-03:00
UFPR05,21,ocupada,0.8798017501831055,0.7979841493388836,2026-09-29T17:50:26.641-03:00
UFPR05,22,ocupada,0.8335885405540466,0.7449587157782752,2026-09-29T17:50:26.641-03:00
UFPR05,23,ocupada,0.783244788646698,0.7640836801324186,2026-09-29T17:50:26.641-03:00
UFPR05,24,ocupada,0.8931756019592285,0.6946996500460707,2026-09-29T17:50:26.641-03:00
UFPR05,25,ocupada,0.8766592144966125,0.6396292219479173,2026-09-29T17:50:26.641-03:00
UFPR05,26,ocupada,0.8789307475090027,0.6204459606819822,2026-09-29T17:50:26.641-03:00
UFPR05,27,ocupada,0.8574116826057434,0.564776384440024,2026-09-29T17:50:26.641-03:00
UFPR05,28,ocupada,0.9050525426864624,0.5851531798661591,2026-09-29T17:50:26.641-03:00
UFPR05,29,ocupada,0.8596001863479614,0.5549434926096836,2026-09-29T17:50:26.641-03:00
UFPR05,3,ocupada,0.8952462673187256,0.6173439736459144,2026-09-29T17:50:26.641-03:00
UFPR05,30,ocupada,0.8734493255615234,0.6487726520989562,2026-09-29T17:50:26.641-03:00
UFPR05,31,ocupada,0.9133818745613098,0.6443772206200723,2026-09-29T17:50:26.641-03:00
UFPR05,32,ocupada,0.8674470782279968,0.7305631860501491,2026-09-29T17:50:26.641-03:00
UFPR05,33,ocupada,0.8539610505104065,0.7248907160881872,2026-09-29T17:50:26.641-03:00
UFPR05,34,ocupada,0.8742173910140991,0.8399060894868985,2026-09-29T17:50:26.641-03:00
UFPR05,35,ocupada,0.8739146590232849,0.801320408814983,2026-09-29T17:50:26.641-03:00
UFPR05,36,ocupada,0.8134647011756897,0.9158307923291681,2026-09-29T17:50:26.641-03:00
UFPR05,37,ocupada,0.8508791923522949,0.8711785796569479,2026-09-29T17:50:26.641-03:00
UFPR05,38,ocupada,0.850477397441864,0.8065826170705234,2026-09-29T17:50:26.641-03:00
UFPR05,39,ocupada,0.8293884992599487,0.8460602454558683,2026-09-29T17:50:26.641-03:00
UFPR05,4,ocupada,0.8639431595802307,0.6440280437598798,2026-09-29T17:50:26.641-03:00
UFPR05,40,ocupada,0.8940634727478027,0.8094313584085044,2026-09-29T17:50:26.641-03:00
UFPR05,5,ocupada,0.9304310083389282,0.6278230880962369,2026-09-29T17:50:26.641-03:00
UFPR05,6,ocupada,0.8532480001449585,0.6143017731765485,2026-09-29T17:50:26.641-03:00
UFPR05,7,ocupada,0.8319181799888611,0.6063984242281387,2026-09-29T17:50:26.641-03:00
UFPR05,8,ocupada,0.8920167684555054,0.6502516940586549,2026-09-29T17:50:26.641-03:00
UFPR05,9,ocupada,0.849929690361023,0.6246001386347739,2026-09-29T17:50:26.641-03:00
UFPR05,1,ocupada,0.8847288489341736,0.5603984417521827,2026-09-29T17:50:26.712-03:00
UFPR05,10,ocupada,0.8640305399894714,0.6747313930504819,2026-09-29T17:50:26.712-03:00
UFPR05,11,ocupada,0.8784173130989075,0.6163692108959474,2026-09-29T17:50:26.712-03:00
UFPR05,12,ocupada,0.8510928750038147,0.562127245640172,2026-09-29T17:50:26.712-03:00
UFPR05,13,ocupada,0.7857297658920288,0.6324885058386184,2026-09-29T17:50:26.712-03:00
UFPR05,14,ocupada,0.8757927417755127,0.6244904033502493,2026-09-29T17:50:26.712-03:00
UFPR05,15,ocupada,0.843436598777771,0.6594364650128822,2026-09-29T17:50:26.712-03:00
UFPR05,16,ocupada,0.8387997150421143,0.6588863745763147,2026-09-29T17:50:26.712-03:00
UFPR05,17,ocupada,0.8403604030609131,0.5507382647455203,2026-09-29T17:50:26.712-03:00
UFPR05,18,ocupada,0.8680066466331482,0.5414360749294408,2026-09-29T17:50:26.712-03:00
UFPR05,19,ocupada,0.8516433835029602,0.5380231871077661,2026-09-29T17:50:26.712-03:00
UFPR05,2,ocupada,0.8367661833763123,0.5771536005971428,2026-09-29T17:50:26.712-03:00
UFPR05,20,ocupada,0.8680936098098755,0.5953560592183432,2026-09-29T17:50:26.712-03:00
UFPR05,21,ocupada,0.8758162260055542,0.7801648357562687,2026-09-29T17:50:26.712-03:00
UFPR05,22,ocupada,0.8379523158073425,0.7329877130245013,2026-09-29T17:50:26.712-03:00
UFPR05,23,ocupada,0.8168851733207703,0.7678742548674726,2026-09-29T17:50:26.712-03:00
UFPR05,24,ocupada,0.8796941041946411,0.6873018859319723,2026-09-29T17:50:26.712-03:00
UFPR05,25,ocupada,0.8812696933746338,0.6398453480497119,2026-09-29T17:50:26.712-03:00
UFPR05,26,ocupada,0.8895304799079895,0.6035610685039627,2026-09-29T17:50:26.712-03:00
UFPR05,27,ocupada,0.8484342694282532,0.557349643806726,2026-09-29T17:50:26.712-03:00
UFPR05,28,ocupada,0.8988185524940491,0.5870919841493217,2026-09-29T17:50:26.712-03:00
UFPR05,29,ocupada,0.8607425689697266,0.5449882029815304,2026-09-29T17:50:26.712-03:00
UFPR05,3,ocupada,0.9049679636955261,0.6115014044315331,2026-09-29T17:50:26.712-03:00
UFPR05,30,ocupada,0.8932124376296997,0.6708965639572353,2026-09-29T17:50:26.712-03:00
UFPR05,31,ocupada,0.9229843616485596,0.6273759792103955,2026-09-29T17:50:26.712-03:00
UFPR05,32,ocupada,0.8598772287368774,0.7120876441327589,2026-09-29T17:50:26.712-03:00
UFPR05,33,ocupada,0.8519314527511597,0.732381608024136,2026-09-29T17:50:26.712-03:00
UFPR05,34,ocupada,0.8463112115859985,0.8748293670395272,2026-09-29T17:50:26.712-03:00
UFPR05,35,ocupada,0.8774940371513367,0.8155172647340474,2026-09-29T17:50:26.712-03:00
UFPR05,36,ocupada,0.8319236636161804,0.9264182237343739,2026-09-29T17:50:26.712-03:00
UFPR05,37,ocupada,0.8538115620613098,0.8095099838599191,2026-09-29T17:50:26.712-03:00
UFPR05,38,ocupada,0.8639916181564331,0.8241645973091065,2026-09-29T17:50:26.712-03:00
UFPR05,39,ocupada,0.8261049389839172,0.851009276409323,2026-09-29T17:50:26.712-03:00
UFPR05,4,ocupada,0.8620023727416992,0.6248054384949833,2026-09-29T17:50:26.712-03:00
UFPR05,40,ocupada,0.8467679023742676,0.8203614760330773,2026-09-29T17:50:26.712-03:00
UFPR05,5,ocupada,0.9229862689971924,0.6169394845822962,2026-09-29T17:50:26.712-03:00
UFPR05,6,ocupada,0.8278822302818298,0.6191360178931531,2026-09-29T17:50:26.712-03:00
UFPR05,7,ocupada,0.8498244881629944,0.611102585973539,2026-09-29T17:50:26.712-03:00
UFPR05,8,ocupada,0.8840054273605347,0.6664551587499016,2026-09-29T17:50:26.712-03:00
UFPR05,9,ocupada,0.8458795547485352,0.6273246996337452,2026-09-29T17:50:26.712-03:00
UFPR05,1,ocupada,0.8733239769935608,0.5643645078165977,2026-09-29T17:50:26.780-03:00
UFPR05,10,ocupada,0.9256218075752258,0.6690821256557413,2026-09-29T17:50:26.780-03:00
UFPR05,11,ocupada,0.8776550889015198,0.6123953117304022,2026-09-29T17:50:26.780-03:00
UFPR05,12,ocupada,0.8351039886474609,0.5795078613038832,2026-09-29T17:50:26.780-03:00
UFPR05,13,ocupada,0.8130991458892822,0.6093813366405606,2026-09-29T17:50:26.780-03:00
UFPR05,14,ocupada,0.8885623812675476,0.6346317394958852,2026-09-29T17:50:26.780-03:00
UFPR05,15,ocupada,0.8287549614906311,0.6359662603260455,2026-09-29T17:50:26.780-03:00
UFPR05,16,ocupada,0.8494681715965271,0.6294405616719835,2026-09-29T17:50:26.780-03:00
UFPR05,17,ocupada,0.8575488328933716,0.5538653707933002,2026-09-29T17:50:26.780-03:00
UFPR05,18,ocupada,0.8585325479507446,0.5459370933253876,2026-09-29T17:50:26.780-03:00
UFPR05,19,ocupada,0.8554964661598206,0.5662067712623717,2026-09-29T17:50:26.780-03:00
UFPR05,2,ocupada,0.8367041945457458,0.5724051674949766,2026-09-29T17:50:26.780-03:00
UFPR05,20,ocupada,0.8728083372116089,0.5786438415877168,2026-09-29T17:50:26.780-03:00
UFPR05,21,ocupada,0.8633838295936584,0.782617508799716,2026-09-29T17:50:26.780-03:00
UFPR05,22,ocupada,0.8454816937446594,0.7453367096718024,2026-09-29T17:50:26.780-03:00
UFPR05,23,ocupada,0.7866146564483643,0.7681267926711959,2026-09-29T17:50:26.780-03:00
UFPR05,24,ocupada,0.871932864189148,0.7003153143453933,2026-09-29T17:50:26.780-03:00
UFPR05,25,ocupada,0.8494712710380554,0.6663781908440333,2026-09-29T17:50:26.780-03:00
UFPR05,26,ocupada,0.8720804452896118,0.6105474077569424,2026-09-29T17:50:26.780-03:00
UFPR05,27,ocupada,0.8395960927009583,0.5631100169800843,2026-09-29T17:50:26.780-03:00
UFPR05,28,ocupada,0.8956337571144104,0.5832529137817007,2026-09-29T17:50:26.780-03:00
UFPR05,29,ocupada,0.8500210642814636,0.5490337486039576,2026-09-29T17:50:26.780-03:00
UFPR05,3,ocupada,0.9068244695663452,0.6110597122345129,2026-09-29T17:50:26.780-03:00
UFPR05,30,ocupada,0.8899869918823242,0.6850644439259805,2026-09-29T17:50:26.780-03:00
UFPR05,31,ocupada,0.9191129803657532,0.6378814547828988,2026-09-29T17:50:26.780-03:00
UFPR05,32,ocupada,0.8680315017700195,0.7156802231555656,2026-09-29T17:50:26.780-03:00
UFPR05,33,ocupada,0.8432342410087585,0.7432609858408279,2026-09-29T17:50:26.780-03:00
UFPR05,34,ocupada,0.8545750975608826,0.8455383813954301,2026-09-29T17:50:26.780-03:00
UFPR05,35,ocupada,0.859556257724762,0.8251187041566277,2026-09-29T17:50:26.780-03:00
UFPR05,36,ocupada,0.8265677690505981,0.9208222883315531,2026-09-29T17:50:26.780-03:00
UFPR05,37,ocupada,0.8552786707878113,0.8160221915628935,2026-09-29T17:50:26.780-03:00
UFPR05,38,ocupada,0.8722928166389465,0.8219034365643874,2026-09-29T17:50:26.780-03:00
UFPR05,39,ocupada,0.8857331871986389,0.8365975456576829,2026-09-29T17:50:26.780-03:00
UFPR05,4,ocupada,0.867281973361969,0.6181116694208213,2026-09-29T17:50:26.780-03:00
UFPR05,40,ocupada,0.8735506534576416,0.8258561841182666,2026-09-29T17:50:26.780-03:00
UFPR05,5,ocupada,0.9296772480010986,0.6176595016819901,2026-09-29T17:50:26.780-03:00
UFPR05,6,ocupada,0.8563457727432251,0.6173454588098932,2026-09-29T17:50:26.780-03:00
UFPR05,7,ocupada,0.8508627414703369,0.606465069363676,2026-09-29T17:50:26.780-03:00
UFPR05,8,ocupada,0.8902093172073364,0.6600788343417479,2026-09-29T17:50:26.780-03:00
UFPR05,9,ocupada,0.8484793305397034,0.6223242724588226,2026-09-29T17:50:26.780-03:00
UFPR05,1,ocupada,0.8668662905693054,0.5749359333558934,2026-09-29T17:50:26.847-03:00
UFPR05,10,ocupada,0.9170048236846924,0.6694578477721727,2026-09-29T17:50:26.847-03:00
UFPR05,11,ocupada,0.8676933646202087,0.6188273702773072,2026-09-29T17:50:26.847-03:00
UFPR05,12,ocupada,0.8512179255485535,0.570446575606233,2026-09-29T17:50:26.847-03:00
UFPR05,13,ocupada,0.8117572069168091,0.6101439124586693,2026-09-29T17:50:26.847-03:00
UFPR05,14,ocupada,0.8949345350265503,0.6499483730803589,2026-09-29T17:50:26.847-03:00
UFPR05,15,ocupada,0.8897562026977539,0.6731505193068505,2026-09-29T17:50:26.847-03:00
UFPR05,16,ocupada,0.8459551334381104,0.6250067245022176,2026-09-29T17:50:26.847-03:00
UFPR05,17,ocupada,0.8492653369903564,0.568196511162092,2026-09-29T17:50:26.847-03:00
UFPR05,18,ocupada,0.8557971119880676,0.5608084864631253,2026-09-29T17:50:26.847-03:00
UFPR05,19,ocupada,0.8480172753334045,0.5696675398216109,2026-09-29T17:50:26.847-03:00
UFPR05,2,ocupada,0.8463882207870483,0.5658277165350925,2026-09-29T17:50:26.847-03:00
UFPR05,20,ocupada,0.8632376790046692,0.6054540533937217,2026-09-29T17:50:26.847-03:00
UFPR05,21,ocupada,0.8741447925567627,0.7820349564969754,2026-09-29T17:50:26.847-03:00
UFPR05,22,ocupada,0.8522383570671082,0.7340517184915046,2026-09-29T17:50:26.847-03:00
UFPR05,23,ocupada,0.8060909509658813,0.7676657896800725,2026-09-29T17:50:26.847-03:00
UFPR05,24,ocupada,0.8722921013832092,0.6846923366356912,2026-09-29T17:50:26.847-03:00
UFPR05,25,ocupada,0.8598926663398743,0.6686407917776167,2026-09-29T17:50:26.847-03:00
UFPR05,26,ocupada,0.8943060040473938,0.6155489736100195,2026-09-29T17:50:26.847-03:00
UFPR05,27,ocupada,0.860267698764801,0.5521495852552301,2026-09-29T17:50:26.847-03:00
UFPR05,28,ocupada,0.9006970524787903,0.5749812075849401,2026-09-29T17:50:26.847-03:00
UFPR05,29,ocupada,0.8574190139770508,0.5325129632382726,2026-09-29T17:50:26.847-03:00
UFPR05,3,ocupada,0.8948807120323181,0.6230361564660845,2026-09-29T17:50:26.847-03:00
UFPR05,30,ocupada,0.8862111568450928,0.6995605617195512,2026-09-29T17:50:26.847-03:00
UFPR05,31,ocupada,0.9167008996009827,0.6388194980398525,2026-09-29T17:50:26.847-03:00
UFPR05,32,ocupada,0.8588442206382751,0.709345391485604,2026-09-29T17:50:26.847-03:00
UFPR05,33,ocupada,0.8448486924171448,0.7219029593534708,2026-09-29T17:50:26.847-03:00
UFPR05,34,ocupada,0.851916491985321,0.8610898533567618,2026-09-29T17:50:26.847-03:00
UFPR05,35,ocupada,0.8658793568611145,0.8503161686767127,2026-09-29T17:50:26.847-03:00
UFPR05,36,ocupada,0.82977294921875,0.918339584402916,2026-09-29T17:50:26.847-03:00
UFPR05,37,ocupada,0.8481971621513367,0.8204965064245928,2026-09-29T17:50:26.847-03:00
UFPR05,38,ocupada,0.8656893968582153,0.8081331281051922,2026-09-29T17:50:26.847-03:00
UFPR05,39,ocupada,0.8669499754905701,0.8447318562264228,2026-09-29T17:50:26.847-03:00
UFPR05,4,ocupada,0.8703184723854065,0.6449826357618197,2026-09-29T17:50:26.847-03:00
UFPR05,40,ocupada,0.8573351502418518,0.8284377858978765,2026-09-29T17:50:26.847-03:00
UFPR05,5,ocupada,0.9109305143356323,0.610945440576269,2026-09-29T17:50:26.847-03:00
UFPR05,6,ocupada,0.8612570762634277,0.6234462961069839,2026-09-29T17:50:26.847-03:00
UFPR05,7,ocupada,0.8481473922729492,0.6046391769871987,2026-09-29T17:50:26.847-03:00
UFPR05,8,ocupada,0.8900290131568909,0.6641279205263739,2026-09-29T17:50:26.847-03:00
UFPR05,9,ocupada,0.8456759452819824,0.6340713709369415,2026-09-29T17:50:26.847-03:00
UFPR05,1,ocupada,0.854162871837616,0.5705393121507605,2026-09-29T17:50:26.953-03:00
UFPR05,10,ocupada,0.9261013269424438,0.6814619220153973,2026-09-29T17:50:26.953-03:00
UFPR05,11,ocupada,0.8634146451950073,0.6253433056868812,2026-09-29T17:50:26.953-03:00
UFPR05,12,ocupada,0.8484827876091003,0.5821603659344856,2026-09-29T17:50:26.953-03:00
UFPR05,13,ocupada,0.8120829463005066,0.6122305589516384,2026-09-29T17:50:26.953-03:00
UFPR05,14,ocupada,0.8982215523719788,0.6488828478129576,2026-09-29T17:50:26.953-03:00
UFPR05,15,ocupada,0.8731589913368225,0.665528097532151,2026-09-29T17:50:26.953-03:00
UFPR05,16,ocupada,0.8414013385772705,0.6292514287505216,2026-09-29T17:50:26.953-03:00
UFPR05,17,ocupada,0.8494162559509277,0.5651601366841227,2026-09-29T17:50:26.953-03:00
UFPR05,18,ocupada,0.8543493747711182,0.5457225241083115,2026-09-29T17:50:26.953-03:00
UFPR05,19,ocupada,0.8491483926773071,0.5656748420177998,2026-09-29T17:50:26.953-03:00
UFPR05,2,ocupada,0.8443461060523987,0.5756930761946463,2026-09-29T17:50:26.953-03:00
UFPR05,20,ocupada,0.8628594875335693,0.5890880867439431,2026-09-29T17:50:26.953-03:00
UFPR05,21,ocupada,0.8710660338401794,0.7750473668981245,2026-09-29T17:50:26.953-03:00
UFPR05,22,ocupada,0.8506167531013489,0.7360978606993762,2026-09-29T17:50:26.953-03:00
UFPR05,23,ocupada,0.8191210627555847,0.7855072397874532,2026-09-29T17:50:26.953-03:00
UFPR05,24,ocupada,0.8704876899719238,0.6935950599530215,2026-09-29T17:50:26.953-03:00
UFPR05,25,ocupada,0.8564591407775879,0.6675533327351851,2026-09-29T17:50:26.953-03:00
UFPR05,26,ocupada,0.8921854496002197,0.6236952249499871,2026-09-29T17:50:26.953-03:00
UFPR05,27,ocupada,0.8620869517326355,0.5557933406015247,2026-09-29T17:50:26.953-03:00
UFPR05,28,ocupada,0.8927993774414062,0.5801420501125413,2026-09-29T17:50:26.953-03:00
UFPR05,29,ocupada,0.8482100367546082,0.5377889794597437,2026-09-29T17:50:26.953-03:00
UFPR05,3,ocupada,0.9015123248100281,0.6217643400786028,2026-09-29T17:50:26.953-03:00
UFPR05,30,ocupada,0.8964559435844421,0.6810665442675979,2026-09-29T17:50:26.953-03:00
UFPR05,31,ocupada,0.9063912034034729,0.6322049324693931,2026-09-29T17:50:26.953-03:00
UFPR05,32,ocupada,0.8647514581680298,0.7177328821748387,2026-09-29T17:50:26.953-03:00
UFPR05,33,ocupada,0.8446882367134094,0.7185770185901555,2026-09-29T17:50:26.953-03:00
UFPR05,34,ocupada,0.8504162430763245,0.8600159754778838,2026-09-29T17:50:26.953-03:00
UFPR05,35,ocupada,0.8651169538497925,0.829482553787047,2026-09-29T17:50:26.953-03:00
UFPR05,36,ocupada,0.8257701992988586,0.9121120125070602,2026-09-29T17:50:26.953-03:00
UFPR05,37,ocupada,0.8679127097129822,0.8174309061422027,2026-09-29T17:50:26.953-03:00
UFPR05,38,ocupada,0.8584721684455872,0.813188455528975,2026-09-29T17:50:26.953-03:00
UFPR05,39,ocupada,0.8836665749549866,0.8486267826578782,2026-09-29T17:50:26.953-03:00
UFPR05,4,ocupada,0.8825168609619141,0.6446008285133431,2026-09-29T17:50:26.953-03:00
UFPR05,40,ocupada,0.8475558161735535,0.8272896103793714,2026-09-29T17:50:26.953-03:00
UFPR05,5,ocupada,0.9212058186531067,0.612906782722809,2026-09-29T17:50:26.953-03:00
UFPR05,6,ocupada,0.8563398718833923,0.6088074249234744,2026-09-29T17:50:26.953-03:00
UFPR05,7,ocupada,0.8465433716773987,0.6140567757350485,2026-09-29T17:50:26.953-03:00
UFPR05,8,ocupada,0.8874905109405518,0.6669113574649481,2026-09-29T17:50:26.953-03:00
UFPR05,9,ocupada,0.848838746547699,0.6254918429278129,2026-09-29T17:50:26.953-03:00
UFPR05,1,ocupada,0.894061803817749,0.5456478295498052,2026-09-29T17:50:27.021-03:00
UFPR05,10,ocupada,0.8928971290588379,0.6735369894680214,2026-09-29T17:50:27.021-03:00
UFPR05,11,ocupada,0.8702379465103149,0.6277854046072131,2026-09-29T17:50:27.021-03:00
UFPR05,12,ocupada,0.8538244962692261,0.561722085892056,2026-09-29T17:50:27.021-03:00
UFPR05,13,ocupada,0.8256966471672058,0.6142880074033493,2026-09-29T17:50:27.021-03:00
UFPR05,14,ocupada,0.9029876589775085,0.6354801423077892,2026-09-29T17:50:27.021-03:00
UFPR05,15,ocupada,0.8267872333526611,0.6774867536547051,2026-09-29T17:50:27.021-03:00
UFPR05,16,ocupada,0.843539834022522,0.6254511838569717,2026-09-29T17:50:27.021-03:00
UFPR05,17,ocupada,0.8157063126564026,0.5678938694562673,2026-09-29T17:50:27.021-03:00
UFPR05,18,ocupada,0.8480552434921265,0.5529514751038287,2026-09-29T17:50:27.021-03:00
UFPR05,19,ocupada,0.8509500622749329,0.5591070758752917,2026-09-29T17:50:27.021-03:00
UFPR05,2,ocupada,0.8513537645339966,0.5603774665836699,2026-09-29T17:50:27.021-03:00
UFPR05,20,ocupada,0.868261456489563,0.5683957754069413,2026-09-29T17:50:27.021-03:00
UFPR05,21,ocupada,0.8712800741195679,0.8007698240726618,2026-09-29T17:50:27.021-03:00
UFPR05,22,ocupada,0.8413931131362915,0.7371854208666306,2026-09-29T17:50:27.021-03:00
UFPR05,23,ocupada,0.8505761027336121,0.7632393513257213,2026-09-29T17:50:27.021-03:00
UFPR05,24,ocupada,0.8787933588027954,0.6867131182596072,2026-09-29T17:50:27.021-03:00
UFPR05,25,ocupada,0.8549700379371643,0.6810057965746462,2026-09-29T17:50:27.021-03:00
UFPR05,26,ocupada,0.8945606350898743,0.6222805697240408,2026-09-29T17:50:27.021-03:00
UFPR05,27,ocupada,0.8661584854125977,0.5504711167170994,2026-09-29T17:50:27.021-03:00
UFPR05,28,ocupada,0.914250910282135,0.5748720818693814,2026-09-29T17:50:27.021-03:00
UFPR05,29,ocupada,0.8443770408630371,0.5396322519639857,2026-09-29T17:50:27.021-03:00
UFPR05,3,ocupada,0.9066469073295593,0.6191433536040911,2026-09-29T17:50:27.021-03:00
UFPR05,30,ocupada,0.8804467916488647,0.6337891733554719,2026-09-29T17:50:27.021-03:00
UFPR05,31,ocupada,0.9105431437492371,0.6372355478379601,2026-09-29T17:50:27.021-03:00
UFPR05,32,ocupada,0.8621919751167297,0.744544937337311,2026-09-29T17:50:27.021-03:00
UFPR05,33,ocupada,0.8632840514183044,0.7579335843112053,2026-09-29T17:50:27.021-03:00
UFPR05,34,ocupada,0.846008837223053,0.8506961543031453,2026-09-29T17:50:27.021-03:00
UFPR05,35,ocupada,0.8545516729354858,0.852708899106813,2026-09-29T17:50:27.021-03:00
UFPR05,36,ocupada,0.8337855339050293,0.9148921286601821,2026-09-29T17:50:27.021-03:00
UFPR05,37,ocupada,0.8606849312782288,0.8068297225607802,2026-09-29T17:50:27.021-03:00
UFPR05,38,ocupada,0.8517316579818726,0.8161306025413194,2026-09-29T17:50:27.021-03:00
UFPR05,39,ocupada,0.8434239029884338,0.8204503738590541,2026-09-29T17:50:27.021-03:00
UFPR05,4,ocupada,0.8757660388946533,0.6471799412891842,2026-09-29T17:50:27.021-03:00
UFPR05,40,ocupada,0.8950193524360657,0.8039175168781589,2026-09-29T17:50:27.021-03:00
UFPR05,5,ocupada,0.9175819754600525,0.5986363849497045,2026-09-29T17:50:27.021-03:00
UFPR05,6,ocupada,0.8519461154937744,0.6144254601952747,2026-09-29T17:50:27.021-03:00
UFPR05,7,ocupada,0.8492104411125183,0.5934925694658914,2026-09-29T17:50:27.021-03:00
UFPR05,8,ocupada,0.8898293375968933,0.6555996739572161,2026-09-29T17:50:27.021-03:00
UFPR05,9,ocupada,0.8489980101585388,0.6190296712533591,2026-09-29T17:50:27.021-03:00
UFPR05,1,ocupada,0.8840082287788391,0.5502137579584616,2026-09-29T17:50:27.093-03:00
UFPR05,10,ocupada,0.8712723255157471,0.6720089496766389,2026-09-29T17:50:27.093-03:00
UFPR05,11,ocupada,0.8719342350959778,0.6196887828671334,2026-09-29T17:50:27.093-03:00
UFPR05,12,ocupada,0.8489071130752563,0.570503068313284,2026-09-29T17:50:27.093-03:00
UFPR05,13,ocupada,0.8255295753479004,0.620578685687743,2026-09-29T17:50:27.093-03:00
UFPR05,14,ocupada,0.9031434655189514,0.6381385853945457,2026-09-29T17:50:27.093-03:00
UFPR05,15,ocupada,0.837795615196228,0.685279404026014,2026-09-29T17:50:27.093-03:00
UFPR05,16,ocupada,0.842070460319519,0.6275146325450627,2026-09-29T17:50:27.093-03:00
UFPR05,17,ocupada,0.8214223980903625,0.5625315431724623,2026-09-29T17:50:27.093-03:00
UFPR05,18,ocupada,0.8553699254989624,0.5579363411859283,2026-09-29T17:50:27.093-03:00
UFPR05,19,ocupada,0.8491600155830383,0.5825127346410339,2026-09-29T17:50:27.093-03:00
UFPR05,2,ocupada,0.8611766695976257,0.5795020392459717,2026-09-29T17:50:27.093-03:00
UFPR05,20,ocupada,0.865863025188446,0.5808239300178738,2026-09-29T17:50:27.093-03:00
UFPR05,21,ocupada,0.8855705857276917,0.8020548671140377,2026-09-29T17:50:27.093-03:00
UFPR05,22,ocupada,0.8431316018104553,0.7378779878286535,2026-09-29T17:50:27.093-03:00
UFPR05,23,ocupada,0.8268480896949768,0.759592182648289,2026-09-29T17:50:27.093-03:00
UFPR05,24,ocupada,0.879726767539978,0.6916592511381037,2026-09-29T17:50:27.093-03:00
UFPR05,25,ocupada,0.8632398843765259,0.6638894704721778,2026-09-29T17:50:27.093-03:00
UFPR05,26,ocupada,0.9003111720085144,0.6278530069174141,2026-09-29T17:50:27.093-03:00
UFPR05,27,ocupada,0.8530263304710388,0.5546900615682084,2026-09-29T17:50:27.093-03:00
UFPR05,28,ocupada,0.902647852897644,0.5830726786600656,2026-09-29T17:50:27.093-03:00
UFPR05,29,ocupada,0.8474497199058533,0.5407219522145753,2026-09-29T17:50:27.093-03:00
UFPR05,3,ocupada,0.9036468863487244,0.6157689418502407,2026-09-29T17:50:27.093-03:00
UFPR05,30,ocupada,0.8767611980438232,0.6366877081279371,2026-09-29T17:50:27.093-03:00
UFPR05,31,ocupada,0.9210651516914368,0.6251395057465836,2026-09-29T17:50:27.093-03:00
UFPR05,32,ocupada,0.8673324584960938,0.7298909813328943,2026-09-29T17:50:27.093-03:00
UFPR05,33,ocupada,0.8516268730163574,0.7432074816950242,2026-09-29T17:50:27.093-03:00
UFPR05,34,ocupada,0.8424132466316223,0.8817017088157265,2026-09-29T17:50:27.093-03:00
UFPR05,35,ocupada,0.8683478832244873,0.812456574741063,2026-09-29T17:50:27.093-03:00
UFPR05,36,ocupada,0.8440154790878296,0.9089504554781916,2026-09-29T17:50:27.093-03:00
UFPR05,37,ocupada,0.8701474666595459,0.8080656880523189,2026-09-29T17:50:27.093-03:00
UFPR05,38,ocupada,0.8603077530860901,0.815223191775423,2026-09-29T17:50:27.093-03:00
UFPR05,39,ocupada,0.833286464214325,0.8515926408322361,2026-09-29T17:50:27.093-03:00
UFPR05,4,ocupada,0.8790486454963684,0.6482706694481595,2026-09-29T17:50:27.093-03:00
UFPR05,40,ocupada,0.9066326022148132,0.809794095126638,2026-09-29T17:50:27.093-03:00
UFPR05,5,ocupada,0.9228105545043945,0.6133603887821455,2026-09-29T17:50:27.093-03:00
UFPR05,6,ocupada,0.85838782787323,0.6077281188900461,2026-09-29T17:50:27.093-03:00
UFPR05,7,ocupada,0.8458514213562012,0.6041833401704763,2026-09-29T17:50:27.093-03:00
UFPR05,8,ocupada,0.8893697261810303,0.6614650379073492,2026-09-29T17:50:27.093-03:00
UFPR05,9,ocupada,0.8463171720504761,0.6190557522708902,2026-09-29T17:50:27.093-03:00
UFPR05,1,ocupada,0.8883764147758484,0.5456057779173383,2026-09-29T17:50:27.180-03:00
UFPR05,10,ocupada,0.8886914253234863,0.678389517535929,2026-09-29T17:50:27.180-03:00
UFPR05,11,ocupada,0.8646705150604248,0.6206931718305141,2026-09-29T17:50:27.180-03:00
UFPR05,12,ocupada,0.8559080958366394,0.5742991485474123,2026-09-29T17:50:27.180-03:00
UFPR05,13,ocupada,0.8025914430618286,0.6063890276399803,2026-09-29T17:50:27.180-03:00
UFPR05,14,ocupada,0.901579737663269,0.6328790450239071,2026-09-29T17:50:27.180-03:00
UFPR05,15,ocupada,0.8372684121131897,0.6722639026595091,2026-09-29T17:50:27.180-03:00
UFPR05,16,ocupada,0.8347756862640381,0.643531292675863,2026-09-29T17:50:27.180-03:00
UFPR05,17,ocupada,0.8222561478614807,0.5739713586375016,2026-09-29T17:50:27.180-03:00
UFPR05,18,ocupada,0.8522749543190002,0.5480613638481299,2026-09-29T17:50:27.180-03:00
UFPR05,19,ocupada,0.8541492223739624,0.5609437869109511,2026-09-29T17:50:27.180-03:00
UFPR05,2,ocupada,0.8547911047935486,0.5697863774260946,2026-09-29T17:50:27.180-03:00
UFPR05,20,ocupada,0.8651907444000244,0.5759789169807152,2026-09-29T17:50:27.180-03:00
UFPR05,21,ocupada,0.868389904499054,0.800857431745221,2026-09-29T17:50:27.180-03:00
UFPR05,22,ocupada,0.8310343623161316,0.7375983354387982,2026-09-29T17:50:27.180-03:00
UFPR05,23,ocupada,0.7929165363311768,0.7664674268869731,2026-09-29T17:50:27.180-03:00
UFPR05,24,ocupada,0.8880010843276978,0.6939215629933804,2026-09-29T17:50:27.180-03:00
UFPR05,25,ocupada,0.8597891926765442,0.6742776985828783,2026-09-29T17:50:27.180-03:00
UFPR05,26,ocupada,0.8970913887023926,0.6308747820062541,2026-09-29T17:50:27.180-03:00
UFPR05,27,ocupada,0.8569642305374146,0.5543747640548623,2026-09-29T17:50:27.180-03:00
UFPR05,28,ocupada,0.9129539728164673,0.5786498906849289,2026-09-29T17:50:27.180-03:00
UFPR05,29,ocupada,0.8464223146438599,0.5406704084967778,2026-09-29T17:50:27.180-03:00
UFPR05,3,ocupada,0.8999754190444946,0.6224926080732172,2026-09-29T17:50:27.180-03:00
UFPR05,30,ocupada,0.8775578737258911,0.6524913537060405,2026-09-29T17:50:27.180-03:00
UFPR05,31,ocupada,0.9111253619194031,0.6439345045238652,2026-09-29T17:50:27.180-03:00
UFPR05,32,ocupada,0.8647974729537964,0.7293578102393586,2026-09-29T17:50:27.180-03:00
UFPR05,33,ocupada,0.8576697707176208,0.7361965661062237,2026-09-29T17:50:27.180-03:00
UFPR05,34,ocupada,0.840861976146698,0.8524913119060179,2026-09-29T17:50:27.180-03:00
UFPR05,35,ocupada,0.8642216324806213,0.8359949637737499,2026-09-29T17:50:27.180-03:00
UFPR05,36,ocupada,0.8245889544487,0.9051632312290653,2026-09-29T17:50:27.180-03:00
UFPR05,37,ocupada,0.8709735870361328,0.8191528294664423,2026-09-29T17:50:27.180-03:00
UFPR05,38,ocupada,0.8459424376487732,0.8171525662772323,2026-09-29T17:50:27.180-03:00
UFPR05,39,ocupada,0.8589038252830505,0.8627145161806278,2026-09-29T17:50:27.180-03:00
UFPR05,4,ocupada,0.8774481415748596,0.6436354949568807,2026-09-29T17:50:27.180-03:00
UFPR05,40,ocupada,0.8783017992973328,0.7982012807026209,2026-09-29T17:50:27.180-03:00
UFPR05,5,ocupada,0.9209438562393188,0.6185130891199511,2026-09-29T17:50:27.180-03:00
UFPR05,6,ocupada,0.852039635181427,0.6207186287507397,2026-09-29T17:50:27.180-03:00
UFPR05,7,ocupada,0.8389205932617188,0.598360812024989,2026-09-29T17:50:27.180-03:00
UFPR05,8,ocupada,0.8818680047988892,0.6609421217293424,2026-09-29T17:50:27.180-03:00
UFPR05,9,ocupada,0.8547234535217285,0.6215526415842083,2026-09-29T17:50:27.180-03:00
UFPR05,1,ocupada,0.8805702328681946,0.5436142730192237,2026-09-29T17:50:27.274-03:00
UFPR05,10,ocupada,0.9107275009155273,0.6649786842229013,2026-09-29T17:50:27.274-03:00
UFPR05,11,ocupada,0.8775020241737366,0.6170503941222474,2026-09-29T17:50:27.274-03:00
UFPR05,12,ocupada,0.8540575504302979,0.5633817851095342,2026-09-29T17:50:27.274-03:00
UFPR05,13,ocupada,0.7920389175415039,0.5999745540099404,2026-09-29T17:50:27.274-03:00
UFPR05,14,ocupada,0.8967190980911255,0.6359903960815585,2026-09-29T17:50:27.274-03:00
UFPR05,15,ocupada,0.8415956497192383,0.6618815546205423,2026-09-29T17:50:27.274-03:00
UFPR05,16,ocupada,0.8384785652160645,0.6541414392947716,2026-09-29T17:50:27.274-03:00
UFPR05,17,ocupada,0.8247557282447815,0.5642800758717269,2026-09-29T17:50:27.274-03:00
UFPR05,18,ocupada,0.8520432710647583,0.5555729011858163,2026-09-29T17:50:27.274-03:00
UFPR05,19,ocupada,0.8537798523902893,0.5640305980593879,2026-09-29T17:50:27.274-03:00
UFPR05,2,ocupada,0.8697126507759094,0.5804339661182601,2026-09-29T17:50:27.274-03:00
UFPR05,20,ocupada,0.8714014291763306,0.5863216233278368,2026-09-29T17:50:27.274-03:00
UFPR05,21,ocupada,0.883634090423584,0.7914733019313704,2026-09-29T17:50:27.274-03:00
UFPR05,22,ocupada,0.8503190279006958,0.7552652704497789,2026-09-29T17:50:27.274-03:00
UFPR05,23,ocupada,0.8307221531867981,0.7735402661386006,2026-09-29T17:50:27.274-03:00
UFPR05,24,ocupada,0.8834140300750732,0.6893440737674111,2026-09-29T17:50:27.274-03:00
UFPR05,25,ocupada,0.8513632416725159,0.6716222986631898,2026-09-29T17:50:27.274-03:00
UFPR05,26,ocupada,0.893384575843811,0.6242748410506657,2026-09-29T17:50:27.274-03:00
UFPR05,27,ocupada,0.8654451370239258,0.5558506247153858,2026-09-29T17:50:27.274-03:00
UFPR05,28,ocupada,0.9043139815330505,0.5788123443276526,2026-09-29T17:50:27.274-03:00
UFPR05,29,ocupada,0.8587522506713867,0.541392774261413,2026-09-29T17:50:27.274-03:00
UFPR05,3,ocupada,0.9019876718521118,0.6183961074401956,2026-09-29T17:50:27.274-03:00
UFPR05,30,ocupada,0.8845959901809692,0.641732565207871,2026-09-29T17:50:27.274-03:00
UFPR05,31,ocupada,0.9154235124588013,0.6363533973489077,2026-09-29T17:50:27.274-03:00
UFPR05,32,ocupada,0.8716074228286743,0.7199699682778848,2026-09-29T17:50:27.274-03:00
UFPR05,33,ocupada,0.8551869988441467,0.7315391030958148,2026-09-29T17:50:27.274-03:00
UFPR05,34,ocupada,0.8490145206451416,0.8481400606006467,2026-09-29T17:50:27.274-03:00
UFPR05,35,ocupada,0.8716958165168762,0.821197813801633,2026-09-29T17:50:27.274-03:00
UFPR05,36,ocupada,0.8295417428016663,0.9008933646270721,2026-09-29T17:50:27.274-03:00
UFPR05,37,ocupada,0.8574678301811218,0.8300511415681542,2026-09-29T17:50:27.274-03:00
UFPR05,38,ocupada,0.8689061999320984,0.809414795745433,2026-09-29T17:50:27.274-03:00
UFPR05,39,ocupada,0.8535661101341248,0.8628008101521978,2026-09-29T17:50:27.274-03:00
UFPR05,4,ocupada,0.89736008644104,0.642757929866037,2026-09-29T17:50:27.274-03:00
UFPR05,40,ocupada,0.8682703971862793,0.7996566320051696,2026-09-29T17:50:27.274-03:00
UFPR05,5,ocupada,0.9228992462158203,0.6250230275079358,2026-09-29T17:50:27.274-03:00
UFPR05,6,ocupada,0.8447449803352356,0.6141317540208417,2026-09-29T17:50:27.274-03:00
UFPR05,7,ocupada,0.8527578711509705,0.6078781297048478,2026-09-29T17:50:27.274-03:00
UFPR05,8,ocupada,0.8940629959106445,0.669864790537973,2026-09-29T17:50:27.274-03:00
UFPR05,9,ocupada,0.8492063283920288,0.6220688900178779,2026-09-29T17:50:27.274-03:00
UFPR05,1,ocupada,0.8593077659606934,0.5689900114865111,2026-09-29T17:50:27.339-03:00
UFPR05,10,ocupada,0.9121123552322388,0.6525847139554737,2026-09-29T17:50:27.339-03:00
UFPR05,11,ocupada,0.875613272190094,0.6217060813017162,2026-09-29T17:50:27.339-03:00
UFPR05,12,ocupada,0.8540806174278259,0.5642781959024795,2026-09-29T17:50:27.339-03:00
UFPR05,13,ocupada,0.7783413529396057,0.6099089244884911,2026-09-29T17:50:27.339-03:00
UFPR05,14,ocupada,0.8929191827774048,0.6399414868148899,2026-09-29T17:50:27.339-03:00
UFPR05,15,ocupada,0.8308290839195251,0.631562641550028,2026-09-29T17:50:27.339-03:00
UFPR05,16,ocupada,0.8423799872398376,0.6259850518734056,2026-09-29T17:50:27.339-03:00
UFPR05,17,ocupada,0.8098731637001038,0.5793764606839722,2026-09-29T17:50:27.339-03:00
UFPR05,18,ocupada,0.8574215769767761,0.546177647266611,2026-09-29T17:50:27.339-03:00
UFPR05,19,ocupada,0.8564732074737549,0.5606293473708133,2026-09-29T17:50:27.339-03:00
UFPR05,2,ocupada,0.8330713510513306,0.568006868385512,2026-09-29T17:50:27.339-03:00
UFPR05,20,ocupada,0.863231360912323,0.5927088335142661,2026-09-29T17:50:27.339-03:00
UFPR05,21,ocupada,0.8787867426872253,0.7975090742109027,2026-09-29T17:50:27.339-03:00
UFPR05,22,ocupada,0.8459608554840088,0.7448236093093439,2026-09-29T17:50:27.339-03:00
UFPR05,23,ocupada,0.8095967769622803,0.7670904758477396,2026-09-29T17:50:27.339-03:00
UFPR05,24,ocupada,0.8787232041358948,0.6883498128900916,2026-09-29T17:50:27.339-03:00
UFPR05,25,ocupada,0.856432318687439,0.6723676435253821,2026-09-29T17:50:27.339-03:00
UFPR05,26,ocupada,0.8961811065673828,0.626365624850546,2026-09-29T17:50:27.339-03:00
UFPR05,27,ocupada,0.865209698677063,0.5645023124567183,2026-09-29T17:50:27.339-03:00
UFPR05,28,ocupada,0.9038457870483398,0.5775513736591577,2026-09-29T17:50:27.339-03:00
UFPR05,29,ocupada,0.8498911261558533,0.5371244839076698,2026-09-29T17:50:27.339-03:00
UFPR05,3,ocupada,0.8938246965408325,0.6251618884166973,2026-09-29T17:50:27.339-03:00
UFPR05,30,ocupada,0.879880964756012,0.6329419497427885,2026-09-29T17:50:27.339-03:00
UFPR05,31,ocupada,0.9216582179069519,0.6355948944158076,2026-09-29T17:50:27.339-03:00
UFPR05,32,ocupada,0.8691123127937317,0.7266775099855115,2026-09-29T17:50:27.339-03:00
UFPR05,33,ocupada,0.8594728708267212,0.7558042317849918,2026-09-29T17:50:27.339-03:00
UFPR05,34,ocupada,0.8468875288963318,0.84228208805417,2026-09-29T17:50:27.339-03:00
UFPR05,35,ocupada,0.8622722029685974,0.8282160040636349,2026-09-29T17:50:27.339-03:00
UFPR05,36,ocupada,0.8296182155609131,0.9187136455716202,2026-09-29T17:50:27.339-03:00
UFPR05,37,ocupada,0.8747986555099487,0.8819672483200539,2026-09-29T17:50:27.339-03:00
UFPR05,38,ocupada,0.8703448176383972,0.8227241959526034,2026-09-29T17:50:27.339-03:00
UFPR05,39,ocupada,0.8379374742507935,0.869560275429074,2026-09-29T17:50:27.339-03:00
UFPR05,4,ocupada,0.9010613560676575,0.6505858714661733,2026-09-29T17:50:27.339-03:00
UFPR05,40,ocupada,0.8575094938278198,0.8246755625040996,2026-09-29T17:50:27.339-03:00
UFPR05,5,ocupada,0.9197124242782593,0.6140915982978788,2026-09-29T17:50:27.339-03:00
UFPR05,6,ocupada,0.8474293351173401,0.617101548557757,2026-09-29T17:50:27.339-03:00
UFPR05,7,ocupada,0.8490987420082092,0.613455475889453,2026-09-29T17:50:27.339-03:00
UFPR05,8,ocupada,0.8923954367637634,0.6607810656710016,2026-09-29T17:50:27.339-03:00
UFPR05,9,ocupada,0.8530167937278748,0.622690723604488,2026-09-29T17:50:27.339-03:00
UFPR05,1,ocupada,0.8689868450164795,0.5611170085906876,2026-09-29T17:50:27.408-03:00
UFPR05,10,ocupada,0.8869055509567261,0.657979129959101,2026-09-29T17:50:27.408-03:00
UFPR05,11,ocupada,0.8679466247558594,0.6249547040213417,2026-09-29T17:50:27.408-03:00
UFPR05,12,ocupada,0.8513452410697937,0.5650802857163163,2026-09-29T17:50:27.408-03:00
UFPR05,13,ocupada,0.8303419947624207,0.6070043412063568,2026-09-29T17:50:27.408-03:00
UFPR05,14,ocupada,0.9035882353782654,0.641166793187926,2026-09-29T17:50:27.408-03:00
UFPR05,15,ocupada,0.8522782325744629,0.666815196041889,2026-09-29T17:50:27.408-03:00
UFPR05,16,ocupada,0.8407943844795227,0.6484562242785546,2026-09-29T17:50:27.408-03:00
UFPR05,17,ocupada,0.8144553303718567,0.5754649553558078,2026-09-29T17:50:27.408-03:00
UFPR05,18,ocupada,0.8479699492454529,0.5450966517189316,2026-09-29T17:50:27.408-03:00
UFPR05,19,ocupada,0.8528435826301575,0.5809371389171969,2026-09-29T17:50:27.408-03:00
UFPR05,2,ocupada,0.8347123861312866,0.5611687198164348,2026-09-29T17:50:27.408-03:00
UFPR05,20,ocupada,0.8647791147232056,0.5794358992954384,2026-09-29T17:50:27.408-03:00
UFPR05,21,ocupada,0.8672893047332764,0.791596975138151,2026-09-29T17:50:27.408-03:00
UFPR05,22,ocupada,0.8628726601600647,0.7433252921250809,2026-09-29T17:50:27.408-03:00
UFPR05,23,ocupada,0.8064703941345215,0.7578358933333853,2026-09-29T17:50:27.408-03:00
UFPR05,24,ocupada,0.8813738822937012,0.6897003249189764,2026-09-29T17:50:27.408-03:00
UFPR05,25,ocupada,0.8556415438652039,0.6650247516439203,2026-09-29T17:50:27.408-03:00
UFPR05,26,ocupada,0.8939035534858704,0.6278408379960932,2026-09-29T17:50:27.408-03:00
UFPR05,27,ocupada,0.8656014800071716,0.5649973373048962,2026-09-29T17:50:27.408-03:00
UFPR05,28,ocupada,0.9085244536399841,0.5752967103550346,2026-09-29T17:50:27.408-03:00
UFPR05,29,ocupada,0.8541086316108704,0.5360066815564496,2026-09-29T17:50:27.408-03:00
UFPR05,3,ocupada,0.8822981715202332,0.6296323870924959,2026-09-29T17:50:27.408-03:00
UFPR05,30,ocupada,0.8846175670623779,0.6857476765365426,2026-09-29T17:50:27.408-03:00
UFPR05,31,ocupada,0.9220981597900391,0.6383983623613546,2026-09-29T17:50:27.408-03:00
UFPR05,32,ocupada,0.8634141683578491,0.7217019539479556,2026-09-29T17:50:27.408-03:00
UFPR05,33,ocupada,0.8577185273170471,0.7422184430481569,2026-09-29T17:50:27.408-03:00
UFPR05,34,ocupada,0.8518409729003906,0.8529512633311895,2026-09-29T17:50:27.408-03:00
UFPR05,35,ocupada,0.8762489557266235,0.8431644238086362,2026-09-29T17:50:27.408-03:00
UFPR05,36,ocupada,0.8284838199615479,0.8984325475964695,2026-09-29T17:50:27.408-03:00
UFPR05,37,ocupada,0.8584527373313904,0.8217721541344959,2026-09-29T17:50:27.408-03:00
UFPR05,38,ocupada,0.8625394701957703,0.8175763369276364,2026-09-29T17:50:27.408-03:00
UFPR05,39,ocupada,0.8596625924110413,0.857177228436445,2026-09-29T17:50:27.408-03:00
UFPR05,4,ocupada,0.8998895287513733,0.6459300364625572,2026-09-29T17:50:27.408-03:00
UFPR05,40,ocupada,0.858595073223114,0.8238378026608788,2026-09-29T17:50:27.408-03:00
UFPR05,5,ocupada,0.9222367405891418,0.6092726890835876,2026-09-29T17:50:27.408-03:00
UFPR05,6,ocupada,0.8517325520515442,0.6079960095712345,2026-09-29T17:50:27.408-03:00
UFPR05,7,ocupada,0.8418271541595459,0.6130213320910871,2026-09-29T17:50:27.408-03:00
UFPR05,8,ocupada,0.8910614252090454,0.6530891864506133,2026-09-29T17:50:27.408-03:00
UFPR05,9,ocupada,0.8509008884429932,0.6236391554585805,2026-09-29T17:50:27.408-03:00
UFPR05,1,ocupada,0.8752509355545044,0.5695424496816892,2026-09-29T17:50:27.477-03:00
UFPR05,10,ocupada,0.8586264848709106,0.6693995535354881,2026-09-29T17:50:27.477-03:00
UFPR05,11,ocupada,0.8806972503662109,0.6252344405523502,2026-09-29T17:50:27.477-03:00
UFPR05,12,ocupada,0.8574696183204651,0.5537505565021719,2026-09-29T17:50:27.477-03:00
UFPR05,13,ocupada,0.8268322944641113,0.602003818606987,2026-09-29T17:50:27.477-03:00
UFPR05,14,ocupada,0.9077595472335815,0.644568755767474,2026-09-29T17:50:27.477-03:00
UFPR05,15,ocupada,0.857958972454071,0.6572624082703992,2026-09-29T17:50:27.477-03:00
UFPR05,16,ocupada,0.8446407318115234,0.6414981724209087,2026-09-29T17:50:27.477-03:00
UFPR05,17,ocupada,0.8156516551971436,0.5868458211094375,2026-09-29T17:50:27.477-03:00
UFPR05,18,ocupada,0.8574051260948181,0.5560416035323279,2026-09-29T17:50:27.477-03:00
UFPR05,19,ocupada,0.8628173470497131,0.5463843309757366,2026-09-29T17:50:27.477-03:00
UFPR05,2,ocupada,0.8492292761802673,0.5692304342725958,2026-09-29T17:50:27.477-03:00
UFPR05,20,ocupada,0.8726990222930908,0.5806763554289746,2026-09-29T17:50:27.477-03:00
UFPR05,21,ocupada,0.8807796835899353,0.786183174436096,2026-09-29T17:50:27.477-03:00
UFPR05,22,ocupada,0.8387295603752136,0.7597988395390839,2026-09-29T17:50:27.477-03:00
UFPR05,23,ocupada,0.8384053111076355,0.782764871621125,2026-09-29T17:50:27.477-03:00
UFPR05,24,ocupada,0.8811290264129639,0.695411420961013,2026-09-29T17:50:27.477-03:00
UFPR05,25,ocupada,0.8591417074203491,0.6557510153526995,2026-09-29T17:50:27.477-03:00
UFPR05,26,ocupada,0.8959337472915649,0.6280459125035538,2026-09-29T17:50:27.477-03:00
UFPR05,27,ocupada,0.866959810256958,0.563396089410224,2026-09-29T17:50:27.477-03:00
UFPR05,28,ocupada,0.9034285545349121,0.5717985853300604,2026-09-29T17:50:27.477-03:00
UFPR05,29,ocupada,0.8464996814727783,0.5336039503880426,2026-09-29T17:50:27.477-03:00
UFPR05,3,ocupada,0.9025577306747437,0.6338700347118195,2026-09-29T17:50:27.477-03:00
UFPR05,30,ocupada,0.8866112232208252,0.6801285627920005,2026-09-29T17:50:27.477-03:00
UFPR05,31,ocupada,0.9094082117080688,0.6562172608073764,2026-09-29T17:50:27.477-03:00
UFPR05,32,ocupada,0.8740687370300293,0.7275938568265025,2026-09-29T17:50:27.477-03:00
UFPR05,33,ocupada,0.8614304661750793,0.731036720323854,2026-09-29T17:50:27.477-03:00
UFPR05,34,ocupada,0.8607498407363892,0.8591996802050346,2026-09-29T17:50:27.477-03:00
UFPR05,35,ocupada,0.8657082915306091,0.8605493983103094,2026-09-29T17:50:27.477-03:00
UFPR05,36,ocupada,0.855047881603241,0.9379692929275318,2026-09-29T17:50:27.477-03:00
UFPR05,37,ocupada,0.8405348062515259,0.8836300556484591,2026-09-29T17:50:27.477-03:00
UFPR05,38,ocupada,0.8534495234489441,0.8014940338329419,2026-09-29T17:50:27.477-03:00
UFPR05,39,ocupada,0.856389582157135,0.8673063483802617,2026-09-29T17:50:27.477-03:00
UFPR05,4,ocupada,0.9036532044410706,0.6356940480491592,2026-09-29T17:50:27.477-03:00
UFPR05,40,ocupada,0.8788036704063416,0.8349429249212958,2026-09-29T17:50:27.477-03:00
UFPR05,5,ocupada,0.920337438583374,0.6105809916043106,2026-09-29T17:50:27.477-03:00
UFPR05,6,ocupada,0.8466193079948425,0.6446326660958341,2026-09-29T17:50:27.477-03:00
UFPR05,7,ocupada,0.8483045697212219,0.5972229967212097,2026-09-29T17:50:27.477-03:00
UFPR05,8,ocupada,0.8928008079528809,0.6502066147944711,2026-09-29T17:50:27.477-03:00
UFPR05,9,ocupada,0.8537834882736206,0.6117431844707172,2026-09-29T17:50:27.477-03:00
UFPR05,1,ocupada,0.8607792258262634,0.570892338718641,2026-09-29T17:50:27.546-03:00
UFPR05,10,ocupada,0.8730545043945312,0.6286542050649171,2026-09-29T17:50:27.546-03:00
UFPR05,11,ocupada,0.8809276223182678,0.6136819410839722,2026-09-29T17:50:27.546-03:00
UFPR05,12,ocupada,0.8569572567939758,0.5758330808518601,2026-09-29T17:50:27.546-03:00
UFPR05,13,ocupada,0.7983994483947754,0.6082690282754508,2026-09-29T17:50:27.546-03:00
UFPR05,14,ocupada,0.8914650082588196,0.6354554318932514,2026-09-29T17:50:27.546-03:00
UFPR05,15,ocupada,0.8585183024406433,0.6524762100292242,2026-09-29T17:50:27.546-03:00
UFPR05,16,ocupada,0.8548957109451294,0.5933902503694998,2026-09-29T17:50:27.546-03:00
UFPR05,17,ocupada,0.8030539155006409,0.5645189716576666,2026-09-29T17:50:27.546-03:00
UFPR05,18,ocupada,0.8335388898849487,0.5730053624395356,2026-09-29T17:50:27.546-03:00
UFPR05,19,ocupada,0.8538618087768555,0.5544814262356664,2026-09-29T17:50:27.546-03:00
UFPR05,2,ocupada,0.8402063846588135,0.5707200412241699,2026-09-29T17:50:27.546-03:00
UFPR05,20,ocupada,0.8530964255332947,0.6110096083785111,2026-09-29T17:50:27.546-03:00
UFPR05,21,ocupada,0.8716554641723633,0.7785911705395216,2026-09-29T17:50:27.546-03:00
UFPR05,22,ocupada,0.8307868838310242,0.7440894921557419,2026-09-29T17:50:27.546-03:00
UFPR05,23,ocupada,0.8146513104438782,0.7522757844922722,2026-09-29T17:50:27.546-03:00
UFPR05,24,ocupada,0.8646174073219299,0.6991928232172753,2026-09-29T17:50:27.546-03:00
UFPR05,25,ocupada,0.855323314666748,0.6530581041360369,2026-09-29T17:50:27.546-03:00
UFPR05,26,ocupada,0.892185389995575,0.6191223529933824,2026-09-29T17:50:27.546-03:00
UFPR05,27,ocupada,0.8664195537567139,0.5468544989224697,2026-09-29T17:50:27.546-03:00
UFPR05,28,ocupada,0.8951219916343689,0.5733926690090588,2026-09-29T17:50:27.546-03:00
UFPR05,29,ocupada,0.8900338411331177,0.5488957772852868,2026-09-29T17:50:27.546-03:00
UFPR05,3,ocupada,0.9069778323173523,0.6366166286717204,2026-09-29T17:50:27.546-03:00
UFPR05,30,ocupada,0.8803204894065857,0.6844006069786419,2026-09-29T17:50:27.546-03:00
UFPR05,31,ocupada,0.9347506165504456,0.6063063687676121,2026-09-29T17:50:27.546-03:00
UFPR05,32,ocupada,0.8796758055686951,0.7266340011224681,2026-09-29T17:50:27.546-03:00
UFPR05,33,ocupada,0.8752401471138,0.7199435141561906,2026-09-29T17:50:27.546-03:00
UFPR05,34,ocupada,0.8646904826164246,0.8268397741436744,2026-09-29T17:50:27.546-03:00
UFPR05,35,ocupada,0.8681692481040955,0.8621271279683635,2026-09-29T17:50:27.546-03:00
UFPR05,36,ocupada,0.8567144870758057,0.8896793616608161,2026-09-29T17:50:27.546-03:00
UFPR05,37,ocupada,0.8605138063430786,0.8707266595862397,2026-09-29T17:50:27.546-03:00
UFPR05,38,ocupada,0.8487128019332886,0.8264611387884223,2026-09-29T17:50:27.546-03:00
UFPR05,39,ocupada,0.8716487288475037,0.8427772501792402,2026-09-29T17:50:27.546-03:00
UFPR05,4,ocupada,0.9097704887390137,0.6464859544201015,2026-09-29T17:50:27.546-03:00
UFPR05,40,ocupada,0.8450514674186707,0.7996662984064493,2026-09-29T17:50:27.546-03:00
UFPR05,5,ocupada,0.9174325466156006,0.6127805972433087,2026-09-29T17:50:27.546-03:00
UFPR05,6,ocupada,0.8445641398429871,0.608202948876012,2026-09-29T17:50:27.546-03:00
UFPR05,7,ocupada,0.8667891621589661,0.5829973800503891,2026-09-29T17:50:27.546-03:00
UFPR05,8,ocupada,0.8893545269966125,0.6520583693401446,2026-09-29T17:50:27.546-03:00
UFPR05,9,ocupada,0.8573218584060669,0.6253447858850666,2026-09-29T17:50:27.546-03:00
UFPR05,1,ocupada,0.8647716045379639,0.5693082808154207,2026-09-29T17:50:27.616-03:00
UFPR05,10,ocupada,0.8766376376152039,0.6362509656478872,2026-09-29T17:50:27.616-03:00
UFPR05,11,ocupada,0.8869087100028992,0.5764883870099542,2026-09-29T17:50:27.616-03:00
UFPR05,12,ocupada,0.8603405952453613,0.571202699146539,2026-09-29T17:50:27.616-03:00
UFPR05,13,ocupada,0.8047520518302917,0.6402718872449459,2026-09-29T17:50:27.616-03:00
UFPR05,14,ocupada,0.8919453024864197,0.6317478793826942,2026-09-29T17:50:27.616-03:00
UFPR05,15,ocupada,0.8552770614624023,0.6277344603332073,2026-09-29T17:50:27.616-03:00
UFPR05,16,ocupada,0.8536819219589233,0.6271771274086672,2026-09-29T17:50:27.616-03:00
UFPR05,17,ocupada,0.7870602607727051,0.5776374587610615,2026-09-29T17:50:27.616-03:00
UFPR05,18,ocupada,0.8356679081916809,0.5641610651452436,2026-09-29T17:50:27.616-03:00
UFPR05,19,ocupada,0.84512859582901,0.5628932984906422,2026-09-29T17:50:27.616-03:00
UFPR05,2,ocupada,0.8334024548530579,0.5617490629839234,2026-09-29T17:50:27.616-03:00
UFPR05,20,ocupada,0.8617175817489624,0.6269467503150842,2026-09-29T17:50:27.616-03:00
UFPR05,21,ocupada,0.8700818419456482,0.779516643272892,2026-09-29T17:50:27.616-03:00
UFPR05,22,ocupada,0.8100817799568176,0.7375944147099226,2026-09-29T17:50:27.616-03:00
UFPR05,23,ocupada,0.7948475480079651,0.7588811451977081,2026-09-29T17:50:27.616-03:00
UFPR05,24,ocupada,0.8389962911605835,0.6911272310913326,2026-09-29T17:50:27.616-03:00
UFPR05,25,ocupada,0.8532188534736633,0.6204896646442656,2026-09-29T17:50:27.616-03:00
UFPR05,26,ocupada,0.8853043913841248,0.5947902126945793,2026-09-29T17:50:27.616-03:00
UFPR05,27,ocupada,0.8707467913627625,0.5429008167457576,2026-09-29T17:50:27.616-03:00
UFPR05,28,ocupada,0.8804847598075867,0.568118429723803,2026-09-29T17:50:27.616-03:00
UFPR05,29,ocupada,0.8536164164543152,0.5488700586270977,2026-09-29T17:50:27.616-03:00
UFPR05,3,ocupada,0.8991822600364685,0.6238816928785699,2026-09-29T17:50:27.616-03:00
UFPR05,30,ocupada,0.8813781142234802,0.6749860400326793,2026-09-29T17:50:27.616-03:00
UFPR05,31,ocupada,0.8970639109611511,0.6095459605659386,2026-09-29T17:50:27.616-03:00
UFPR05,32,ocupada,0.8617824912071228,0.7254747487192514,2026-09-29T17:50:27.616-03:00
UFPR05,33,ocupada,0.8518999814987183,0.7484754804897802,2026-09-29T17:50:27.616-03:00
UFPR05,34,ocupada,0.851782500743866,0.8326090728498178,2026-09-29T17:50:27.616-03:00
UFPR05,35,ocupada,0.8644310235977173,0.8365984137056675,2026-09-29T17:50:27.616-03:00
UFPR05,36,ocupada,0.8478226065635681,0.9255661190855229,2026-09-29T17:50:27.616-03:00
UFPR05,37,ocupada,0.8532445430755615,0.8634327631697577,2026-09-29T17:50:27.616-03:00
UFPR05,38,ocupada,0.8581839203834534,0.80458378433823,2026-09-29T17:50:27.616-03:00
UFPR05,39,ocupada,0.8503543734550476,0.8594175137697208,2026-09-29T17:50:27.616-03:00
UFPR05,4,ocupada,0.8692687153816223,0.6584685326137343,2026-09-29T17:50:27.616-03:00
UFPR05,40,ocupada,0.8812524676322937,0.8139641818732027,2026-09-29T17:50:27.616-03:00
UFPR05,5,ocupada,0.9143545031547546,0.6071135843982446,2026-09-29T17:50:27.616-03:00
UFPR05,6,ocupada,0.8377798199653625,0.6089722987658994,2026-09-29T17:50:27.616-03:00
UFPR05,7,ocupada,0.8550131916999817,0.5866041210301737,2026-09-29T17:50:27.616-03:00
UFPR05,8,ocupada,0.8762503862380981,0.6660176726172014,2026-09-29T17:50:27.616-03:00
UFPR05,9,ocupada,0.8541141748428345,0.6309705260239697,2026-09-29T17:50:27.616-03:00
UFPR05,1,ocupada,0.9037629961967468,0.5521942256702094,2026-09-29T17:50:27.690-03:00
UFPR05,10,ocupada,0.9231740832328796,0.6820881203813877,2026-09-29T17:50:27.690-03:00
UFPR05,11,ocupada,0.8974965810775757,0.5796183808321518,2026-09-29T17:50:27.690-03:00
UFPR05,12,ocupada,0.8423466086387634,0.5916919028565933,2026-09-29T17:50:27.690-03:00
UFPR05,13,ocupada,0.7992380857467651,0.6235666261302566,2026-09-29T17:50:27.690-03:00
UFPR05,14,ocupada,0.8844104409217834,0.6405847800047804,2026-09-29T17:50:27.690-03:00
UFPR05,15,ocupada,0.8408278226852417,0.5713855402296913,2026-09-29T17:50:27.690-03:00
UFPR05,16,ocupada,0.8674103021621704,0.5987138603558516,2026-09-29T17:50:27.690-03:00
UFPR05,17,ocupada,0.8066341280937195,0.5781208873450018,2026-09-29T17:50:27.690-03:00
UFPR05,18,ocupada,0.8409960865974426,0.570860979425242,2026-09-29T17:50:27.690-03:00
UFPR05,19,ocupada,0.8563168048858643,0.5686767183505205,2026-09-29T17:50:27.690-03:00
UFPR05,2,ocupada,0.8508275151252747,0.5779949531572404,2026-09-29T17:50:27.690-03:00
UFPR05,20,ocupada,0.861125648021698,0.635113333258716,2026-09-29T17:50:27.690-03:00
UFPR05,21,ocupada,0.8831040263175964,0.793682416085175,2026-09-29T17:50:27.690-03:00
UFPR05,22,ocupada,0.8193854093551636,0.7355663837912896,2026-09-29T17:50:27.690-03:00
UFPR05,23,ocupada,0.8209426403045654,0.7458963952706131,2026-09-29T17:50:27.690-03:00
UFPR05,24,ocupada,0.8443889021873474,0.6883743664770757,2026-09-29T17:50:27.690-03:00
UFPR05,25,ocupada,0.8537904620170593,0.6112291447787804,2026-09-29T17:50:27.690-03:00
UFPR05,26,ocupada,0.8915505409240723,0.5991851264641268,2026-09-29T17:50:27.690-03:00
UFPR05,27,ocupada,0.8712251782417297,0.5557282004855071,2026-09-29T17:50:27.690-03:00
UFPR05,28,ocupada,0.8853106498718262,0.56203802287942,2026-09-29T17:50:27.690-03:00
UFPR05,29,ocupada,0.8720837235450745,0.5665941391892454,2026-09-29T17:50:27.690-03:00
UFPR05,3,ocupada,0.898563027381897,0.6298453405534117,2026-09-29T17:50:27.690-03:00
UFPR05,30,ocupada,0.886897087097168,0.6857684715942519,2026-09-29T17:50:27.690-03:00
UFPR05,31,ocupada,0.896746039390564,0.6155201498115214,2026-09-29T17:50:27.690-03:00
UFPR05,32,ocupada,0.8541865944862366,0.757649405462014,2026-09-29T17:50:27.690-03:00
UFPR05,33,ocupada,0.8607380986213684,0.7588369984575103,2026-09-29T17:50:27.690-03:00
UFPR05,34,ocupada,0.859843373298645,0.8125262508760215,2026-09-29T17:50:27.690-03:00
UFPR05,35,ocupada,0.8771026730537415,0.8441685061563934,2026-09-29T17:50:27.690-03:00
UFPR05,36,ocupada,0.8525190353393555,0.906984954996431,2026-09-29T17:50:27.690-03:00
UFPR05,37,ocupada,0.8855595588684082,0.8442707249860105,2026-09-29T17:50:27.690-03:00
UFPR05,38,ocupada,0.8125017285346985,0.830360582701549,2026-09-29T17:50:27.690-03:00
UFPR05,39,ocupada,0.8563746213912964,0.8824436050752802,2026-09-29T17:50:27.690-03:00
UFPR05,4,ocupada,0.8860447406768799,0.6648245721305258,2026-09-29T17:50:27.690-03:00
UFPR05,40,ocupada,0.8836397528648376,0.7991221239744448,2026-09-29T17:50:27.690-03:00
UFPR05,5,ocupada,0.919928789138794,0.6098158848389508,2026-09-29T17:50:27.690-03:00
UFPR05,6,ocupada,0.8483446836471558,0.6144619758486235,2026-09-29T17:50:27.690-03:00
UFPR05,7,ocupada,0.859308123588562,0.6030176546463883,2026-09-29T17:50:27.690-03:00
UFPR05,8,ocupada,0.889744758605957,0.6781991267411599,2026-09-29T17:50:27.690-03:00
UFPR05,9,ocupada,0.8602191805839539,0.6199612313164402,2026-09-29T17:50:27.690-03:00
UFPR05,1,ocupada,0.9011386036872864,0.54825129349378,2026-09-29T17:50:27.764-03:00
UFPR05,10,ocupada,0.9471755027770996,0.6848055513336562,2026-09-29T17:50:27.764-03:00
UFPR05,11,ocupada,0.8909010291099548,0.5916363369985033,2026-09-29T17:50:27.764-03:00
UFPR05,12,ocupada,0.8443860411643982,0.5932696190779523,2026-09-29T17:50:27.764-03:00
UFPR05,13,ocupada,0.8283218145370483,0.6101386938209713,2026-09-29T17:50:27.764-03:00
UFPR05,14,ocupada,0.9027215838432312,0.6328183962918441,2026-09-29T17:50:27.764-03:00
UFPR05,15,ocupada,0.8654748201370239,0.613462180904013,2026-09-29T17:50:27.764-03:00
UFPR05,16,ocupada,0.8623865246772766,0.6028758263587267,2026-09-29T17:50:27.764-03:00
UFPR05,17,ocupada,0.8351285457611084,0.5734160766964279,2026-09-29T17:50:27.764-03:00
UFPR05,18,ocupada,0.8550492525100708,0.5491358585760235,2026-09-29T17:50:27.764-03:00
UFPR05,19,ocupada,0.8612337708473206,0.5541294306397803,2026-09-29T17:50:27.764-03:00
UFPR05,2,ocupada,0.8669061660766602,0.5865120854442766,2026-09-29T17:50:27.764-03:00
UFPR05,20,ocupada,0.8489177823066711,0.6445949737692904,2026-09-29T17:50:27.764-03:00
UFPR05,21,ocupada,0.8812848925590515,0.7800127599919664,2026-09-29T17:50:27.764-03:00
UFPR05,22,ocupada,0.8470869660377502,0.7355635316562673,2026-09-29T17:50:27.764-03:00
UFPR05,23,ocupada,0.8134502172470093,0.7610686381523017,2026-09-29T17:50:27.764-03:00
UFPR05,24,ocupada,0.8634470105171204,0.6941308097797431,2026-09-29T17:50:27.764-03:00
UFPR05,25,ocupada,0.8459854125976562,0.6512422278378559,2026-09-29T17:50:27.764-03:00
UFPR05,26,ocupada,0.8984543681144714,0.6044071487084522,2026-09-29T17:50:27.764-03:00
UFPR05,27,ocupada,0.8668829798698425,0.5759669625777337,2026-09-29T17:50:27.764-03:00
UFPR05,28,ocupada,0.8871293067932129,0.563637690913445,2026-09-29T17:50:27.764-03:00
UFPR05,29,ocupada,0.8744515180587769,0.5621343689065594,2026-09-29T17:50:27.764-03:00
UFPR05,3,ocupada,0.9061520099639893,0.6291131657663497,2026-09-29T17:50:27.764-03:00
UFPR05,30,ocupada,0.8787673115730286,0.6966606266703487,2026-09-29T17:50:27.764-03:00
UFPR05,31,ocupada,0.8997399806976318,0.6185209701835315,2026-09-29T17:50:27.764-03:00
UFPR05,32,ocupada,0.865064263343811,0.7390872019956384,2026-09-29T17:50:27.764-03:00
UFPR05,33,ocupada,0.8575901985168457,0.7401491032271379,2026-09-29T17:50:27.764-03:00
UFPR05,34,ocupada,0.8560723066329956,0.8318754534875882,2026-09-29T17:50:27.764-03:00
UFPR05,35,ocupada,0.8543482422828674,0.8626806862292644,2026-09-29T17:50:27.764-03:00
UFPR05,36,ocupada,0.8837634921073914,0.9172750684181317,2026-09-29T17:50:27.764-03:00
UFPR05,37,ocupada,0.8768053650856018,0.8574015977660092,2026-09-29T17:50:27.764-03:00
UFPR05,38,ocupada,0.8727056980133057,0.8265281003442668,2026-09-29T17:50:27.764-03:00
UFPR05,39,ocupada,0.7954185605049133,0.862940107921008,2026-09-29T17:50:27.764-03:00
UFPR05,4,ocupada,0.8923232555389404,0.6626065232142226,2026-09-29T17:50:27.764-03:00
UFPR05,40,ocupada,0.8301160335540771,0.820438692840736,2026-09-29T17:50:27.764-03:00
UFPR05,5,ocupada,0.9204990267753601,0.6137200455355065,2026-09-29T17:50:27.764-03:00
UFPR05,6,ocupada,0.8692657947540283,0.5997461354719187,2026-09-29T17:50:27.764-03:00
UFPR05,7,ocupada,0.8586834073066711,0.6102304606132531,2026-09-29T17:50:27.764-03:00
UFPR05,8,ocupada,0.8929730653762817,0.6739274621359795,2026-09-29T17:50:27.764-03:00
UFPR05,9,ocupada,0.8725625872612,0.6182437244088033,2026-09-29T17:50:27.764-03:00
UFPR05,1,ocupada,0.8846514225006104,0.5571674394391924,2026-09-29T17:50:27.832-03:00
UFPR05,10,ocupada,0.9367485046386719,0.698214905095992,2026-09-29T17:50:27.832-03:00
UFPR05,11,ocupada,0.9019303321838379,0.5897503555040874,2026-09-29T17:50:27.832-03:00
UFPR05,12,ocupada,0.8495978713035583,0.5832182022140636,2026-09-29T17:50:27.832-03:00
UFPR05,13,ocupada,0.8046441078186035,0.6353965611348205,2026-09-29T17:50:27.832-03:00
UFPR05,14,ocupada,0.8956599831581116,0.6360876016578009,2026-09-29T17:50:27.832-03:00
UFPR05,15,ocupada,0.8778766989707947,0.6464785117011954,2026-09-29T17:50:27.832-03:00
UFPR05,16,ocupada,0.8657692670822144,0.6049718581089539,2026-09-29T17:50:27.832-03:00
UFPR05,17,ocupada,0.827627420425415,0.5743925695828282,2026-09-29T17:50:27.832-03:00
UFPR05,18,ocupada,0.8653286099433899,0.5460721429867529,2026-09-29T17:50:27.832-03:00
UFPR05,19,ocupada,0.8703235387802124,0.5494187359594692,2026-09-29T17:50:27.832-03:00
UFPR05,2,ocupada,0.858104944229126,0.5888457700583987,2026-09-29T17:50:27.832-03:00
UFPR05,20,ocupada,0.8543735146522522,0.6405892985801637,2026-09-29T17:50:27.832-03:00
UFPR05,21,ocupada,0.8957366943359375,0.7755519424142097,2026-09-29T17:50:27.832-03:00
UFPR05,22,ocupada,0.8525099158287048,0.7282206562953019,2026-09-29T17:50:27.832-03:00
UFPR05,23,ocupada,0.8195271492004395,0.7573600081968209,2026-09-29T17:50:27.832-03:00
UFPR05,24,ocupada,0.8576156497001648,0.6988900670055659,2026-09-29T17:50:27.832-03:00
UFPR05,25,ocupada,0.8423295021057129,0.6786890413672557,2026-09-29T17:50:27.832-03:00
UFPR05,26,ocupada,0.880798876285553,0.6166236843573041,2026-09-29T17:50:27.832-03:00
UFPR05,27,ocupada,0.8693724870681763,0.5637517133094473,2026-09-29T17:50:27.832-03:00
UFPR05,28,ocupada,0.8676894307136536,0.5637965859095756,2026-09-29T17:50:27.832-03:00
UFPR05,29,ocupada,0.8911886215209961,0.5610844696612135,2026-09-29T17:50:27.832-03:00
UFPR05,3,ocupada,0.9138142466545105,0.6309085906894708,2026-09-29T17:50:27.832-03:00
UFPR05,30,ocupada,0.8919288516044617,0.6910567039493514,2026-09-29T17:50:27.832-03:00
UFPR05,31,ocupada,0.8982028961181641,0.6182487708989749,2026-09-29T17:50:27.832-03:00
UFPR05,32,ocupada,0.8595408201217651,0.7468433315254017,2026-09-29T17:50:27.832-03:00
UFPR05,33,ocupada,0.8676022887229919,0.7363529556825616,2026-09-29T17:50:27.832-03:00
UFPR05,34,ocupada,0.855561375617981,0.8504700359388943,2026-09-29T17:50:27.832-03:00
UFPR05,35,ocupada,0.856482744216919,0.8862108489388184,2026-09-29T17:50:27.832-03:00
UFPR05,36,ocupada,0.8839474320411682,0.9200090000435343,2026-09-29T17:50:27.832-03:00
UFPR05,37,ocupada,0.8566533327102661,0.8539085101905931,2026-09-29T17:50:27.832-03:00
UFPR05,38,ocupada,0.8666504621505737,0.7980027315522255,2026-09-29T17:50:27.832-03:00
UFPR05,39,ocupada,0.8196532130241394,0.8547825697864183,2026-09-29T17:50:27.832-03:00
UFPR05,4,ocupada,0.8812568187713623,0.6649802824296045,2026-09-29T17:50:27.832-03:00
UFPR05,40,ocupada,0.9063760042190552,0.7931716800597046,2026-09-29T17:50:27.832-03:00
UFPR05,5,ocupada,0.9232743978500366,0.6170494222567279,2026-09-29T17:50:27.832-03:00
UFPR05,6,ocupada,0.8647339940071106,0.576440736564352,2026-09-29T17:50:27.832-03:00
UFPR05,7,ocupada,0.8556565642356873,0.5933856771212068,2026-09-29T17:50:27.832-03:00
UFPR05,8,ocupada,0.8947314023971558,0.6726433386775613,2026-09-29T17:50:27.832-03:00
UFPR05,9,ocupada,0.8660662770271301,0.6366089564496946,2026-09-29T17:50:27.832-03:00
UFPR05,1,ocupada,0.8660212159156799,0.5588540353530945,2026-09-29T17:50:27.901-03:00
UFPR05,10,ocupada,0.9396116733551025,0.7088186365746368,2026-09-29T17:50:27.901-03:00
UFPR05,11,ocupada,0.8986037373542786,0.5743362389936587,2026-09-29T17:50:27.901-03:00
UFPR05,12,ocupada,0.8411579728126526,0.5779604696901537,2026-09-29T17:50:27.901-03:00
UFPR05,13,ocupada,0.8045729398727417,0.6121391510794477,2026-09-29T17:50:27.901-03:00
UFPR05,14,ocupada,0.8922538161277771,0.6356312533680142,2026-09-29T17:50:27.901-03:00
UFPR05,15,ocupada,0.871951699256897,0.6136771355327998,2026-09-29T17:50:27.901-03:00
UFPR05,16,ocupada,0.8732069730758667,0.6119847190142502,2026-09-29T17:50:27.901-03:00
UFPR05,17,ocupada,0.825932502746582,0.5729756966294841,2026-09-29T17:50:27.901-03:00
UFPR05,18,ocupada,0.8447918891906738,0.5713976006178156,2026-09-29T17:50:27.901-03:00
UFPR05,19,ocupada,0.8595408201217651,0.5717402753604387,2026-09-29T17:50:27.901-03:00
UFPR05,2,ocupada,0.8439907431602478,0.5839271238205633,2026-09-29T17:50:27.901-03:00
UFPR05,20,ocupada,0.9029847979545593,0.6473538835958519,2026-09-29T17:50:27.901-03:00
UFPR05,21,ocupada,0.8852900266647339,0.7664263759309858,2026-09-29T17:50:27.901-03:00
UFPR05,22,ocupada,0.8416771292686462,0.734566478207178,2026-09-29T17:50:27.901-03:00
UFPR05,23,ocupada,0.8011493682861328,0.7618001822322455,2026-09-29T17:50:27.901-03:00
UFPR05,24,ocupada,0.8678281903266907,0.6933834342252916,2026-09-29T17:50:27.901-03:00
UFPR05,25,ocupada,0.8395507335662842,0.670784720587846,2026-09-29T17:50:27.901-03:00
UFPR05,26,ocupada,0.8864574432373047,0.5976976827351588,2026-09-29T17:50:27.901-03:00
UFPR05,27,ocupada,0.8802435398101807,0.5542877856868772,2026-09-29T17:50:27.901-03:00
UFPR05,28,ocupada,0.8976407647132874,0.5573913993999084,2026-09-29T17:50:27.901-03:00
UFPR05,29,ocupada,0.8885746002197266,0.570644821301952,2026-09-29T17:50:27.901-03:00
UFPR05,3,ocupada,0.9033983945846558,0.6327752592647287,2026-09-29T17:50:27.901-03:00
UFPR05,30,ocupada,0.8880952000617981,0.6812640934971694,2026-09-29T17:50:27.901-03:00
UFPR05,31,ocupada,0.9248486757278442,0.6224255132001811,2026-09-29T17:50:27.901-03:00
UFPR05,32,ocupada,0.8701567649841309,0.726911106581443,2026-09-29T17:50:27.901-03:00
UFPR05,33,ocupada,0.8588880300521851,0.7391401119489409,2026-09-29T17:50:27.901-03:00
UFPR05,34,ocupada,0.8589479923248291,0.8743824759824825,2026-09-29T17:50:27.901-03:00
UFPR05,35,ocupada,0.8564903736114502,0.861465658740402,2026-09-29T17:50:27.901-03:00
UFPR05,36,ocupada,0.861528754234314,0.8513030468125642,2026-09-29T17:50:27.901-03:00
UFPR05,37,ocupada,0.8773688673973083,0.8230882713983039,2026-09-29T17:50:27.901-03:00
UFPR05,38,ocupada,0.8681331276893616,0.805053669407826,2026-09-29T17:50:27.901-03:00
UFPR05,39,ocupada,0.8121382594108582,0.8564429738315122,2026-09-29T17:50:27.901-03:00
UFPR05,4,ocupada,0.8936905860900879,0.6695582660879404,2026-09-29T17:50:27.901-03:00
UFPR05,40,ocupada,0.8824289441108704,0.7938357723253183,2026-09-29T17:50:27.901-03:00
UFPR05,5,ocupada,0.9184596538543701,0.602705994012301,2026-09-29T17:50:27.901-03:00
UFPR05,6,ocupada,0.8688443303108215,0.6011528548605857,2026-09-29T17:50:27.901-03:00
UFPR05,7,ocupada,0.8556014895439148,0.6175943858719376,2026-09-29T17:50:27.901-03:00
UFPR05,8,ocupada,0.8855483531951904,0.6810410111039359,2026-09-29T17:50:27.901-03:00
UFPR05,9,ocupada,0.8603079319000244,0.6281668209847531,2026-09-29T17:50:27.901-03:00
UFPR05,1,ocupada,0.8690906167030334,0.562863961864482,2026-09-29T17:50:27.969-03:00
UFPR05,10,ocupada,0.951295018196106,0.7121723995123483,2026-09-29T17:50:27.969-03:00
UFPR05,11,ocupada,0.8996657133102417,0.5783407401015773,2026-09-29T17:50:27.969-03:00
UFPR05,12,ocupada,0.8274530172348022,0.5758638666979567,2026-09-29T17:50:27.969-03:00
UFPR05,13,ocupada,0.8070377111434937,0.6149182803252008,2026-09-29T17:50:27.969-03:00
UFPR05,14,ocupada,0.871590256690979,0.6359774885340589,2026-09-29T17:50:27.969-03:00
UFPR05,15,ocupada,0.8576368093490601,0.6048408208832543,2026-09-29T17:50:27.969-03:00
UFPR05,16,ocupada,0.877528727054596,0.6012397567999337,2026-09-29T17:50:27.969-03:00
UFPR05,17,ocupada,0.8114303946495056,0.582502030983968,2026-09-29T17:50:27.969-03:00
UFPR05,18,ocupada,0.8520627617835999,0.558821213751822,2026-09-29T17:50:27.969-03:00
UFPR05,19,ocupada,0.8691608905792236,0.570516850596462,2026-09-29T17:50:27.969-03:00
UFPR05,2,ocupada,0.8355029225349426,0.5827322579273017,2026-09-29T17:50:27.969-03:00
UFPR05,20,ocupada,0.9106392860412598,0.6439065180605849,2026-09-29T17:50:27.969-03:00
UFPR05,21,ocupada,0.8774162530899048,0.7868470825711147,2026-09-29T17:50:27.969-03:00
UFPR05,22,ocupada,0.8432307839393616,0.7301405682582145,2026-09-29T17:50:27.969-03:00
UFPR05,23,ocupada,0.8056952357292175,0.7664399275486156,2026-09-29T17:50:27.969-03:00
UFPR05,24,ocupada,0.8558306097984314,0.6947350892868447,2026-09-29T17:50:27.969-03:00
UFPR05,25,ocupada,0.8393650054931641,0.6493340783046354,2026-09-29T17:50:27.969-03:00
UFPR05,26,ocupada,0.8870795369148254,0.6047020934423514,2026-09-29T17:50:27.969-03:00
UFPR05,27,ocupada,0.8848966360092163,0.5613095485119055,2026-09-29T17:50:27.969-03:00
UFPR05,28,ocupada,0.8988533020019531,0.552593959786528,2026-09-29T17:50:27.969-03:00
UFPR05,29,ocupada,0.8738987445831299,0.5717418345502316,2026-09-29T17:50:27.969-03:00
UFPR05,3,ocupada,0.9029479026794434,0.6293156794077691,2026-09-29T17:50:27.969-03:00
UFPR05,30,ocupada,0.9102306962013245,0.6788683847606147,2026-09-29T17:50:27.969-03:00
UFPR05,31,ocupada,0.928966760635376,0.6335924570848028,2026-09-29T17:50:27.969-03:00
UFPR05,32,ocupada,0.8638735413551331,0.7412039514847345,2026-09-29T17:50:27.969-03:00
UFPR05,33,ocupada,0.8646958470344543,0.7592858178911227,2026-09-29T17:50:27.969-03:00
UFPR05,34,ocupada,0.8488510847091675,0.8647463293640077,2026-09-29T17:50:27.969-03:00
UFPR05,35,ocupada,0.8590151071548462,0.8455334986269338,2026-09-29T17:50:27.969-03:00
UFPR05,36,ocupada,0.8509232401847839,0.8459217385671713,2026-09-29T17:50:27.969-03:00
UFPR05,37,ocupada,0.8780878186225891,0.8102588126313954,2026-09-29T17:50:27.969-03:00
UFPR05,38,ocupada,0.8558414578437805,0.8041197484091961,2026-09-29T17:50:27.969-03:00
UFPR05,39,ocupada,0.8200199604034424,0.8561145983186274,2026-09-29T17:50:27.969-03:00
UFPR05,4,ocupada,0.8780824542045593,0.6611599399633985,2026-09-29T17:50:27.969-03:00
UFPR05,40,ocupada,0.8570670485496521,0.7942673464412794,2026-09-29T17:50:27.969-03:00
UFPR05,5,ocupada,0.9219070076942444,0.6018281863194705,2026-09-29T17:50:27.969-03:00
UFPR05,6,ocupada,0.8756393790245056,0.5988617758112273,2026-09-29T17:50:27.969-03:00
UFPR05,7,ocupada,0.8548656105995178,0.6216131180285386,2026-09-29T17:50:27.969-03:00
UFPR05,8,ocupada,0.8889462351799011,0.6803755444744377,2026-09-29T17:50:27.969-03:00
UFPR05,9,ocupada,0.8633731007575989,0.6244851186799474,2026-09-29T17:50:27.969-03:00
UFPR05,1,ocupada,0.8794679641723633,0.5580608310339756,2026-09-29T17:50:28.039-03:00
UFPR05,10,ocupada,0.9547476768493652,0.6920174479638326,2026-09-29T17:50:28.039-03:00
UFPR05,11,ocupada,0.8996317386627197,0.5819908073356426,2026-09-29T17:50:28.039-03:00
UFPR05,12,ocupada,0.8429848551750183,0.5737868262749751,2026-09-29T17:50:28.039-03:00
UFPR05,13,ocupada,0.8253620862960815,0.612183509496178,2026-09-29T17:50:28.039-03:00
UFPR05,14,ocupada,0.8906097412109375,0.6426251414193694,2026-09-29T17:50:28.039-03:00
UFPR05,15,ocupada,0.8561448454856873,0.5634511166547164,2026-09-29T17:50:28.039-03:00
UFPR05,16,ocupada,0.8864869475364685,0.6051922367975078,2026-09-29T17:50:28.039-03:00
UFPR05,17,ocupada,0.8094817996025085,0.579605329347556,2026-09-29T17:50:28.039-03:00
UFPR05,18,ocupada,0.8522237539291382,0.570064127035803,2026-09-29T17:50:28.039-03:00
UFPR05,19,ocupada,0.8737503290176392,0.5493115455066963,2026-09-29T17:50:28.039-03:00
UFPR05,2,ocupada,0.8281329870223999,0.5791130651852331,2026-09-29T17:50:28.039-03:00
UFPR05,20,ocupada,0.9248960018157959,0.637516673132188,2026-09-29T17:50:28.039-03:00
UFPR05,21,ocupada,0.8683632612228394,0.7849868314347123,2026-09-29T17:50:28.039-03:00
UFPR05,22,ocupada,0.8433621525764465,0.727648211707182,2026-09-29T17:50:28.039-03:00
UFPR05,23,ocupada,0.8258068561553955,0.7532484597084674,2026-09-29T17:50:28.039-03:00
UFPR05,24,ocupada,0.8446795344352722,0.6722143984805377,2026-09-29T17:50:28.039-03:00
UFPR05,25,ocupada,0.8533657193183899,0.6416770558233755,2026-09-29T17:50:28.039-03:00
UFPR05,26,ocupada,0.8989145755767822,0.5944376964950264,2026-09-29T17:50:28.039-03:00
UFPR05,27,ocupada,0.8821099400520325,0.5576882983543628,2026-09-29T17:50:28.039-03:00
UFPR05,28,ocupada,0.8952245116233826,0.5439028712942818,2026-09-29T17:50:28.039-03:00
UFPR05,29,ocupada,0.8881692290306091,0.5636671856566056,2026-09-29T17:50:28.039-03:00
UFPR05,3,ocupada,0.9107127785682678,0.6234714008203915,2026-09-29T17:50:28.039-03:00
UFPR05,30,ocupada,0.8993461728096008,0.6777301374822666,2026-09-29T17:50:28.039-03:00
UFPR05,31,ocupada,0.9318042397499084,0.6245522357827905,2026-09-29T17:50:28.039-03:00
UFPR05,32,ocupada,0.8745282888412476,0.7376103154406537,2026-09-29T17:50:28.039-03:00
UFPR05,33,ocupada,0.8726438283920288,0.7379781262067068,2026-09-29T17:50:28.039-03:00
UFPR05,34,ocupada,0.8497224450111389,0.8681252532453096,2026-09-29T17:50:28.039-03:00
UFPR05,35,ocupada,0.8568657636642456,0.8451146949224257,2026-09-29T17:50:28.039-03:00
UFPR05,36,ocupada,0.8408485054969788,0.8471188745409525,2026-09-29T17:50:28.039-03:00
UFPR05,37,ocupada,0.8823187947273254,0.8256689439393455,2026-09-29T17:50:28.039-03:00
UFPR05,38,ocupada,0.868072509765625,0.8016873018661589,2026-09-29T17:50:28.039-03:00
UFPR05,39,ocupada,0.8215826749801636,0.8629589595251393,2026-09-29T17:50:28.039-03:00
UFPR05,4,ocupada,0.887187123298645,0.6628107077310357,2026-09-29T17:50:28.039-03:00
UFPR05,40,ocupada,0.8637468814849854,0.7950274597475447,2026-09-29T17:50:28.039-03:00
UFPR05,5,ocupada,0.9202288389205933,0.5896654656467117,2026-09-29T17:50:28.039-03:00
UFPR05,6,ocupada,0.8698838949203491,0.5993400441183098,2026-09-29T17:50:28.039-03:00
UFPR05,7,ocupada,0.8604116439819336,0.6176710443325655,2026-09-29T17:50:28.039-03:00
UFPR05,8,ocupada,0.878192126750946,0.6832216903718845,2026-09-29T17:50:28.039-03:00
UFPR05,9,ocupada,0.8680835366249084,0.620521384449782,2026-09-29T17:50:28.039-03:00
UFPR05,1,ocupada,0.8748646378517151,0.5604703900793083,2026-09-29T17:50:28.110-03:00
UFPR05,10,ocupada,0.9470394849777222,0.7050902976586104,2026-09-29T17:50:28.110-03:00
UFPR05,11,ocupada,0.9024944305419922,0.5725920359320076,2026-09-29T17:50:28.110-03:00
UFPR05,12,ocupada,0.8513890504837036,0.5679924553624023,2026-09-29T17:50:28.110-03:00
UFPR05,13,ocupada,0.8339486122131348,0.6145494455399578,2026-09-29T17:50:28.110-03:00
UFPR05,14,ocupada,0.889512300491333,0.6370646020823683,2026-09-29T17:50:28.110-03:00
UFPR05,15,ocupada,0.859053373336792,0.5765914883235339,2026-09-29T17:50:28.110-03:00
UFPR05,16,ocupada,0.8787661790847778,0.5840615754657117,2026-09-29T17:50:28.110-03:00
UFPR05,17,ocupada,0.814774751663208,0.5523349964103552,2026-09-29T17:50:28.110-03:00
UFPR05,18,ocupada,0.8524231314659119,0.5795268486798587,2026-09-29T17:50:28.110-03:00
UFPR05,19,ocupada,0.8756006360054016,0.5461278294161005,2026-09-29T17:50:28.110-03:00
UFPR05,2,ocupada,0.8505963683128357,0.5737028637217965,2026-09-29T17:50:28.110-03:00
UFPR05,20,ocupada,0.9490900039672852,0.6293441609267868,2026-09-29T17:50:28.110-03:00
UFPR05,21,ocupada,0.8793890476226807,0.7877848832877359,2026-09-29T17:50:28.110-03:00
UFPR05,22,ocupada,0.8377790451049805,0.7341828000112753,2026-09-29T17:50:28.110-03:00
UFPR05,23,ocupada,0.8371500968933105,0.7559469486502558,2026-09-29T17:50:28.110-03:00
UFPR05,24,ocupada,0.8535334467887878,0.6806962165691113,2026-09-29T17:50:28.110-03:00
UFPR05,25,ocupada,0.8650246858596802,0.6405485484907343,2026-09-29T17:50:28.110-03:00
UFPR05,26,ocupada,0.8924066424369812,0.6004672666837233,2026-09-29T17:50:28.110-03:00
UFPR05,27,ocupada,0.8781192302703857,0.5506079153204828,2026-09-29T17:50:28.110-03:00
UFPR05,28,ocupada,0.9057221412658691,0.5602543003176496,2026-09-29T17:50:28.110-03:00
UFPR05,29,ocupada,0.8797914385795593,0.5662848448956739,2026-09-29T17:50:28.110-03:00
UFPR05,3,ocupada,0.9150859713554382,0.6192235970665353,2026-09-29T17:50:28.110-03:00
UFPR05,30,ocupada,0.9080730080604553,0.6690993278515374,2026-09-29T17:50:28.110-03:00
UFPR05,31,ocupada,0.9305176138877869,0.6188612257837418,2026-09-29T17:50:28.110-03:00
UFPR05,32,ocupada,0.8689013123512268,0.7453661854142942,2026-09-29T17:50:28.110-03:00
UFPR05,33,ocupada,0.8683524131774902,0.7359851398726528,2026-09-29T17:50:28.110-03:00
UFPR05,34,ocupada,0.8525538444519043,0.8938921613953833,2026-09-29T17:50:28.110-03:00
UFPR05,35,ocupada,0.8571928143501282,0.8300526924062406,2026-09-29T17:50:28.110-03:00
UFPR05,36,ocupada,0.8500064015388489,0.8339203137458736,2026-09-29T17:50:28.110-03:00
UFPR05,37,ocupada,0.8847753405570984,0.8229596131001368,2026-09-29T17:50:28.110-03:00
UFPR05,38,ocupada,0.8707573413848877,0.827265771102736,2026-09-29T17:50:28.110-03:00
UFPR05,39,ocupada,0.8486663699150085,0.8552989375472316,2026-09-29T17:50:28.110-03:00
UFPR05,4,ocupada,0.8832157254219055,0.6525600450167229,2026-09-29T17:50:28.110-03:00
UFPR05,40,ocupada,0.89534592628479,0.7842431654606901,2026-09-29T17:50:28.110-03:00
UFPR05,5,ocupada,0.9178826808929443,0.5950412317084399,2026-09-29T17:50:28.110-03:00
UFPR05,6,ocupada,0.8741218447685242,0.5984185786721773,2026-09-29T17:50:28.110-03:00
UFPR05,7,ocupada,0.8549816608428955,0.6033281978473155,2026-09-29T17:50:28.110-03:00
UFPR05,8,ocupada,0.8885253667831421,0.682364341008423,2026-09-29T17:50:28.110-03:00
UFPR05,9,ocupada,0.8656367659568787,0.6160147208067709,2026-09-29T17:50:28.110-03:00
UFPR05,1,ocupada,0.8743405938148499,0.5634393365331429,2026-09-29T17:50:28.182-03:00
UFPR05,10,ocupada,0.9408218264579773,0.6984745252537046,2026-09-29T17:50:28.182-03:00
UFPR05,11,ocupada,0.898341715335846,0.5782779236533033,2026-09-29T17:50:28.182-03:00
UFPR05,12,ocupada,0.8515263199806213,0.5656682058568279,2026-09-29T17:50:28.182-03:00
UFPR05,13,ocupada,0.8471770882606506,0.6167637661714085,2026-09-29T17:50:28.182-03:00
UFPR05,14,ocupada,0.8947553634643555,0.6375964397936814,2026-09-29T17:50:28.182-03:00
UFPR05,15,ocupada,0.8553546071052551,0.5745242441570099,2026-09-29T17:50:28.182-03:00
UFPR05,16,ocupada,0.8790084719657898,0.6072991457734495,2026-09-29T17:50:28.182-03:00
UFPR05,17,ocupada,0.8078117370605469,0.5790096388404761,2026-09-29T17:50:28.182-03:00
UFPR05,18,ocupada,0.8562253713607788,0.5650796841997806,2026-09-29T17:50:28.182-03:00
UFPR05,19,ocupada,0.872320830821991,0.5477004426477453,2026-09-29T17:50:28.182-03:00
UFPR05,2,ocupada,0.8600683808326721,0.5780245404460799,2026-09-29T17:50:28.182-03:00
UFPR05,20,ocupada,0.9173963665962219,0.610957037642343,2026-09-29T17:50:28.182-03:00
UFPR05,21,ocupada,0.8979304432868958,0.7815572492522487,2026-09-29T17:50:28.182-03:00
UFPR05,22,ocupada,0.845779538154602,0.7291011369469653,2026-09-29T17:50:28.182-03:00
UFPR05,23,ocupada,0.8578249216079712,0.7577367074044069,2026-09-29T17:50:28.182-03:00
UFPR05,24,ocupada,0.86241614818573,0.6816088218511619,2026-09-29T17:50:28.182-03:00
UFPR05,25,ocupada,0.8434425592422485,0.6615600302949001,2026-09-29T17:50:28.182-03:00
UFPR05,26,ocupada,0.8902374505996704,0.6104980828624075,2026-09-29T17:50:28.182-03:00
UFPR05,27,ocupada,0.8723510503768921,0.5579762754641995,2026-09-29T17:50:28.182-03:00
UFPR05,28,ocupada,0.8918604850769043,0.5520856040927967,2026-09-29T17:50:28.182-03:00
UFPR05,29,ocupada,0.8902741074562073,0.5716605387709855,2026-09-29T17:50:28.182-03:00
UFPR05,3,ocupada,0.9127489924430847,0.6166254663705498,2026-09-29T17:50:28.182-03:00
UFPR05,30,ocupada,0.8969840407371521,0.6947369335996849,2026-09-29T17:50:28.182-03:00
UFPR05,31,ocupada,0.9340819716453552,0.6195732037359589,2026-09-29T17:50:28.182-03:00
UFPR05,32,ocupada,0.8576893210411072,0.7536626560337238,2026-09-29T17:50:28.182-03:00
UFPR05,33,ocupada,0.8690735101699829,0.722609200900565,2026-09-29T17:50:28.182-03:00
UFPR05,34,ocupada,0.8465167880058289,0.8395848851643245,2026-09-29T17:50:28.182-03:00
UFPR05,35,ocupada,0.8525766134262085,0.8421902603913624,2026-09-29T17:50:28.182-03:00
UFPR05,36,ocupada,0.8685691952705383,0.837585998063797,2026-09-29T17:50:28.182-03:00
UFPR05,37,ocupada,0.883040726184845,0.8272038901270841,2026-09-29T17:50:28.182-03:00
UFPR05,38,ocupada,0.8609502911567688,0.8204788363285298,2026-09-29T17:50:28.182-03:00
UFPR05,39,ocupada,0.8388312458992004,0.8755056612316954,2026-09-29T17:50:28.182-03:00
UFPR05,4,ocupada,0.8834395408630371,0.6616431789858129,2026-09-29T17:50:28.182-03:00
UFPR05,40,ocupada,0.8887679576873779,0.781493016394676,2026-09-29T17:50:28.182-03:00
UFPR05,5,ocupada,0.9151098728179932,0.5945765122087273,2026-09-29T17:50:28.182-03:00
UFPR05,6,ocupada,0.8760258555412292,0.6031671344171937,2026-09-29T17:50:28.182-03:00
UFPR05,7,ocupada,0.8540775775909424,0.6081614079474956,2026-09-29T17:50:28.182-03:00
UFPR05,8,ocupada,0.8782387375831604,0.6915017698830108,2026-09-29T17:50:28.182-03:00
UFPR05,9,ocupada,0.8688952326774597,0.6214506545615394,2026-09-29T17:50:28.182-03:00
UFPR05,1,ocupada,0.8790125250816345,0.5591822079189327,2026-09-29T17:50:28.256-03:00
UFPR05,10,ocupada,0.9447291493415833,0.6825180072661281,2026-09-29T17:50:28.256-03:00
UFPR05,11,ocupada,0.8700636029243469,0.6034325071625206,2026-09-29T17:50:28.256-03:00
UFPR05,12,ocupada,0.8584057688713074,0.5674501076199018,2026-09-29T17:50:28.256-03:00
UFPR05,13,ocupada,0.8500914573669434,0.591879160918337,2026-09-29T17:50:28.256-03:00
UFPR05,14,ocupada,0.909300684928894,0.6415940419385295,2026-09-29T17:50:28.256-03:00
UFPR05,15,ocupada,0.8769375085830688,0.6244518348679557,2026-09-29T17:50:28.256-03:00
UFPR05,16,ocupada,0.8903696537017822,0.6027157239898423,2026-09-29T17:50:28.256-03:00
UFPR05,17,ocupada,0.8125938773155212,0.5777538331349574,2026-09-29T17:50:28.256-03:00
UFPR05,18,ocupada,0.8600413799285889,0.5515877876493135,2026-09-29T17:50:28.256-03:00
UFPR05,19,ocupada,0.8713584542274475,0.5300832209454882,2026-09-29T17:50:28.256-03:00
UFPR05,2,ocupada,0.8574605584144592,0.5784038528371055,2026-09-29T17:50:28.256-03:00
UFPR05,20,ocupada,0.9354003667831421,0.6364563584721539,2026-09-29T17:50:28.256-03:00
UFPR05,21,ocupada,0.8968243598937988,0.7799144714333236,2026-09-29T17:50:28.256-03:00
UFPR05,22,ocupada,0.8416914939880371,0.7192732607454385,2026-09-29T17:50:28.256-03:00
UFPR05,23,ocupada,0.8202639222145081,0.7660169164301298,2026-09-29T17:50:28.256-03:00
UFPR05,24,ocupada,0.8672585487365723,0.6888474790506314,2026-09-29T17:50:28.256-03:00
UFPR05,25,ocupada,0.8272957801818848,0.6583203109761916,2026-09-29T17:50:28.256-03:00
UFPR05,26,ocupada,0.8814108967781067,0.5993927165791014,2026-09-29T17:50:28.256-03:00
UFPR05,27,ocupada,0.8845318555831909,0.5493869614317287,2026-09-29T17:50:28.256-03:00
UFPR05,28,ocupada,0.9356606006622314,0.5640492775462608,2026-09-29T17:50:28.256-03:00
UFPR05,29,ocupada,0.8116163015365601,0.5311708975549351,2026-09-29T17:50:28.256-03:00
UFPR05,3,ocupada,0.919914186000824,0.6253843553361197,2026-09-29T17:50:28.256-03:00
UFPR05,30,ocupada,0.8987614512443542,0.6568173893084581,2026-09-29T17:50:28.256-03:00
UFPR05,31,ocupada,0.9316751956939697,0.6229167335684557,2026-09-29T17:50:28.256-03:00
UFPR05,32,ocupada,0.8759331107139587,0.7442218141048866,2026-09-29T17:50:28.256-03:00
UFPR05,33,ocupada,0.8697842359542847,0.7089228195638828,2026-09-29T17:50:28.256-03:00
UFPR05,34,ocupada,0.8517131805419922,0.8833313938205803,2026-09-29T17:50:28.256-03:00
UFPR05,35,ocupada,0.8481823205947876,0.8384935695325477,2026-09-29T17:50:28.256-03:00
UFPR05,36,ocupada,0.8899179100990295,0.8789293821468337,2026-09-29T17:50:28.256-03:00
UFPR05,37,ocupada,0.9033438563346863,0.8200835574856252,2026-09-29T17:50:28.256-03:00
UFPR05,38,ocupada,0.8720765113830566,0.8239836181359322,2026-09-29T17:50:28.256-03:00
UFPR05,39,ocupada,0.8152939677238464,0.8297959534412049,2026-09-29T17:50:28.256-03:00
UFPR05,4,ocupada,0.8944282531738281,0.6288810927654266,2026-09-29T17:50:28.256-03:00
UFPR05,40,ocupada,0.8610726594924927,0.7722475586523216,2026-09-29T17:50:28.256-03:00
UFPR05,5,ocupada,0.8852380514144897,0.5878701988751062,2026-09-29T17:50:28.256-03:00
UFPR05,6,ocupada,0.8883111476898193,0.5900603617749358,2026-09-29T17:50:28.256-03:00
UFPR05,7,ocupada,0.8623886704444885,0.6085685991631322,2026-09-29T17:50:28.256-03:00
UFPR05,8,ocupada,0.8816973567008972,0.6454098987981239,2026-09-29T17:50:28.256-03:00
UFPR05,9,ocupada,0.886628270149231,0.6167888221094366,2026-09-29T17:50:28.256-03:00
UFPR05,1,ocupada,0.8653594255447388,0.5624681144709447,2026-09-29T17:50:28.327-03:00
UFPR05,10,ocupada,0.9246819019317627,0.6976225879493524,2026-09-29T17:50:28.327-03:00
UFPR05,11,ocupada,0.8853287100791931,0.580674537353757,2026-09-29T17:50:28.327-03:00
UFPR05,12,ocupada,0.8585292100906372,0.5628675600048418,2026-09-29T17:50:28.327-03:00
UFPR05,13,ocupada,0.82548588514328,0.5988145891218682,2026-09-29T17:50:28.327-03:00
UFPR05,14,ocupada,0.9058929681777954,0.6355795923669458,2026-09-29T17:50:28.327-03:00
UFPR05,15,ocupada,0.8824328780174255,0.6233339657181468,2026-09-29T17:50:28.327-03:00
UFPR05,16,ocupada,0.8879539966583252,0.6077298267966256,2026-09-29T17:50:28.327-03:00
UFPR05,17,ocupada,0.8136148452758789,0.5660947753859928,2026-09-29T17:50:28.327-03:00
UFPR05,18,ocupada,0.8648151755332947,0.557206302002833,2026-09-29T17:50:28.327-03:00
UFPR05,19,ocupada,0.8659327030181885,0.5435495745999687,2026-09-29T17:50:28.327-03:00
UFPR05,2,ocupada,0.8423306941986084,0.5669398011573289,2026-09-29T17:50:28.327-03:00
UFPR05,20,ocupada,0.9516717791557312,0.6254761353122171,2026-09-29T17:50:28.327-03:00
UFPR05,21,ocupada,0.9057596921920776,0.788089736527644,2026-09-29T17:50:28.327-03:00
UFPR05,22,ocupada,0.8397700190544128,0.722229915737871,2026-09-29T17:50:28.327-03:00
UFPR05,23,ocupada,0.8296263217926025,0.7552146462912914,2026-09-29T17:50:28.327-03:00
UFPR05,24,ocupada,0.8742432594299316,0.6881853523685911,2026-09-29T17:50:28.327-03:00
UFPR05,25,ocupada,0.8426197171211243,0.6567990875752926,2026-09-29T17:50:28.327-03:00
UFPR05,26,ocupada,0.8868855834007263,0.6015267784511664,2026-09-29T17:50:28.327-03:00
UFPR05,27,ocupada,0.881218671798706,0.5513429233205769,2026-09-29T17:50:28.327-03:00
UFPR05,28,ocupada,0.9375842809677124,0.5688150648065752,2026-09-29T17:50:28.327-03:00
UFPR05,29,ocupada,0.7842375636100769,0.5327131465679201,2026-09-29T17:50:28.327-03:00
UFPR05,3,ocupada,0.918278694152832,0.6277561207948226,2026-09-29T17:50:28.327-03:00
UFPR05,30,ocupada,0.913575291633606,0.6648523845409295,2026-09-29T17:50:28.327-03:00
UFPR05,31,ocupada,0.9290125370025635,0.6276928733100223,2026-09-29T17:50:28.327-03:00
UFPR05,32,ocupada,0.876987874507904,0.7428760020900729,2026-09-29T17:50:28.327-03:00
UFPR05,33,ocupada,0.8641440868377686,0.7240086111301423,2026-09-29T17:50:28.327-03:00
UFPR05,34,ocupada,0.8424364924430847,0.8617027776753362,2026-09-29T17:50:28.327-03:00
UFPR05,35,ocupada,0.8524042963981628,0.8425905715913563,2026-09-29T17:50:28.327-03:00
UFPR05,36,ocupada,0.8738306164741516,0.8872532393963152,2026-09-29T17:50:28.327-03:00
UFPR05,37,ocupada,0.8987899422645569,0.8111499064110441,2026-09-29T17:50:28.327-03:00
UFPR05,38,ocupada,0.8757254481315613,0.819801446761034,2026-09-29T17:50:28.327-03:00
UFPR05,39,ocupada,0.8280662894248962,0.84408937586778,2026-09-29T17:50:28.327-03:00
UFPR05,4,ocupada,0.8927420973777771,0.634569082338854,2026-09-29T17:50:28.327-03:00
UFPR05,40,ocupada,0.8614325523376465,0.770214927294457,2026-09-29T17:50:28.327-03:00
UFPR05,5,ocupada,0.8920096755027771,0.5924669076402829,2026-09-29T17:50:28.327-03:00
UFPR05,6,ocupada,0.8861491084098816,0.598336881216962,2026-09-29T17:50:28.327-03:00
UFPR05,7,ocupada,0.8651110529899597,0.6011802647308961,2026-09-29T17:50:28.327-03:00
UFPR05,8,ocupada,0.8677178621292114,0.6580215136400471,2026-09-29T17:50:28.327-03:00
UFPR05,9,ocupada,0.8764641880989075,0.6169031993315783,2026-09-29T17:50:28.327-03:00
UFPR05,1,ocupada,0.8576058149337769,0.5601112304390626,2026-09-29T17:50:28.407-03:00
UFPR05,10,ocupada,0.9421321153640747,0.6890179973216539,2026-09-29T17:50:28.407-03:00
UFPR05,11,ocupada,0.8841112852096558,0.5732366044146693,2026-09-29T17:50:28.407-03:00
UFPR05,12,ocupada,0.8618016839027405,0.5512500982034545,2026-09-29T17:50:28.407-03:00
UFPR05,13,ocupada,0.8104429244995117,0.6097840642620398,2026-09-29T17:50:28.407-03:00
UFPR05,14,ocupada,0.8939306139945984,0.6119792979389361,2026-09-29T17:50:28.407-03:00
UFPR05,15,ocupada,0.8882719278335571,0.611174544194629,2026-09-29T17:50:28.407-03:00
UFPR05,16,ocupada,0.8892508149147034,0.609331394728462,2026-09-29T17:50:28.407-03:00
UFPR05,17,ocupada,0.802558183670044,0.5972672528270483,2026-09-29T17:50:28.407-03:00
UFPR05,18,ocupada,0.8619961738586426,0.5485335610821693,2026-09-29T17:50:28.407-03:00
UFPR05,19,ocupada,0.8654874563217163,0.5454643548799311,2026-09-29T17:50:28.407-03:00
UFPR05,2,ocupada,0.8329889178276062,0.5673286436277111,2026-09-29T17:50:28.407-03:00
UFPR05,20,ocupada,0.9335544109344482,0.6167443333494126,2026-09-29T17:50:28.407-03:00
UFPR05,21,ocupada,0.8882722854614258,0.7784840919075112,2026-09-29T17:50:28.407-03:00
UFPR05,22,ocupada,0.8519346714019775,0.7257247696618778,2026-09-29T17:50:28.407-03:00
UFPR05,23,ocupada,0.8218105435371399,0.7582301126376563,2026-09-29T17:50:28.407-03:00
UFPR05,24,ocupada,0.858030378818512,0.6736159025547248,2026-09-29T17:50:28.407-03:00
UFPR05,25,ocupada,0.8442437648773193,0.6403169484176947,2026-09-29T17:50:28.407-03:00
UFPR05,26,ocupada,0.899002730846405,0.6011085217546575,2026-09-29T17:50:28.407-03:00
UFPR05,27,ocupada,0.8838620185852051,0.5339469434227743,2026-09-29T17:50:28.407-03:00
UFPR05,28,ocupada,0.9438192844390869,0.5666951874686985,2026-09-29T17:50:28.407-03:00
UFPR05,29,livre,0.8093098998069763,0.5219498797887049,2026-09-29T17:50:28.407-03:00
UFPR05,3,ocupada,0.9119234681129456,0.6266729504230446,2026-09-29T17:50:28.407-03:00
UFPR05,30,ocupada,0.9015882611274719,0.668318527800806,2026-09-29T17:50:28.407-03:00
UFPR05,31,ocupada,0.9160009026527405,0.6109134575609985,2026-09-29T17:50:28.407-03:00
UFPR05,32,ocupada,0.8788644075393677,0.7225888139382594,2026-09-29T17:50:28.407-03:00
UFPR05,33,ocupada,0.8681356310844421,0.709541698749372,2026-09-29T17:50:28.407-03:00
UFPR05,34,ocupada,0.8467698693275452,0.8511764528357095,2026-09-29T17:50:28.407-03:00
UFPR05,35,ocupada,0.8469306826591492,0.8551674939245442,2026-09-29T17:50:28.407-03:00
UFPR05,36,ocupada,0.8395187258720398,0.8232015455594339,2026-09-29T17:50:28.407-03:00
UFPR05,37,ocupada,0.8953126072883606,0.8412468401884345,2026-09-29T17:50:28.407-03:00
UFPR05,38,ocupada,0.870150089263916,0.8257228905707189,2026-09-29T17:50:28.407-03:00
UFPR05,39,ocupada,0.8139647245407104,0.8619895650948327,2026-09-29T17:50:28.407-03:00
UFPR05,4,ocupada,0.8897976279258728,0.6451454815932353,2026-09-29T17:50:28.407-03:00
UFPR05,40,ocupada,0.8882716298103333,0.7798328610590063,2026-09-29T17:50:28.407-03:00
UFPR05,5,ocupada,0.9047649502754211,0.6118490408521854,2026-09-29T17:50:28.407-03:00
UFPR05,6,ocupada,0.875036358833313,0.5891752745678095,2026-09-29T17:50:28.407-03:00
UFPR05,7,ocupada,0.8560593128204346,0.6067535424020102,2026-09-29T17:50:28.407-03:00
UFPR05,8,ocupada,0.8759374618530273,0.6757591425181835,2026-09-29T17:50:28.407-03:00
UFPR05,9,ocupada,0.876628577709198,0.6193687222665857,2026-09-29T17:50:28.407-03:00
UFPR05,1,ocupada,0.8664422631263733,0.5731217269015539,2026-09-29T17:50:28.483-03:00
UFPR05,10,ocupada,0.9424952268600464,0.6895441020051605,2026-09-29T17:50:28.483-03:00
UFPR05,11,ocupada,0.8938009738922119,0.5766839308445229,2026-09-29T17:50:28.483-03:00
UFPR05,12,ocupada,0.8497005105018616,0.5531399830686837,2026-09-29T17:50:28.483-03:00
UFPR05,13,ocupada,0.8189943432807922,0.604694782375367,2026-09-29T17:50:28.483-03:00
UFPR05,14,ocupada,0.9022248387336731,0.6129904946317225,2026-09-29T17:50:28.483-03:00
UFPR05,15,ocupada,0.8693594932556152,0.601158501166179,2026-09-29T17:50:28.483-03:00
UFPR05,16,ocupada,0.8818020224571228,0.6039904182954278,2026-09-29T17:50:28.483-03:00
UFPR05,17,ocupada,0.8098774552345276,0.5795251946871625,2026-09-29T17:50:28.483-03:00
UFPR05,18,ocupada,0.8613203167915344,0.5569837990571275,2026-09-29T17:50:28.483-03:00
UFPR05,19,ocupada,0.8727760314941406,0.5339213125937934,2026-09-29T17:50:28.483-03:00
UFPR05,2,ocupada,0.8552099466323853,0.5624702908967404,2026-09-29T17:50:28.483-03:00
UFPR05,20,ocupada,0.9107983112335205,0.6202849598054666,2026-09-29T17:50:28.483-03:00
UFPR05,21,ocupada,0.8980019688606262,0.7842149792176316,2026-09-29T17:50:28.483-03:00
UFPR05,22,ocupada,0.8373976349830627,0.7313485878764038,2026-09-29T17:50:28.483-03:00
UFPR05,23,ocupada,0.8398863673210144,0.7579379281156348,2026-09-29T17:50:28.483-03:00
UFPR05,24,ocupada,0.8556159138679504,0.6626575210099752,2026-09-29T17:50:28.483-03:00
UFPR05,25,ocupada,0.8267373442649841,0.6185588263562173,2026-09-29T17:50:28.483-03:00
UFPR05,26,ocupada,0.8960005640983582,0.6112857132601,2026-09-29T17:50:28.483-03:00
UFPR05,27,ocupada,0.8757968544960022,0.5496537804881764,2026-09-29T17:50:28.483-03:00
UFPR05,28,ocupada,0.891071081161499,0.5534976719017327,2026-09-29T17:50:28.483-03:00
UFPR05,29,livre,0.8492620587348938,0.5472332783414849,2026-09-29T17:50:28.483-03:00
UFPR05,3,ocupada,0.91465824842453,0.6244447966302532,2026-09-29T17:50:28.483-03:00
UFPR05,30,ocupada,0.8888705968856812,0.6792683248965566,2026-09-29T17:50:28.483-03:00
UFPR05,31,ocupada,0.9173427820205688,0.6154874235374503,2026-09-29T17:50:28.483-03:00
UFPR05,32,ocupada,0.8730283975601196,0.7275454231919127,2026-09-29T17:50:28.483-03:00
UFPR05,33,ocupada,0.8721017241477966,0.7073106874854319,2026-09-29T17:50:28.483-03:00
UFPR05,34,ocupada,0.8451653122901917,0.876892230580405,2026-09-29T17:50:28.483-03:00
UFPR05,35,ocupada,0.8477743268013,0.842061353706464,2026-09-29T17:50:28.483-03:00
UFPR05,36,ocupada,0.8363204002380371,0.8182563165353528,2026-09-29T17:50:28.483-03:00
UFPR05,37,ocupada,0.8832763433456421,0.8193306907086696,2026-09-29T17:50:28.483-03:00
UFPR05,38,ocupada,0.8627601265907288,0.8311376516554546,2026-09-29T17:50:28.483-03:00
UFPR05,39,ocupada,0.8299341201782227,0.8584912894793413,2026-09-29T17:50:28.483-03:00
UFPR05,4,ocupada,0.886924684047699,0.6421787530629005,2026-09-29T17:50:28.483-03:00
UFPR05,40,ocupada,0.8934292197227478,0.778535477540838,2026-09-29T17:50:28.483-03:00
UFPR05,5,ocupada,0.8857570290565491,0.5913024105589386,2026-09-29T17:50:28.483-03:00
UFPR05,6,ocupada,0.8808766007423401,0.5964513765694901,2026-09-29T17:50:28.483-03:00
UFPR05,7,ocupada,0.8465818762779236,0.615475879525237,2026-09-29T17:50:28.483-03:00
UFPR05,8,ocupada,0.882043182849884,0.6749351444519703,2026-09-29T17:50:28.483-03:00
UFPR05,9,ocupada,0.8723333477973938,0.6232479885146012,2026-09-29T17:50:28.483-03:00
UFPR05,1,ocupada,0.8674189448356628,0.56784408972114,2026-09-29T17:50:28.555-03:00
UFPR05,10,ocupada,0.9304646849632263,0.6965392402927122,2026-09-29T17:50:28.555-03:00
UFPR05,11,ocupada,0.8639979362487793,0.5799427872803516,2026-09-29T17:50:28.555-03:00
UFPR05,12,ocupada,0.8545248508453369,0.556121767141727,2026-09-29T17:50:28.555-03:00
UFPR05,13,ocupada,0.8134503960609436,0.6257713737013453,2026-09-29T17:50:28.555-03:00
UFPR05,14,ocupada,0.9021453857421875,0.6236870835197559,2026-09-29T17:50:28.555-03:00
UFPR05,15,ocupada,0.8682298064231873,0.5941503503687083,2026-09-29T17:50:28.555-03:00
UFPR05,16,ocupada,0.8819242715835571,0.6025730464999824,2026-09-29T17:50:28.555-03:00
UFPR05,17,ocupada,0.8086326718330383,0.5735075484695986,2026-09-29T17:50:28.555-03:00
UFPR05,18,ocupada,0.8640204071998596,0.5550516664190579,2026-09-29T17:50:28.555-03:00
UFPR05,19,ocupada,0.8757727742195129,0.5209724357986654,2026-09-29T17:50:28.555-03:00
UFPR05,2,ocupada,0.84819096326828,0.559104778402131,2026-09-29T17:50:28.555-03:00
UFPR05,20,ocupada,0.9099270105361938,0.6087076974149435,2026-09-29T17:50:28.555-03:00
UFPR05,21,ocupada,0.8993735313415527,0.7880986282656751,2026-09-29T17:50:28.555-03:00
UFPR05,22,ocupada,0.8239953517913818,0.7454599426102967,2026-09-29T17:50:28.555-03:00
UFPR05,23,ocupada,0.8412262201309204,0.7503165815134833,2026-09-29T17:50:28.555-03:00
UFPR05,24,ocupada,0.8470787405967712,0.6861729645506219,2026-09-29T17:50:28.555-03:00
UFPR05,25,ocupada,0.8655684590339661,0.6516841988205032,2026-09-29T17:50:28.555-03:00
UFPR05,26,ocupada,0.8613264560699463,0.6105255411863054,2026-09-29T17:50:28.555-03:00
UFPR05,27,ocupada,0.8704841732978821,0.5700334741613351,2026-09-29T17:50:28.555-03:00
UFPR05,28,ocupada,0.8774728775024414,0.557727924367096,2026-09-29T17:50:28.555-03:00
UFPR05,29,livre,0.8388038277626038,0.549858558255962,2026-09-29T17:50:28.555-03:00
UFPR05,3,ocupada,0.9136049151420593,0.632697058696134,2026-09-29T17:50:28.555-03:00
UFPR05,30,ocupada,0.8904197812080383,0.6913296057640903,2026-09-29T17:50:28.555-03:00
UFPR05,31,ocupada,0.9278050065040588,0.6346312888564197,2026-09-29T17:50:28.555-03:00
UFPR05,32,ocupada,0.8703809380531311,0.7457109681919696,2026-09-29T17:50:28.555-03:00
UFPR05,33,ocupada,0.880698025226593,0.7100423295289826,2026-09-29T17:50:28.555-03:00
UFPR05,34,ocupada,0.8379018902778625,0.8609848304807284,2026-09-29T17:50:28.555-03:00
UFPR05,35,ocupada,0.8537670373916626,0.8566459451688978,2026-09-29T17:50:28.555-03:00
UFPR05,36,ocupada,0.8758354187011719,0.8715493940863221,2026-09-29T17:50:28.555-03:00
UFPR05,37,ocupada,0.8888882994651794,0.8107158776838636,2026-09-29T17:50:28.555-03:00
UFPR05,38,ocupada,0.8695207834243774,0.8332553266103563,2026-09-29T17:50:28.555-03:00
UFPR05,39,ocupada,0.8196073770523071,0.9011638024969103,2026-09-29T17:50:28.555-03:00
UFPR05,4,ocupada,0.8811864852905273,0.6466812235460913,2026-09-29T17:50:28.555-03:00
UFPR05,40,ocupada,0.8972964286804199,0.7791959148040387,2026-09-29T17:50:28.555-03:00
UFPR05,5,ocupada,0.9114047884941101,0.5985230625309965,2026-09-29T17:50:28.555-03:00
UFPR05,6,ocupada,0.8834545612335205,0.5959120821207636,2026-09-29T17:50:28.555-03:00
UFPR05,7,ocupada,0.8567089438438416,0.61008698739121,2026-09-29T17:50:28.555-03:00
UFPR05,8,ocupada,0.870753288269043,0.6820774568265288,2026-09-29T17:50:28.555-03:00
UFPR05,9,ocupada,0.8750088810920715,0.616001890609046,2026-09-29T17:50:28.555-03:00
UFPR05,1,ocupada,0.8664916753768921,0.5625472777717578,2026-09-29T17:50:28.625-03:00
UFPR05,10,ocupada,0.944563627243042,0.703334514192653,2026-09-29T17:50:28.625-03:00
UFPR05,11,ocupada,0.86873459815979,0.5885408064571818,2026-09-29T17:50:28.625-03:00
UFPR05,12,ocupada,0.8672170639038086,0.5458181989132896,2026-09-29T17:50:28.625-03:00
UFPR05,13,ocupada,0.8202058672904968,0.6214404173861703,2026-09-29T17:50:28.625-03:00
UFPR05,14,ocupada,0.9032889008522034,0.6384583408926526,2026-09-29T17:50:28.625-03:00
UFPR05,15,ocupada,0.8816236853599548,0.5676863569687098,2026-09-29T17:50:28.625-03:00
UFPR05,16,ocupada,0.8851571083068848,0.5884324078410331,2026-09-29T17:50:28.625-03:00
UFPR05,17,ocupada,0.8070641756057739,0.5812716166501714,2026-09-29T17:50:28.625-03:00
UFPR05,18,ocupada,0.8417478203773499,0.5629868399199816,2026-09-29T17:50:28.625-03:00
UFPR05,19,ocupada,0.8580397963523865,0.5372306702995007,2026-09-29T17:50:28.625-03:00
UFPR05,2,ocupada,0.8395439982414246,0.5597420255102618,2026-09-29T17:50:28.625-03:00
UFPR05,20,ocupada,0.9250355362892151,0.6219687850258661,2026-09-29T17:50:28.625-03:00
UFPR05,21,ocupada,0.9012484550476074,0.7851209897399425,2026-09-29T17:50:28.625-03:00
UFPR05,22,ocupada,0.830299437046051,0.7307865955097261,2026-09-29T17:50:28.625-03:00
UFPR05,23,ocupada,0.8219743371009827,0.7564631450083493,2026-09-29T17:50:28.625-03:00
UFPR05,24,ocupada,0.8646983504295349,0.6927833658680476,2026-09-29T17:50:28.625-03:00
UFPR05,25,ocupada,0.8494658470153809,0.6659854788964397,2026-09-29T17:50:28.625-03:00
UFPR05,26,ocupada,0.8952327966690063,0.6004269611182597,2026-09-29T17:50:28.625-03:00
UFPR05,27,ocupada,0.8900938034057617,0.5525053760568374,2026-09-29T17:50:28.625-03:00
UFPR05,28,ocupada,0.8906882405281067,0.5700263089686444,2026-09-29T17:50:28.625-03:00
UFPR05,29,ocupada,0.8523489832878113,0.5437052122224054,2026-09-29T17:50:28.625-03:00
UFPR05,3,ocupada,0.9134835600852966,0.6375990431038441,2026-09-29T17:50:28.625-03:00
UFPR05,30,ocupada,0.9033951163291931,0.6635211578987589,2026-09-29T17:50:28.625-03:00
UFPR05,31,ocupada,0.9350354671478271,0.6245821873883937,2026-09-29T17:50:28.625-03:00
UFPR05,32,ocupada,0.8728104829788208,0.7409962205600246,2026-09-29T17:50:28.625-03:00
UFPR05,33,ocupada,0.8633802533149719,0.7112678837530074,2026-09-29T17:50:28.625-03:00
UFPR05,34,ocupada,0.8430975079536438,0.8684218928187513,2026-09-29T17:50:28.625-03:00
UFPR05,35,ocupada,0.8419259190559387,0.8409724790954285,2026-09-29T17:50:28.625-03:00
UFPR05,36,ocupada,0.8952877521514893,0.8787960188433096,2026-09-29T17:50:28.625-03:00
UFPR05,37,ocupada,0.8784622550010681,0.8151423986896975,2026-09-29T17:50:28.625-03:00
UFPR05,38,ocupada,0.8684765696525574,0.8205969149451428,2026-09-29T17:50:28.625-03:00
UFPR05,39,ocupada,0.8098487257957458,0.8777485873575818,2026-09-29T17:50:28.625-03:00
UFPR05,4,ocupada,0.8828300833702087,0.6390221786231571,2026-09-29T17:50:28.625-03:00
UFPR05,40,ocupada,0.891904890537262,0.7671199220754489,2026-09-29T17:50:28.625-03:00
UFPR05,5,ocupada,0.8785885572433472,0.623826769808153,2026-09-29T17:50:28.625-03:00
UFPR05,6,ocupada,0.8863416910171509,0.5972589044558888,2026-09-29T17:50:28.625-03:00
UFPR05,7,ocupada,0.8555463552474976,0.6090942344338207,2026-09-29T17:50:28.625-03:00
UFPR05,8,ocupada,0.8646766543388367,0.6626036519425073,2026-09-29T17:50:28.625-03:00
UFPR05,9,ocupada,0.8740437626838684,0.6126424343648001,2026-09-29T17:50:28.625-03:00
