camera,vaga,estado,confianca,cobertura,instante
UFPR04,1,ocupada,0.9572137594223022,0.47479349675350513,2026-09-29T17:50:06.849-03:00
UFPR04,10,ocupada,0.9532917737960815,0.5752431877016708,2026-09-29T17:50:06.849-03:00
UFPR04,11,livre,0.9218229055404663,0.5243557054209151,2026-09-29T17:50:06.849-03:00
UFPR04,12,livre,0.9219035506248474,0.5779421501864473,2026-09-29T17:50:06.849-03:00
UFPR04,13,livre,0.9153340458869934,0.620393337754011,2026-09-29T17:50:06.849-03:00
UFPR04,14,livre,0.915006160736084,0.5664214219936332,2026-09-29T17:50:06.849-03:00
UFPR04,15,livre,0.8939037322998047,0.5659547953790038,2026-09-29T17:50:06.849-03:00
UFPR04,16,livre,0.933404803276062,0.5307480547905733,2026-09-29T17:50:06.849-03:00
UFPR04,17,livre,0.9435111880302429,0.5158942787554301,2026-09-29T17:50:06.849-03:00
UFPR04,18,livre,0.9336658120155334,0.4973131556040426,2026-09-29T17:50:06.849-03:00
UFPR04,19,livre,0.9320261478424072,0.4870971706101129,2026-09-29T17:50:06.849-03:00
UFPR04,2,ocupada,0.9464754462242126,0.47360176226642675,2026-09-29T17:50:06.849-03:00
UFPR04,20,livre,0.9300024509429932,0.4611906496742571,2026-09-29T17:50:06.849-03:00
UFPR04,21,livre,0.9334089756011963,0.434853224827943,2026-09-29T17:50:06.849-03:00
UFPR04,22,ocupada,0.9314910769462585,0.5701144098202409,2026-09-29T17:50:06.849-03:00
UFPR04,23,livre,0.9138044714927673,0.5678764540022755,2026-09-29T17:50:06.849-03:00
UFPR04,24,ocupada,0.9298850297927856,0.5356374421966623,2026-09-29T17:50:06.849-03:00
UFPR04,25,livre,0.9180163145065308,0.5060365477598943,2026-09-29T17:50:06.849-03:00
UFPR04,26,livre,0.9172512888908386,0.48873967915944616,2026-09-29T17:50:06.849-03:00
UFPR04,27,livre,0.9155372381210327,0.44520293669658206,2026-09-29T17:50:06.849-03:00
UFPR04,28,livre,0.9329811334609985,0.5048805404980634,2026-09-29T17:50:06.849-03:00
UFPR04,3,ocupada,0.9275065064430237,0.43848326619758093,2026-09-29T17:50:06.849-03:00
UFPR04,4,ocupada,0.9240790009498596,0.4332919986989639,2026-09-29T17:50:06.849-03:00
UFPR04,5,ocupada,0.887657642364502,0.4234835914325693,2026-09-29T17:50:06.849-03:00
UFPR04,6,livre,0.9106959700584412,0.44818087788469396,2026-09-29T17:50:06.849-03:00
UFPR04,7,livre,0.9325751662254333,0.4154814428865027,2026-09-29T17:50:06.849-03:00
UFPR04,8,livre,0.9116294384002686,0.4445903920954482,2026-09-29T17:50:06.849-03:00
UFPR04,9,livre,0.8735529184341431,0.4712900708758405,2026-09-29T17:50:06.849-03:00
UFPR04,1,ocupada,0.9595516920089722,0.47307104243563636,2026-09-29T17:50:06.981-03:00
UFPR04,10,ocupada,0.9548501968383789,0.5638421048204117,2026-09-29T17:50:06.981-03:00
UFPR04,11,livre,0.928364098072052,0.5105401861232383,2026-09-29T17:50:06.981-03:00
UFPR04,12,livre,0.9311100840568542,0.5842976438854146,2026-09-29T17:50:06.981-03:00
UFPR04,13,livre,0.91032475233078,0.61509116834788,2026-09-29T17:50:06.981-03:00
UFPR04,14,livre,0.9150165319442749,0.5473686681932788,2026-09-29T17:50:06.981-03:00
UFPR04,15,livre,0.894040048122406,0.5621045548596039,2026-09-29T17:50:06.981-03:00
UFPR04,16,livre,0.9392245411872864,0.5365656517458324,2026-09-29T17:50:06.981-03:00
UFPR04,17,livre,0.9453678131103516,0.5296081663172215,2026-09-29T17:50:06.981-03:00
UFPR04,18,livre,0.9269537329673767,0.4839946029368429,2026-09-29T17:50:06.981-03:00
UFPR04,19,livre,0.9276944994926453,0.4800196664319725,2026-09-29T17:50:06.981-03:00
UFPR04,2,ocupada,0.9430029392242432,0.45864732416249354,2026-09-29T17:50:06.981-03:00
UFPR04,20,livre,0.9258973598480225,0.4548430480456245,2026-09-29T17:50:06.981-03:00
UFPR04,21,livre,0.926862895488739,0.44306486696549335,2026-09-29T17:50:06.981-03:00
UFPR04,22,ocupada,0.9210769534111023,0.5734033516697526,2026-09-29T17:50:06.981-03:00
UFPR04,23,livre,0.9401335120201111,0.5474659602001338,2026-09-29T17:50:06.981-03:00
UFPR04,24,ocupada,0.9220086336135864,0.530541486910899,2026-09-29T17:50:06.981-03:00
UFPR04,25,livre,0.9131495356559753,0.5014653526993366,2026-09-29T17:50:06.981-03:00
UFPR04,26,livre,0.9227088093757629,0.5035589231884351,2026-09-29T17:50:06.981-03:00
UFPR04,27,livre,0.9164149761199951,0.44878840762534183,2026-09-29T17:50:06.981-03:00
UFPR04,28,livre,0.930474042892456,0.4946957833271844,2026-09-29T17:50:06.981-03:00
UFPR04,3,ocupada,0.9363486170768738,0.437980002837954,2026-09-29T17:50:06.981-03:00
UFPR04,4,ocupada,0.9304302334785461,0.4520959619012491,2026-09-29T17:50:06.981-03:00
UFPR04,5,ocupada,0.8838376998901367,0.41125601253648675,2026-09-29T17:50:06.981-03:00
UFPR04,6,livre,0.9009723663330078,0.4477158760303072,2026-09-29T17:50:06.981-03:00
UFPR04,7,livre,0.9172466993331909,0.42742045204731105,2026-09-29T17:50:06.981-03:00
UFPR04,8,livre,0.8927360773086548,0.42722760197703463,2026-09-29T17:50:06.981-03:00
UFPR04,9,livre,0.8836914300918579,0.4610340497057445,2026-09-29T17:50:06.981-03:00
UFPR04,1,ocupada,0.9606969952583313,0.47361753330031336,2026-09-29T17:50:07.051-03:00
UFPR04,10,ocupada,0.9550527930259705,0.5613939666652422,2026-09-29T17:50:07.051-03:00
UFPR04,11,livre,0.9215829372406006,0.5108588251501197,2026-09-29T17:50:07.051-03:00
UFPR04,12,livre,0.9339239597320557,0.5732541818325242,2026-09-29T17:50:07.051-03:00
UFPR04,13,livre,0.9234892725944519,0.6310349133514286,2026-09-29T17:50:07.051-03:00
UFPR04,14,livre,0.9074050784111023,0.5478898532006206,2026-09-29T17:50:07.051-03:00
UFPR04,15,livre,0.8880248665809631,0.561024749045318,2026-09-29T17:50:07.051-03:00
UFPR04,16,ocupada,0.9388615489006042,0.5346145051679304,2026-09-29T17:50:07.051-03:00
UFPR04,17,livre,0.9456519484519958,0.5299847352553047,2026-09-29T17:50:07.051-03:00
UFPR04,18,livre,0.9265404343605042,0.4846310476608454,2026-09-29T17:50:07.051-03:00
UFPR04,19,livre,0.9275864958763123,0.4731029373716719,2026-09-29T17:50:07.051-03:00
UFPR04,2,ocupada,0.9460923075675964,0.4628616729899665,2026-09-29T17:50:07.051-03:00
UFPR04,20,livre,0.9258158206939697,0.45502150868595737,2026-09-29T17:50:07.051-03:00
UFPR04,21,livre,0.9232516288757324,0.4401080134171622,2026-09-29T17:50:07.051-03:00
UFPR04,22,ocupada,0.9236701726913452,0.5791906050474505,2026-09-29T17:50:07.051-03:00
UFPR04,23,ocupada,0.9379661083221436,0.5586142190902906,2026-09-29T17:50:07.051-03:00
UFPR04,24,ocupada,0.9257697463035583,0.5214588078052271,2026-09-29T17:50:07.051-03:00
UFPR04,25,livre,0.9121350646018982,0.48151989616383,2026-09-29T17:50:07.051-03:00
UFPR04,26,livre,0.928549587726593,0.5061500748547861,2026-09-29T17:50:07.051-03:00
UFPR04,27,livre,0.9184608459472656,0.4587561360360095,2026-09-29T17:50:07.051-03:00
UFPR04,28,livre,0.9206177592277527,0.48293302913972036,2026-09-29T17:50:07.051-03:00
UFPR04,3,ocupada,0.9341824650764465,0.4230074162315781,2026-09-29T17:50:07.051-03:00
UFPR04,4,ocupada,0.9280588626861572,0.43792529480338843,2026-09-29T17:50:07.051-03:00
UFPR04,5,ocupada,0.8788496851921082,0.41599654095104194,2026-09-29T17:50:07.051-03:00
UFPR04,6,livre,0.9140182137489319,0.43986951647318306,2026-09-29T17:50:07.051-03:00
UFPR04,7,ocupada,0.9210532903671265,0.4140087857036837,2026-09-29T17:50:07.051-03:00
UFPR04,8,livre,0.8951696753501892,0.42424883428724525,2026-09-29T17:50:07.051-03:00
UFPR04,9,livre,0.8868921399116516,0.4600137033092533,2026-09-29T17:50:07.051-03:00
UFPR04,1,ocupada,0.9625170230865479,0.47617404573520616,2026-09-29T17:50:07.117-03:00
UFPR04,10,ocupada,0.9534999132156372,0.5581368040662357,2026-09-29T17:50:07.117-03:00
UFPR04,11,livre,0.9178720712661743,0.5465907220774128,2026-09-29T17:50:07.117-03:00
UFPR04,12,livre,0.9331567287445068,0.5818025195058141,2026-09-29T17:50:07.117-03:00
UFPR04,13,livre,0.904024600982666,0.5926422318564311,2026-09-29T17:50:07.117-03:00
UFPR04,14,livre,0.9147989749908447,0.5559214065849991,2026-09-29T17:50:07.117-03:00
UFPR04,15,livre,0.8761778473854065,0.5675231019489826,2026-09-29T17:50:07.117-03:00
UFPR04,16,ocupada,0.9371898174285889,0.5459392212071985,2026-09-29T17:50:07.117-03:00
UFPR04,17,livre,0.9437581896781921,0.5421396161989077,2026-09-29T17:50:07.117-03:00
UFPR04,18,livre,0.9282647371292114,0.4841709393320252,2026-09-29T17:50:07.117-03:00
UFPR04,19,livre,0.917903482913971,0.4771197236987655,2026-09-29T17:50:07.117-03:00
UFPR04,2,ocupada,0.9436036348342896,0.4533304809879428,2026-09-29T17:50:07.117-03:00
UFPR04,20,livre,0.9208943247795105,0.468421210715967,2026-09-29T17:50:07.117-03:00
UFPR04,21,livre,0.9077367782592773,0.443596416249573,2026-09-29T17:50:07.117-03:00
UFPR04,22,ocupada,0.9238288402557373,0.5760198492473374,2026-09-29T17:50:07.117-03:00
UFPR04,23,ocupada,0.9378057718276978,0.5519719140832978,2026-09-29T17:50:07.117-03:00
UFPR04,24,ocupada,0.9217384457588196,0.5232456323042852,2026-09-29T17:50:07.117-03:00
UFPR04,25,livre,0.9148956537246704,0.4845464630516476,2026-09-29T17:50:07.117-03:00
UFPR04,26,livre,0.9063600897789001,0.47977526914581864,2026-09-29T17:50:07.117-03:00
UFPR04,27,livre,0.9102879762649536,0.4647691322146402,2026-09-29T17:50:07.117-03:00
UFPR04,28,livre,0.9269817471504211,0.5024943563461748,2026-09-29T17:50:07.117-03:00
UFPR04,3,ocupada,0.9230896830558777,0.4321659640685742,2026-09-29T17:50:07.117-03:00
UFPR04,4,ocupada,0.9441235661506653,0.41754650643409824,2026-09-29T17:50:07.117-03:00
UFPR04,5,ocupada,0.8726173043251038,0.41089158698950534,2026-09-29T17:50:07.117-03:00
UFPR04,6,livre,0.9196730256080627,0.4501509140026117,2026-09-29T17:50:07.117-03:00
UFPR04,7,ocupada,0.9147477149963379,0.4200590813961362,2026-09-29T17:50:07.117-03:00
UFPR04,8,livre,0.8899137377738953,0.42738012676900816,2026-09-29T17:50:07.117-03:00
UFPR04,9,livre,0.871043860912323,0.4714279027453771,2026-09-29T17:50:07.117-03:00
UFPR04,1,ocupada,0.962390661239624,0.4752394761850407,2026-09-29T17:50:07.174-03:00
UFPR04,10,ocupada,0.9580200910568237,0.5697507643225748,2026-09-29T17:50:07.174-03:00
UFPR04,11,livre,0.9097355604171753,0.5266489527196576,2026-09-29T17:50:07.174-03:00
UFPR04,12,livre,0.9284558892250061,0.5592307813442787,2026-09-29T17:50:07.174-03:00
UFPR04,13,livre,0.8858388066291809,0.5888787480738582,2026-09-29T17:50:07.174-03:00
UFPR04,14,livre,0.9127359390258789,0.5576504340301779,2026-09-29T17:50:07.174-03:00
UFPR04,15,livre,0.8726775050163269,0.5793912349775924,2026-09-29T17:50:07.174-03:00
UFPR04,16,ocupada,0.9413776993751526,0.5291182601054014,2026-09-29T17:50:07.174-03:00
UFPR04,17,livre,0.9217401742935181,0.5401800947074692,2026-09-29T17:50:07.174-03:00
UFPR04,18,livre,0.9349974989891052,0.48873011452831033,2026-09-29T17:50:07.174-03:00
UFPR04,19,livre,0.9212606549263,0.476244181313392,2026-09-29T17:50:07.174-03:00
UFPR04,2,ocupada,0.9458968043327332,0.4559367015784455,2026-09-29T17:50:07.174-03:00
UFPR04,20,livre,0.9231610298156738,0.46304321476100824,2026-09-29T17:50:07.174-03:00
UFPR04,21,livre,0.9145544767379761,0.43906314277077413,2026-09-29T17:50:07.174-03:00
UFPR04,22,ocupada,0.9293729662895203,0.5828806550227923,2026-09-29T17:50:07.174-03:00
UFPR04,23,ocupada,0.9384205341339111,0.5595675938474821,2026-09-29T17:50:07.174-03:00
UFPR04,24,ocupada,0.9280429482460022,0.5297338478676841,2026-09-29T17:50:07.174-03:00
UFPR04,25,livre,0.9006946682929993,0.5222918427283607,2026-09-29T17:50:07.174-03:00
UFPR04,26,livre,0.9260424375534058,0.5037711671886103,2026-09-29T17:50:07.174-03:00
UFPR04,27,livre,0.9111669063568115,0.4593368906120785,2026-09-29T17:50:07.174-03:00
UFPR04,28,livre,0.9257212281227112,0.4996386723665051,2026-09-29T17:50:07.174-03:00
UFPR04,3,ocupada,0.9225779175758362,0.43327718702350626,2026-09-29T17:50:07.174-03:00
UFPR04,4,ocupada,0.9444506764411926,0.4274916327976792,2026-09-29T17:50:07.174-03:00
UFPR04,5,ocupada,0.8657757043838501,0.41639864638482743,2026-09-29T17:50:07.174-03:00
UFPR04,6,livre,0.9226120114326477,0.44540261539299325,2026-09-29T17:50:07.174-03:00
UFPR04,7,ocupada,0.9093198180198669,0.4176827696235304,2026-09-29T17:50:07.174-03:00
UFPR04,8,livre,0.8890529870986938,0.4345059449939885,2026-09-29T17:50:07.174-03:00
UFPR04,9,livre,0.8748912811279297,0.474067309937547,2026-09-29T17:50:07.174-03:00
UFPR04,1,ocupada,0.962030291557312,0.4753027825961829,2026-09-29T17:50:07.235-03:00
UFPR04,10,ocupada,0.9573177695274353,0.5670427053704993,2026-09-29T17:50:07.235-03:00
UFPR04,11,livre,0.910372793674469,0.4905441908177379,2026-09-29T17:50:07.235-03:00
UFPR04,12,livre,0.9149743318557739,0.5465980232267653,2026-09-29T17:50:07.235-03:00
UFPR04,13,livre,0.8826319575309753,0.5792185800261338,2026-09-29T17:50:07.235-03:00
UFPR04,14,livre,0.9137943983078003,0.565021739307136,2026-09-29T17:50:07.235-03:00
UFPR04,15,livre,0.8457716107368469,0.5916387061963833,2026-09-29T17:50:07.235-03:00
UFPR04,16,ocupada,0.9412863850593567,0.5189060611364341,2026-09-29T17:50:07.235-03:00
UFPR04,17,livre,0.9274182915687561,0.5341319634690098,2026-09-29T17:50:07.235-03:00
UFPR04,18,livre,0.9225667715072632,0.47741167332378875,2026-09-29T17:50:07.235-03:00
UFPR04,19,livre,0.9230977296829224,0.4749433631035572,2026-09-29T17:50:07.235-03:00
UFPR04,2,ocupada,0.9438744783401489,0.45474626323931955,2026-09-29T17:50:07.235-03:00
UFPR04,20,livre,0.9266099333763123,0.45736106906614515,2026-09-29T17:50:07.235-03:00
UFPR04,21,livre,0.9097168445587158,0.43891573189733196,2026-09-29T17:50:07.235-03:00
UFPR04,22,ocupada,0.9279184341430664,0.5783906584532139,2026-09-29T17:50:07.235-03:00
UFPR04,23,ocupada,0.9364392757415771,0.5589890052707149,2026-09-29T17:50:07.235-03:00
UFPR04,24,ocupada,0.936709463596344,0.5357513901599498,2026-09-29T17:50:07.235-03:00
UFPR04,25,livre,0.9154404997825623,0.5292377443517917,2026-09-29T17:50:07.235-03:00
UFPR04,26,livre,0.9321950674057007,0.49007165103542166,2026-09-29T17:50:07.235-03:00
UFPR04,27,livre,0.9100827574729919,0.4807298654253698,2026-09-29T17:50:07.235-03:00
UFPR04,28,livre,0.9294233322143555,0.5055768973005871,2026-09-29T17:50:07.235-03:00
UFPR04,3,ocupada,0.9293597936630249,0.434700310826713,2026-09-29T17:50:07.235-03:00
UFPR04,4,livre,0.9375426173210144,0.4325382855352655,2026-09-29T17:50:07.235-03:00
UFPR04,5,ocupada,0.8195979595184326,0.42486034421772667,2026-09-29T17:50:07.235-03:00
UFPR04,6,livre,0.9230426549911499,0.4597894233670872,2026-09-29T17:50:07.235-03:00
UFPR04,7,ocupada,0.9028773307800293,0.4201421757874531,2026-09-29T17:50:07.235-03:00
UFPR04,8,livre,0.8986265659332275,0.40909814935914185,2026-09-29T17:50:07.235-03:00
UFPR04,9,livre,0.8823363184928894,0.4718311413293685,2026-09-29T17:50:07.235-03:00
UFPR04,1,ocupada,0.9619147181510925,0.4736518346939417,2026-09-29T17:50:07.301-03:00
UFPR04,10,ocupada,0.9609924554824829,0.5650644879760421,2026-09-29T17:50:07.301-03:00
UFPR04,11,livre,0.9124928712844849,0.4853853967821484,2026-09-29T17:50:07.301-03:00
UFPR04,12,ocupada,0.871325671672821,0.550996412793736,2026-09-29T17:50:07.301-03:00
UFPR04,13,livre,0.8813915848731995,0.6037517423428662,2026-09-29T17:50:07.301-03:00
UFPR04,14,livre,0.9151526093482971,0.5564295157066654,2026-09-29T17:50:07.301-03:00
UFPR04,15,livre,0.854663610458374,0.5862855089095874,2026-09-29T17:50:07.301-03:00
UFPR04,16,ocupada,0.9419860243797302,0.5231026618295876,2026-09-29T17:50:07.301-03:00
UFPR04,17,ocupada,0.922687292098999,0.529999390889868,2026-09-29T17:50:07.301-03:00
UFPR04,18,livre,0.9273760914802551,0.47921550985776434,2026-09-29T17:50:07.301-03:00
UFPR04,19,livre,0.9273342490196228,0.4717603849582017,2026-09-29T17:50:07.301-03:00
UFPR04,2,ocupada,0.9426116943359375,0.46227373999879307,2026-09-29T17:50:07.301-03:00
UFPR04,20,livre,0.9348450899124146,0.4519588437987031,2026-09-29T17:50:07.301-03:00
UFPR04,21,livre,0.9270390868186951,0.4361522008647948,2026-09-29T17:50:07.301-03:00
UFPR04,22,ocupada,0.9263103604316711,0.5702936667765597,2026-09-29T17:50:07.301-03:00
UFPR04,23,ocupada,0.9378669857978821,0.545164728768316,2026-09-29T17:50:07.301-03:00
UFPR04,24,ocupada,0.9384869337081909,0.5335620888380519,2026-09-29T17:50:07.301-03:00
UFPR04,25,ocupada,0.9197138547897339,0.5316422624328835,2026-09-29T17:50:07.301-03:00
UFPR04,26,livre,0.9278337359428406,0.4983402641471331,2026-09-29T17:50:07.301-03:00
UFPR04,27,livre,0.9154288172721863,0.4726247573937149,2026-09-29T17:50:07.301-03:00
UFPR04,28,livre,0.9321414828300476,0.498692679461715,2026-09-29T17:50:07.301-03:00
UFPR04,3,ocupada,0.9178520441055298,0.433324038855841,2026-09-29T17:50:07.301-03:00
UFPR04,4,livre,0.9396003484725952,0.42065385161919155,2026-09-29T17:50:07.301-03:00
UFPR04,5,ocupada,0.8855618834495544,0.4179205716041689,2026-09-29T17:50:07.301-03:00
UFPR04,6,livre,0.9089123010635376,0.44957769235731515,2026-09-29T17:50:07.301-03:00
UFPR04,7,ocupada,0.9045979380607605,0.419025163097233,2026-09-29T17:50:07.301-03:00
UFPR04,8,livre,0.9000408053398132,0.42245471343863045,2026-09-29T17:50:07.301-03:00
UFPR04,9,livre,0.8779163956642151,0.46956262307911373,2026-09-29T17:50:07.301-03:00
UFPR04,1,ocupada,0.9619491100311279,0.47259673571514565,2026-09-29T17:50:07.370-03:00
UFPR04,10,ocupada,0.9544860124588013,0.5592742800411086,2026-09-29T17:50:07.370-03:00
UFPR04,11,ocupada,0.9138670563697815,0.48620868081303126,2026-09-29T17:50:07.370-03:00
UFPR04,12,ocupada,0.8870751261711121,0.5392811116017027,2026-09-29T17:50:07.370-03:00
UFPR04,13,livre,0.8833103775978088,0.6080353540845364,2026-09-29T17:50:07.370-03:00
UFPR04,14,livre,0.9214203357696533,0.5602884400498935,2026-09-29T17:50:07.370-03:00
UFPR04,15,livre,0.8518387079238892,0.5927150723690601,2026-09-29T17:50:07.370-03:00
UFPR04,16,ocupada,0.9409279823303223,0.5246725674924418,2026-09-29T17:50:07.370-03:00
UFPR04,17,ocupada,0.9191839694976807,0.5221298700728764,2026-09-29T17:50:07.370-03:00
UFPR04,18,livre,0.925965428352356,0.48936627163704594,2026-09-29T17:50:07.370-03:00
UFPR04,19,livre,0.9247239232063293,0.467296036245255,2026-09-29T17:50:07.370-03:00
UFPR04,2,ocupada,0.9426324963569641,0.4552231450963051,2026-09-29T17:50:07.370-03:00
UFPR04,20,livre,0.9327180981636047,0.452309914738611,2026-09-29T17:50:07.370-03:00
UFPR04,21,livre,0.9308465719223022,0.43709692095224467,2026-09-29T17:50:07.370-03:00
UFPR04,22,ocupada,0.9253329038619995,0.5897627510484977,2026-09-29T17:50:07.370-03:00
UFPR04,23,ocupada,0.9376953840255737,0.5631183749474804,2026-09-29T17:50:07.370-03:00
UFPR04,24,ocupada,0.9299389123916626,0.5355370598288376,2026-09-29T17:50:07.370-03:00
UFPR04,25,ocupada,0.9116997718811035,0.5217340587177756,2026-09-29T17:50:07.370-03:00
UFPR04,26,ocupada,0.9337859153747559,0.5027506635014611,2026-09-29T17:50:07.370-03:00
UFPR04,27,livre,0.911943793296814,0.4657052246968229,2026-09-29T17:50:07.370-03:00
UFPR04,28,livre,0.934233546257019,0.49771741259154095,2026-09-29T17:50:07.370-03:00
UFPR04,3,ocupada,0.919090986251831,0.4376435174652999,2026-09-29T17:50:07.370-03:00
UFPR04,4,livre,0.9410455226898193,0.4133291147865375,2026-09-29T17:50:07.370-03:00
UFPR04,5,ocupada,0.8856095671653748,0.41601644821864825,2026-09-29T17:50:07.370-03:00
UFPR04,6,livre,0.9175533056259155,0.4475329751586103,2026-09-29T17:50:07.370-03:00
UFPR04,7,ocupada,0.9162724614143372,0.42247331749606687,2026-09-29T17:50:07.370-03:00
UFPR04,8,livre,0.8991225957870483,0.4188150528006091,2026-09-29T17:50:07.370-03:00
UFPR04,9,livre,0.8875559568405151,0.465393603630815,2026-09-29T17:50:07.370-03:00
UFPR04,1,ocupada,0.9630880951881409,0.4733138071548604,2026-09-29T17:50:07.433-03:00
UFPR04,10,ocupada,0.953843891620636,0.5598633412595471,2026-09-29T17:50:07.433-03:00
UFPR04,11,ocupada,0.9092768430709839,0.4913613429201585,2026-09-29T17:50:07.433-03:00
UFPR04,12,ocupada,0.8963508605957031,0.5500205320435619,2026-09-29T17:50:07.433-03:00
UFPR04,13,livre,0.8852231502532959,0.5997113087475221,2026-09-29T17:50:07.433-03:00
UFPR04,14,livre,0.9110610485076904,0.5766979941866409,2026-09-29T17:50:07.433-03:00
UFPR04,15,livre,0.852562665939331,0.5932548909181422,2026-09-29T17:50:07.433-03:00
UFPR04,16,ocupada,0.9423891305923462,0.5261993715881269,2026-09-29T17:50:07.433-03:00
UFPR04,17,ocupada,0.9189556837081909,0.5171413676704043,2026-09-29T17:50:07.433-03:00
UFPR04,18,livre,0.9275261759757996,0.48871207738025907,2026-09-29T17:50:07.433-03:00
UFPR04,19,livre,0.919946551322937,0.4740284765529092,2026-09-29T17:50:07.433-03:00
UFPR04,2,ocupada,0.9436327219009399,0.4507240445231529,2026-09-29T17:50:07.433-03:00
UFPR04,20,livre,0.9285042881965637,0.45589335634148426,2026-09-29T17:50:07.433-03:00
UFPR04,21,livre,0.9250848293304443,0.44062458464252735,2026-09-29T17:50:07.433-03:00
UFPR04,22,ocupada,0.9281756281852722,0.5913696409643778,2026-09-29T17:50:07.433-03:00
UFPR04,23,ocupada,0.9400563836097717,0.5553852109286594,2026-09-29T17:50:07.433-03:00
UFPR04,24,ocupada,0.9313861131668091,0.5340721987196441,2026-09-29T17:50:07.433-03:00
UFPR04,25,ocupada,0.920180082321167,0.5271678114154825,2026-09-29T17:50:07.433-03:00
UFPR04,26,ocupada,0.921657919883728,0.5082527758302219,2026-09-29T17:50:07.433-03:00
UFPR04,27,livre,0.905872642993927,0.4725420947752094,2026-09-29T17:50:07.433-03:00
UFPR04,28,livre,0.9271721839904785,0.489798909984095,2026-09-29T17:50:07.433-03:00
UFPR04,3,ocupada,0.921903669834137,0.4316603969413908,2026-09-29T17:50:07.433-03:00
UFPR04,4,livre,0.9375166893005371,0.4160243375021609,2026-09-29T17:50:07.433-03:00
UFPR04,5,ocupada,0.8475810289382935,0.41987973978274,2026-09-29T17:50:07.433-03:00
UFPR04,6,livre,0.923821210861206,0.45203783278342485,2026-09-29T17:50:07.433-03:00
UFPR04,7,ocupada,0.9160899519920349,0.40948431979714034,2026-09-29T17:50:07.433-03:00
UFPR04,8,livre,0.8907628655433655,0.40533545029091017,2026-09-29T17:50:07.433-03:00
UFPR04,9,livre,0.7726219892501831,0.519023209989219,2026-09-29T17:50:07.433-03:00
UFPR04,1,ocupada,0.9581339359283447,0.47262394897545107,2026-09-29T17:50:07.506-03:00
UFPR04,10,ocupada,0.9503782987594604,0.556282807903152,2026-09-29T17:50:07.506-03:00
UFPR04,11,ocupada,0.9188960194587708,0.4965004771953109,2026-09-29T17:50:07.506-03:00
UFPR04,12,ocupada,0.9063102006912231,0.5606210569108439,2026-09-29T17:50:07.506-03:00
UFPR04,13,livre,0.9116933345794678,0.6094906926361654,2026-09-29T17:50:07.506-03:00
UFPR04,14,livre,0.9151319265365601,0.5691072212357601,2026-09-29T17:50:07.506-03:00
UFPR04,15,livre,0.8692895770072937,0.5653730573783721,2026-09-29T17:50:07.506-03:00
UFPR04,16,ocupada,0.9405477643013,0.5258209448188924,2026-09-29T17:50:07.506-03:00
UFPR04,17,ocupada,0.919090986251831,0.5240954552794224,2026-09-29T17:50:07.506-03:00
UFPR04,18,livre,0.9225510358810425,0.49028205224075866,2026-09-29T17:50:07.506-03:00
UFPR04,19,livre,0.9173941612243652,0.4777097174514019,2026-09-29T17:50:07.506-03:00
UFPR04,2,ocupada,0.9398657083511353,0.4653049056948295,2026-09-29T17:50:07.506-03:00
UFPR04,20,livre,0.9298579096794128,0.4611126920167442,2026-09-29T17:50:07.506-03:00
UFPR04,21,livre,0.9270166754722595,0.43161412027109153,2026-09-29T17:50:07.506-03:00
UFPR04,22,ocupada,0.9293750524520874,0.589269082584505,2026-09-29T17:50:07.506-03:00
UFPR04,23,ocupada,0.9430011510848999,0.5559280127698079,2026-09-29T17:50:07.506-03:00
UFPR04,24,ocupada,0.933754026889801,0.5208443465525767,2026-09-29T17:50:07.506-03:00
UFPR04,25,ocupada,0.9150902628898621,0.5238307479727825,2026-09-29T17:50:07.506-03:00
UFPR04,26,ocupada,0.9184045791625977,0.502978696599014,2026-09-29T17:50:07.506-03:00
UFPR04,27,livre,0.913920521736145,0.4736721221104311,2026-09-29T17:50:07.506-03:00
UFPR04,28,livre,0.919846773147583,0.48169365878124365,2026-09-29T17:50:07.506-03:00
UFPR04,3,ocupada,0.9264086484909058,0.44258775869024536,2026-09-29T17:50:07.506-03:00
UFPR04,4,livre,0.9291247129440308,0.4007260589505044,2026-09-29T17:50:07.506-03:00
UFPR04,5,ocupada,0.8236347436904907,0.42051419577430765,2026-09-29T17:50:07.506-03:00
UFPR04,6,livre,0.9150171279907227,0.4508112698138129,2026-09-29T17:50:07.506-03:00
UFPR04,7,ocupada,0.9176455140113831,0.41086676241093917,2026-09-29T17:50:07.506-03:00
UFPR04,8,livre,0.8868651390075684,0.4154560845356,2026-09-29T17:50:07.506-03:00
UFPR04,9,livre,0.7997239828109741,0.5298823124838555,2026-09-29T17:50:07.506-03:00
UFPR04,1,ocupada,0.9603650569915771,0.47268378425672214,2026-09-29T17:50:07.569-03:00
UFPR04,10,ocupada,0.9582607746124268,0.5808561423800078,2026-09-29T17:50:07.569-03:00
UFPR04,11,ocupada,0.9058530926704407,0.48330108924278403,2026-09-29T17:50:07.569-03:00
UFPR04,12,ocupada,0.9078155755996704,0.498109423419413,2026-09-29T17:50:07.569-03:00
UFPR04,13,livre,0.8831636309623718,0.6127172881248226,2026-09-29T17:50:07.569-03:00
UFPR04,14,livre,0.917449951171875,0.5720045601210945,2026-09-29T17:50:07.569-03:00
UFPR04,15,livre,0.8501157164573669,0.6022074474476657,2026-09-29T17:50:07.569-03:00
UFPR04,16,ocupada,0.9433150291442871,0.5224053538642586,2026-09-29T17:50:07.569-03:00
UFPR04,17,ocupada,0.9233440160751343,0.5166050518156855,2026-09-29T17:50:07.569-03:00
UFPR04,18,livre,0.9273996353149414,0.4883160479452237,2026-09-29T17:50:07.569-03:00
UFPR04,19,livre,0.9284982085227966,0.46582064972511694,2026-09-29T17:50:07.569-03:00
UFPR04,2,ocupada,0.9415448307991028,0.4630449106944356,2026-09-29T17:50:07.569-03:00
UFPR04,20,livre,0.9294820427894592,0.45496666530862556,2026-09-29T17:50:07.569-03:00
UFPR04,21,livre,0.9202185869216919,0.4359020953477456,2026-09-29T17:50:07.569-03:00
UFPR04,22,ocupada,0.9331838488578796,0.5890093764994965,2026-09-29T17:50:07.569-03:00
UFPR04,23,ocupada,0.940942108631134,0.551633447980814,2026-09-29T17:50:07.569-03:00
UFPR04,24,ocupada,0.9346176981925964,0.5273339372454497,2026-09-29T17:50:07.569-03:00
UFPR04,25,ocupada,0.9105227589607239,0.5187798635933216,2026-09-29T17:50:07.569-03:00
UFPR04,26,ocupada,0.9263414144515991,0.5055869721077373,2026-09-29T17:50:07.569-03:00
UFPR04,27,livre,0.9101600050926208,0.4741532418645223,2026-09-29T17:50:07.569-03:00
UFPR04,28,livre,0.9278014302253723,0.48179571625274825,2026-09-29T17:50:07.569-03:00
UFPR04,3,ocupada,0.9209446907043457,0.44376017016088876,2026-09-29T17:50:07.569-03:00
UFPR04,4,livre,0.9374406337738037,0.4145948506841593,2026-09-29T17:50:07.569-03:00
UFPR04,5,ocupada,0.8563164472579956,0.4135029337370751,2026-09-29T17:50:07.569-03:00
UFPR04,6,livre,0.927004873752594,0.4485559699440481,2026-09-29T17:50:07.569-03:00
UFPR04,7,ocupada,0.9113481640815735,0.40379752115983,2026-09-29T17:50:07.569-03:00
UFPR04,8,livre,0.8924469947814941,0.41207395193311463,2026-09-29T17:50:07.569-03:00
UFPR04,9,ocupada,0.7846662402153015,0.5041089702156286,2026-09-29T17:50:07.569-03:00
UFPR04,1,ocupada,0.9570293426513672,0.46865020752878545,2026-09-29T17:50:07.641-03:00
UFPR04,10,ocupada,0.954339861869812,0.5819805127838784,2026-09-29T17:50:07.641-03:00
UFPR04,11,ocupada,0.9191567897796631,0.47256377323664833,2026-09-29T17:50:07.641-03:00
UFPR04,12,ocupada,0.9061297178268433,0.5041079044825044,2026-09-29T17:50:07.641-03:00
UFPR04,13,livre,0.8821238875389099,0.6111640206555972,2026-09-29T17:50:07.641-03:00
UFPR04,14,livre,0.9137508869171143,0.5746199860358523,2026-09-29T17:50:07.641-03:00
UFPR04,15,livre,0.8563347458839417,0.5994411546953301,2026-09-29T17:50:07.641-03:00
UFPR04,16,ocupada,0.9402836561203003,0.5211642106334037,2026-09-29T17:50:07.641-03:00
UFPR04,17,ocupada,0.9196405410766602,0.5179842134414483,2026-09-29T17:50:07.641-03:00
UFPR04,18,livre,0.922073483467102,0.48654053666051555,2026-09-29T17:50:07.641-03:00
UFPR04,19,livre,0.9152097702026367,0.4763295456777837,2026-09-29T17:50:07.641-03:00
UFPR04,2,ocupada,0.9413721561431885,0.4519342762119496,2026-09-29T17:50:07.641-03:00
UFPR04,20,livre,0.933220624923706,0.4537885299124173,2026-09-29T17:50:07.641-03:00
UFPR04,21,livre,0.9214039444923401,0.43541911248641374,2026-09-29T17:50:07.641-03:00
UFPR04,22,ocupada,0.9292177557945251,0.5963295893252457,2026-09-29T17:50:07.641-03:00
UFPR04,23,ocupada,0.9442012906074524,0.5466318153669394,2026-09-29T17:50:07.641-03:00
UFPR04,24,ocupada,0.9373407363891602,0.5310038117094357,2026-09-29T17:50:07.641-03:00
UFPR04,25,ocupada,0.913444459438324,0.5383001118629679,2026-09-29T17:50:07.641-03:00
UFPR04,26,ocupada,0.9220029711723328,0.5143941536835536,2026-09-29T17:50:07.641-03:00
UFPR04,27,livre,0.9106858372688293,0.4807389508912047,2026-09-29T17:50:07.641-03:00
UFPR04,28,livre,0.9377105832099915,0.4866393007713673,2026-09-29T17:50:07.641-03:00
UFPR04,3,ocupada,0.9440428614616394,0.43925003278000324,2026-09-29T17:50:07.641-03:00
UFPR04,4,livre,0.9239367842674255,0.42724316460848005,2026-09-29T17:50:07.641-03:00
UFPR04,5,ocupada,0.9031639099121094,0.4152375790427141,2026-09-29T17:50:07.641-03:00
UFPR04,6,livre,0.9269506931304932,0.4462162997468801,2026-09-29T17:50:07.641-03:00
UFPR04,7,ocupada,0.9096375107765198,0.40903186452322343,2026-09-29T17:50:07.641-03:00
UFPR04,8,livre,0.8874224424362183,0.4150014479683016,2026-09-29T17:50:07.641-03:00
UFPR04,9,ocupada,0.8498042225837708,0.5025753238607717,2026-09-29T17:50:07.641-03:00
UFPR04,1,ocupada,0.960425853729248,0.4766911904131629,2026-09-29T17:50:07.702-03:00
UFPR04,10,ocupada,0.9470274448394775,0.5656639965337984,2026-09-29T17:50:07.702-03:00
UFPR04,11,ocupada,0.9021405577659607,0.4932383300107513,2026-09-29T17:50:07.702-03:00
UFPR04,12,ocupada,0.9189118146896362,0.5185653613853608,2026-09-29T17:50:07.702-03:00
UFPR04,13,livre,0.8887390494346619,0.6102691458166257,2026-09-29T17:50:07.702-03:00
UFPR04,14,livre,0.9156234860420227,0.5664216582041882,2026-09-29T17:50:07.702-03:00
UFPR04,15,livre,0.8795106410980225,0.5735565986218732,2026-09-29T17:50:07.702-03:00
UFPR04,16,ocupada,0.9408576488494873,0.5204460620136785,2026-09-29T17:50:07.702-03:00
UFPR04,17,ocupada,0.9137135148048401,0.5274387690842874,2026-09-29T17:50:07.702-03:00
UFPR04,18,livre,0.923697829246521,0.4851069601903375,2026-09-29T17:50:07.702-03:00
UFPR04,19,livre,0.9220752120018005,0.47585012590834813,2026-09-29T17:50:07.702-03:00
UFPR04,2,ocupada,0.9458826780319214,0.44839340728109406,2026-09-29T17:50:07.702-03:00
UFPR04,20,livre,0.9284451603889465,0.4584254537698495,2026-09-29T17:50:07.702-03:00
UFPR04,21,livre,0.9243304133415222,0.42890455581114756,2026-09-29T17:50:07.702-03:00
UFPR04,22,ocupada,0.9315533638000488,0.5948420667542578,2026-09-29T17:50:07.702-03:00
UFPR04,23,ocupada,0.9407070279121399,0.5578026163597035,2026-09-29T17:50:07.702-03:00
UFPR04,24,ocupada,0.9325441718101501,0.5241798616154263,2026-09-29T17:50:07.702-03:00
UFPR04,25,ocupada,0.919096052646637,0.5166463374010973,2026-09-29T17:50:07.702-03:00
UFPR04,26,ocupada,0.9301331043243408,0.507687038732446,2026-09-29T17:50:07.702-03:00
UFPR04,27,livre,0.9064940214157104,0.4754909800404665,2026-09-29T17:50:07.702-03:00
UFPR04,28,livre,0.9257907867431641,0.47174212516963643,2026-09-29T17:50:07.702-03:00
UFPR04,3,ocupada,0.9327420592308044,0.4425423222059447,2026-09-29T17:50:07.702-03:00
UFPR04,4,livre,0.9234568476676941,0.433779815486264,2026-09-29T17:50:07.702-03:00
UFPR04,5,ocupada,0.8954504132270813,0.4098309368065978,2026-09-29T17:50:07.702-03:00
UFPR04,6,livre,0.9211359024047852,0.4446253591850239,2026-09-29T17:50:07.702-03:00
UFPR04,7,ocupada,0.9097570776939392,0.4173892280883807,2026-09-29T17:50:07.702-03:00
UFPR04,8,livre,0.8892610669136047,0.41749970119695967,2026-09-29T17:50:07.702-03:00
UFPR04,9,ocupada,0.7980687618255615,0.5280336337522781,2026-09-29T17:50:07.702-03:00
UFPR04,1,ocupada,0.9620282053947449,0.4776145842716585,2026-09-29T17:50:07.764-03:00
UFPR04,10,ocupada,0.9493286609649658,0.5733442858369157,2026-09-29T17:50:07.764-03:00
UFPR04,11,ocupada,0.893024742603302,0.49570944183055166,2026-09-29T17:50:07.764-03:00
UFPR04,12,ocupada,0.9172500967979431,0.5130872337685886,2026-09-29T17:50:07.764-03:00
UFPR04,13,livre,0.8923205137252808,0.6160944219403108,2026-09-29T17:50:07.764-03:00
UFPR04,14,livre,0.9139840006828308,0.5776497784739365,2026-09-29T17:50:07.764-03:00
UFPR04,15,livre,0.8412350416183472,0.5925930689027261,2026-09-29T17:50:07.764-03:00
UFPR04,16,ocupada,0.9396966099739075,0.5267966437347072,2026-09-29T17:50:07.764-03:00
UFPR04,17,ocupada,0.9168528914451599,0.5296002101781347,2026-09-29T17:50:07.764-03:00
UFPR04,18,livre,0.9224259257316589,0.48408798462033803,2026-09-29T17:50:07.764-03:00
UFPR04,19,livre,0.9116652011871338,0.48140666026585033,2026-09-29T17:50:07.764-03:00
UFPR04,2,ocupada,0.9490161538124084,0.4648870644214046,2026-09-29T17:50:07.764-03:00
UFPR04,20,livre,0.9296640753746033,0.46544102708746204,2026-09-29T17:50:07.764-03:00
UFPR04,21,livre,0.9214237928390503,0.4311628535782016,2026-09-29T17:50:07.764-03:00
UFPR04,22,ocupada,0.9287277460098267,0.5852922594239331,2026-09-29T17:50:07.764-03:00
UFPR04,23,ocupada,0.9454293251037598,0.5627000558130221,2026-09-29T17:50:07.764-03:00
UFPR04,24,ocupada,0.9289593696594238,0.5304766258811877,2026-09-29T17:50:07.764-03:00
UFPR04,25,ocupada,0.9066915512084961,0.5300339843166116,2026-09-29T17:50:07.764-03:00
UFPR04,26,ocupada,0.9208360910415649,0.5045220604595015,2026-09-29T17:50:07.764-03:00
UFPR04,27,livre,0.9028216600418091,0.47754568271156844,2026-09-29T17:50:07.764-03:00
UFPR04,28,livre,0.9076500535011292,0.4865447458974246,2026-09-29T17:50:07.764-03:00
UFPR04,3,ocupada,0.9353765845298767,0.44226442747393474,2026-09-29T17:50:07.764-03:00
UFPR04,4,ocupada,0.9243894815444946,0.42903971944736086,2026-09-29T17:50:07.764-03:00
UFPR04,5,ocupada,0.8946739435195923,0.4209057873462236,2026-09-29T17:50:07.764-03:00
UFPR04,6,livre,0.9250604510307312,0.45940950416897985,2026-09-29T17:50:07.764-03:00
UFPR04,7,ocupada,0.9247629642486572,0.4300186429704888,2026-09-29T17:50:07.764-03:00
UFPR04,8,livre,0.9037763476371765,0.4270615265426826,2026-09-29T17:50:07.764-03:00
UFPR04,9,ocupada,0.8710471987724304,0.48433177895081364,2026-09-29T17:50:07.764-03:00
UFPR04,1,ocupada,0.9615466594696045,0.47501451434848535,2026-09-29T17:50:07.841-03:00
UFPR04,10,ocupada,0.9533479809761047,0.5787393512997904,2026-09-29T17:50:07.841-03:00
UFPR04,11,ocupada,0.8966663479804993,0.4979370960690136,2026-09-29T17:50:07.841-03:00
UFPR04,12,ocupada,0.9098821878433228,0.5122084477935592,2026-09-29T17:50:07.841-03:00
UFPR04,13,livre,0.8916460871696472,0.6216948536984985,2026-09-29T17:50:07.841-03:00
UFPR04,14,livre,0.9100494980812073,0.5800765544058233,2026-09-29T17:50:07.841-03:00
UFPR04,15,livre,0.8687047958374023,0.5802845641035893,2026-09-29T17:50:07.841-03:00
UFPR04,16,ocupada,0.938269317150116,0.5173966579814421,2026-09-29T17:50:07.841-03:00
UFPR04,17,ocupada,0.9185255169868469,0.5229833458676716,2026-09-29T17:50:07.841-03:00
UFPR04,18,livre,0.9209690690040588,0.4762463839217684,2026-09-29T17:50:07.841-03:00
UFPR04,19,livre,0.9156445264816284,0.48425503011996507,2026-09-29T17:50:07.841-03:00
UFPR04,2,ocupada,0.9461800456047058,0.4475559264786062,2026-09-29T17:50:07.841-03:00
UFPR04,20,livre,0.9305539727210999,0.45729418560291196,2026-09-29T17:50:07.841-03:00
UFPR04,21,livre,0.9220423698425293,0.4362008013252161,2026-09-29T17:50:07.841-03:00
UFPR04,22,ocupada,0.9260676503181458,0.5918100159094282,2026-09-29T17:50:07.841-03:00
UFPR04,23,ocupada,0.9452086091041565,0.5598958121574432,2026-09-29T17:50:07.841-03:00
UFPR04,24,ocupada,0.9324982762336731,0.5352193311362397,2026-09-29T17:50:07.841-03:00
UFPR04,25,ocupada,0.9115703701972961,0.5401550502032355,2026-09-29T17:50:07.841-03:00
UFPR04,26,ocupada,0.9247651696205139,0.4912455796100714,2026-09-29T17:50:07.841-03:00
UFPR04,27,livre,0.9057261347770691,0.47820569937955615,2026-09-29T17:50:07.841-03:00
UFPR04,28,livre,0.9203308820724487,0.48863906806601826,2026-09-29T17:50:07.841-03:00
UFPR04,3,ocupada,0.9330657124519348,0.4400385930038231,2026-09-29T17:50:07.841-03:00
UFPR04,4,ocupada,0.9373955130577087,0.43680341211997287,2026-09-29T17:50:07.841-03:00
UFPR04,5,ocupada,0.8824903964996338,0.3973791200477049,2026-09-29T17:50:07.841-03:00
UFPR04,6,livre,0.9001525640487671,0.45001161229060094,2026-09-29T17:50:07.841-03:00
UFPR04,7,ocupada,0.8932032585144043,0.4479786659342612,2026-09-29T17:50:07.841-03:00
UFPR04,8,livre,0.9036815166473389,0.420884968642006,2026-09-29T17:50:07.841-03:00
UFPR04,9,ocupada,0.8795338869094849,0.4777107296662835,2026-09-29T17:50:07.841-03:00
UFPR04,1,ocupada,0.963921844959259,0.47517764207904595,2026-09-29T17:50:07.913-03:00
UFPR04,10,ocupada,0.9467180371284485,0.5785611530755904,2026-09-29T17:50:07.913-03:00
UFPR04,11,ocupada,0.8976373076438904,0.49831430096516127,2026-09-29T17:50:07.913-03:00
UFPR04,12,ocupada,0.9215393662452698,0.5087214413490102,2026-09-29T17:50:07.913-03:00
UFPR04,13,livre,0.8950632810592651,0.6138227740539475,2026-09-29T17:50:07.913-03:00
UFPR04,14,livre,0.9088287949562073,0.5674367499494285,2026-09-29T17:50:07.913-03:00
UFPR04,15,livre,0.8818262219429016,0.5699130036993063,2026-09-29T17:50:07.913-03:00
UFPR04,16,ocupada,0.9388166069984436,0.5166365050714455,2026-09-29T17:50:07.913-03:00
UFPR04,17,ocupada,0.9165513515472412,0.5196388425616925,2026-09-29T17:50:07.913-03:00
UFPR04,18,livre,0.9216758608818054,0.4744071208076158,2026-09-29T17:50:07.913-03:00
UFPR04,19,livre,0.9218538403511047,0.48413739178346366,2026-09-29T17:50:07.913-03:00
UFPR04,2,ocupada,0.9448941946029663,0.45461736581229845,2026-09-29T17:50:07.913-03:00
UFPR04,20,livre,0.9261742234230042,0.45783502744695853,2026-09-29T17:50:07.913-03:00
UFPR04,21,livre,0.9254804253578186,0.43553892885653017,2026-09-29T17:50:07.913-03:00
UFPR04,22,ocupada,0.9289600849151611,0.5829130063688364,2026-09-29T17:50:07.913-03:00
UFPR04,23,ocupada,0.9460846185684204,0.5660490931544178,2026-09-29T17:50:07.913-03:00
UFPR04,24,ocupada,0.9289361238479614,0.5257068960010403,2026-09-29T17:50:07.913-03:00
UFPR04,25,ocupada,0.9112966656684875,0.5361764357653123,2026-09-29T17:50:07.913-03:00
UFPR04,26,ocupada,0.9159631133079529,0.49634167906089,2026-09-29T17:50:07.913-03:00
UFPR04,27,livre,0.9095847606658936,0.4797859617625679,2026-09-29T17:50:07.913-03:00
UFPR04,28,livre,0.924281895160675,0.4979858498421964,2026-09-29T17:50:07.913-03:00
UFPR04,3,ocupada,0.9341911673545837,0.43745473665331835,2026-09-29T17:50:07.913-03:00
UFPR04,4,ocupada,0.9268323183059692,0.4339171721083829,2026-09-29T17:50:07.913-03:00
UFPR04,5,ocupada,0.8848883509635925,0.3896285970420688,2026-09-29T17:50:07.913-03:00
UFPR04,6,livre,0.9016811847686768,0.4346431373807187,2026-09-29T17:50:07.913-03:00
UFPR04,7,ocupada,0.8848713636398315,0.45005136291236725,2026-09-29T17:50:07.913-03:00
UFPR04,8,livre,0.8998474478721619,0.43245534756755094,2026-09-29T17:50:07.913-03:00
UFPR04,9,livre,0.8747255206108093,0.4814793480059939,2026-09-29T17:50:07.913-03:00
UFPR04,1,ocupada,0.9643620848655701,0.469542188133943,2026-09-29T17:50:07.977-03:00
UFPR04,10,ocupada,0.9493938088417053,0.572670902802833,2026-09-29T17:50:07.977-03:00
UFPR04,11,ocupada,0.905748724937439,0.5058036991694768,2026-09-29T17:50:07.977-03:00
UFPR04,12,ocupada,0.925092875957489,0.5072013418657781,2026-09-29T17:50:07.977-03:00
UFPR04,13,livre,0.889916718006134,0.5882598521555397,2026-09-29T17:50:07.977-03:00
UFPR04,14,livre,0.9100522994995117,0.5634308041766216,2026-09-29T17:50:07.977-03:00
UFPR04,15,livre,0.8803857564926147,0.5636900469559508,2026-09-29T17:50:07.977-03:00
UFPR04,16,ocupada,0.9397740364074707,0.5121533486085579,2026-09-29T17:50:07.977-03:00
UFPR04,17,ocupada,0.9137672185897827,0.513886561856606,2026-09-29T17:50:07.977-03:00
UFPR04,18,livre,0.9197586178779602,0.48248213953508373,2026-09-29T17:50:07.977-03:00
UFPR04,19,livre,0.9306672215461731,0.47642769166855087,2026-09-29T17:50:07.977-03:00
UFPR04,2,ocupada,0.9424413442611694,0.4489930735860816,2026-09-29T17:50:07.977-03:00
UFPR04,20,livre,0.9299061298370361,0.45837564997926517,2026-09-29T17:50:07.977-03:00
UFPR04,21,livre,0.9268052577972412,0.43919465598068697,2026-09-29T17:50:07.977-03:00
UFPR04,22,ocupada,0.9345192313194275,0.5948402026854446,2026-09-29T17:50:07.977-03:00
UFPR04,23,ocupada,0.946535587310791,0.5664203061109627,2026-09-29T17:50:07.977-03:00
UFPR04,24,ocupada,0.9391094446182251,0.5258681741789695,2026-09-29T17:50:07.977-03:00
UFPR04,25,ocupada,0.9188036918640137,0.5388057320292179,2026-09-29T17:50:07.977-03:00
UFPR04,26,ocupada,0.9199886322021484,0.504587120167186,2026-09-29T17:50:07.977-03:00
UFPR04,27,livre,0.9117128849029541,0.48523732201982256,2026-09-29T17:50:07.977-03:00
UFPR04,28,livre,0.9102296233177185,0.5005764916803687,2026-09-29T17:50:07.977-03:00
UFPR04,3,ocupada,0.9366357326507568,0.42957812707173504,2026-09-29T17:50:07.977-03:00
UFPR04,4,ocupada,0.9229522943496704,0.41557129445084884,2026-09-29T17:50:07.977-03:00
UFPR04,5,ocupada,0.8725630044937134,0.4103996298769232,2026-09-29T17:50:07.977-03:00
UFPR04,6,ocupada,0.9119249582290649,0.4235801144405139,2026-09-29T17:50:07.977-03:00
UFPR04,7,ocupada,0.886176347732544,0.4384853347903762,2026-09-29T17:50:07.977-03:00
UFPR04,8,livre,0.9011200666427612,0.42512815240557983,2026-09-29T17:50:07.977-03:00
UFPR04,9,livre,0.8801432251930237,0.4954070249426922,2026-09-29T17:50:07.977-03:00
UFPR04,1,ocupada,0.9620476365089417,0.47172521632797343,2026-09-29T17:50:08.067-03:00
UFPR04,10,ocupada,0.9521612524986267,0.5823474194296493,2026-09-29T17:50:08.067-03:00
UFPR04,11,ocupada,0.8937938213348389,0.520948228456995,2026-09-29T17:50:08.067-03:00
UFPR04,12,ocupada,0.9289039969444275,0.519921982563827,2026-09-29T17:50:08.067-03:00
UFPR04,13,livre,0.8972437381744385,0.6108215273750524,2026-09-29T17:50:08.067-03:00
UFPR04,14,livre,0.9118783473968506,0.5616873464484008,2026-09-29T17:50:08.067-03:00
UFPR04,15,livre,0.8878834247589111,0.5761754926009961,2026-09-29T17:50:08.067-03:00
UFPR04,16,ocupada,0.937311053276062,0.5237735206510209,2026-09-29T17:50:08.067-03:00
UFPR04,17,ocupada,0.9124025702476501,0.5108590685544684,2026-09-29T17:50:08.067-03:00
UFPR04,18,livre,0.9240053296089172,0.48522691691826697,2026-09-29T17:50:08.067-03:00
UFPR04,19,livre,0.9310104250907898,0.47357032220925455,2026-09-29T17:50:08.067-03:00
UFPR04,2,ocupada,0.9418392181396484,0.4571267447631769,2026-09-29T17:50:08.067-03:00
UFPR04,20,livre,0.9315571784973145,0.46053135585844435,2026-09-29T17:50:08.067-03:00
UFPR04,21,livre,0.9313859939575195,0.4283377051369653,2026-09-29T17:50:08.067-03:00
UFPR04,22,ocupada,0.9289315938949585,0.5987357155262175,2026-09-29T17:50:08.067-03:00
UFPR04,23,ocupada,0.9439258575439453,0.5642104963697135,2026-09-29T17:50:08.067-03:00
UFPR04,24,ocupada,0.9321995973587036,0.5218282687350831,2026-09-29T17:50:08.067-03:00
UFPR04,25,ocupada,0.9140316843986511,0.5400713434730288,2026-09-29T17:50:08.067-03:00
UFPR04,26,ocupada,0.9199694395065308,0.5157063383364786,2026-09-29T17:50:08.067-03:00
UFPR04,27,livre,0.9119310975074768,0.49144759192640963,2026-09-29T17:50:08.067-03:00
UFPR04,28,livre,0.9180002212524414,0.4916117911231357,2026-09-29T17:50:08.067-03:00
UFPR04,3,ocupada,0.9348289370536804,0.43523600679392804,2026-09-29T17:50:08.067-03:00
UFPR04,4,ocupada,0.9319599866867065,0.42260465623292415,2026-09-29T17:50:08.067-03:00
UFPR04,5,ocupada,0.8842852115631104,0.39380788825827573,2026-09-29T17:50:08.067-03:00
UFPR04,6,ocupada,0.8957392573356628,0.438566238776263,2026-09-29T17:50:08.067-03:00
UFPR04,7,ocupada,0.8872438073158264,0.44921053352824974,2026-09-29T17:50:08.067-03:00
UFPR04,8,livre,0.9020000100135803,0.4209333736296047,2026-09-29T17:50:08.067-03:00
UFPR04,9,livre,0.8759466409683228,0.46962423711878026,2026-09-29T17:50:08.067-03:00
UFPR04,1,ocupada,0.9608063697814941,0.47262012668163456,2026-09-29T17:50:08.156-03:00
UFPR04,10,ocupada,0.9446911215782166,0.586745225177046,2026-09-29T17:50:08.156-03:00
UFPR04,11,ocupada,0.8996247053146362,0.4937831458662206,2026-09-29T17:50:08.156-03:00
UFPR04,12,ocupada,0.9256332516670227,0.5155146432430688,2026-09-29T17:50:08.156-03:00
UFPR04,13,livre,0.8956196904182434,0.6138342700668433,2026-09-29T17:50:08.156-03:00
UFPR04,14,livre,0.9088417291641235,0.5736528425926606,2026-09-29T17:50:08.156-03:00
UFPR04,15,livre,0.8855623602867126,0.5776669331787763,2026-09-29T17:50:08.156-03:00
UFPR04,16,ocupada,0.9354671239852905,0.5295420879517407,2026-09-29T17:50:08.156-03:00
UFPR04,17,ocupada,0.913310706615448,0.5149371207969753,2026-09-29T17:50:08.156-03:00
UFPR04,18,livre,0.9251973628997803,0.490312103603529,2026-09-29T17:50:08.156-03:00
UFPR04,19,livre,0.9297858476638794,0.4772676159414421,2026-09-29T17:50:08.156-03:00
UFPR04,2,ocupada,0.9390928149223328,0.4585550522178438,2026-09-29T17:50:08.156-03:00
UFPR04,20,livre,0.9326505661010742,0.46582249044155394,2026-09-29T17:50:08.156-03:00
UFPR04,21,livre,0.9342175126075745,0.4322097722261489,2026-09-29T17:50:08.156-03:00
UFPR04,22,ocupada,0.9265872240066528,0.6056513130989293,2026-09-29T17:50:08.156-03:00
UFPR04,23,ocupada,0.945424497127533,0.5664830306205461,2026-09-29T17:50:08.156-03:00
UFPR04,24,ocupada,0.933417797088623,0.52811101949134,2026-09-29T17:50:08.156-03:00
UFPR04,25,ocupada,0.9089539647102356,0.538067735226285,2026-09-29T17:50:08.156-03:00
UFPR04,26,ocupada,0.9217797517776489,0.5108662048347542,2026-09-29T17:50:08.156-03:00
UFPR04,27,livre,0.9093003869056702,0.48786961574536947,2026-09-29T17:50:08.156-03:00
UFPR04,28,livre,0.9107012748718262,0.4849183351190483,2026-09-29T17:50:08.156-03:00
UFPR04,3,ocupada,0.9354559779167175,0.4307455015363803,2026-09-29T17:50:08.156-03:00
UFPR04,4,ocupada,0.9271041750907898,0.42744674607232996,2026-09-29T17:50:08.156-03:00
UFPR04,5,ocupada,0.8773618340492249,0.4007252175227551,2026-09-29T17:50:08.156-03:00
UFPR04,6,ocupada,0.9024220705032349,0.4402183102257033,2026-09-29T17:50:08.156-03:00
UFPR04,7,ocupada,0.8813151717185974,0.44284568159300053,2026-09-29T17:50:08.156-03:00
UFPR04,8,livre,0.9052131772041321,0.4211019808178669,2026-09-29T17:50:08.156-03:00
UFPR04,9,livre,0.8706570863723755,0.47529722988996365,2026-09-29T17:50:08.156-03:00
UFPR04,1,ocupada,0.9610307812690735,0.4725280463062115,2026-09-29T17:50:08.218-03:00
UFPR04,10,ocupada,0.9561468362808228,0.5972169937732471,2026-09-29T17:50:08.218-03:00
UFPR04,11,ocupada,0.8960909843444824,0.5002304802418451,2026-09-29T17:50:08.218-03:00
UFPR04,12,ocupada,0.9220704436302185,0.5080102359725012,2026-09-29T17:50:08.218-03:00
UFPR04,13,livre,0.8957278728485107,0.6059971500514524,2026-09-29T17:50:08.218-03:00
UFPR04,14,livre,0.9028199911117554,0.5769068513453821,2026-09-29T17:50:08.218-03:00
UFPR04,15,livre,0.8600279688835144,0.5759470907724503,2026-09-29T17:50:08.218-03:00
UFPR04,16,ocupada,0.9407817125320435,0.5174416861614712,2026-09-29T17:50:08.218-03:00
UFPR04,17,ocupada,0.9137634634971619,0.516338795590464,2026-09-29T17:50:08.218-03:00
UFPR04,18,livre,0.919928789138794,0.4799620118341302,2026-09-29T17:50:08.218-03:00
UFPR04,19,livre,0.925080418586731,0.47424836879342624,2026-09-29T17:50:08.218-03:00
UFPR04,2,ocupada,0.9394047260284424,0.44807277491932634,2026-09-29T17:50:08.218-03:00
UFPR04,20,livre,0.9335702061653137,0.4578012538825373,2026-09-29T17:50:08.218-03:00
UFPR04,21,livre,0.937895655632019,0.4277380254097016,2026-09-29T17:50:08.218-03:00
UFPR04,22,ocupada,0.9392627477645874,0.5864429074108628,2026-09-29T17:50:08.218-03:00
UFPR04,23,ocupada,0.9469707608222961,0.5726160810647672,2026-09-29T17:50:08.218-03:00
UFPR04,24,ocupada,0.9312292337417603,0.5252968254203598,2026-09-29T17:50:08.218-03:00
UFPR04,25,ocupada,0.9116690754890442,0.5359306170394651,2026-09-29T17:50:08.218-03:00
UFPR04,26,ocupada,0.9192350506782532,0.5022952551844364,2026-09-29T17:50:08.218-03:00
UFPR04,27,livre,0.9174253344535828,0.4967852221183415,2026-09-29T17:50:08.218-03:00
UFPR04,28,livre,0.9183372855186462,0.5068545448300018,2026-09-29T17:50:08.218-03:00
UFPR04,3,ocupada,0.934786856174469,0.43035081638384315,2026-09-29T17:50:08.218-03:00
UFPR04,4,ocupada,0.9393677115440369,0.4287443392231246,2026-09-29T17:50:08.218-03:00
UFPR04,5,ocupada,0.8799852132797241,0.4097046590135494,2026-09-29T17:50:08.218-03:00
UFPR04,6,ocupada,0.8972507119178772,0.4339432673418313,2026-09-29T17:50:08.218-03:00
UFPR04,7,ocupada,0.8874562978744507,0.447010137634098,2026-09-29T17:50:08.218-03:00
UFPR04,8,livre,0.9043847322463989,0.41584041108316716,2026-09-29T17:50:08.218-03:00
UFPR04,9,livre,0.8757473826408386,0.48302694975528476,2026-09-29T17:50:08.218-03:00
UFPR04,1,ocupada,0.9635599255561829,0.4762431322714716,2026-09-29T17:50:08.276-03:00
UFPR04,10,ocupada,0.9536646604537964,0.5756842929690238,2026-09-29T17:50:08.276-03:00
UFPR04,11,ocupada,0.8962998390197754,0.5164421560573988,2026-09-29T17:50:08.276-03:00
UFPR04,12,ocupada,0.9186945557594299,0.5137014855523165,2026-09-29T17:50:08.276-03:00
UFPR04,13,livre,0.8945378065109253,0.5952975023121811,2026-09-29T17:50:08.276-03:00
UFPR04,14,livre,0.9067562818527222,0.5759827486225282,2026-09-29T17:50:08.276-03:00
UFPR04,15,livre,0.8802536725997925,0.5695901646214312,2026-09-29T17:50:08.276-03:00
UFPR04,16,ocupada,0.938337504863739,0.5127853026586475,2026-09-29T17:50:08.276-03:00
UFPR04,17,ocupada,0.9149923920631409,0.5061177327432983,2026-09-29T17:50:08.276-03:00
UFPR04,18,livre,0.9209785461425781,0.47028258973031833,2026-09-29T17:50:08.276-03:00
UFPR04,19,livre,0.9204862117767334,0.48026799534884923,2026-09-29T17:50:08.276-03:00
UFPR04,2,ocupada,0.9463891386985779,0.4489813104476125,2026-09-29T17:50:08.276-03:00
UFPR04,20,livre,0.9340320229530334,0.46012495754654276,2026-09-29T17:50:08.276-03:00
UFPR04,21,livre,0.9375258088111877,0.43117996464826336,2026-09-29T17:50:08.276-03:00
UFPR04,22,ocupada,0.932268500328064,0.5920794412489657,2026-09-29T17:50:08.276-03:00
UFPR04,23,ocupada,0.9449574947357178,0.5648821442354922,2026-09-29T17:50:08.276-03:00
UFPR04,24,ocupada,0.9323981404304504,0.5251243993449338,2026-09-29T17:50:08.276-03:00
UFPR04,25,ocupada,0.9341544508934021,0.5318981582670812,2026-09-29T17:50:08.276-03:00
UFPR04,26,ocupada,0.927918016910553,0.5025649459600569,2026-09-29T17:50:08.276-03:00
UFPR04,27,livre,0.8987370133399963,0.5051754378382556,2026-09-29T17:50:08.276-03:00
UFPR04,28,livre,0.912116527557373,0.5109510668101094,2026-09-29T17:50:08.276-03:00
UFPR04,3,ocupada,0.9358282089233398,0.4256218588853946,2026-09-29T17:50:08.276-03:00
UFPR04,4,ocupada,0.9377114176750183,0.42811973193151504,2026-09-29T17:50:08.276-03:00
UFPR04,5,ocupada,0.8844466209411621,0.4013704784943121,2026-09-29T17:50:08.276-03:00
UFPR04,6,ocupada,0.9046143889427185,0.4317852185148902,2026-09-29T17:50:08.276-03:00
UFPR04,7,ocupada,0.8923355937004089,0.4446373391031447,2026-09-29T17:50:08.276-03:00
UFPR04,8,livre,0.9027490019798279,0.40681362249746855,2026-09-29T17:50:08.276-03:00
UFPR04,9,livre,0.8766958117485046,0.4718628532020466,2026-09-29T17:50:08.276-03:00
UFPR04,1,ocupada,0.9626985788345337,0.4703254647528262,2026-09-29T17:50:08.337-03:00
UFPR04,10,ocupada,0.9504222273826599,0.5717868682604902,2026-09-29T17:50:08.337-03:00
UFPR04,11,ocupada,0.8971315622329712,0.4958819700586242,2026-09-29T17:50:08.337-03:00
UFPR04,12,ocupada,0.9214386343955994,0.510556705821518,2026-09-29T17:50:08.337-03:00
UFPR04,13,livre,0.8941706418991089,0.5941575654183893,2026-09-29T17:50:08.337-03:00
UFPR04,14,livre,0.9146585464477539,0.5540949310732807,2026-09-29T17:50:08.337-03:00
UFPR04,15,livre,0.8816699385643005,0.5626639666760587,2026-09-29T17:50:08.337-03:00
UFPR04,16,ocupada,0.938759982585907,0.5110399897723589,2026-09-29T17:50:08.337-03:00
UFPR04,17,ocupada,0.9149651527404785,0.5092815741918206,2026-09-29T17:50:08.337-03:00
UFPR04,18,livre,0.9226261377334595,0.4653084794395398,2026-09-29T17:50:08.337-03:00
UFPR04,19,livre,0.9272853136062622,0.4684267092515018,2026-09-29T17:50:08.337-03:00
UFPR04,2,ocupada,0.9402206540107727,0.4639491737684234,2026-09-29T17:50:08.337-03:00
UFPR04,20,livre,0.932891309261322,0.4566045611061924,2026-09-29T17:50:08.337-03:00
UFPR04,21,livre,0.9355021119117737,0.4288533229170887,2026-09-29T17:50:08.337-03:00
UFPR04,22,ocupada,0.9326993227005005,0.5844748980524638,2026-09-29T17:50:08.337-03:00
UFPR04,23,ocupada,0.9463045001029968,0.570102391196671,2026-09-29T17:50:08.337-03:00
UFPR04,24,ocupada,0.9315303564071655,0.5224090268648327,2026-09-29T17:50:08.337-03:00
UFPR04,25,ocupada,0.9203535914421082,0.525906212082964,2026-09-29T17:50:08.337-03:00
UFPR04,26,ocupada,0.9321780800819397,0.5025200886320963,2026-09-29T17:50:08.337-03:00
UFPR04,27,livre,0.9054375290870667,0.4749664366831242,2026-09-29T17:50:08.337-03:00
UFPR04,28,livre,0.9140664339065552,0.5011940166437792,2026-09-29T17:50:08.337-03:00
UFPR04,3,ocupada,0.9368991255760193,0.42486536621865684,2026-09-29T17:50:08.337-03:00
UFPR04,4,ocupada,0.9361460208892822,0.4291484717758071,2026-09-29T17:50:08.337-03:00
UFPR04,5,ocupada,0.8925573825836182,0.40116527600135615,2026-09-29T17:50:08.337-03:00
UFPR04,6,ocupada,0.898106575012207,0.4284170086332566,2026-09-29T17:50:08.337-03:00
UFPR04,7,ocupada,0.8960418701171875,0.43196923393637593,2026-09-29T17:50:08.337-03:00
UFPR04,8,livre,0.9038878679275513,0.41231689682358813,2026-09-29T17:50:08.337-03:00
UFPR04,9,livre,0.8805621266365051,0.45760988867590763,2026-09-29T17:50:08.337-03:00
UFPR04,1,ocupada,0.962424099445343,0.473050855235036,2026-09-29T17:50:08.395-03:00
UFPR04,10,ocupada,0.9548522233963013,0.5880426325646008,2026-09-29T17:50:08.395-03:00
UFPR04,11,ocupada,0.896209716796875,0.519967055537084,2026-09-29T17:50:08.395-03:00
UFPR04,12,ocupada,0.9212854504585266,0.5158665878453117,2026-09-29T17:50:08.395-03:00
UFPR04,13,livre,0.8898891806602478,0.6217426010420156,2026-09-29T17:50:08.395-03:00
UFPR04,14,livre,0.9095935225486755,0.570794827967608,2026-09-29T17:50:08.395-03:00
UFPR04,15,livre,0.8832908868789673,0.5727138157935203,2026-09-29T17:50:08.395-03:00
UFPR04,16,ocupada,0.9395782351493835,0.5317891467262373,2026-09-29T17:50:08.395-03:00
UFPR04,17,ocupada,0.9216588735580444,0.5211752067169871,2026-09-29T17:50:08.395-03:00
UFPR04,18,livre,0.9218640327453613,0.4831511153525297,2026-09-29T17:50:08.395-03:00
UFPR04,19,livre,0.9148057103157043,0.48430484413730107,2026-09-29T17:50:08.395-03:00
UFPR04,2,ocupada,0.9438464641571045,0.4545671216924849,2026-09-29T17:50:08.395-03:00
UFPR04,20,livre,0.9283765554428101,0.46802804392939007,2026-09-29T17:50:08.395-03:00
UFPR04,21,livre,0.9346948862075806,0.43130278894150675,2026-09-29T17:50:08.395-03:00
UFPR04,22,ocupada,0.9297223687171936,0.5888107924345767,2026-09-29T17:50:08.395-03:00
UFPR04,23,ocupada,0.9517408013343811,0.5686001289974859,2026-09-29T17:50:08.395-03:00
UFPR04,24,ocupada,0.9308432936668396,0.5353886917280632,2026-09-29T17:50:08.395-03:00
UFPR04,25,ocupada,0.9170781373977661,0.523159426588541,2026-09-29T17:50:08.395-03:00
UFPR04,26,ocupada,0.9285579323768616,0.4922066476529094,2026-09-29T17:50:08.395-03:00
UFPR04,27,livre,0.9086976647377014,0.47942612630248693,2026-09-29T17:50:08.395-03:00
UFPR04,28,livre,0.9122490286827087,0.5052919126408346,2026-09-29T17:50:08.395-03:00
UFPR04,3,ocupada,0.9322758913040161,0.4379732423738121,2026-09-29T17:50:08.395-03:00
UFPR04,4,ocupada,0.922712504863739,0.43115935516778076,2026-09-29T17:50:08.395-03:00
UFPR04,5,ocupada,0.9069158434867859,0.4041959474441276,2026-09-29T17:50:08.395-03:00
UFPR04,6,ocupada,0.8888623118400574,0.42672353268502683,2026-09-29T17:50:08.395-03:00
UFPR04,7,ocupada,0.8809825778007507,0.448689499047158,2026-09-29T17:50:08.395-03:00
UFPR04,8,livre,0.8982734084129333,0.4254951399114884,2026-09-29T17:50:08.395-03:00
UFPR04,9,livre,0.8690140247344971,0.4676606996186513,2026-09-29T17:50:08.395-03:00
UFPR04,1,ocupada,0.9613201022148132,0.47313385844565187,2026-09-29T17:50:08.458-03:00
UFPR04,10,ocupada,0.9575565457344055,0.6074179363877219,2026-09-29T17:50:08.458-03:00
UFPR04,11,ocupada,0.8999103307723999,0.5249150675231233,2026-09-29T17:50:08.458-03:00
UFPR04,12,ocupada,0.925387978553772,0.5136771785628574,2026-09-29T17:50:08.458-03:00
UFPR04,13,livre,0.8902120590209961,0.6089466269522854,2026-09-29T17:50:08.458-03:00
UFPR04,14,livre,0.909654974937439,0.571684269768341,2026-09-29T17:50:08.458-03:00
UFPR04,15,livre,0.8865602016448975,0.5875973684246265,2026-09-29T17:50:08.458-03:00
UFPR04,16,ocupada,0.9371175765991211,0.5167283215095162,2026-09-29T17:50:08.458-03:00
UFPR04,17,ocupada,0.9172433018684387,0.5191972172818078,2026-09-29T17:50:08.458-03:00
UFPR04,18,livre,0.9214752912521362,0.4838306809708952,2026-09-29T17:50:08.458-03:00
UFPR04,19,livre,0.9299241900444031,0.46520927389502575,2026-09-29T17:50:08.458-03:00
UFPR04,2,ocupada,0.9372623562812805,0.4605809239573356,2026-09-29T17:50:08.458-03:00
UFPR04,20,livre,0.9300060272216797,0.46503358740368483,2026-09-29T17:50:08.458-03:00
UFPR04,21,livre,0.933266282081604,0.4464362404373596,2026-09-29T17:50:08.458-03:00
UFPR04,22,ocupada,0.9388424754142761,0.5931146692029322,2026-09-29T17:50:08.458-03:00
UFPR04,23,ocupada,0.9485969543457031,0.5643734261307912,2026-09-29T17:50:08.458-03:00
UFPR04,24,ocupada,0.9319576621055603,0.5265725505762766,2026-09-29T17:50:08.458-03:00
UFPR04,25,ocupada,0.9335116744041443,0.5273774562534619,2026-09-29T17:50:08.458-03:00
UFPR04,26,ocupada,0.9236344695091248,0.5222103635798265,2026-09-29T17:50:08.458-03:00
UFPR04,27,livre,0.9079362154006958,0.5094493933786908,2026-09-29T17:50:08.458-03:00
UFPR04,28,livre,0.925571084022522,0.5087563662537573,2026-09-29T17:50:08.458-03:00
UFPR04,3,ocupada,0.9358646869659424,0.424553083243594,2026-09-29T17:50:08.458-03:00
UFPR04,4,ocupada,0.9228230118751526,0.42844060167480835,2026-09-29T17:50:08.458-03:00
UFPR04,5,ocupada,0.8783642649650574,0.40734922810452673,2026-09-29T17:50:08.458-03:00
UFPR04,6,ocupada,0.9134202599525452,0.4339013348842507,2026-09-29T17:50:08.458-03:00
UFPR04,7,ocupada,0.8929527401924133,0.4472375036075968,2026-09-29T17:50:08.458-03:00
UFPR04,8,livre,0.8853265643119812,0.41861330055462165,2026-09-29T17:50:08.458-03:00
UFPR04,9,livre,0.8695840835571289,0.48542001930337,2026-09-29T17:50:08.458-03:00
UFPR04,1,ocupada,0.9626597166061401,0.46864885247167404,2026-09-29T17:50:08.527-03:00
UFPR04,10,ocupada,0.9571310877799988,0.6121776088705215,2026-09-29T17:50:08.527-03:00
UFPR04,11,ocupada,0.8950181603431702,0.5119570518123687,2026-09-29T17:50:08.527-03:00
UFPR04,12,ocupada,0.9053808450698853,0.5007305412303217,2026-09-29T17:50:08.527-03:00
UFPR04,13,livre,0.8897740244865417,0.5847917256719071,2026-09-29T17:50:08.527-03:00
UFPR04,14,livre,0.9063100218772888,0.5728319146235318,2026-09-29T17:50:08.527-03:00
UFPR04,15,livre,0.8833749294281006,0.5829587417411489,2026-09-29T17:50:08.527-03:00
UFPR04,16,ocupada,0.937770664691925,0.520143331476279,2026-09-29T17:50:08.527-03:00
UFPR04,17,ocupada,0.909980297088623,0.5165935362957824,2026-09-29T17:50:08.527-03:00
UFPR04,18,livre,0.9208400845527649,0.4812864921134815,2026-09-29T17:50:08.527-03:00
UFPR04,19,livre,0.9273910522460938,0.463963029963223,2026-09-29T17:50:08.527-03:00
UFPR04,2,ocupada,0.9396405220031738,0.448520232104923,2026-09-29T17:50:08.527-03:00
UFPR04,20,livre,0.9325089454650879,0.4606019573478157,2026-09-29T17:50:08.527-03:00
UFPR04,21,livre,0.9383344650268555,0.43308852650877255,2026-09-29T17:50:08.527-03:00
UFPR04,22,ocupada,0.9394557476043701,0.5801157738906897,2026-09-29T17:50:08.527-03:00
UFPR04,23,ocupada,0.9376449584960938,0.5701441776130628,2026-09-29T17:50:08.527-03:00
UFPR04,24,ocupada,0.9287328124046326,0.5185769194986883,2026-09-29T17:50:08.527-03:00
UFPR04,25,ocupada,0.938425600528717,0.5287153184933128,2026-09-29T17:50:08.527-03:00
UFPR04,26,ocupada,0.9276609420776367,0.523051518575802,2026-09-29T17:50:08.527-03:00
UFPR04,27,livre,0.9108883738517761,0.5127798248658726,2026-09-29T17:50:08.527-03:00
UFPR04,28,livre,0.9203029870986938,0.5088426257406854,2026-09-29T17:50:08.527-03:00
UFPR04,3,ocupada,0.939380407333374,0.4329670487116956,2026-09-29T17:50:08.527-03:00
UFPR04,4,ocupada,0.9318907856941223,0.43462784161415546,2026-09-29T17:50:08.527-03:00
UFPR04,5,ocupada,0.889458179473877,0.4281724693911163,2026-09-29T17:50:08.527-03:00
UFPR04,6,ocupada,0.910902738571167,0.42932753848539695,2026-09-29T17:50:08.527-03:00
UFPR04,7,ocupada,0.8828496932983398,0.43804928967979717,2026-09-29T17:50:08.527-03:00
UFPR04,8,livre,0.8943877220153809,0.4239536649561949,2026-09-29T17:50:08.527-03:00
UFPR04,9,livre,0.8680456280708313,0.48828619716628413,2026-09-29T17:50:08.527-03:00
UFPR04,1,ocupada,0.9633604884147644,0.4706474637652515,2026-09-29T17:50:08.595-03:00
UFPR04,10,ocupada,0.9585838913917542,0.562885729789356,2026-09-29T17:50:08.595-03:00
UFPR04,11,ocupada,0.9122411012649536,0.5099367561689152,2026-09-29T17:50:08.595-03:00
UFPR04,12,ocupada,0.9254300594329834,0.5048539572238442,2026-09-29T17:50:08.595-03:00
UFPR04,13,livre,0.9071601629257202,0.587378919833445,2026-09-29T17:50:08.595-03:00
UFPR04,14,livre,0.9200744032859802,0.5668349701610289,2026-09-29T17:50:08.595-03:00
UFPR04,15,livre,0.893700897693634,0.5575132764734363,2026-09-29T17:50:08.595-03:00
UFPR04,16,ocupada,0.9439592361450195,0.5096380054745356,2026-09-29T17:50:08.595-03:00
UFPR04,17,ocupada,0.917553186416626,0.5072659261169513,2026-09-29T17:50:08.595-03:00
UFPR04,18,livre,0.9244967699050903,0.47453045148020917,2026-09-29T17:50:08.595-03:00
UFPR04,19,livre,0.9217042326927185,0.47878166177720244,2026-09-29T17:50:08.595-03:00
UFPR04,2,ocupada,0.9405191540718079,0.44772508352660084,2026-09-29T17:50:08.595-03:00
UFPR04,20,livre,0.9317708611488342,0.46274151165164823,2026-09-29T17:50:08.595-03:00
UFPR04,21,livre,0.9302687048912048,0.43072057670807046,2026-09-29T17:50:08.595-03:00
UFPR04,22,ocupada,0.9411970376968384,0.5846419861872206,2026-09-29T17:50:08.595-03:00
UFPR04,23,ocupada,0.9469308853149414,0.5699127187072806,2026-09-29T17:50:08.595-03:00
UFPR04,24,ocupada,0.9363124966621399,0.5360085660356211,2026-09-29T17:50:08.595-03:00
UFPR04,25,ocupada,0.922356367111206,0.5302391692539431,2026-09-29T17:50:08.595-03:00
UFPR04,26,ocupada,0.9330990314483643,0.518128963347362,2026-09-29T17:50:08.595-03:00
UFPR04,27,livre,0.9162906408309937,0.491039755192175,2026-09-29T17:50:08.595-03:00
UFPR04,28,livre,0.9201313257217407,0.49598348884918686,2026-09-29T17:50:08.595-03:00
UFPR04,3,ocupada,0.9349513649940491,0.4152469749379513,2026-09-29T17:50:08.595-03:00
UFPR04,4,ocupada,0.94461989402771,0.4279279413357334,2026-09-29T17:50:08.595-03:00
UFPR04,5,ocupada,0.8864975571632385,0.40015576315336276,2026-09-29T17:50:08.595-03:00
UFPR04,6,ocupada,0.8890987038612366,0.43636265296054166,2026-09-29T17:50:08.595-03:00
UFPR04,7,ocupada,0.8882423639297485,0.42238031511150864,2026-09-29T17:50:08.595-03:00
UFPR04,8,livre,0.9059455990791321,0.422288397393218,2026-09-29T17:50:08.595-03:00
UFPR04,9,livre,0.8609874844551086,0.469089513495328,2026-09-29T17:50:08.595-03:00
UFPR04,1,ocupada,0.9583256840705872,0.47126293385494195,2026-09-29T17:50:08.676-03:00
UFPR04,10,ocupada,0.95809406042099,0.5952714186018347,2026-09-29T17:50:08.676-03:00
UFPR04,11,ocupada,0.8959206342697144,0.510985141251457,2026-09-29T17:50:08.676-03:00
UFPR04,12,ocupada,0.9153627157211304,0.5058005106423729,2026-09-29T17:50:08.676-03:00
UFPR04,13,livre,0.8828542232513428,0.5927695182381902,2026-09-29T17:50:08.676-03:00
UFPR04,14,livre,0.9188881516456604,0.5649904737146673,2026-09-29T17:50:08.676-03:00
UFPR04,15,livre,0.8611005544662476,0.5727487527342913,2026-09-29T17:50:08.676-03:00
UFPR04,16,ocupada,0.9390503168106079,0.5251701087729197,2026-09-29T17:50:08.676-03:00
UFPR04,17,ocupada,0.9092697501182556,0.523137115534354,2026-09-29T17:50:08.676-03:00
UFPR04,18,livre,0.9247289299964905,0.4666768448131521,2026-09-29T17:50:08.676-03:00
UFPR04,19,livre,0.9311513304710388,0.46939339521638795,2026-09-29T17:50:08.676-03:00
UFPR04,2,ocupada,0.9265941381454468,0.4477442209461218,2026-09-29T17:50:08.676-03:00
UFPR04,20,livre,0.9328181743621826,0.45727493940320063,2026-09-29T17:50:08.676-03:00
UFPR04,21,livre,0.9396576881408691,0.4373166488997347,2026-09-29T17:50:08.676-03:00
UFPR04,22,ocupada,0.9439448714256287,0.5880600717925912,2026-09-29T17:50:08.676-03:00
UFPR04,23,ocupada,0.9496333599090576,0.5754778037802183,2026-09-29T17:50:08.676-03:00
UFPR04,24,ocupada,0.9328094720840454,0.5182703474288591,2026-09-29T17:50:08.676-03:00
UFPR04,25,ocupada,0.9134711027145386,0.5389188773560687,2026-09-29T17:50:08.676-03:00
UFPR04,26,ocupada,0.9246252179145813,0.5083910436589159,2026-09-29T17:50:08.676-03:00
UFPR04,27,livre,0.9169095158576965,0.4985200153821784,2026-09-29T17:50:08.676-03:00
UFPR04,28,livre,0.9355933666229248,0.5102185558316239,2026-09-29T17:50:08.676-03:00
UFPR04,3,ocupada,0.9385146498680115,0.42071812993338503,2026-09-29T17:50:08.676-03:00
UFPR04,4,ocupada,0.9165617823600769,0.42612322058418,2026-09-29T17:50:08.676-03:00
UFPR04,5,ocupada,0.8828942775726318,0.4236090470624641,2026-09-29T17:50:08.676-03:00
UFPR04,6,ocupada,0.9082054495811462,0.43647150502834664,2026-09-29T17:50:08.676-03:00
UFPR04,7,ocupada,0.8937912583351135,0.4314474445126196,2026-09-29T17:50:08.676-03:00
UFPR04,8,livre,0.9079747200012207,0.4232767473533588,2026-09-29T17:50:08.676-03:00
UFPR04,9,livre,0.8678799271583557,0.4954977768884406,2026-09-29T17:50:08.676-03:00
UFPR04,1,ocupada,0.9534896016120911,0.47862571546971777,2026-09-29T17:50:08.743-03:00
UFPR04,10,ocupada,0.9553115367889404,0.5936398088425794,2026-09-29T17:50:08.743-03:00
UFPR04,11,ocupada,0.896910548210144,0.5265755775313008,2026-09-29T17:50:08.743-03:00
UFPR04,12,ocupada,0.9091237783432007,0.5078092103321733,2026-09-29T17:50:08.743-03:00
UFPR04,13,livre,0.8813437819480896,0.5892166908991554,2026-09-29T17:50:08.743-03:00
UFPR04,14,livre,0.9193062782287598,0.5662471824974268,2026-09-29T17:50:08.743-03:00
UFPR04,15,livre,0.8536327481269836,0.5727680929516344,2026-09-29T17:50:08.743-03:00
UFPR04,16,ocupada,0.9277443885803223,0.5205530235003288,2026-09-29T17:50:08.743-03:00
UFPR04,17,ocupada,0.9129688739776611,0.5125741928638777,2026-09-29T17:50:08.743-03:00
UFPR04,18,livre,0.9256011843681335,0.4674774713396225,2026-09-29T17:50:08.743-03:00
UFPR04,19,livre,0.929449200630188,0.46165502284779725,2026-09-29T17:50:08.743-03:00
UFPR04,2,ocupada,0.9288160800933838,0.4499005171442665,2026-09-29T17:50:08.743-03:00
UFPR04,20,livre,0.9317632913589478,0.4617801937109548,2026-09-29T17:50:08.743-03:00
UFPR04,21,livre,0.9399369955062866,0.4353820792951065,2026-09-29T17:50:08.743-03:00
UFPR04,22,ocupada,0.9412055015563965,0.592006740513606,2026-09-29T17:50:08.743-03:00
UFPR04,23,ocupada,0.951572060585022,0.5758545559806594,2026-09-29T17:50:08.743-03:00
UFPR04,24,ocupada,0.9301685690879822,0.5231443503260432,2026-09-29T17:50:08.743-03:00
UFPR04,25,ocupada,0.9240816235542297,0.5271651567222143,2026-09-29T17:50:08.743-03:00
UFPR04,26,ocupada,0.9135518670082092,0.5021777542818233,2026-09-29T17:50:08.743-03:00
UFPR04,27,livre,0.9207732677459717,0.4996618371269951,2026-09-29T17:50:08.743-03:00
UFPR04,28,livre,0.938774049282074,0.517956828750349,2026-09-29T17:50:08.743-03:00
UFPR04,3,ocupada,0.9327588081359863,0.4339302933261197,2026-09-29T17:50:08.743-03:00
UFPR04,4,ocupada,0.9201216101646423,0.43634780082836133,2026-09-29T17:50:08.743-03:00
UFPR04,5,ocupada,0.8725621104240417,0.42025848127467735,2026-09-29T17:50:08.743-03:00
UFPR04,6,ocupada,0.9049023985862732,0.4341607737423425,2026-09-29T17:50:08.743-03:00
UFPR04,7,livre,0.8951587677001953,0.4266830151537273,2026-09-29T17:50:08.743-03:00
UFPR04,8,livre,0.9066240787506104,0.42991588611516257,2026-09-29T17:50:08.743-03:00
UFPR04,9,livre,0.8728333115577698,0.48718685395438727,2026-09-29T17:50:08.743-03:00
UFPR04,1,ocupada,0.9544067978858948,0.47999033729604346,2026-09-29T17:50:08.813-03:00
UFPR04,10,ocupada,0.9542136788368225,0.6012995451752504,2026-09-29T17:50:08.813-03:00
UFPR04,11,ocupada,0.8971264958381653,0.5234718902219768,2026-09-29T17:50:08.813-03:00
UFPR04,12,ocupada,0.9170753359794617,0.5148918564838735,2026-09-29T17:50:08.813-03:00
UFPR04,13,livre,0.8828397989273071,0.589030782066145,2026-09-29T17:50:08.813-03:00
UFPR04,14,livre,0.9218714237213135,0.5672172586889452,2026-09-29T17:50:08.813-03:00
UFPR04,15,livre,0.8477826118469238,0.5738601076056599,2026-09-29T17:50:08.813-03:00
UFPR04,16,ocupada,0.929524302482605,0.5210990114733832,2026-09-29T17:50:08.813-03:00
UFPR04,17,ocupada,0.9101204872131348,0.5098265205347656,2026-09-29T17:50:08.813-03:00
UFPR04,18,livre,0.9232220649719238,0.4727939794479505,2026-09-29T17:50:08.813-03:00
UFPR04,19,livre,0.9268215298652649,0.46968628999428513,2026-09-29T17:50:08.813-03:00
UFPR04,2,ocupada,0.929617702960968,0.44941486045420687,2026-09-29T17:50:08.813-03:00
UFPR04,20,livre,0.9348605871200562,0.4557220208633034,2026-09-29T17:50:08.813-03:00
UFPR04,21,livre,0.9387273192405701,0.4352626496475529,2026-09-29T17:50:08.813-03:00
UFPR04,22,ocupada,0.931861400604248,0.5953626550968137,2026-09-29T17:50:08.813-03:00
UFPR04,23,ocupada,0.9502367973327637,0.5793262598357034,2026-09-29T17:50:08.813-03:00
UFPR04,24,ocupada,0.9320548176765442,0.5285686507637222,2026-09-29T17:50:08.813-03:00
UFPR04,25,ocupada,0.9277880787849426,0.5391340550364128,2026-09-29T17:50:08.813-03:00
UFPR04,26,ocupada,0.9271637797355652,0.5075577957170804,2026-09-29T17:50:08.813-03:00
UFPR04,27,livre,0.9228146076202393,0.5032682969002803,2026-09-29T17:50:08.813-03:00
UFPR04,28,livre,0.9399502873420715,0.5190642214266025,2026-09-29T17:50:08.813-03:00
UFPR04,3,ocupada,0.9301973581314087,0.4172259411338264,2026-09-29T17:50:08.813-03:00
UFPR04,4,ocupada,0.9141778349876404,0.4316907955233276,2026-09-29T17:50:08.813-03:00
UFPR04,5,ocupada,0.8977406620979309,0.457655512671173,2026-09-29T17:50:08.813-03:00
UFPR04,6,ocupada,0.9133586287498474,0.4553605538760412,2026-09-29T17:50:08.813-03:00
UFPR04,7,livre,0.929010808467865,0.4083334733245624,2026-09-29T17:50:08.813-03:00
UFPR04,8,livre,0.9031346440315247,0.4244677624056198,2026-09-29T17:50:08.813-03:00
UFPR04,9,livre,0.8670820593833923,0.49245599462510115,2026-09-29T17:50:08.813-03:00
UFPR04,1,ocupada,0.9621010422706604,0.47507865975900293,2026-09-29T17:50:08.871-03:00
UFPR04,10,ocupada,0.9567323327064514,0.5883239782443132,2026-09-29T17:50:08.871-03:00
UFPR04,11,ocupada,0.9073284268379211,0.5118258746152854,2026-09-29T17:50:08.871-03:00
UFPR04,12,ocupada,0.9296106696128845,0.5166032889389602,2026-09-29T17:50:08.871-03:00
UFPR04,13,livre,0.8880872130393982,0.598150944223225,2026-09-29T17:50:08.871-03:00
UFPR04,14,livre,0.9247069954872131,0.5611769511832854,2026-09-29T17:50:08.871-03:00
UFPR04,15,livre,0.8408755660057068,0.5715970158981228,2026-09-29T17:50:08.871-03:00
UFPR04,16,livre,0.9377825260162354,0.5159886379523743,2026-09-29T17:50:08.871-03:00
UFPR04,17,ocupada,0.9118189811706543,0.5165281340452859,2026-09-29T17:50:08.871-03:00
UFPR04,18,livre,0.9255967140197754,0.48765687227002186,2026-09-29T17:50:08.871-03:00
UFPR04,19,livre,0.9236445426940918,0.4754780867266028,2026-09-29T17:50:08.871-03:00
UFPR04,2,ocupada,0.9378224611282349,0.4561257562929775,2026-09-29T17:50:08.871-03:00
UFPR04,20,livre,0.9382877945899963,0.45340381884440323,2026-09-29T17:50:08.871-03:00
UFPR04,21,livre,0.9405402541160583,0.4200445608069086,2026-09-29T17:50:08.871-03:00
UFPR04,22,ocupada,0.9254162907600403,0.577167467656749,2026-09-29T17:50:08.871-03:00
UFPR04,23,ocupada,0.9491828083992004,0.5614126709308102,2026-09-29T17:50:08.871-03:00
UFPR04,24,ocupada,0.9297311305999756,0.5389885861757178,2026-09-29T17:50:08.871-03:00
UFPR04,25,ocupada,0.9286167025566101,0.5301577410112885,2026-09-29T17:50:08.871-03:00
UFPR04,26,ocupada,0.9276358485221863,0.5060755069051996,2026-09-29T17:50:08.871-03:00
UFPR04,27,livre,0.9154095649719238,0.500974535791793,2026-09-29T17:50:08.871-03:00
UFPR04,28,livre,0.9335361123085022,0.5063650559394617,2026-09-29T17:50:08.871-03:00
UFPR04,3,ocupada,0.9344528913497925,0.42207198159957127,2026-09-29T17:50:08.871-03:00
UFPR04,4,ocupada,0.9290384650230408,0.42968430724104634,2026-09-29T17:50:08.871-03:00
UFPR04,5,ocupada,0.9421253800392151,0.4661057875391048,2026-09-29T17:50:08.871-03:00
UFPR04,6,ocupada,0.9205306768417358,0.44093392839711776,2026-09-29T17:50:08.871-03:00
UFPR04,7,livre,0.929785430431366,0.40604828346759003,2026-09-29T17:50:08.871-03:00
UFPR04,8,livre,0.9073895812034607,0.42809994209401747,2026-09-29T17:50:08.871-03:00
UFPR04,9,livre,0.8520252704620361,0.49860384926723955,2026-09-29T17:50:08.871-03:00
UFPR04,1,ocupada,0.9583564400672913,0.4802839912274578,2026-09-29T17:50:08.940-03:00
UFPR04,10,ocupada,0.9533072113990784,0.6037246730915661,2026-09-29T17:50:08.940-03:00
UFPR04,11,ocupada,0.8983466029167175,0.5285203952896933,2026-09-29T17:50:08.940-03:00
UFPR04,12,ocupada,0.915647566318512,0.518661553957868,2026-09-29T17:50:08.940-03:00
UFPR04,13,livre,0.8904401659965515,0.6099081604102567,2026-09-29T17:50:08.940-03:00
UFPR04,14,livre,0.9177525639533997,0.5706971898628899,2026-09-29T17:50:08.940-03:00
UFPR04,15,livre,0.8636736273765564,0.5714295498957587,2026-09-29T17:50:08.940-03:00
UFPR04,16,livre,0.9284467101097107,0.5164026823925183,2026-09-29T17:50:08.940-03:00
UFPR04,17,ocupada,0.9115775227546692,0.5249625076638168,2026-09-29T17:50:08.940-03:00
UFPR04,18,livre,0.9260978102684021,0.4780617506857443,2026-09-29T17:50:08.940-03:00
UFPR04,19,livre,0.9185423254966736,0.4723247961982457,2026-09-29T17:50:08.940-03:00
UFPR04,2,ocupada,0.9399497509002686,0.4497696893094598,2026-09-29T17:50:08.940-03:00
UFPR04,20,livre,0.9390484690666199,0.4679186066284383,2026-09-29T17:50:08.940-03:00
UFPR04,21,livre,0.9305407404899597,0.4378490672781798,2026-09-29T17:50:08.940-03:00
UFPR04,22,ocupada,0.941176176071167,0.5940744237129791,2026-09-29T17:50:08.940-03:00
UFPR04,23,ocupada,0.9533056020736694,0.5711137980450365,2026-09-29T17:50:08.940-03:00
UFPR04,24,ocupada,0.9307283163070679,0.5339638801679208,2026-09-29T17:50:08.940-03:00
UFPR04,25,ocupada,0.911223828792572,0.5397573660735073,2026-09-29T17:50:08.940-03:00
UFPR04,26,ocupada,0.9140671491622925,0.509619089019773,2026-09-29T17:50:08.940-03:00
UFPR04,27,livre,0.916315495967865,0.5099144935383739,2026-09-29T17:50:08.940-03:00
UFPR04,28,livre,0.9319750666618347,0.5107733897739699,2026-09-29T17:50:08.940-03:00
UFPR04,3,ocupada,0.9304352402687073,0.4258218988546399,2026-09-29T17:50:08.940-03:00
UFPR04,4,ocupada,0.9342239499092102,0.4510968829834852,2026-09-29T17:50:08.940-03:00
UFPR04,5,ocupada,0.9401260018348694,0.486463306570218,2026-09-29T17:50:08.940-03:00
UFPR04,6,livre,0.9244856238365173,0.43692135146220945,2026-09-29T17:50:08.940-03:00
UFPR04,7,livre,0.9322056174278259,0.41147035636443846,2026-09-29T17:50:08.940-03:00
UFPR04,8,livre,0.9098862409591675,0.41934535889821395,2026-09-29T17:50:08.940-03:00
UFPR04,9,livre,0.8706879019737244,0.4924052655300438,2026-09-29T17:50:08.940-03:00
UFPR04,1,ocupada,0.9583163857460022,0.4834985744156134,2026-09-29T17:50:09.010-03:00
UFPR04,10,ocupada,0.9364019632339478,0.6053121048370463,2026-09-29T17:50:09.010-03:00
UFPR04,11,ocupada,0.9186562895774841,0.5056640125339167,2026-09-29T17:50:09.010-03:00
UFPR04,12,ocupada,0.9109798669815063,0.5965841646555561,2026-09-29T17:50:09.010-03:00
UFPR04,13,livre,0.9148920774459839,0.6290883913059268,2026-09-29T17:50:09.010-03:00
UFPR04,14,livre,0.9107413291931152,0.5766575370220073,2026-09-29T17:50:09.010-03:00
UFPR04,15,livre,0.8728097081184387,0.5703240973799849,2026-09-29T17:50:09.010-03:00
UFPR04,16,livre,0.9389796853065491,0.5173877187604735,2026-09-29T17:50:09.010-03:00
UFPR04,17,ocupada,0.9071911573410034,0.49525209060826425,2026-09-29T17:50:09.010-03:00
UFPR04,18,livre,0.9268879890441895,0.49366303817331114,2026-09-29T17:50:09.010-03:00
UFPR04,19,livre,0.9225754737854004,0.5027038788386945,2026-09-29T17:50:09.010-03:00
UFPR04,2,ocupada,0.9436001181602478,0.4607055505213594,2026-09-29T17:50:09.010-03:00
UFPR04,20,livre,0.9322954416275024,0.4706343986275772,2026-09-29T17:50:09.010-03:00
UFPR04,21,livre,0.9282392859458923,0.4362613041955286,2026-09-29T17:50:09.010-03:00
UFPR04,22,ocupada,0.9302223324775696,0.5978430095231427,2026-09-29T17:50:09.010-03:00
UFPR04,23,ocupada,0.9578947424888611,0.5777787322857921,2026-09-29T17:50:09.010-03:00
UFPR04,24,ocupada,0.9267008304595947,0.537681983277989,2026-09-29T17:50:09.010-03:00
UFPR04,25,ocupada,0.9258596897125244,0.5389363804651925,2026-09-29T17:50:09.010-03:00
UFPR04,26,ocupada,0.9218328595161438,0.5084027594352917,2026-09-29T17:50:09.010-03:00
UFPR04,27,livre,0.9132553339004517,0.5085316217800191,2026-09-29T17:50:09.010-03:00
UFPR04,28,livre,0.9371781945228577,0.5136611590991002,2026-09-29T17:50:09.010-03:00
UFPR04,3,ocupada,0.935326099395752,0.431473775010954,2026-09-29T17:50:09.010-03:00
UFPR04,4,ocupada,0.9356134533882141,0.4534050409863464,2026-09-29T17:50:09.010-03:00
UFPR04,5,ocupada,0.940945029258728,0.4879250311587208,2026-09-29T17:50:09.010-03:00
UFPR04,6,livre,0.92298823595047,0.45025963568985783,2026-09-29T17:50:09.010-03:00
UFPR04,7,livre,0.9443227648735046,0.41600934984120946,2026-09-29T17:50:09.010-03:00
UFPR04,8,livre,0.9103081822395325,0.4266454919307771,2026-09-29T17:50:09.010-03:00
UFPR04,9,livre,0.8759952783584595,0.5002761477879577,2026-09-29T17:50:09.010-03:00
UFPR04,1,ocupada,0.9594926238059998,0.4734877635685642,2026-09-29T17:50:09.074-03:00
UFPR04,10,ocupada,0.9480540752410889,0.5674348476064112,2026-09-29T17:50:09.074-03:00
UFPR04,11,ocupada,0.9137398600578308,0.5198598119224375,2026-09-29T17:50:09.074-03:00
UFPR04,12,ocupada,0.9238941669464111,0.5955586271813718,2026-09-29T17:50:09.074-03:00
UFPR04,13,livre,0.9154447317123413,0.612382939410866,2026-09-29T17:50:09.074-03:00
UFPR04,14,livre,0.9125794172286987,0.5798110470961044,2026-09-29T17:50:09.074-03:00
UFPR04,15,livre,0.8668431043624878,0.5822556464213519,2026-09-29T17:50:09.074-03:00
UFPR04,16,livre,0.9364925026893616,0.5149355600431416,2026-09-29T17:50:09.074-03:00
UFPR04,17,ocupada,0.9207172393798828,0.5110710989628594,2026-09-29T17:50:09.074-03:00
UFPR04,18,livre,0.9251879453659058,0.48000763424589077,2026-09-29T17:50:09.074-03:00
UFPR04,19,livre,0.9216337203979492,0.47789745393117866,2026-09-29T17:50:09.074-03:00
UFPR04,2,ocupada,0.942769467830658,0.45589092018745697,2026-09-29T17:50:09.074-03:00
UFPR04,20,livre,0.9370415806770325,0.4579908075493133,2026-09-29T17:50:09.074-03:00
UFPR04,21,livre,0.9317585229873657,0.4320901688365286,2026-09-29T17:50:09.074-03:00
UFPR04,22,ocupada,0.9397351741790771,0.5783031663445986,2026-09-29T17:50:09.074-03:00
UFPR04,23,ocupada,0.9533201456069946,0.5822422875904002,2026-09-29T17:50:09.074-03:00
UFPR04,24,ocupada,0.9214058518409729,0.5698221444312899,2026-09-29T17:50:09.074-03:00
UFPR04,25,ocupada,0.916396975517273,0.5528502303244773,2026-09-29T17:50:09.074-03:00
UFPR04,26,ocupada,0.9159224629402161,0.5222026118755759,2026-09-29T17:50:09.074-03:00
UFPR04,27,livre,0.9194907546043396,0.5033654223823285,2026-09-29T17:50:09.074-03:00
UFPR04,28,livre,0.9227532744407654,0.5170077574801314,2026-09-29T17:50:09.074-03:00
UFPR04,3,ocupada,0.9360120296478271,0.42863061965946314,2026-09-29T17:50:09.074-03:00
UFPR04,4,ocupada,0.9419640302658081,0.4328608571913126,2026-09-29T17:50:09.074-03:00
UFPR04,5,ocupada,0.9404995441436768,0.46076739730393873,2026-09-29T17:50:09.074-03:00
UFPR04,6,livre,0.9154453873634338,0.4345948797229821,2026-09-29T17:50:09.074-03:00
UFPR04,7,livre,0.9399973750114441,0.42077016957148633,2026-09-29T17:50:09.074-03:00
UFPR04,8,livre,0.9096459150314331,0.42537135195198644,2026-09-29T17:50:09.074-03:00
UFPR04,9,livre,0.8763216137886047,0.49640252652973205,2026-09-29T17:50:09.074-03:00
UFPR04,1,ocupada,0.9565423130989075,0.47752925735079843,2026-09-29T17:50:09.145-03:00
UFPR04,10,ocupada,0.9456683397293091,0.5776732652159063,2026-09-29T17:50:09.145-03:00
UFPR04,11,ocupada,0.9049041271209717,0.5110958992741956,2026-09-29T17:50:09.145-03:00
UFPR04,12,livre,0.9219961762428284,0.5828527083028495,2026-09-29T17:50:09.145-03:00
UFPR04,13,livre,0.9168009757995605,0.6123680725661022,2026-09-29T17:50:09.145-03:00
UFPR04,14,livre,0.9105997681617737,0.5628488741034335,2026-09-29T17:50:09.145-03:00
UFPR04,15,livre,0.8891768455505371,0.5629749492356138,2026-09-29T17:50:09.145-03:00
UFPR04,16,livre,0.9388642907142639,0.5068353433263874,2026-09-29T17:50:09.145-03:00
UFPR04,17,ocupada,0.9171434640884399,0.5167942221279841,2026-09-29T17:50:09.145-03:00
UFPR04,18,livre,0.925996720790863,0.4883332749070347,2026-09-29T17:50:09.145-03:00
UFPR04,19,livre,0.9242766499519348,0.4688242481537096,2026-09-29T17:50:09.145-03:00
UFPR04,2,ocupada,0.9455373883247375,0.45242650202257384,2026-09-29T17:50:09.145-03:00
UFPR04,20,livre,0.9349344968795776,0.4667847215306865,2026-09-29T17:50:09.145-03:00
UFPR04,21,livre,0.9305667877197266,0.43877864540454925,2026-09-29T17:50:09.145-03:00
UFPR04,22,ocupada,0.9452002644538879,0.5870018436821873,2026-09-29T17:50:09.145-03:00
UFPR04,23,ocupada,0.9576373100280762,0.5817599573654118,2026-09-29T17:50:09.145-03:00
UFPR04,24,ocupada,0.9255194067955017,0.5417564770257132,2026-09-29T17:50:09.145-03:00
UFPR04,25,ocupada,0.9261483550071716,0.5510798208924801,2026-09-29T17:50:09.145-03:00
UFPR04,26,ocupada,0.9165241122245789,0.5331134692878771,2026-09-29T17:50:09.145-03:00
UFPR04,27,livre,0.9190183281898499,0.5112044233014825,2026-09-29T17:50:09.145-03:00
UFPR04,28,livre,0.9384070038795471,0.502593654032344,2026-09-29T17:50:09.145-03:00
UFPR04,3,ocupada,0.9370775818824768,0.41489726215050643,2026-09-29T17:50:09.145-03:00
UFPR04,4,ocupada,0.9401097893714905,0.44703098089044685,2026-09-29T17:50:09.145-03:00
UFPR04,5,ocupada,0.9431080222129822,0.48419337664205636,2026-09-29T17:50:09.145-03:00
UFPR04,6,livre,0.921302318572998,0.4381099125250615,2026-09-29T17:50:09.145-03:00
UFPR04,7,livre,0.9381298422813416,0.4138505953649151,2026-09-29T17:50:09.145-03:00
UFPR04,8,livre,0.9115803837776184,0.42642521689122637,2026-09-29T17:50:09.145-03:00
UFPR04,9,livre,0.8743982911109924,0.4907376050661676,2026-09-29T17:50:09.145-03:00
UFPR04,1,ocupada,0.9556573033332825,0.474005995982804,2026-09-29T17:50:09.219-03:00
UFPR04,10,ocupada,0.9527930021286011,0.6107557662914813,2026-09-29T17:50:09.219-03:00
UFPR04,11,ocupada,0.9056933522224426,0.5164831078570471,2026-09-29T17:50:09.219-03:00
UFPR04,12,livre,0.9248308539390564,0.601513032574772,2026-09-29T17:50:09.219-03:00
UFPR04,13,livre,0.9040262699127197,0.6230517203998542,2026-09-29T17:50:09.219-03:00
UFPR04,14,livre,0.908753514289856,0.5625978933745546,2026-09-29T17:50:09.219-03:00
UFPR04,15,livre,0.8904677629470825,0.5577078996263811,2026-09-29T17:50:09.219-03:00
UFPR04,16,livre,0.9371749758720398,0.5199708279736075,2026-09-29T17:50:09.219-03:00
UFPR04,17,ocupada,0.9193313717842102,0.5223909577684286,2026-09-29T17:50:09.219-03:00
UFPR04,18,livre,0.930050790309906,0.4838829535364628,2026-09-29T17:50:09.219-03:00
UFPR04,19,livre,0.9213782548904419,0.4627980682528376,2026-09-29T17:50:09.219-03:00
UFPR04,2,ocupada,0.9422388076782227,0.4518713576918701,2026-09-29T17:50:09.219-03:00
UFPR04,20,livre,0.9360668659210205,0.4630329810715723,2026-09-29T17:50:09.219-03:00
UFPR04,21,livre,0.9187276363372803,0.44474892767903373,2026-09-29T17:50:09.219-03:00
UFPR04,22,ocupada,0.948931097984314,0.5915294622403691,2026-09-29T17:50:09.219-03:00
UFPR04,23,ocupada,0.9499456286430359,0.6161556547427772,2026-09-29T17:50:09.219-03:00
UFPR04,24,ocupada,0.9247617125511169,0.5790568606442501,2026-09-29T17:50:09.219-03:00
UFPR04,25,livre,0.918663740158081,0.5507251396987578,2026-09-29T17:50:09.219-03:00
UFPR04,26,ocupada,0.8948785066604614,0.5082495406229872,2026-09-29T17:50:09.219-03:00
UFPR04,27,livre,0.9172474145889282,0.5212051249352491,2026-09-29T17:50:09.219-03:00
UFPR04,28,livre,0.9355722069740295,0.5142488636856836,2026-09-29T17:50:09.219-03:00
UFPR04,3,ocupada,0.9341059923171997,0.4197825991526787,2026-09-29T17:50:09.219-03:00
UFPR04,4,ocupada,0.9365140199661255,0.45365524740399216,2026-09-29T17:50:09.219-03:00
UFPR04,5,ocupada,0.936635434627533,0.48728105273168726,2026-09-29T17:50:09.219-03:00
UFPR04,6,livre,0.9203845262527466,0.43557158501490817,2026-09-29T17:50:09.219-03:00
UFPR04,7,livre,0.939797580242157,0.4090808951609682,2026-09-29T17:50:09.219-03:00
UFPR04,8,livre,0.9090665578842163,0.4266113288043837,2026-09-29T17:50:09.219-03:00
UFPR04,9,livre,0.8775418996810913,0.4908768692460247,2026-09-29T17:50:09.219-03:00
UFPR04,1,ocupada,0.9562896490097046,0.471618511831512,2026-09-29T17:50:09.284-03:00
UFPR04,10,ocupada,0.9496674537658691,0.6122581461511746,2026-09-29T17:50:09.284-03:00
UFPR04,11,ocupada,0.9044707417488098,0.5069177989436647,2026-09-29T17:50:09.284-03:00
UFPR04,12,livre,0.9154998660087585,0.5876225544857814,2026-09-29T17:50:09.284-03:00
UFPR04,13,livre,0.9051640629768372,0.6222588567922404,2026-09-29T17:50:09.284-03:00
UFPR04,14,livre,0.9066434502601624,0.5797278144052774,2026-09-29T17:50:09.284-03:00
UFPR04,15,livre,0.8865368962287903,0.5409982934163363,2026-09-29T17:50:09.284-03:00
UFPR04,16,livre,0.9362525939941406,0.5135339729362782,2026-09-29T17:50:09.284-03:00
UFPR04,17,ocupada,0.9183005094528198,0.5299937001562179,2026-09-29T17:50:09.284-03:00
UFPR04,18,livre,0.9271096587181091,0.48738725836419217,2026-09-29T17:50:09.284-03:00
UFPR04,19,livre,0.9207600355148315,0.4612105354161012,2026-09-29T17:50:09.284-03:00
UFPR04,2,ocupada,0.9306245446205139,0.46843944288743367,2026-09-29T17:50:09.284-03:00
UFPR04,20,livre,0.9325978755950928,0.46065099930509,2026-09-29T17:50:09.284-03:00
UFPR04,21,livre,0.9259305000305176,0.44017465760666746,2026-09-29T17:50:09.284-03:00
UFPR04,22,ocupada,0.9478381872177124,0.5886747748266864,2026-09-29T17:50:09.284-03:00
UFPR04,23,ocupada,0.96080482006073,0.5811466747237432,2026-09-29T17:50:09.284-03:00
UFPR04,24,ocupada,0.9262045621871948,0.5572515142040803,2026-09-29T17:50:09.284-03:00
UFPR04,25,livre,0.9337797164916992,0.5389628641714037,2026-09-29T17:50:09.284-03:00
UFPR04,26,ocupada,0.9043635725975037,0.5102365627904137,2026-09-29T17:50:09.284-03:00
UFPR04,27,livre,0.9191905856132507,0.5233408380271919,2026-09-29T17:50:09.284-03:00
UFPR04,28,livre,0.9359254240989685,0.5078626184775775,2026-09-29T17:50:09.284-03:00
UFPR04,3,ocupada,0.9283588528633118,0.4295800606259595,2026-09-29T17:50:09.284-03:00
UFPR04,4,ocupada,0.9380331039428711,0.44892618361427317,2026-09-29T17:50:09.284-03:00
UFPR04,5,ocupada,0.9374339580535889,0.48851412636963537,2026-09-29T17:50:09.284-03:00
UFPR04,6,livre,0.9198145270347595,0.434864942113814,2026-09-29T17:50:09.284-03:00
UFPR04,7,livre,0.9404022097587585,0.41597334726899093,2026-09-29T17:50:09.284-03:00
UFPR04,8,livre,0.9188063144683838,0.42954210921581054,2026-09-29T17:50:09.284-03:00
UFPR04,9,livre,0.884730339050293,0.47969019634246046,2026-09-29T17:50:09.284-03:00
UFPR04,1,ocupada,0.9621781706809998,0.47975691494487865,2026-09-29T17:50:09.350-03:00
UFPR04,10,ocupada,0.9513067603111267,0.6109931276968615,2026-09-29T17:50:09.350-03:00
UFPR04,11,ocupada,0.9051438570022583,0.5129252464775719,2026-09-29T17:50:09.350-03:00
UFPR04,12,livre,0.9191661477088928,0.5980566487913241,2026-09-29T17:50:09.350-03:00
UFPR04,13,livre,0.900895357131958,0.6109504475968042,2026-09-29T17:50:09.350-03:00
UFPR04,14,livre,0.9135023355484009,0.5754965743934638,2026-09-29T17:50:09.350-03:00
UFPR04,15,livre,0.8859198093414307,0.5632056650609859,2026-09-29T17:50:09.350-03:00
UFPR04,16,livre,0.9327460527420044,0.5224069210137489,2026-09-29T17:50:09.350-03:00
UFPR04,17,ocupada,0.9248031377792358,0.5391217534156242,2026-09-29T17:50:09.350-03:00
UFPR04,18,livre,0.9278321862220764,0.4776731577690857,2026-09-29T17:50:09.350-03:00
UFPR04,19,livre,0.9231389760971069,0.4671517474579229,2026-09-29T17:50:09.350-03:00
UFPR04,2,ocupada,0.9349655508995056,0.4582084048165084,2026-09-29T17:50:09.350-03:00
UFPR04,20,livre,0.9277967214584351,0.4524341824571563,2026-09-29T17:50:09.350-03:00
UFPR04,21,livre,0.9310843348503113,0.4416845873413539,2026-09-29T17:50:09.350-03:00
UFPR04,22,ocupada,0.941139280796051,0.5762039545114765,2026-09-29T17:50:09.350-03:00
UFPR04,23,ocupada,0.9537688493728638,0.5740626780832243,2026-09-29T17:50:09.350-03:00
UFPR04,24,ocupada,0.9227070808410645,0.5446965941999948,2026-09-29T17:50:09.350-03:00
UFPR04,25,livre,0.9328271746635437,0.5240313344873716,2026-09-29T17:50:09.350-03:00
UFPR04,26,ocupada,0.90390545129776,0.504481451732267,2026-09-29T17:50:09.350-03:00
UFPR04,27,livre,0.9162933826446533,0.4983676096315925,2026-09-29T17:50:09.350-03:00
UFPR04,28,livre,0.9302927851676941,0.49307357572372323,2026-09-29T17:50:09.350-03:00
UFPR04,3,ocupada,0.9328172206878662,0.42648755997235027,2026-09-29T17:50:09.350-03:00
UFPR04,4,ocupada,0.9382847547531128,0.4506113162450407,2026-09-29T17:50:09.350-03:00
UFPR04,5,ocupada,0.938742458820343,0.48764304729596986,2026-09-29T17:50:09.350-03:00
UFPR04,6,livre,0.9203842878341675,0.43838986121938794,2026-09-29T17:50:09.350-03:00
UFPR04,7,livre,0.9432567954063416,0.4134973950380307,2026-09-29T17:50:09.350-03:00
UFPR04,8,livre,0.909223735332489,0.43126328033473194,2026-09-29T17:50:09.350-03:00
UFPR04,9,livre,0.879542350769043,0.4814488479911059,2026-09-29T17:50:09.350-03:00
UFPR04,1,ocupada,0.9642062783241272,0.47515329947510965,2026-09-29T17:50:09.417-03:00
UFPR04,10,ocupada,0.9492702484130859,0.6074332497570962,2026-09-29T17:50:09.417-03:00
UFPR04,11,ocupada,0.9242831468582153,0.5427918317248789,2026-09-29T17:50:09.417-03:00
UFPR04,12,livre,0.9317787289619446,0.5839264460756407,2026-09-29T17:50:09.417-03:00
UFPR04,13,livre,0.9015312194824219,0.6199903517512978,2026-09-29T17:50:09.417-03:00
UFPR04,14,livre,0.9120388031005859,0.580576622580492,2026-09-29T17:50:09.417-03:00
UFPR04,15,livre,0.89656001329422,0.5523779650683238,2026-09-29T17:50:09.417-03:00
UFPR04,16,livre,0.9315639734268188,0.521697901722102,2026-09-29T17:50:09.417-03:00
UFPR04,17,ocupada,0.921664297580719,0.5253385939484606,2026-09-29T17:50:09.417-03:00
UFPR04,18,livre,0.9263907074928284,0.48803904963867495,2026-09-29T17:50:09.417-03:00
UFPR04,19,livre,0.924584150314331,0.47475195448642993,2026-09-29T17:50:09.417-03:00
UFPR04,2,livre,0.9327322840690613,0.44263671070317084,2026-09-29T17:50:09.417-03:00
UFPR04,20,livre,0.9339166283607483,0.4648201608407787,2026-09-29T17:50:09.417-03:00
UFPR04,21,livre,0.923677921295166,0.44128016786116453,2026-09-29T17:50:09.417-03:00
UFPR04,22,ocupada,0.9443976879119873,0.5802186878028999,2026-09-29T17:50:09.417-03:00
UFPR04,23,ocupada,0.9565492868423462,0.5754739827142404,2026-09-29T17:50:09.417-03:00
UFPR04,24,ocupada,0.9262638092041016,0.536172537136894,2026-09-29T17:50:09.417-03:00
UFPR04,25,livre,0.9089385867118835,0.542015030457501,2026-09-29T17:50:09.417-03:00
UFPR04,26,ocupada,0.91302090883255,0.4994766945430818,2026-09-29T17:50:09.417-03:00
UFPR04,27,livre,0.9252039790153503,0.5127460951251502,2026-09-29T17:50:09.417-03:00
UFPR04,28,livre,0.9302982091903687,0.5116532970798585,2026-09-29T17:50:09.417-03:00
UFPR04,3,ocupada,0.919716477394104,0.43512453439859666,2026-09-29T17:50:09.417-03:00
UFPR04,4,ocupada,0.9313715100288391,0.44007272609763826,2026-09-29T17:50:09.417-03:00
UFPR04,5,ocupada,0.9392637014389038,0.5089703063788938,2026-09-29T17:50:09.417-03:00
UFPR04,6,livre,0.923450231552124,0.43556970151872815,2026-09-29T17:50:09.417-03:00
UFPR04,7,livre,0.9343236088752747,0.4016790177464107,2026-09-29T17:50:09.417-03:00
UFPR04,8,livre,0.869299590587616,0.44154933755252773,2026-09-29T17:50:09.417-03:00
UFPR04,9,livre,0.8823912739753723,0.4813289331047559,2026-09-29T17:50:09.417-03:00
UFPR04,1,ocupada,0.963595986366272,0.4749597934315136,2026-09-29T17:50:09.485-03:00
UFPR04,10,ocupada,0.9478877782821655,0.6028773034365499,2026-09-29T17:50:09.485-03:00
UFPR04,11,ocupada,0.9302456974983215,0.5325198333396688,2026-09-29T17:50:09.485-03:00
UFPR04,12,livre,0.9329742193222046,0.5777110172904499,2026-09-29T17:50:09.485-03:00
UFPR04,13,livre,0.901439905166626,0.6158826827487522,2026-09-29T17:50:09.485-03:00
UFPR04,14,livre,0.909660816192627,0.5844993630770629,2026-09-29T17:50:09.485-03:00
UFPR04,15,livre,0.892956554889679,0.5693382813691565,2026-09-29T17:50:09.485-03:00
UFPR04,16,livre,0.9333197474479675,0.5152996950703914,2026-09-29T17:50:09.485-03:00
UFPR04,17,ocupada,0.9223939776420593,0.5245847744892684,2026-09-29T17:50:09.485-03:00
UFPR04,18,livre,0.9250813126564026,0.48768042603669354,2026-09-29T17:50:09.485-03:00
UFPR04,19,livre,0.9240801930427551,0.46209612255451354,2026-09-29T17:50:09.485-03:00
UFPR04,2,livre,0.935143232345581,0.4563583848407253,2026-09-29T17:50:09.485-03:00
UFPR04,20,livre,0.9331638216972351,0.4592450400016286,2026-09-29T17:50:09.485-03:00
UFPR04,21,livre,0.9195810556411743,0.4427744650549732,2026-09-29T17:50:09.485-03:00
UFPR04,22,ocupada,0.9461278319358826,0.5828693225367956,2026-09-29T17:50:09.485-03:00
UFPR04,23,ocupada,0.9572693705558777,0.5749013993044685,2026-09-29T17:50:09.485-03:00
UFPR04,24,ocupada,0.9286224842071533,0.5261021768988954,2026-09-29T17:50:09.485-03:00
UFPR04,25,livre,0.9139543771743774,0.539441291061681,2026-09-29T17:50:09.485-03:00
UFPR04,26,ocupada,0.9045550227165222,0.5005405517410794,2026-09-29T17:50:09.485-03:00
UFPR04,27,livre,0.9230266213417053,0.5147685053679372,2026-09-29T17:50:09.485-03:00
UFPR04,28,livre,0.9303296804428101,0.5126825820390745,2026-09-29T17:50:09.485-03:00
UFPR04,3,ocupada,0.9251832962036133,0.43210019130852456,2026-09-29T17:50:09.485-03:00
UFPR04,4,ocupada,0.938056230545044,0.4422649638131505,2026-09-29T17:50:09.485-03:00
UFPR04,5,ocupada,0.9414098858833313,0.4899813028894638,2026-09-29T17:50:09.485-03:00
UFPR04,6,livre,0.9168352484703064,0.4393082540461799,2026-09-29T17:50:09.485-03:00
UFPR04,7,livre,0.9370070695877075,0.40363475356465,2026-09-29T17:50:09.485-03:00
UFPR04,8,livre,0.8697060346603394,0.4404252902639485,2026-09-29T17:50:09.485-03:00
UFPR04,9,livre,0.8608754277229309,0.4490637624967518,2026-09-29T17:50:09.485-03:00
UFPR04,1,ocupada,0.9632380604743958,0.47788575388761456,2026-09-29T17:50:09.547-03:00
UFPR04,10,ocupada,0.9531075954437256,0.5957292739494358,2026-09-29T17:50:09.547-03:00
UFPR04,11,livre,0.9236612319946289,0.5295075584206059,2026-09-29T17:50:09.547-03:00
UFPR04,12,livre,0.928865373134613,0.5779878531404915,2026-09-29T17:50:09.547-03:00
UFPR04,13,livre,0.9102966785430908,0.6003508500217947,2026-09-29T17:50:09.547-03:00
UFPR04,14,livre,0.9177676439285278,0.5807909352182242,2026-09-29T17:50:09.547-03:00
UFPR04,15,livre,0.8942448496818542,0.5877469718216585,2026-09-29T17:50:09.547-03:00
UFPR04,16,livre,0.9447282552719116,0.5211249287600004,2026-09-29T17:50:09.547-03:00
UFPR04,17,ocupada,0.9180586934089661,0.5209220860213185,2026-09-29T17:50:09.547-03:00
UFPR04,18,livre,0.9290823340415955,0.49848233558242505,2026-09-29T17:50:09.547-03:00
UFPR04,19,livre,0.9226836562156677,0.46715019447882516,2026-09-29T17:50:09.547-03:00
UFPR04,2,livre,0.9372568130493164,0.47187054576422477,2026-09-29T17:50:09.547-03:00
UFPR04,20,livre,0.9275258779525757,0.46706318445818684,2026-09-29T17:50:09.547-03:00
UFPR04,21,livre,0.9227792620658875,0.4431822286988204,2026-09-29T17:50:09.547-03:00
UFPR04,22,ocupada,0.927145779132843,0.5715587140995935,2026-09-29T17:50:09.547-03:00
UFPR04,23,ocupada,0.9548258185386658,0.5737716272659564,2026-09-29T17:50:09.547-03:00
UFPR04,24,ocupada,0.9184805750846863,0.5556488020657365,2026-09-29T17:50:09.547-03:00
UFPR04,25,livre,0.9339074492454529,0.5303719427770371,2026-09-29T17:50:09.547-03:00
UFPR04,26,ocupada,0.9181463122367859,0.5266897295586471,2026-09-29T17:50:09.547-03:00
UFPR04,27,livre,0.9179590344429016,0.5021860366610964,2026-09-29T17:50:09.547-03:00
UFPR04,28,livre,0.9160280227661133,0.509904984560876,2026-09-29T17:50:09.547-03:00
UFPR04,3,ocupada,0.9262717962265015,0.4430520172749838,2026-09-29T17:50:09.547-03:00
UFPR04,4,ocupada,0.9442142248153687,0.4365871936221076,2026-09-29T17:50:09.547-03:00
UFPR04,5,ocupada,0.9423261284828186,0.4826329771855627,2026-09-29T17:50:09.547-03:00
UFPR04,6,livre,0.9181291460990906,0.43406179577504694,2026-09-29T17:50:09.547-03:00
UFPR04,7,livre,0.9445575475692749,0.41752058086408445,2026-09-29T17:50:09.547-03:00
UFPR04,8,livre,0.9123096466064453,0.43427851248412436,2026-09-29T17:50:09.547-03:00
UFPR04,9,livre,0.8830459713935852,0.48387184022560115,2026-09-29T17:50:09.547-03:00
UFPR04,1,ocupada,0.9668322801589966,0.46901458731386125,2026-09-29T17:50:09.614-03:00
UFPR04,10,ocupada,0.9519366025924683,0.6096070179396098,2026-09-29T17:50:09.614-03:00
UFPR04,11,livre,0.9219773411750793,0.5322624111812675,2026-09-29T17:50:09.614-03:00
UFPR04,12,livre,0.925377368927002,0.5787087852142966,2026-09-29T17:50:09.614-03:00
UFPR04,13,livre,0.8966661095619202,0.5910659449566028,2026-09-29T17:50:09.614-03:00
UFPR04,14,livre,0.9126393795013428,0.5777617894359994,2026-09-29T17:50:09.614-03:00
UFPR04,15,livre,0.889656662940979,0.55926292420753,2026-09-29T17:50:09.614-03:00
UFPR04,16,livre,0.9290573000907898,0.5211272339932345,2026-09-29T17:50:09.614-03:00
UFPR04,17,ocupada,0.9213472604751587,0.5209065405830948,2026-09-29T17:50:09.614-03:00
UFPR04,18,livre,0.9297068119049072,0.47967702064707113,2026-09-29T17:50:09.614-03:00
UFPR04,19,livre,0.9265402555465698,0.4768204794393456,2026-09-29T17:50:09.614-03:00
UFPR04,2,livre,0.9332495927810669,0.45973472210895516,2026-09-29T17:50:09.614-03:00
UFPR04,20,livre,0.9308732748031616,0.4561450023317098,2026-09-29T17:50:09.614-03:00
UFPR04,21,livre,0.9269123673439026,0.44614195561244663,2026-09-29T17:50:09.614-03:00
UFPR04,22,ocupada,0.9445372223854065,0.5634865312034505,2026-09-29T17:50:09.614-03:00
UFPR04,23,ocupada,0.9541957974433899,0.5694457518261768,2026-09-29T17:50:09.614-03:00
UFPR04,24,ocupada,0.9239308834075928,0.5292509090090403,2026-09-29T17:50:09.614-03:00
UFPR04,25,livre,0.9251459240913391,0.5199046138971392,2026-09-29T17:50:09.614-03:00
UFPR04,26,ocupada,0.8985154032707214,0.49951622425001163,2026-09-29T17:50:09.614-03:00
UFPR04,27,livre,0.9137179851531982,0.4987312016107902,2026-09-29T17:50:09.614-03:00
UFPR04,28,livre,0.916870653629303,0.5037495385430605,2026-09-29T17:50:09.614-03:00
UFPR04,3,ocupada,0.9338958263397217,0.40576362518573866,2026-09-29T17:50:09.614-03:00
UFPR04,4,ocupada,0.9423896670341492,0.4480316032921078,2026-09-29T17:50:09.614-03:00
UFPR04,5,ocupada,0.9371582269668579,0.4856669463045242,2026-09-29T17:50:09.614-03:00
UFPR04,6,livre,0.9144597053527832,0.43008881846582175,2026-09-29T17:50:09.614-03:00
UFPR04,7,livre,0.9466542601585388,0.41757209133501116,2026-09-29T17:50:09.614-03:00
UFPR04,8,livre,0.9073233604431152,0.43340300800263765,2026-09-29T17:50:09.614-03:00
UFPR04,9,livre,0.889553964138031,0.4838916788986634,2026-09-29T17:50:09.614-03:00
UFPR04,1,ocupada,0.9619119167327881,0.47695541005641034,2026-09-29T17:50:09.689-03:00
UFPR04,10,ocupada,0.9552815556526184,0.598349771813067,2026-09-29T17:50:09.689-03:00
UFPR04,11,livre,0.9228231310844421,0.5137574236500955,2026-09-29T17:50:09.689-03:00
UFPR04,12,livre,0.9306681156158447,0.573263274354304,2026-09-29T17:50:09.689-03:00
UFPR04,13,livre,0.909518301486969,0.6019587215328703,2026-09-29T17:50:09.689-03:00
UFPR04,14,livre,0.9177365899085999,0.5729474458196745,2026-09-29T17:50:09.689-03:00
UFPR04,15,livre,0.8912131786346436,0.5510935762406706,2026-09-29T17:50:09.689-03:00
UFPR04,16,livre,0.9349107146263123,0.5168579730086074,2026-09-29T17:50:09.689-03:00
UFPR04,17,ocupada,0.9210371971130371,0.51643745271032,2026-09-29T17:50:09.689-03:00
UFPR04,18,livre,0.9300408959388733,0.47912321521176604,2026-09-29T17:50:09.689-03:00
UFPR04,19,livre,0.9248396158218384,0.4722348364966292,2026-09-29T17:50:09.689-03:00
UFPR04,2,livre,0.9512789249420166,0.4659129002092191,2026-09-29T17:50:09.689-03:00
UFPR04,20,livre,0.9316720962524414,0.47040974738827224,2026-09-29T17:50:09.689-03:00
UFPR04,21,livre,0.9299391508102417,0.44004708959109384,2026-09-29T17:50:09.689-03:00
UFPR04,22,ocupada,0.9355871081352234,0.5909625390098627,2026-09-29T17:50:09.689-03:00
UFPR04,23,ocupada,0.9513093829154968,0.5796237762442261,2026-09-29T17:50:09.689-03:00
UFPR04,24,ocupada,0.9182297587394714,0.5311122622001926,2026-09-29T17:50:09.689-03:00
UFPR04,25,livre,0.911371648311615,0.5201301544577182,2026-09-29T17:50:09.689-03:00
UFPR04,26,ocupada,0.916301965713501,0.5200488780373977,2026-09-29T17:50:09.689-03:00
UFPR04,27,livre,0.9136368632316589,0.4959012315497824,2026-09-29T17:50:09.689-03:00
UFPR04,28,livre,0.9215936660766602,0.5098919666064197,2026-09-29T17:50:09.689-03:00
UFPR04,3,ocupada,0.9377549290657043,0.42736058297577123,2026-09-29T17:50:09.689-03:00
UFPR04,4,ocupada,0.9359861016273499,0.4295236710786776,2026-09-29T17:50:09.689-03:00
UFPR04,5,ocupada,0.9315334558486938,0.4576057563614908,2026-09-29T17:50:09.689-03:00
UFPR04,6,livre,0.9251019358634949,0.4297373184085834,2026-09-29T17:50:09.689-03:00
UFPR04,7,livre,0.9462962746620178,0.4119863774000994,2026-09-29T17:50:09.689-03:00
UFPR04,8,livre,0.9141747951507568,0.43222947842819576,2026-09-29T17:50:09.689-03:00
UFPR04,9,livre,0.8818918466567993,0.4935985965188694,2026-09-29T17:50:09.689-03:00
UFPR04,1,ocupada,0.9580602645874023,0.47403380513041826,2026-09-29T17:50:09.750-03:00
UFPR04,10,ocupada,0.9527790546417236,0.6042717762614471,2026-09-29T17:50:09.750-03:00
UFPR04,11,livre,0.9182437062263489,0.5223314683672179,2026-09-29T17:50:09.750-03:00
UFPR04,12,livre,0.9327471256256104,0.58725929198108,2026-09-29T17:50:09.750-03:00
UFPR04,13,livre,0.9037514328956604,0.6182989296412615,2026-09-29T17:50:09.750-03:00
UFPR04,14,livre,0.9222395420074463,0.570996533389855,2026-09-29T17:50:09.750-03:00
UFPR04,15,livre,0.8983940482139587,0.5784854373737349,2026-09-29T17:50:09.750-03:00
UFPR04,16,livre,0.9347959160804749,0.5183984213805088,2026-09-29T17:50:09.750-03:00
UFPR04,17,ocupada,0.9194833040237427,0.517290130259048,2026-09-29T17:50:09.750-03:00
UFPR04,18,livre,0.9248546957969666,0.472354514164169,2026-09-29T17:50:09.750-03:00
UFPR04,19,livre,0.9292299747467041,0.49446468326318443,2026-09-29T17:50:09.750-03:00
UFPR04,2,livre,0.9506549835205078,0.4641839529157115,2026-09-29T17:50:09.750-03:00
UFPR04,20,livre,0.9326162338256836,0.4732984564269976,2026-09-29T17:50:09.750-03:00
UFPR04,21,livre,0.9332113862037659,0.44551893796781156,2026-09-29T17:50:09.750-03:00
UFPR04,22,ocupada,0.939983069896698,0.5789747626260109,2026-09-29T17:50:09.750-03:00
UFPR04,23,ocupada,0.9515819549560547,0.575649378320978,2026-09-29T17:50:09.750-03:00
UFPR04,24,ocupada,0.9191433787345886,0.5356310130948349,2026-09-29T17:50:09.750-03:00
UFPR04,25,livre,0.9050503969192505,0.5277907612702882,2026-09-29T17:50:09.750-03:00
UFPR04,26,ocupada,0.9239913821220398,0.5185408123264997,2026-09-29T17:50:09.750-03:00
UFPR04,27,livre,0.9264400601387024,0.4931436027828397,2026-09-29T17:50:09.750-03:00
UFPR04,28,livre,0.9367177486419678,0.5341776835551637,2026-09-29T17:50:09.750-03:00
UFPR04,3,ocupada,0.9407857060432434,0.43088975745106955,2026-09-29T17:50:09.750-03:00
UFPR04,4,ocupada,0.9315767288208008,0.43875945039756287,2026-09-29T17:50:09.750-03:00
UFPR04,5,ocupada,0.9330620765686035,0.45820804123710573,2026-09-29T17:50:09.750-03:00
UFPR04,6,livre,0.9216277599334717,0.4403672889472181,2026-09-29T17:50:09.750-03:00
UFPR04,7,livre,0.9476195573806763,0.41336881236208073,2026-09-29T17:50:09.750-03:00
UFPR04,8,livre,0.9134288430213928,0.43218263362047116,2026-09-29T17:50:09.750-03:00
UFPR04,9,livre,0.8731206655502319,0.4625385656310059,2026-09-29T17:50:09.750-03:00
UFPR04,1,ocupada,0.9588994979858398,0.4850398134884698,2026-09-29T17:50:09.807-03:00
UFPR04,10,ocupada,0.9456043839454651,0.6001235099428643,2026-09-29T17:50:09.807-03:00
UFPR04,11,livre,0.9188156723976135,0.5238057319968955,2026-09-29T17:50:09.807-03:00
UFPR04,12,livre,0.9220342040061951,0.587446280757941,2026-09-29T17:50:09.807-03:00
UFPR04,13,livre,0.8928474187850952,0.6154834775498607,2026-09-29T17:50:09.807-03:00
UFPR04,14,livre,0.917709469795227,0.5783217757881719,2026-09-29T17:50:09.807-03:00
UFPR04,15,livre,0.8881585001945496,0.5974851732134049,2026-09-29T17:50:09.807-03:00
UFPR04,16,livre,0.9326207041740417,0.5167015607445635,2026-09-29T17:50:09.807-03:00
UFPR04,17,ocupada,0.9190323352813721,0.5124066231415533,2026-09-29T17:50:09.807-03:00
UFPR04,18,livre,0.9255227446556091,0.4842877114306688,2026-09-29T17:50:09.807-03:00
UFPR04,19,livre,0.926085889339447,0.4799413343418839,2026-09-29T17:50:09.807-03:00
UFPR04,2,ocupada,0.9530827403068542,0.47149102905043627,2026-09-29T17:50:09.807-03:00
UFPR04,20,livre,0.9308698177337646,0.4747259699826564,2026-09-29T17:50:09.807-03:00
UFPR04,21,livre,0.9352970123291016,0.4461236076203267,2026-09-29T17:50:09.807-03:00
UFPR04,22,ocupada,0.9333701133728027,0.5892782970194391,2026-09-29T17:50:09.807-03:00
UFPR04,23,ocupada,0.9544289708137512,0.5733421373944502,2026-09-29T17:50:09.807-03:00
UFPR04,24,ocupada,0.9417368769645691,0.5409626951344498,2026-09-29T17:50:09.807-03:00
UFPR04,25,livre,0.9295458197593689,0.5500802624809296,2026-09-29T17:50:09.807-03:00
UFPR04,26,ocupada,0.9269592761993408,0.5171790718081171,2026-09-29T17:50:09.807-03:00
UFPR04,27,livre,0.9218112826347351,0.488781477562867,2026-09-29T17:50:09.807-03:00
UFPR04,28,livre,0.9296455383300781,0.5116492447370636,2026-09-29T17:50:09.807-03:00
UFPR04,3,ocupada,0.9390266537666321,0.4271594899169614,2026-09-29T17:50:09.807-03:00
UFPR04,4,ocupada,0.9330204725265503,0.43512301906889567,2026-09-29T17:50:09.807-03:00
UFPR04,5,ocupada,0.9374415874481201,0.47996183562676764,2026-09-29T17:50:09.807-03:00
UFPR04,6,livre,0.9218491911888123,0.43849778143185575,2026-09-29T17:50:09.807-03:00
UFPR04,7,livre,0.946003258228302,0.4209403071813017,2026-09-29T17:50:09.807-03:00
UFPR04,8,livre,0.9110720157623291,0.44133810841248106,2026-09-29T17:50:09.807-03:00
UFPR04,9,livre,0.8737794756889343,0.4817863267986665,2026-09-29T17:50:09.807-03:00
UFPR04,1,ocupada,0.9609531760215759,0.48284170759601514,2026-09-29T17:50:09.866-03:00
UFPR04,10,ocupada,0.9463288187980652,0.6065262498515841,2026-09-29T17:50:09.866-03:00
UFPR04,11,livre,0.9245696067810059,0.5187676486044508,2026-09-29T17:50:09.866-03:00
UFPR04,12,livre,0.9196681976318359,0.5843348509440991,2026-09-29T17:50:09.866-03:00
UFPR04,13,livre,0.8953534960746765,0.6147748710803393,2026-09-29T17:50:09.866-03:00
UFPR04,14,livre,0.9202137589454651,0.5766200495356156,2026-09-29T17:50:09.866-03:00
UFPR04,15,livre,0.8922588229179382,0.5848299967801496,2026-09-29T17:50:09.866-03:00
UFPR04,16,livre,0.9338343739509583,0.518582970682401,2026-09-29T17:50:09.866-03:00
UFPR04,17,ocupada,0.919495701789856,0.512657536131795,2026-09-29T17:50:09.866-03:00
UFPR04,18,livre,0.9284583330154419,0.48399367551109557,2026-09-29T17:50:09.866-03:00
UFPR04,19,livre,0.9237974882125854,0.4763587060787184,2026-09-29T17:50:09.866-03:00
UFPR04,2,ocupada,0.9513732194900513,0.468484633825589,2026-09-29T17:50:09.866-03:00
UFPR04,20,livre,0.9333047270774841,0.4768025043043082,2026-09-29T17:50:09.866-03:00
UFPR04,21,livre,0.9341086745262146,0.4492446925875247,2026-09-29T17:50:09.866-03:00
UFPR04,22,ocupada,0.9335945844650269,0.596971791091281,2026-09-29T17:50:09.866-03:00
UFPR04,23,ocupada,0.9495699405670166,0.578454896807273,2026-09-29T17:50:09.866-03:00
UFPR04,24,ocupada,0.9421858191490173,0.5371341788799656,2026-09-29T17:50:09.866-03:00
UFPR04,25,livre,0.9374688267707825,0.5446895850385883,2026-09-29T17:50:09.866-03:00
UFPR04,26,ocupada,0.9157305359840393,0.5228715085216735,2026-09-29T17:50:09.866-03:00
UFPR04,27,livre,0.9161491394042969,0.5007689965623681,2026-09-29T17:50:09.866-03:00
UFPR04,28,livre,0.9306318759918213,0.5158892851007988,2026-09-29T17:50:09.866-03:00
UFPR04,3,ocupada,0.9391737580299377,0.42010151775508286,2026-09-29T17:50:09.866-03:00
UFPR04,4,ocupada,0.9401140809059143,0.43907818202313714,2026-09-29T17:50:09.866-03:00
UFPR04,5,ocupada,0.9397266507148743,0.4700873069677788,2026-09-29T17:50:09.866-03:00
UFPR04,6,livre,0.9223136901855469,0.43915855131091763,2026-09-29T17:50:09.866-03:00
UFPR04,7,livre,0.944468080997467,0.4226147009838162,2026-09-29T17:50:09.866-03:00
UFPR04,8,livre,0.9083034992218018,0.4393670182460692,2026-09-29T17:50:09.866-03:00
UFPR04,9,livre,0.8725869059562683,0.47844431584028285,2026-09-29T17:50:09.866-03:00
UFPR04,1,ocupada,0.9538010954856873,0.4691521966540462,2026-09-29T17:50:09.923-03:00
UFPR04,10,ocupada,0.9493627548217773,0.6052283643867947,2026-09-29T17:50:09.923-03:00
UFPR04,11,livre,0.9258739948272705,0.5321076754067997,2026-09-29T17:50:09.923-03:00
UFPR04,12,livre,0.9257509708404541,0.5889668390720156,2026-09-29T17:50:09.923-03:00
UFPR04,13,livre,0.8969921469688416,0.626753912426667,2026-09-29T17:50:09.923-03:00
UFPR04,14,livre,0.9181053042411804,0.5692412381437923,2026-09-29T17:50:09.923-03:00
UFPR04,15,livre,0.8906080722808838,0.5834186312495002,2026-09-29T17:50:09.923-03:00
UFPR04,16,livre,0.9289078116416931,0.5358783048548805,2026-09-29T17:50:09.923-03:00
UFPR04,17,ocupada,0.9178377985954285,0.49962046088184203,2026-09-29T17:50:09.923-03:00
UFPR04,18,livre,0.927802324295044,0.49246964475371774,2026-09-29T17:50:09.923-03:00
UFPR04,19,livre,0.9270429611206055,0.47773114551605034,2026-09-29T17:50:09.923-03:00
UFPR04,2,ocupada,0.9455441832542419,0.44900008742457365,2026-09-29T17:50:09.923-03:00
UFPR04,20,livre,0.9324802160263062,0.4674478939196681,2026-09-29T17:50:09.923-03:00
UFPR04,21,livre,0.923546314239502,0.4509385256875304,2026-09-29T17:50:09.923-03:00
UFPR04,22,ocupada,0.942044198513031,0.5989414569739202,2026-09-29T17:50:09.923-03:00
UFPR04,23,ocupada,0.9598396420478821,0.5755588870752522,2026-09-29T17:50:09.923-03:00
UFPR04,24,livre,0.9464062452316284,0.5255223644005094,2026-09-29T17:50:09.923-03:00
UFPR04,25,livre,0.929876983165741,0.5484373047605976,2026-09-29T17:50:09.923-03:00
UFPR04,26,ocupada,0.9025465846061707,0.5006027060263696,2026-09-29T17:50:09.923-03:00
UFPR04,27,livre,0.9148749113082886,0.5012905140346368,2026-09-29T17:50:09.923-03:00
UFPR04,28,livre,0.9345439076423645,0.5124652175314133,2026-09-29T17:50:09.923-03:00
UFPR04,3,ocupada,0.9422723650932312,0.4176440857901426,2026-09-29T17:50:09.923-03:00
UFPR04,4,ocupada,0.9446516036987305,0.4424580648097712,2026-09-29T17:50:09.923-03:00
UFPR04,5,ocupada,0.9443209767341614,0.47371789601366343,2026-09-29T17:50:09.923-03:00
UFPR04,6,livre,0.9187870025634766,0.4479282621300013,2026-09-29T17:50:09.923-03:00
UFPR04,7,livre,0.9433367848396301,0.420642581220386,2026-09-29T17:50:09.923-03:00
UFPR04,8,livre,0.9064623117446899,0.42834069737368635,2026-09-29T17:50:09.923-03:00
UFPR04,9,livre,0.8743497133255005,0.49071313511464554,2026-09-29T17:50:09.923-03:00
UFPR04,1,ocupada,0.9549781084060669,0.47615538502978033,2026-09-29T17:50:09.985-03:00
UFPR04,10,ocupada,0.9506347179412842,0.600602792674095,2026-09-29T17:50:09.985-03:00
UFPR04,11,livre,0.9255551695823669,0.5361023256897158,2026-09-29T17:50:09.985-03:00
UFPR04,12,livre,0.9319740533828735,0.5880696226462541,2026-09-29T17:50:09.985-03:00
UFPR04,13,livre,0.9010654091835022,0.6200618988562423,2026-09-29T17:50:09.985-03:00
UFPR04,14,livre,0.9203752279281616,0.5778100718217379,2026-09-29T17:50:09.985-03:00
UFPR04,15,livre,0.8970439434051514,0.57954251121192,2026-09-29T17:50:09.985-03:00
UFPR04,16,livre,0.9313571453094482,0.5317985276121889,2026-09-29T17:50:09.985-03:00
UFPR04,17,ocupada,0.9250147342681885,0.506651690092669,2026-09-29T17:50:09.985-03:00
UFPR04,18,livre,0.9304421544075012,0.4913956596106106,2026-09-29T17:50:09.985-03:00
UFPR04,19,livre,0.9222493171691895,0.4683725437991149,2026-09-29T17:50:09.985-03:00
UFPR04,2,ocupada,0.9505169987678528,0.4558298814912113,2026-09-29T17:50:09.985-03:00
UFPR04,20,livre,0.9300992488861084,0.4651542418532885,2026-09-29T17:50:09.985-03:00
UFPR04,21,livre,0.9236709475517273,0.45291770061813263,2026-09-29T17:50:09.985-03:00
UFPR04,22,livre,0.9292632341384888,0.6043412809442416,2026-09-29T17:50:09.985-03:00
UFPR04,23,ocupada,0.949588418006897,0.5666450055089778,2026-09-29T17:50:09.985-03:00
UFPR04,24,livre,0.942638635635376,0.5265471879337034,2026-09-29T17:50:09.985-03:00
UFPR04,25,livre,0.9417898654937744,0.551051360998659,2026-09-29T17:50:09.985-03:00
UFPR04,26,ocupada,0.9081722497940063,0.4968107095293977,2026-09-29T17:50:09.985-03:00
UFPR04,27,livre,0.9101316928863525,0.49755842970615843,2026-09-29T17:50:09.985-03:00
UFPR04,28,livre,0.9329710006713867,0.5061854856649529,2026-09-29T17:50:09.985-03:00
UFPR04,3,ocupada,0.9437059760093689,0.4195049475995365,2026-09-29T17:50:09.985-03:00
UFPR04,4,ocupada,0.9328075051307678,0.43712296809467094,2026-09-29T17:50:09.985-03:00
UFPR04,5,ocupada,0.9513987302780151,0.4438154309753388,2026-09-29T17:50:09.985-03:00
UFPR04,6,livre,0.9122340679168701,0.4524849038752378,2026-09-29T17:50:09.985-03:00
UFPR04,7,livre,0.9401354789733887,0.42033288131577773,2026-09-29T17:50:09.985-03:00
UFPR04,8,livre,0.9061655402183533,0.4283849075332086,2026-09-29T17:50:09.985-03:00
UFPR04,9,livre,0.8714566826820374,0.48722764673594254,2026-09-29T17:50:09.985-03:00
UFPR04,1,ocupada,0.961261510848999,0.4832933197468849,2026-09-29T17:50:10.049-03:00
UFPR04,10,ocupada,0.9520501494407654,0.5929317550130982,2026-09-29T17:50:10.049-03:00
UFPR04,11,livre,0.9137653708457947,0.5228254553681224,2026-09-29T17:50:10.049-03:00
UFPR04,12,livre,0.9270769953727722,0.5807429984673635,2026-09-29T17:50:10.049-03:00
UFPR04,13,livre,0.9085985422134399,0.6026772709216465,2026-09-29T17:50:10.049-03:00
UFPR04,14,livre,0.9209661483764648,0.571959639919042,2026-09-29T17:50:10.049-03:00
UFPR04,15,livre,0.8990032076835632,0.5868862671375924,2026-09-29T17:50:10.049-03:00
UFPR04,16,livre,0.9344511032104492,0.5224022712223372,2026-09-29T17:50:10.049-03:00
UFPR04,17,ocupada,0.9291242957115173,0.5061513794603743,2026-09-29T17:50:10.049-03:00
UFPR04,18,livre,0.925485372543335,0.481058781536293,2026-09-29T17:50:10.049-03:00
UFPR04,19,livre,0.9249007105827332,0.4741335457701739,2026-09-29T17:50:10.049-03:00
UFPR04,2,ocupada,0.9504692554473877,0.4638848820140992,2026-09-29T17:50:10.049-03:00
UFPR04,20,livre,0.9312360882759094,0.46226688621285084,2026-09-29T17:50:10.049-03:00
UFPR04,21,livre,0.9300615191459656,0.4360758157448923,2026-09-29T17:50:10.049-03:00
UFPR04,22,livre,0.92982017993927,0.5778177308098477,2026-09-29T17:50:10.049-03:00
UFPR04,23,ocupada,0.9471957683563232,0.5697106456607854,2026-09-29T17:50:10.049-03:00
UFPR04,24,livre,0.9418746829032898,0.524856176055763,2026-09-29T17:50:10.049-03:00
UFPR04,25,livre,0.9390575885772705,0.5271934431832132,2026-09-29T17:50:10.049-03:00
UFPR04,26,ocupada,0.9064781069755554,0.5078289586498658,2026-09-29T17:50:10.049-03:00
UFPR04,27,livre,0.9078874588012695,0.48740516671642975,2026-09-29T17:50:10.049-03:00
UFPR04,28,livre,0.9198301434516907,0.5028167782612228,2026-09-29T17:50:10.049-03:00
UFPR04,3,ocupada,0.9383922219276428,0.4245557633968637,2026-09-29T17:50:10.049-03:00
UFPR04,4,ocupada,0.9415526390075684,0.4318610130045504,2026-09-29T17:50:10.049-03:00
UFPR04,5,ocupada,0.9485322833061218,0.4359853161199503,2026-09-29T17:50:10.049-03:00
UFPR04,6,livre,0.9173812866210938,0.44649376557927717,2026-09-29T17:50:10.049-03:00
UFPR04,7,livre,0.9406293630599976,0.4224663687219032,2026-09-29T17:50:10.049-03:00
UFPR04,8,livre,0.914110541343689,0.4359510803688714,2026-09-29T17:50:10.049-03:00
UFPR04,9,livre,0.8668709397315979,0.49058900244921644,2026-09-29T17:50:10.049-03:00
UFPR04,1,ocupada,0.9548359513282776,0.4774110956281036,2026-09-29T17:50:10.108-03:00
UFPR04,10,ocupada,0.9421826004981995,0.6121829295180005,2026-09-29T17:50:10.108-03:00
UFPR04,11,livre,0.9264033436775208,0.5371073681415853,2026-09-29T17:50:10.108-03:00
UFPR04,12,livre,0.9265106320381165,0.5822730900750638,2026-09-29T17:50:10.108-03:00
UFPR04,13,livre,0.897386372089386,0.6206979205567829,2026-09-29T17:50:10.108-03:00
UFPR04,14,livre,0.9126830697059631,0.5809466183883738,2026-09-29T17:50:10.108-03:00
UFPR04,15,livre,0.895932137966156,0.565668007749063,2026-09-29T17:50:10.108-03:00
UFPR04,16,livre,0.930606484413147,0.5327354438346693,2026-09-29T17:50:10.108-03:00
UFPR04,17,ocupada,0.9199352264404297,0.5213679333225869,2026-09-29T17:50:10.108-03:00
UFPR04,18,livre,0.9282054901123047,0.4897648457903515,2026-09-29T17:50:10.108-03:00
UFPR04,19,livre,0.9198423624038696,0.45756733888498907,2026-09-29T17:50:10.108-03:00
UFPR04,2,ocupada,0.9514173865318298,0.45522235724124654,2026-09-29T17:50:10.108-03:00
UFPR04,20,livre,0.9322792887687683,0.44946422121267815,2026-09-29T17:50:10.108-03:00
UFPR04,21,livre,0.9243013858795166,0.44603139550539617,2026-09-29T17:50:10.108-03:00
UFPR04,22,livre,0.9466310739517212,0.5937386116045346,2026-09-29T17:50:10.108-03:00
UFPR04,23,ocupada,0.957279622554779,0.57295205005509,2026-09-29T17:50:10.108-03:00
UFPR04,24,livre,0.9396381974220276,0.5287025281321411,2026-09-29T17:50:10.108-03:00
UFPR04,25,livre,0.9270216822624207,0.5521077292195514,2026-09-29T17:50:10.108-03:00
UFPR04,26,ocupada,0.9004637002944946,0.5037583398407895,2026-09-29T17:50:10.108-03:00
UFPR04,27,livre,0.9140450954437256,0.4955040045856515,2026-09-29T17:50:10.108-03:00
UFPR04,28,livre,0.9264721870422363,0.5191900440483282,2026-09-29T17:50:10.108-03:00
UFPR04,3,ocupada,0.9429589509963989,0.42859615583400795,2026-09-29T17:50:10.108-03:00
UFPR04,4,ocupada,0.9350501298904419,0.4493010381745927,2026-09-29T17:50:10.108-03:00
UFPR04,5,livre,0.9494701027870178,0.4498918327412822,2026-09-29T17:50:10.108-03:00
UFPR04,6,livre,0.9152905941009521,0.45059958186691973,2026-09-29T17:50:10.108-03:00
UFPR04,7,livre,0.9376561045646667,0.4211411206988548,2026-09-29T17:50:10.108-03:00
UFPR04,8,livre,0.9048483967781067,0.4175455673388137,2026-09-29T17:50:10.108-03:00
UFPR04,9,livre,0.8575664758682251,0.4624168203540486,2026-09-29T17:50:10.108-03:00
UFPR04,1,ocupada,0.9552309513092041,0.474841492599601,2026-09-29T17:50:10.163-03:00
UFPR04,10,ocupada,0.9465065002441406,0.6091082306289548,2026-09-29T17:50:10.163-03:00
UFPR04,11,livre,0.9254714250564575,0.5400308144421344,2026-09-29T17:50:10.163-03:00
UFPR04,12,livre,0.9201658964157104,0.5890545456152957,2026-09-29T17:50:10.163-03:00
UFPR04,13,livre,0.8965644240379333,0.6095724915016766,2026-09-29T17:50:10.163-03:00
UFPR04,14,livre,0.9158354997634888,0.5929953884475702,2026-09-29T17:50:10.163-03:00
UFPR04,15,livre,0.8968920707702637,0.5824689858473662,2026-09-29T17:50:10.163-03:00
UFPR04,16,livre,0.9343122839927673,0.5255537182651573,2026-09-29T17:50:10.163-03:00
UFPR04,17,ocupada,0.9220237731933594,0.5151729014202442,2026-09-29T17:50:10.163-03:00
UFPR04,18,livre,0.9278042912483215,0.5007736105189953,2026-09-29T17:50:10.163-03:00
UFPR04,19,livre,0.9185706973075867,0.4795417961724457,2026-09-29T17:50:10.163-03:00
UFPR04,2,ocupada,0.9492485523223877,0.45359927977390074,2026-09-29T17:50:10.163-03:00
UFPR04,20,livre,0.9350003600120544,0.4537735642386946,2026-09-29T17:50:10.163-03:00
UFPR04,21,livre,0.9184771776199341,0.4488770939778855,2026-09-29T17:50:10.163-03:00
UFPR04,22,livre,0.9338045120239258,0.5458640444669608,2026-09-29T17:50:10.163-03:00
UFPR04,23,ocupada,0.9431848526000977,0.6128623007363543,2026-09-29T17:50:10.163-03:00
UFPR04,24,livre,0.9406892657279968,0.5397134033349382,2026-09-29T17:50:10.163-03:00
UFPR04,25,livre,0.9360787272453308,0.5593117264550712,2026-09-29T17:50:10.163-03:00
UFPR04,26,ocupada,0.9036961197853088,0.5020286500648391,2026-09-29T17:50:10.163-03:00
UFPR04,27,livre,0.9125121235847473,0.5031661015518238,2026-09-29T17:50:10.163-03:00
UFPR04,28,livre,0.9247013926506042,0.5170065075376608,2026-09-29T17:50:10.163-03:00
UFPR04,3,ocupada,0.941714882850647,0.4226900205782457,2026-09-29T17:50:10.163-03:00
UFPR04,4,ocupada,0.9244728088378906,0.44065650523574773,2026-09-29T17:50:10.163-03:00
UFPR04,5,livre,0.9407417178153992,0.4876872865488221,2026-09-29T17:50:10.163-03:00
UFPR04,6,livre,0.9164174795150757,0.4548450400042091,2026-09-29T17:50:10.163-03:00
UFPR04,7,livre,0.9291664958000183,0.4202955885450783,2026-09-29T17:50:10.163-03:00
UFPR04,8,livre,0.9052507281303406,0.41649462615374067,2026-09-29T17:50:10.163-03:00
UFPR04,9,livre,0.8400914669036865,0.47967334424084535,2026-09-29T17:50:10.163-03:00
UFPR04,1,ocupada,0.9554933905601501,0.47637805434085395,2026-09-29T17:50:10.218-03:00
UFPR04,10,ocupada,0.9444188475608826,0.6065454068291468,2026-09-29T17:50:10.218-03:00
UFPR04,11,livre,0.9275323152542114,0.5365720601433149,2026-09-29T17:50:10.218-03:00
UFPR04,12,livre,0.9294619560241699,0.5835563592174187,2026-09-29T17:50:10.218-03:00
UFPR04,13,livre,0.8982051014900208,0.617276111589087,2026-09-29T17:50:10.218-03:00
UFPR04,14,livre,0.8998456001281738,0.5838501054588281,2026-09-29T17:50:10.218-03:00
UFPR04,15,livre,0.8970949053764343,0.5707455869217978,2026-09-29T17:50:10.218-03:00
UFPR04,16,livre,0.9364068508148193,0.5225422256555674,2026-09-29T17:50:10.218-03:00
UFPR04,17,ocupada,0.911278247833252,0.5158284348596389,2026-09-29T17:50:10.218-03:00
UFPR04,18,livre,0.9302775859832764,0.5075382954910804,2026-09-29T17:50:10.218-03:00
UFPR04,19,livre,0.9261951446533203,0.4599589716384319,2026-09-29T17:50:10.218-03:00
UFPR04,2,ocupada,0.9564512372016907,0.4553419923843057,2026-09-29T17:50:10.218-03:00
UFPR04,20,livre,0.9356251358985901,0.4619452764967663,2026-09-29T17:50:10.218-03:00
UFPR04,21,livre,0.9203552007675171,0.44876907436100066,2026-09-29T17:50:10.218-03:00
UFPR04,22,livre,0.9375629425048828,0.5875808264764193,2026-09-29T17:50:10.218-03:00
UFPR04,23,ocupada,0.9507799744606018,0.5783333261255138,2026-09-29T17:50:10.218-03:00
UFPR04,24,livre,0.9401565790176392,0.5384062776785076,2026-09-29T17:50:10.218-03:00
UFPR04,25,livre,0.9125425815582275,0.5366327107573569,2026-09-29T17:50:10.218-03:00
UFPR04,26,ocupada,0.906345546245575,0.49940881117800956,2026-09-29T17:50:10.218-03:00
UFPR04,27,livre,0.9047918915748596,0.5064557224075504,2026-09-29T17:50:10.218-03:00
UFPR04,28,livre,0.9213568568229675,0.5184787691894464,2026-09-29T17:50:10.218-03:00
UFPR04,3,ocupada,0.9451386332511902,0.42509087757212305,2026-09-29T17:50:10.218-03:00
UFPR04,4,ocupada,0.9346798658370972,0.44496071774517265,2026-09-29T17:50:10.218-03:00
UFPR04,5,livre,0.9482545852661133,0.44756985118940373,2026-09-29T17:50:10.218-03:00
UFPR04,6,livre,0.9287853240966797,0.4486250232322268,2026-09-29T17:50:10.218-03:00
UFPR04,7,livre,0.9147452116012573,0.4390911558880323,2026-09-29T17:50:10.218-03:00
UFPR04,8,livre,0.8973003625869751,0.43102459880359806,2026-09-29T17:50:10.218-03:00
UFPR04,9,livre,0.8541882038116455,0.49091378600949626,2026-09-29T17:50:10.218-03:00
UFPR04,1,ocupada,0.9528390169143677,0.4810943237874409,2026-09-29T17:50:10.273-03:00
UFPR04,10,ocupada,0.9487876296043396,0.6042777879469985,2026-09-29T17:50:10.273-03:00
UFPR04,11,livre,0.9291284084320068,0.535696046520015,2026-09-29T17:50:10.273-03:00
UFPR04,12,livre,0.9281793832778931,0.582342088415222,2026-09-29T17:50:10.273-03:00
UFPR04,13,livre,0.8979401588439941,0.6202230437458676,2026-09-29T17:50:10.273-03:00
UFPR04,14,livre,0.9173431992530823,0.5817432079136053,2026-09-29T17:50:10.273-03:00
UFPR04,15,livre,0.8959701061248779,0.585541083551977,2026-09-29T17:50:10.273-03:00
UFPR04,16,livre,0.9297837018966675,0.5245518862061157,2026-09-29T17:50:10.273-03:00
UFPR04,17,ocupada,0.9094264507293701,0.513457194076189,2026-09-29T17:50:10.273-03:00
UFPR04,18,livre,0.9298869967460632,0.5089813970244028,2026-09-29T17:50:10.273-03:00
UFPR04,19,livre,0.9219534993171692,0.4504051802628095,2026-09-29T17:50:10.273-03:00
UFPR04,2,ocupada,0.953819751739502,0.457392142857714,2026-09-29T17:50:10.273-03:00
UFPR04,20,livre,0.9348686337471008,0.4527331007715835,2026-09-29T17:50:10.273-03:00
UFPR04,21,livre,0.9227190613746643,0.4441886535669366,2026-09-29T17:50:10.273-03:00
UFPR04,22,livre,0.939946711063385,0.6049660160054264,2026-09-29T17:50:10.273-03:00
UFPR04,23,ocupada,0.9454337954521179,0.5888587574719308,2026-09-29T17:50:10.273-03:00
UFPR04,24,livre,0.9437060952186584,0.5447726459782097,2026-09-29T17:50:10.273-03:00
UFPR04,25,livre,0.9101325273513794,0.5379090610262509,2026-09-29T17:50:10.273-03:00
UFPR04,26,ocupada,0.9081489443778992,0.5001082456596887,2026-09-29T17:50:10.273-03:00
UFPR04,27,livre,0.9117100834846497,0.5064201059586253,2026-09-29T17:50:10.273-03:00
UFPR04,28,livre,0.9159814119338989,0.5092139485970513,2026-09-29T17:50:10.273-03:00
UFPR04,3,ocupada,0.9444858431816101,0.4288606463313731,2026-09-29T17:50:10.273-03:00
UFPR04,4,ocupada,0.9246746897697449,0.43707469964513007,2026-09-29T17:50:10.273-03:00
UFPR04,5,livre,0.9453687071800232,0.44933185216714916,2026-09-29T17:50:10.273-03:00
UFPR04,6,livre,0.918864369392395,0.44818667524932043,2026-09-29T17:50:10.273-03:00
UFPR04,7,livre,0.9405883550643921,0.41559053388803363,2026-09-29T17:50:10.273-03:00
UFPR04,8,livre,0.9081751704216003,0.4194150423888808,2026-09-29T17:50:10.273-03:00
UFPR04,9,livre,0.834872305393219,0.5017039576101808,2026-09-29T17:50:10.273-03:00
UFPR04,1,ocupada,0.952276349067688,0.4806291190939485,2026-09-29T17:50:10.329-03:00
UFPR04,10,ocupada,0.9473934173583984,0.6052213087983688,2026-09-29T17:50:10.329-03:00
UFPR04,11,livre,0.9305886626243591,0.5387360624104617,2026-09-29T17:50:10.329-03:00
UFPR04,12,livre,0.9276085495948792,0.5790003612315022,2026-09-29T17:50:10.329-03:00
UFPR04,13,livre,0.8997504115104675,0.6107116701466635,2026-09-29T17:50:10.329-03:00
UFPR04,14,livre,0.9157068133354187,0.5877804216914502,2026-09-29T17:50:10.329-03:00
UFPR04,15,livre,0.9002509713172913,0.5836214257063658,2026-09-29T17:50:10.329-03:00
UFPR04,16,livre,0.9315413236618042,0.5212834488306997,2026-09-29T17:50:10.329-03:00
UFPR04,17,ocupada,0.9119774103164673,0.5118959938031045,2026-09-29T17:50:10.329-03:00
UFPR04,18,livre,0.926217257976532,0.5041061584703719,2026-09-29T17:50:10.329-03:00
UFPR04,19,livre,0.91996830701828,0.45782490548500115,2026-09-29T17:50:10.329-03:00
UFPR04,2,ocupada,0.9515189528465271,0.4577702967323427,2026-09-29T17:50:10.329-03:00
UFPR04,20,livre,0.9303863644599915,0.460448706288199,2026-09-29T17:50:10.329-03:00
UFPR04,21,livre,0.9235121607780457,0.448691874463571,2026-09-29T17:50:10.329-03:00
UFPR04,22,livre,0.9372584819793701,0.6062491688149519,2026-09-29T17:50:10.329-03:00
UFPR04,23,ocupada,0.9460839033126831,0.6003098464830459,2026-09-29T17:50:10.329-03:00
UFPR04,24,livre,0.942784309387207,0.5459655514075555,2026-09-29T17:50:10.329-03:00
UFPR04,25,ocupada,0.9118602275848389,0.543589019984549,2026-09-29T17:50:10.329-03:00
UFPR04,26,ocupada,0.910605788230896,0.49766832603566274,2026-09-29T17:50:10.329-03:00
UFPR04,27,livre,0.9149013757705688,0.5017461657608154,2026-09-29T17:50:10.329-03:00
UFPR04,28,livre,0.9224555492401123,0.5143277555677112,2026-09-29T17:50:10.329-03:00
UFPR04,3,ocupada,0.943710207939148,0.42588573983865907,2026-09-29T17:50:10.329-03:00
UFPR04,4,ocupada,0.9333785176277161,0.44312100447061864,2026-09-29T17:50:10.329-03:00
UFPR04,5,livre,0.94685298204422,0.4470402117544783,2026-09-29T17:50:10.329-03:00
UFPR04,6,livre,0.9128776788711548,0.4678737133743817,2026-09-29T17:50:10.329-03:00
UFPR04,7,livre,0.9409011602401733,0.4177115939849436,2026-09-29T17:50:10.329-03:00
UFPR04,8,livre,0.9080590605735779,0.42546848240202345,2026-09-29T17:50:10.329-03:00
UFPR04,9,livre,0.8527286648750305,0.5076052687415357,2026-09-29T17:50:10.329-03:00
UFPR04,1,ocupada,0.9529227018356323,0.47130864768069597,2026-09-29T17:50:10.385-03:00
UFPR04,10,ocupada,0.9458460211753845,0.5994523078592978,2026-09-29T17:50:10.385-03:00
UFPR04,11,livre,0.9264708757400513,0.5315768501215908,2026-09-29T17:50:10.385-03:00
UFPR04,12,livre,0.9241971969604492,0.5763238294474081,2026-09-29T17:50:10.385-03:00
UFPR04,13,livre,0.905415952205658,0.60315035085949,2026-09-29T17:50:10.385-03:00
UFPR04,14,livre,0.9180206060409546,0.5860173358784634,2026-09-29T17:50:10.385-03:00
UFPR04,15,livre,0.8954697251319885,0.5830934509809129,2026-09-29T17:50:10.385-03:00
UFPR04,16,livre,0.9317455887794495,0.521866981951556,2026-09-29T17:50:10.385-03:00
UFPR04,17,ocupada,0.9124558568000793,0.5096334422538004,2026-09-29T17:50:10.385-03:00
UFPR04,18,livre,0.9262443780899048,0.497884160576816,2026-09-29T17:50:10.385-03:00
UFPR04,19,livre,0.9223673343658447,0.474096131021653,2026-09-29T17:50:10.385-03:00
UFPR04,2,ocupada,0.9505383372306824,0.457272246146316,2026-09-29T17:50:10.385-03:00
UFPR04,20,livre,0.9305024743080139,0.4624164900670667,2026-09-29T17:50:10.385-03:00
UFPR04,21,livre,0.9247186183929443,0.45132189810155954,2026-09-29T17:50:10.385-03:00
UFPR04,22,livre,0.9376360774040222,0.5881321437862763,2026-09-29T17:50:10.385-03:00
UFPR04,23,ocupada,0.94981849193573,0.5808500398081019,2026-09-29T17:50:10.385-03:00
UFPR04,24,livre,0.943400502204895,0.5281095885312309,2026-09-29T17:50:10.385-03:00
UFPR04,25,ocupada,0.9093760848045349,0.5277171697846904,2026-09-29T17:50:10.385-03:00
UFPR04,26,ocupada,0.9190842509269714,0.5120737215896431,2026-09-29T17:50:10.385-03:00
UFPR04,27,livre,0.9109934568405151,0.5030589368509489,2026-09-29T17:50:10.385-03:00
UFPR04,28,livre,0.9234039783477783,0.5103066521768584,2026-09-29T17:50:10.385-03:00
UFPR04,3,ocupada,0.943935751914978,0.42806366468948176,2026-09-29T17:50:10.385-03:00
UFPR04,4,ocupada,0.9296883940696716,0.4374596138805099,2026-09-29T17:50:10.385-03:00
UFPR04,5,livre,0.9479857087135315,0.448385611544256,2026-09-29T17:50:10.385-03:00
UFPR04,6,livre,0.9156039953231812,0.4487903688300612,2026-09-29T17:50:10.385-03:00
UFPR04,7,livre,0.9406600594520569,0.41531680892245926,2026-09-29T17:50:10.385-03:00
UFPR04,8,livre,0.9080208539962769,0.42303461758556576,2026-09-29T17:50:10.385-03:00
UFPR04,9,livre,0.8497079014778137,0.501273113369748,2026-09-29T17:50:10.385-03:00
UFPR04,1,ocupada,0.9582117199897766,0.4797392117341987,2026-09-29T17:50:10.440-03:00
UFPR04,10,ocupada,0.9502530694007874,0.5841373932764079,2026-09-29T17:50:10.440-03:00
UFPR04,11,livre,0.9268296360969543,0.5193649678565526,2026-09-29T17:50:10.440-03:00
UFPR04,12,livre,0.9248708486557007,0.5730698466949325,2026-09-29T17:50:10.440-03:00
UFPR04,13,livre,0.9088205099105835,0.605358734413938,2026-09-29T17:50:10.440-03:00
UFPR04,14,livre,0.9244412183761597,0.5748927556061586,2026-09-29T17:50:10.440-03:00
UFPR04,15,livre,0.8949909806251526,0.5639673146082185,2026-09-29T17:50:10.440-03:00
UFPR04,16,livre,0.9384578466415405,0.525967907153911,2026-09-29T17:50:10.440-03:00
UFPR04,17,ocupada,0.9130080342292786,0.5019332508151602,2026-09-29T17:50:10.440-03:00
UFPR04,18,livre,0.9254670143127441,0.4864308688996702,2026-09-29T17:50:10.440-03:00
UFPR04,19,livre,0.9217217564582825,0.4813500815476535,2026-09-29T17:50:10.440-03:00
UFPR04,2,ocupada,0.9499608278274536,0.4604835264573785,2026-09-29T17:50:10.440-03:00
UFPR04,20,livre,0.931762158870697,0.4613692009413618,2026-09-29T17:50:10.440-03:00
UFPR04,21,livre,0.9304826259613037,0.4433288968052385,2026-09-29T17:50:10.440-03:00
UFPR04,22,livre,0.9354666471481323,0.5884295836072291,2026-09-29T17:50:10.440-03:00
UFPR04,23,ocupada,0.9508441090583801,0.5658942837323212,2026-09-29T17:50:10.440-03:00
UFPR04,24,livre,0.9375199675559998,0.5235776223405737,2026-09-29T17:50:10.440-03:00
UFPR04,25,ocupada,0.8980473279953003,0.5192225420541342,2026-09-29T17:50:10.440-03:00
UFPR04,26,ocupada,0.9157879948616028,0.5193988978966214,2026-09-29T17:50:10.440-03:00
UFPR04,27,livre,0.9140034914016724,0.4949134587165312,2026-09-29T17:50:10.440-03:00
UFPR04,28,livre,0.9269444346427917,0.49641619318343183,2026-09-29T17:50:10.440-03:00
UFPR04,3,ocupada,0.9427934288978577,0.4213891432481277,2026-09-29T17:50:10.440-03:00
UFPR04,4,ocupada,0.9336093664169312,0.44780578671132937,2026-09-29T17:50:10.440-03:00
UFPR04,5,livre,0.9465371370315552,0.44231340227834254,2026-09-29T17:50:10.440-03:00
UFPR04,6,livre,0.9159960150718689,0.44484594947304057,2026-09-29T17:50:10.440-03:00
UFPR04,7,livre,0.9379448294639587,0.4137390516311709,2026-09-29T17:50:10.440-03:00
UFPR04,8,livre,0.9101395606994629,0.42819964362636126,2026-09-29T17:50:10.440-03:00
UFPR04,9,livre,0.8542475700378418,0.4951936013522358,2026-09-29T17:50:10.440-03:00
UFPR04,1,ocupada,0.9559319615364075,0.46902822761956303,2026-09-29T17:50:10.498-03:00
UFPR04,10,ocupada,0.9442911148071289,0.6056291649551448,2026-09-29T17:50:10.498-03:00
UFPR04,11,livre,0.9232547879219055,0.49819541897227315,2026-09-29T17:50:10.498-03:00
UFPR04,12,livre,0.9230843186378479,0.5849539874690798,2026-09-29T17:50:10.498-03:00
UFPR04,13,livre,0.8930789232254028,0.6209082651624572,2026-09-29T17:50:10.498-03:00
UFPR04,14,livre,0.9201623797416687,0.5832337895946271,2026-09-29T17:50:10.498-03:00
UFPR04,15,livre,0.8988078832626343,0.5747173054459312,2026-09-29T17:50:10.498-03:00
UFPR04,16,livre,0.928096354007721,0.5182786264933604,2026-09-29T17:50:10.498-03:00
UFPR04,17,ocupada,0.9134241342544556,0.4958545688012723,2026-09-29T17:50:10.498-03:00
UFPR04,18,livre,0.9211481809616089,0.4971274724240946,2026-09-29T17:50:10.498-03:00
UFPR04,19,livre,0.9242183566093445,0.491348973084903,2026-09-29T17:50:10.498-03:00
UFPR04,2,ocupada,0.9491336345672607,0.4577772010549833,2026-09-29T17:50:10.498-03:00
UFPR04,20,livre,0.9323864579200745,0.46998981585965643,2026-09-29T17:50:10.498-03:00
UFPR04,21,livre,0.929233193397522,0.4504279099421159,2026-09-29T17:50:10.498-03:00
UFPR04,22,livre,0.9315711259841919,0.5852609399048486,2026-09-29T17:50:10.498-03:00
UFPR04,23,ocupada,0.9436585903167725,0.5706993648191936,2026-09-29T17:50:10.498-03:00
UFPR04,24,livre,0.9412442445755005,0.5304623901412109,2026-09-29T17:50:10.498-03:00
UFPR04,25,ocupada,0.9124079942703247,0.5324371047078817,2026-09-29T17:50:10.498-03:00
UFPR04,26,ocupada,0.9129267334938049,0.5038944350298356,2026-09-29T17:50:10.498-03:00
UFPR04,27,livre,0.9171021580696106,0.4969892082072478,2026-09-29T17:50:10.498-03:00
UFPR04,28,livre,0.9304925203323364,0.5247407244622695,2026-09-29T17:50:10.498-03:00
UFPR04,3,ocupada,0.9419220685958862,0.42260598816301964,2026-09-29T17:50:10.498-03:00
UFPR04,4,ocupada,0.927862286567688,0.4399175181563675,2026-09-29T17:50:10.498-03:00
UFPR04,5,livre,0.9419201612472534,0.457477558641461,2026-09-29T17:50:10.498-03:00
UFPR04,6,livre,0.9128841161727905,0.4518368581273809,2026-09-29T17:50:10.498-03:00
UFPR04,7,livre,0.9379742741584778,0.42325879498542723,2026-09-29T17:50:10.498-03:00
UFPR04,8,livre,0.911343514919281,0.4223044078681927,2026-09-29T17:50:10.498-03:00
UFPR04,9,livre,0.8648136854171753,0.4791328359224602,2026-09-29T17:50:10.498-03:00
UFPR04,1,ocupada,0.9612516760826111,0.4820356170402423,2026-09-29T17:50:10.554-03:00
UFPR04,10,ocupada,0.9483934044837952,0.590248099507678,2026-09-29T17:50:10.554-03:00
UFPR04,11,livre,0.9195018410682678,0.5110977425804702,2026-09-29T17:50:10.554-03:00
UFPR04,12,livre,0.9329280257225037,0.5801293731095762,2026-09-29T17:50:10.554-03:00
UFPR04,13,livre,0.910696268081665,0.6092032929425553,2026-09-29T17:50:10.554-03:00
UFPR04,14,livre,0.917124330997467,0.5665797960643343,2026-09-29T17:50:10.554-03:00
UFPR04,15,livre,0.8915022015571594,0.5706005566969967,2026-09-29T17:50:10.554-03:00
UFPR04,16,livre,0.9379900097846985,0.5053333439879194,2026-09-29T17:50:10.554-03:00
UFPR04,17,ocupada,0.9146546721458435,0.49455988625796704,2026-09-29T17:50:10.554-03:00
UFPR04,18,livre,0.9267547726631165,0.49116122897396913,2026-09-29T17:50:10.554-03:00
UFPR04,19,livre,0.9144768714904785,0.4955923036128186,2026-09-29T17:50:10.554-03:00
UFPR04,2,ocupada,0.9538334012031555,0.4724129193222783,2026-09-29T17:50:10.554-03:00
UFPR04,20,livre,0.9325157999992371,0.4670038038583439,2026-09-29T17:50:10.554-03:00
UFPR04,21,livre,0.9366899132728577,0.43614578915311064,2026-09-29T17:50:10.554-03:00
UFPR04,22,livre,0.9302471876144409,0.5942418155655157,2026-09-29T17:50:10.554-03:00
UFPR04,23,ocupada,0.953729510307312,0.5760276801794949,2026-09-29T17:50:10.554-03:00
UFPR04,24,livre,0.9363677501678467,0.5450608438566293,2026-09-29T17:50:10.554-03:00
UFPR04,25,ocupada,0.9037442803382874,0.5429904545753703,2026-09-29T17:50:10.554-03:00
UFPR04,26,ocupada,0.935631275177002,0.5150902099750346,2026-09-29T17:50:10.554-03:00
UFPR04,27,livre,0.9055447578430176,0.4994181473065461,2026-09-29T17:50:10.554-03:00
UFPR04,28,livre,0.9209931492805481,0.4951934042166507,2026-09-29T17:50:10.554-03:00
UFPR04,3,ocupada,0.9388606548309326,0.4208063071405932,2026-09-29T17:50:10.554-03:00
UFPR04,4,ocupada,0.933821976184845,0.44636153013225854,2026-09-29T17:50:10.554-03:00
UFPR04,5,livre,0.9382610321044922,0.4512170685039767,2026-09-29T17:50:10.554-03:00
UFPR04,6,livre,0.9214857220649719,0.4491635030131873,2026-09-29T17:50:10.554-03:00
UFPR04,7,livre,0.9399253129959106,0.4247885847140501,2026-09-29T17:50:10.554-03:00
UFPR04,8,livre,0.9061365723609924,0.44093411921206915,2026-09-29T17:50:10.554-03:00
UFPR04,9,livre,0.8358823657035828,0.5191837973972072,2026-09-29T17:50:10.554-03:00
UFPR04,1,ocupada,0.9605104923248291,0.48835745400091907,2026-09-29T17:50:10.621-03:00
UFPR04,10,ocupada,0.9508239030838013,0.6015352756800387,2026-09-29T17:50:10.621-03:00
UFPR04,11,livre,0.9179685711860657,0.5095492159910945,2026-09-29T17:50:10.621-03:00
UFPR04,12,livre,0.933355987071991,0.5757858027606143,2026-09-29T17:50:10.621-03:00
UFPR04,13,livre,0.9090529680252075,0.6240148307168439,2026-09-29T17:50:10.621-03:00
UFPR04,14,livre,0.915094256401062,0.5709560336776321,2026-09-29T17:50:10.621-03:00
UFPR04,15,livre,0.893093466758728,0.5749194067241641,2026-09-29T17:50:10.621-03:00
UFPR04,16,livre,0.9444489479064941,0.5011966363490947,2026-09-29T17:50:10.621-03:00
UFPR04,17,ocupada,0.9163295030593872,0.49951759698412784,2026-09-29T17:50:10.621-03:00
UFPR04,18,livre,0.9267988801002502,0.4977658608767499,2026-09-29T17:50:10.621-03:00
UFPR04,19,livre,0.9184879064559937,0.4961660246756145,2026-09-29T17:50:10.621-03:00
UFPR04,2,ocupada,0.9535897374153137,0.4860992436213809,2026-09-29T17:50:10.621-03:00
UFPR04,20,livre,0.9317797422409058,0.4680551562768333,2026-09-29T17:50:10.621-03:00
UFPR04,21,livre,0.940068244934082,0.43196220598912793,2026-09-29T17:50:10.621-03:00
UFPR04,22,livre,0.9316469430923462,0.6069654715128624,2026-09-29T17:50:10.621-03:00
UFPR04,23,ocupada,0.9562953114509583,0.5785557640199459,2026-09-29T17:50:10.621-03:00
UFPR04,24,livre,0.9371827840805054,0.5293263812939762,2026-09-29T17:50:10.621-03:00
UFPR04,25,ocupada,0.9016861319541931,0.5354961067548542,2026-09-29T17:50:10.621-03:00
UFPR04,26,ocupada,0.919381320476532,0.5195627216871452,2026-09-29T17:50:10.621-03:00
UFPR04,27,livre,0.9093376398086548,0.5000807638330514,2026-09-29T17:50:10.621-03:00
UFPR04,28,livre,0.9248058795928955,0.5147036399412785,2026-09-29T17:50:10.621-03:00
UFPR04,3,ocupada,0.9416617155075073,0.4334165152379765,2026-09-29T17:50:10.621-03:00
UFPR04,4,ocupada,0.9309033155441284,0.44074811959508425,2026-09-29T17:50:10.621-03:00
UFPR04,5,livre,0.9369925856590271,0.45286164541931123,2026-09-29T17:50:10.621-03:00
UFPR04,6,livre,0.9182996153831482,0.4470596481744206,2026-09-29T17:50:10.621-03:00
UFPR04,7,livre,0.9358698129653931,0.42974352583083325,2026-09-29T17:50:10.621-03:00
UFPR04,8,livre,0.9083794355392456,0.44012643521163725,2026-09-29T17:50:10.621-03:00
UFPR04,9,livre,0.8658514022827148,0.5095605001784432,2026-09-29T17:50:10.621-03:00
UFPR04,1,ocupada,0.9539912343025208,0.4714740529696233,2026-09-29T17:50:10.678-03:00
UFPR04,10,ocupada,0.9426921010017395,0.607019263544423,2026-09-29T17:50:10.678-03:00
UFPR04,11,livre,0.895494282245636,0.4867417654622879,2026-09-29T17:50:10.678-03:00
UFPR04,12,livre,0.8974659442901611,0.5863529993641893,2026-09-29T17:50:10.678-03:00
UFPR04,13,livre,0.9121922850608826,0.6070464268885931,2026-09-29T17:50:10.678-03:00
UFPR04,14,livre,0.9180434346199036,0.5671763632717569,2026-09-29T17:50:10.678-03:00
UFPR04,15,livre,0.8976511359214783,0.5866988944945201,2026-09-29T17:50:10.678-03:00
UFPR04,16,livre,0.9458790421485901,0.5258047525998646,2026-09-29T17:50:10.678-03:00
UFPR04,17,ocupada,0.9258866310119629,0.5126885963295591,2026-09-29T17:50:10.678-03:00
UFPR04,18,livre,0.9242762923240662,0.494528751856935,2026-09-29T17:50:10.678-03:00
UFPR04,19,livre,0.9240671992301941,0.47236703239451144,2026-09-29T17:50:10.678-03:00
UFPR04,2,ocupada,0.9481698870658875,0.4489811182940125,2026-09-29T17:50:10.678-03:00
UFPR04,20,livre,0.9330703020095825,0.4659144489679484,2026-09-29T17:50:10.678-03:00
UFPR04,21,livre,0.9282216429710388,0.44489868121975196,2026-09-29T17:50:10.678-03:00
UFPR04,22,livre,0.9337081909179688,0.5791459623807329,2026-09-29T17:50:10.678-03:00
UFPR04,23,ocupada,0.9477449655532837,0.5829333153007078,2026-09-29T17:50:10.678-03:00
UFPR04,24,livre,0.939594566822052,0.5236483757195322,2026-09-29T17:50:10.678-03:00
UFPR04,25,ocupada,0.9114669561386108,0.5302399252385493,2026-09-29T17:50:10.678-03:00
UFPR04,26,ocupada,0.9122992753982544,0.49782019428821,2026-09-29T17:50:10.678-03:00
UFPR04,27,livre,0.908283531665802,0.5007189482451468,2026-09-29T17:50:10.678-03:00
UFPR04,28,livre,0.9256628155708313,0.48275864430922133,2026-09-29T17:50:10.678-03:00
UFPR04,3,ocupada,0.9437819719314575,0.4047568661150871,2026-09-29T17:50:10.678-03:00
UFPR04,4,ocupada,0.9239799380302429,0.43885057384685733,2026-09-29T17:50:10.678-03:00
UFPR04,5,livre,0.9491257667541504,0.460051632189616,2026-09-29T17:50:10.678-03:00
UFPR04,6,livre,0.9157252907752991,0.45962728337628284,2026-09-29T17:50:10.678-03:00
UFPR04,7,livre,0.9372744560241699,0.4180086944159329,2026-09-29T17:50:10.678-03:00
UFPR04,8,livre,0.916053831577301,0.4351590731062296,2026-09-29T17:50:10.678-03:00
UFPR04,9,livre,0.8705384135246277,0.5010032728315261,2026-09-29T17:50:10.678-03:00
UFPR04,1,ocupada,0.9530843496322632,0.47199509988885735,2026-09-29T17:50:10.734-03:00
UFPR04,10,ocupada,0.9427410364151001,0.6064889597963536,2026-09-29T17:50:10.734-03:00
UFPR04,11,livre,0.9004096388816833,0.4895923097504398,2026-09-29T17:50:10.734-03:00
UFPR04,12,livre,0.8984612226486206,0.5856531614291149,2026-09-29T17:50:10.734-03:00
UFPR04,13,livre,0.9075819849967957,0.620297487918001,2026-09-29T17:50:10.734-03:00
UFPR04,14,livre,0.9182822108268738,0.5750422045031998,2026-09-29T17:50:10.734-03:00
UFPR04,15,livre,0.8961958289146423,0.577597359714318,2026-09-29T17:50:10.734-03:00
UFPR04,16,ocupada,0.9480547308921814,0.5242620954526246,2026-09-29T17:50:10.734-03:00
UFPR04,17,ocupada,0.9203211069107056,0.5098074816325854,2026-09-29T17:50:10.734-03:00
UFPR04,18,livre,0.9234155416488647,0.49215473700667905,2026-09-29T17:50:10.734-03:00
UFPR04,19,livre,0.9238980412483215,0.46061087153869174,2026-09-29T17:50:10.734-03:00
UFPR04,2,ocupada,0.9516476988792419,0.46169411266825355,2026-09-29T17:50:10.734-03:00
UFPR04,20,livre,0.9289306402206421,0.45442133604166973,2026-09-29T17:50:10.734-03:00
UFPR04,21,livre,0.9276120066642761,0.4427251382957291,2026-09-29T17:50:10.734-03:00
UFPR04,22,ocupada,0.9352790713310242,0.582175641399683,2026-09-29T17:50:10.734-03:00
UFPR04,23,ocupada,0.9504275918006897,0.5744501281985814,2026-09-29T17:50:10.734-03:00
UFPR04,24,livre,0.9393812417984009,0.5208931194049629,2026-09-29T17:50:10.734-03:00
UFPR04,25,ocupada,0.9081984758377075,0.5345665475880185,2026-09-29T17:50:10.734-03:00
UFPR04,26,ocupada,0.915068507194519,0.4940380741032612,2026-09-29T17:50:10.734-03:00
UFPR04,27,livre,0.9080492258071899,0.5017302259402836,2026-09-29T17:50:10.734-03:00
UFPR04,28,livre,0.9161472320556641,0.4938975559949951,2026-09-29T17:50:10.734-03:00
UFPR04,3,ocupada,0.9433508515357971,0.41562584149243126,2026-09-29T17:50:10.734-03:00
UFPR04,4,ocupada,0.9222069382667542,0.43103791421514576,2026-09-29T17:50:10.734-03:00
UFPR04,5,livre,0.9489223957061768,0.45716578113904804,2026-09-29T17:50:10.734-03:00
UFPR04,6,livre,0.9186040759086609,0.4471357697213066,2026-09-29T17:50:10.734-03:00
UFPR04,7,livre,0.9378756880760193,0.4173152919146143,2026-09-29T17:50:10.734-03:00
UFPR04,8,livre,0.9151642918586731,0.43028654575114045,2026-09-29T17:50:10.734-03:00
UFPR04,9,livre,0.8654847741127014,0.49692403405018737,2026-09-29T17:50:10.734-03:00
UFPR04,1,ocupada,0.9531168341636658,0.47695261822083074,2026-09-29T17:50:10.790-03:00
UFPR04,10,ocupada,0.9454759955406189,0.6069515911708971,2026-09-29T17:50:10.790-03:00
UFPR04,11,ocupada,0.8985589146614075,0.4940276880460134,2026-09-29T17:50:10.790-03:00
UFPR04,12,livre,0.9164612293243408,0.5887142029309733,2026-09-29T17:50:10.790-03:00
UFPR04,13,livre,0.905534029006958,0.6239303673167058,2026-09-29T17:50:10.790-03:00
UFPR04,14,livre,0.9185497760772705,0.5805939147853416,2026-09-29T17:50:10.790-03:00
UFPR04,15,livre,0.9026196002960205,0.5721073967064569,2026-09-29T17:50:10.790-03:00
UFPR04,16,ocupada,0.9503836631774902,0.5199443052701743,2026-09-29T17:50:10.790-03:00
UFPR04,17,ocupada,0.920029878616333,0.5011540273317534,2026-09-29T17:50:10.790-03:00
UFPR04,18,livre,0.9263922572135925,0.4963580691368023,2026-09-29T17:50:10.790-03:00
UFPR04,19,livre,0.9239423274993896,0.47168561120936786,2026-09-29T17:50:10.790-03:00
UFPR04,2,ocupada,0.9501947164535522,0.4579122436375334,2026-09-29T17:50:10.790-03:00
UFPR04,20,livre,0.9306740164756775,0.4543723411944589,2026-09-29T17:50:10.790-03:00
UFPR04,21,livre,0.9202244877815247,0.4454515404736166,2026-09-29T17:50:10.790-03:00
UFPR04,22,ocupada,0.9380739331245422,0.5846418381647764,2026-09-29T17:50:10.790-03:00
UFPR04,23,ocupada,0.9490456581115723,0.5790776662185305,2026-09-29T17:50:10.790-03:00
UFPR04,24,livre,0.9405578374862671,0.515409480525961,2026-09-29T17:50:10.790-03:00
UFPR04,25,ocupada,0.911572277545929,0.5341541260348046,2026-09-29T17:50:10.790-03:00
UFPR04,26,ocupada,0.9112623929977417,0.5099373620917199,2026-09-29T17:50:10.790-03:00
UFPR04,27,livre,0.9138144254684448,0.5129731955856621,2026-09-29T17:50:10.790-03:00
UFPR04,28,livre,0.9223164319992065,0.5012137708511339,2026-09-29T17:50:10.790-03:00
UFPR04,3,ocupada,0.942173182964325,0.4103057485526734,2026-09-29T17:50:10.790-03:00
UFPR04,4,ocupada,0.9233142137527466,0.4401846886461475,2026-09-29T17:50:10.790-03:00
UFPR04,5,livre,0.9493258595466614,0.4586610327972466,2026-09-29T17:50:10.790-03:00
UFPR04,6,livre,0.9140377640724182,0.4435746079640821,2026-09-29T17:50:10.790-03:00
UFPR04,7,livre,0.9397538900375366,0.4174187983014684,2026-09-29T17:50:10.790-03:00
UFPR04,8,livre,0.9088900685310364,0.42944722855267464,2026-09-29T17:50:10.790-03:00
UFPR04,9,livre,0.8734092116355896,0.482490772127231,2026-09-29T17:50:10.790-03:00
UFPR04,1,ocupada,0.9624383449554443,0.4836480965557903,2026-09-29T17:50:10.844-03:00
UFPR04,10,ocupada,0.9512208104133606,0.6047887118760863,2026-09-29T17:50:10.844-03:00
UFPR04,11,ocupada,0.9017754197120667,0.4924125825721373,2026-09-29T17:50:10.844-03:00
UFPR04,12,livre,0.9123467803001404,0.6000448190901464,2026-09-29T17:50:10.844-03:00
UFPR04,13,livre,0.9096410870552063,0.6244200156536215,2026-09-29T17:50:10.844-03:00
UFPR04,14,livre,0.9177761673927307,0.5803469503527675,2026-09-29T17:50:10.844-03:00
UFPR04,15,livre,0.9025908708572388,0.5830293242317368,2026-09-29T17:50:10.844-03:00
UFPR04,16,ocupada,0.9437736868858337,0.5201920252599118,2026-09-29T17:50:10.844-03:00
UFPR04,17,ocupada,0.9349336624145508,0.47801234093086914,2026-09-29T17:50:10.844-03:00
UFPR04,18,livre,0.9313005805015564,0.500098245820038,2026-09-29T17:50:10.844-03:00
UFPR04,19,livre,0.9091670513153076,0.49094222979329716,2026-09-29T17:50:10.844-03:00
UFPR04,2,ocupada,0.9535745978355408,0.4723857472545904,2026-09-29T17:50:10.844-03:00
UFPR04,20,livre,0.9306177496910095,0.4651187518739636,2026-09-29T17:50:10.844-03:00
UFPR04,21,livre,0.9321308135986328,0.43966902040250866,2026-09-29T17:50:10.844-03:00
UFPR04,22,ocupada,0.9322102665901184,0.5971088354968208,2026-09-29T17:50:10.844-03:00
UFPR04,23,ocupada,0.9525063037872314,0.5718488945603588,2026-09-29T17:50:10.844-03:00
UFPR04,24,livre,0.9347249865531921,0.5252510337917545,2026-09-29T17:50:10.844-03:00
UFPR04,25,ocupada,0.9238704442977905,0.5353379915802103,2026-09-29T17:50:10.844-03:00
UFPR04,26,ocupada,0.9141072034835815,0.5549038584984335,2026-09-29T17:50:10.844-03:00
UFPR04,27,livre,0.9008879065513611,0.4727101761160489,2026-09-29T17:50:10.844-03:00
UFPR04,28,livre,0.9214638471603394,0.5045276208099883,2026-09-29T17:50:10.844-03:00
UFPR04,3,ocupada,0.9394320845603943,0.4204120480855764,2026-09-29T17:50:10.844-03:00
UFPR04,4,ocupada,0.9304476380348206,0.4410898141598361,2026-09-29T17:50:10.844-03:00
UFPR04,5,livre,0.9466493129730225,0.45538803467402605,2026-09-29T17:50:10.844-03:00
UFPR04,6,livre,0.9157214164733887,0.4669700490869184,2026-09-29T17:50:10.844-03:00
UFPR04,7,livre,0.9386894106864929,0.4263526268598396,2026-09-29T17:50:10.844-03:00
UFPR04,8,livre,0.9096673130989075,0.43602465702083215,2026-09-29T17:50:10.844-03:00
UFPR04,9,livre,0.8677921891212463,0.47626317720246486,2026-09-29T17:50:10.844-03:00
UFPR04,1,ocupada,0.9610158205032349,0.4806369304729849,2026-09-29T17:50:10.904-03:00
UFPR04,10,ocupada,0.9510830640792847,0.5925723445019718,2026-09-29T17:50:10.904-03:00
UFPR04,11,ocupada,0.9111897945404053,0.49657606753312483,2026-09-29T17:50:10.904-03:00
UFPR04,12,livre,0.9045387506484985,0.5945664592192575,2026-09-29T17:50:10.904-03:00
UFPR04,13,livre,0.9111026525497437,0.6173593066181506,2026-09-29T17:50:10.904-03:00
UFPR04,14,livre,0.915995717048645,0.5798386853273537,2026-09-29T17:50:10.904-03:00
UFPR04,15,livre,0.9095337390899658,0.5717147997119341,2026-09-29T17:50:10.904-03:00
UFPR04,16,ocupada,0.9425737857818604,0.5319132193670771,2026-09-29T17:50:10.904-03:00
UFPR04,17,ocupada,0.9295414686203003,0.49130816770860725,2026-09-29T17:50:10.904-03:00
UFPR04,18,livre,0.9222017526626587,0.4905639440434913,2026-09-29T17:50:10.904-03:00
UFPR04,19,livre,0.9135655164718628,0.49168128303120634,2026-09-29T17:50:10.904-03:00
UFPR04,2,ocupada,0.9516590237617493,0.467063032659981,2026-09-29T17:50:10.904-03:00
UFPR04,20,livre,0.9351291656494141,0.4647802560041713,2026-09-29T17:50:10.904-03:00
UFPR04,21,livre,0.9345166087150574,0.43171344184481336,2026-09-29T17:50:10.904-03:00
UFPR04,22,ocupada,0.9362483024597168,0.593239720935443,2026-09-29T17:50:10.904-03:00
UFPR04,23,ocupada,0.9459357857704163,0.5812991022971369,2026-09-29T17:50:10.904-03:00
UFPR04,24,livre,0.9398688673973083,0.5220085754527386,2026-09-29T17:50:10.904-03:00
UFPR04,25,ocupada,0.9208021759986877,0.5131503695204414,2026-09-29T17:50:10.904-03:00
UFPR04,26,ocupada,0.8941574692726135,0.5439288056185002,2026-09-29T17:50:10.904-03:00
UFPR04,27,livre,0.9005842208862305,0.48997982397272105,2026-09-29T17:50:10.904-03:00
UFPR04,28,livre,0.9232829213142395,0.49969082005366006,2026-09-29T17:50:10.904-03:00
UFPR04,3,ocupada,0.9400001168251038,0.4243570904872448,2026-09-29T17:50:10.904-03:00
UFPR04,4,ocupada,0.9298592209815979,0.4342914640682557,2026-09-29T17:50:10.904-03:00
UFPR04,5,livre,0.9440139532089233,0.4564159027618149,2026-09-29T17:50:10.904-03:00
UFPR04,6,livre,0.918495774269104,0.4541656389131616,2026-09-29T17:50:10.904-03:00
UFPR04,7,livre,0.9378367066383362,0.42310206612305135,2026-09-29T17:50:10.904-03:00
UFPR04,8,livre,0.9084560871124268,0.4414073176863651,2026-09-29T17:50:10.904-03:00
UFPR04,9,livre,0.8676062226295471,0.4890994518165241,2026-09-29T17:50:10.904-03:00
UFPR04,1,ocupada,0.9599534273147583,0.4751524991918325,2026-09-29T17:50:10.960-03:00
UFPR04,10,ocupada,0.9400009512901306,0.6115248788694302,2026-09-29T17:50:10.960-03:00
UFPR04,11,ocupada,0.9070594310760498,0.49853496151826315,2026-09-29T17:50:10.960-03:00
UFPR04,12,livre,0.8928936123847961,0.5800007402100992,2026-09-29T17:50:10.960-03:00
UFPR04,13,livre,0.9124550223350525,0.6219140895817175,2026-09-29T17:50:10.960-03:00
UFPR04,14,livre,0.913637638092041,0.5697818238364426,2026-09-29T17:50:10.960-03:00
UFPR04,15,livre,0.9010248184204102,0.5477061310388617,2026-09-29T17:50:10.960-03:00
UFPR04,16,ocupada,0.9465981721878052,0.5300856399587768,2026-09-29T17:50:10.960-03:00
UFPR04,17,ocupada,0.9268778562545776,0.4973236709320828,2026-09-29T17:50:10.960-03:00
UFPR04,18,ocupada,0.9080655574798584,0.48804701557470687,2026-09-29T17:50:10.960-03:00
UFPR04,19,livre,0.9291276931762695,0.4986463193746461,2026-09-29T17:50:10.960-03:00
UFPR04,2,ocupada,0.9556418657302856,0.4631456793896539,2026-09-29T17:50:10.960-03:00
UFPR04,20,livre,0.9312797784805298,0.4748480026242991,2026-09-29T17:50:10.960-03:00
UFPR04,21,livre,0.9356938600540161,0.44435967288866124,2026-09-29T17:50:10.960-03:00
UFPR04,22,ocupada,0.9284827709197998,0.5812864021526073,2026-09-29T17:50:10.960-03:00
UFPR04,23,ocupada,0.9456998109817505,0.585204930677384,2026-09-29T17:50:10.960-03:00
UFPR04,24,livre,0.8989478945732117,0.5255081525977473,2026-09-29T17:50:10.960-03:00
UFPR04,25,ocupada,0.9066449403762817,0.5318889024557181,2026-09-29T17:50:10.960-03:00
UFPR04,26,ocupada,0.9054346680641174,0.5190616788420148,2026-09-29T17:50:10.960-03:00
UFPR04,27,livre,0.9112952947616577,0.4711978599891514,2026-09-29T17:50:10.960-03:00
UFPR04,28,livre,0.9336620569229126,0.5337833583106003,2026-09-29T17:50:10.960-03:00
UFPR04,3,ocupada,0.9429391026496887,0.4214035129583716,2026-09-29T17:50:10.960-03:00
UFPR04,4,ocupada,0.9352113008499146,0.43399785979557465,2026-09-29T17:50:10.960-03:00
UFPR04,5,livre,0.9441452622413635,0.47129991380543074,2026-09-29T17:50:10.960-03:00
UFPR04,6,livre,0.9191832542419434,0.4456518383364344,2026-09-29T17:50:10.960-03:00
UFPR04,7,livre,0.9357497096061707,0.4241199924579176,2026-09-29T17:50:10.960-03:00
UFPR04,8,livre,0.9048260450363159,0.44222760707061654,2026-09-29T17:50:10.960-03:00
UFPR04,9,livre,0.8704396486282349,0.49640221997549083,2026-09-29T17:50:10.960-03:00
UFPR04,1,ocupada,0.9579915404319763,0.4694824197217099,2026-09-29T17:50:11.020-03:00
UFPR04,10,ocupada,0.9401636123657227,0.6027593582209422,2026-09-29T17:50:11.020-03:00
UFPR04,11,ocupada,0.9037360548973083,0.49737626861540657,2026-09-29T17:50:11.020-03:00
UFPR04,12,livre,0.8943368792533875,0.5980106724430532,2026-09-29T17:50:11.020-03:00
UFPR04,13,livre,0.9150645136833191,0.6253162000782225,2026-09-29T17:50:11.020-03:00
UFPR04,14,livre,0.9142261147499084,0.5690330299507206,2026-09-29T17:50:11.020-03:00
UFPR04,15,livre,0.8936101198196411,0.5456496926900708,2026-09-29T17:50:11.020-03:00
UFPR04,16,ocupada,0.9452375769615173,0.5262677869382243,2026-09-29T17:50:11.020-03:00
UFPR04,17,livre,0.928818941116333,0.4919505774225532,2026-09-29T17:50:11.020-03:00
UFPR04,18,ocupada,0.9058308601379395,0.4915241985830449,2026-09-29T17:50:11.020-03:00
UFPR04,19,livre,0.9267532229423523,0.494881639366567,2026-09-29T17:50:11.020-03:00
UFPR04,2,ocupada,0.95576012134552,0.455180424740317,2026-09-29T17:50:11.020-03:00
UFPR04,20,livre,0.9340798854827881,0.47335096116990616,2026-09-29T17:50:11.020-03:00
UFPR04,21,livre,0.9340131282806396,0.43388128653317876,2026-09-29T17:50:11.020-03:00
UFPR04,22,livre,0.9266778826713562,0.5795993422966765,2026-09-29T17:50:11.020-03:00
UFPR04,23,ocupada,0.9464741349220276,0.580909670102671,2026-09-29T17:50:11.020-03:00
UFPR04,24,livre,0.9411109089851379,0.5214094655638505,2026-09-29T17:50:11.020-03:00
UFPR04,25,ocupada,0.9078495502471924,0.5285056129775221,2026-09-29T17:50:11.020-03:00
UFPR04,26,ocupada,0.9019095301628113,0.5156718083833902,2026-09-29T17:50:11.020-03:00
UFPR04,27,livre,0.9114503264427185,0.47974549121424176,2026-09-29T17:50:11.020-03:00
UFPR04,28,livre,0.9309916496276855,0.5280941307612986,2026-09-29T17:50:11.020-03:00
UFPR04,3,ocupada,0.9420142769813538,0.417314139679458,2026-09-29T17:50:11.020-03:00
UFPR04,4,ocupada,0.9305594563484192,0.4309259677519399,2026-09-29T17:50:11.020-03:00
UFPR04,5,livre,0.9455459713935852,0.4585744712279019,2026-09-29T17:50:11.020-03:00
UFPR04,6,livre,0.9225040674209595,0.4341911543662591,2026-09-29T17:50:11.020-03:00
UFPR04,7,livre,0.9377963542938232,0.423024698241186,2026-09-29T17:50:11.020-03:00
UFPR04,8,livre,0.9014636874198914,0.4396004986439835,2026-09-29T17:50:11.020-03:00
UFPR04,9,livre,0.8670975565910339,0.5021763756251546,2026-09-29T17:50:11.020-03:00
UFPR04,1,ocupada,0.9572046995162964,0.4693704305373413,2026-09-29T17:50:11.081-03:00
UFPR04,10,ocupada,0.9409949779510498,0.6147096052933685,2026-09-29T17:50:11.081-03:00
UFPR04,11,ocupada,0.8991348147392273,0.4986804544298424,2026-09-29T17:50:11.081-03:00
UFPR04,12,livre,0.9086390137672424,0.5902450520278958,2026-09-29T17:50:11.081-03:00
UFPR04,13,livre,0.9121383428573608,0.6192689219217344,2026-09-29T17:50:11.081-03:00
UFPR04,14,livre,0.9177833795547485,0.5825075834080886,2026-09-29T17:50:11.081-03:00
UFPR04,15,livre,0.8945845365524292,0.5716641021578577,2026-09-29T17:50:11.081-03:00
UFPR04,16,ocupada,0.948593020439148,0.5211901887376305,2026-09-29T17:50:11.081-03:00
UFPR04,17,livre,0.9336005449295044,0.4888549789909163,2026-09-29T17:50:11.081-03:00
UFPR04,18,ocupada,0.9018990397453308,0.49401314214721054,2026-09-29T17:50:11.081-03:00
UFPR04,19,livre,0.9277787208557129,0.5013324566880588,2026-09-29T17:50:11.081-03:00
UFPR04,2,ocupada,0.9595438838005066,0.46074769970678114,2026-09-29T17:50:11.081-03:00
UFPR04,20,livre,0.9303121566772461,0.4653390090888593,2026-09-29T17:50:11.081-03:00
UFPR04,21,livre,0.9345285892486572,0.43886594441330673,2026-09-29T17:50:11.081-03:00
UFPR04,22,livre,0.9339963793754578,0.5908936077911026,2026-09-29T17:50:11.081-03:00
UFPR04,23,ocupada,0.9461219906806946,0.5860460273423035,2026-09-29T17:50:11.081-03:00
UFPR04,24,livre,0.9423277378082275,0.5192324814335282,2026-09-29T17:50:11.081-03:00
UFPR04,25,ocupada,0.9085691571235657,0.524835859767203,2026-09-29T17:50:11.081-03:00
UFPR04,26,ocupada,0.8985937237739563,0.5124587492605965,2026-09-29T17:50:11.081-03:00
UFPR04,27,livre,0.9150915145874023,0.48731589900839717,2026-09-29T17:50:11.081-03:00
UFPR04,28,livre,0.9369392991065979,0.5216253034745667,2026-09-29T17:50:11.081-03:00
UFPR04,3,ocupada,0.9436230659484863,0.4202133347235843,2026-09-29T17:50:11.081-03:00
UFPR04,4,ocupada,0.931390106678009,0.43863225430622843,2026-09-29T17:50:11.081-03:00
UFPR04,5,livre,0.9437614679336548,0.4561980919619552,2026-09-29T17:50:11.081-03:00
UFPR04,6,livre,0.912685751914978,0.4577868460691172,2026-09-29T17:50:11.081-03:00
UFPR04,7,livre,0.9379887580871582,0.42160669580119237,2026-09-29T17:50:11.081-03:00
UFPR04,8,livre,0.907279372215271,0.4308995290164863,2026-09-29T17:50:11.081-03:00
UFPR04,9,livre,0.8709044456481934,0.5021903886408963,2026-09-29T17:50:11.081-03:00
UFPR04,1,ocupada,0.9616110324859619,0.4794457719690971,2026-09-29T17:50:11.134-03:00
UFPR04,10,ocupada,0.9456996321678162,0.6023435340056538,2026-09-29T17:50:11.134-03:00
UFPR04,11,ocupada,0.9009865522384644,0.4980000478772877,2026-09-29T17:50:11.134-03:00
UFPR04,12,livre,0.9057949781417847,0.5873626502860259,2026-09-29T17:50:11.134-03:00
UFPR04,13,livre,0.918964147567749,0.6210384993196829,2026-09-29T17:50:11.134-03:00
UFPR04,14,livre,0.9182791709899902,0.5797709671890948,2026-09-29T17:50:11.134-03:00
UFPR04,15,livre,0.8912293314933777,0.577211971189154,2026-09-29T17:50:11.134-03:00
UFPR04,16,ocupada,0.9421736001968384,0.5328651656233636,2026-09-29T17:50:11.134-03:00
UFPR04,17,livre,0.9277341961860657,0.4923329624020262,2026-09-29T17:50:11.134-03:00
UFPR04,18,ocupada,0.9147674441337585,0.49830342115092574,2026-09-29T17:50:11.134-03:00
UFPR04,19,livre,0.91639643907547,0.48747529237885534,2026-09-29T17:50:11.134-03:00
UFPR04,2,ocupada,0.9569796323776245,0.4743498544754128,2026-09-29T17:50:11.134-03:00
UFPR04,20,livre,0.9320023059844971,0.4619601712913819,2026-09-29T17:50:11.134-03:00
UFPR04,21,livre,0.9325520396232605,0.4345326429696025,2026-09-29T17:50:11.134-03:00
UFPR04,22,livre,0.9338578581809998,0.5943829227798476,2026-09-29T17:50:11.134-03:00
UFPR04,23,ocupada,0.9517603516578674,0.5796072413581211,2026-09-29T17:50:11.134-03:00
UFPR04,24,livre,0.94068843126297,0.5137285867376906,2026-09-29T17:50:11.134-03:00
UFPR04,25,ocupada,0.9264345169067383,0.5171534557803158,2026-09-29T17:50:11.134-03:00
UFPR04,26,ocupada,0.9040576219558716,0.5440544885415207,2026-09-29T17:50:11.134-03:00
UFPR04,27,livre,0.9081607460975647,0.502840282071514,2026-09-29T17:50:11.134-03:00
UFPR04,28,livre,0.9276354908943176,0.513078011659106,2026-09-29T17:50:11.134-03:00
UFPR04,3,ocupada,0.9410850405693054,0.43111727453872944,2026-09-29T17:50:11.134-03:00
UFPR04,4,ocupada,0.9300130605697632,0.43700220023282343,2026-09-29T17:50:11.134-03:00
UFPR04,5,livre,0.9471048712730408,0.4550627845767983,2026-09-29T17:50:11.134-03:00
UFPR04,6,livre,0.9267371892929077,0.4666872336360639,2026-09-29T17:50:11.134-03:00
UFPR04,7,livre,0.9371873140335083,0.42567002245479846,2026-09-29T17:50:11.134-03:00
UFPR04,8,livre,0.9109489321708679,0.44324840346107386,2026-09-29T17:50:11.134-03:00
UFPR04,9,livre,0.8691545128822327,0.5034659355248688,2026-09-29T17:50:11.134-03:00
UFPR04,1,ocupada,0.9563371539115906,0.4797085543725758,2026-09-29T17:50:11.201-03:00
UFPR04,10,ocupada,0.9449146389961243,0.6067244867877258,2026-09-29T17:50:11.201-03:00
UFPR04,11,ocupada,0.9035816192626953,0.5006966391101747,2026-09-29T17:50:11.201-03:00
UFPR04,12,livre,0.9083011746406555,0.5744031288198915,2026-09-29T17:50:11.201-03:00
UFPR04,13,livre,0.9131832122802734,0.6141494076332714,2026-09-29T17:50:11.201-03:00
UFPR04,14,livre,0.9160333871841431,0.5704135217917041,2026-09-29T17:50:11.201-03:00
UFPR04,15,livre,0.8913403153419495,0.58569853508782,2026-09-29T17:50:11.201-03:00
UFPR04,16,ocupada,0.949591338634491,0.528390897150902,2026-09-29T17:50:11.201-03:00
UFPR04,17,livre,0.8976297974586487,0.46174300311344946,2026-09-29T17:50:11.201-03:00
UFPR04,18,ocupada,0.9138430953025818,0.4653906642104067,2026-09-29T17:50:11.201-03:00
UFPR04,19,livre,0.9224997162818909,0.4980659454952588,2026-09-29T17:50:11.201-03:00
UFPR04,2,ocupada,0.9600387215614319,0.4606570248602098,2026-09-29T17:50:11.201-03:00
UFPR04,20,livre,0.9336764812469482,0.46883179812767023,2026-09-29T17:50:11.201-03:00
UFPR04,21,livre,0.9361164569854736,0.43478879684258515,2026-09-29T17:50:11.201-03:00
UFPR04,22,livre,0.9343953132629395,0.5873273905846313,2026-09-29T17:50:11.201-03:00
UFPR04,23,ocupada,0.9456998109817505,0.5783888990283045,2026-09-29T17:50:11.201-03:00
UFPR04,24,livre,0.9445815682411194,0.5144360738948798,2026-09-29T17:50:11.201-03:00
UFPR04,25,ocupada,0.914232611656189,0.5230869342748787,2026-09-29T17:50:11.201-03:00
UFPR04,26,ocupada,0.9118958115577698,0.5171486998311181,2026-09-29T17:50:11.201-03:00
UFPR04,27,livre,0.9129527807235718,0.47340381115783936,2026-09-29T17:50:11.201-03:00
UFPR04,28,livre,0.9395231008529663,0.5311483272189347,2026-09-29T17:50:11.201-03:00
UFPR04,3,ocupada,0.9453340768814087,0.4097640441575479,2026-09-29T17:50:11.201-03:00
UFPR04,4,ocupada,0.9272761344909668,0.4356747156591272,2026-09-29T17:50:11.201-03:00
UFPR04,5,livre,0.947563886642456,0.45240405547881435,2026-09-29T17:50:11.201-03:00
UFPR04,6,livre,0.914423942565918,0.4561900527049555,2026-09-29T17:50:11.201-03:00
UFPR04,7,livre,0.9383465647697449,0.4224371217099757,2026-09-29T17:50:11.201-03:00
UFPR04,8,livre,0.9047861695289612,0.4323282630412088,2026-09-29T17:50:11.201-03:00
UFPR04,9,livre,0.8762969970703125,0.4978443590468215,2026-09-29T17:50:11.201-03:00
UFPR04,1,ocupada,0.9541836380958557,0.4735196774164371,2026-09-29T17:50:11.256-03:00
UFPR04,10,ocupada,0.94089674949646,0.611987108026799,2026-09-29T17:50:11.256-03:00
UFPR04,11,ocupada,0.9029222130775452,0.5038761105790908,2026-09-29T17:50:11.256-03:00
UFPR04,12,livre,0.9061201214790344,0.5779892928016827,2026-09-29T17:50:11.256-03:00
UFPR04,13,livre,0.9163604378700256,0.6173304362851793,2026-09-29T17:50:11.256-03:00
UFPR04,14,livre,0.9199572205543518,0.5621750586398715,2026-09-29T17:50:11.256-03:00
UFPR04,15,livre,0.9021166563034058,0.5748461541798849,2026-09-29T17:50:11.256-03:00
UFPR04,16,ocupada,0.9454991221427917,0.533592205222563,2026-09-29T17:50:11.256-03:00
UFPR04,17,livre,0.9397072792053223,0.4416295351122616,2026-09-29T17:50:11.256-03:00
UFPR04,18,ocupada,0.8973778486251831,0.4807210925514711,2026-09-29T17:50:11.256-03:00
UFPR04,19,livre,0.9260275959968567,0.489576913926664,2026-09-29T17:50:11.256-03:00
UFPR04,2,ocupada,0.9596526622772217,0.4638857720218004,2026-09-29T17:50:11.256-03:00
UFPR04,20,livre,0.9327492117881775,0.46900339925828677,2026-09-29T17:50:11.256-03:00
UFPR04,21,livre,0.9389995336532593,0.43628060057378953,2026-09-29T17:50:11.256-03:00
UFPR04,22,livre,0.9362534284591675,0.5831605938499629,2026-09-29T17:50:11.256-03:00
UFPR04,23,ocupada,0.9297120571136475,0.5686624570087628,2026-09-29T17:50:11.256-03:00
UFPR04,24,livre,0.9309971928596497,0.5183052653362515,2026-09-29T17:50:11.256-03:00
UFPR04,25,ocupada,0.9116311073303223,0.5354891383185392,2026-09-29T17:50:11.256-03:00
UFPR04,26,ocupada,0.9125456809997559,0.5143049073606352,2026-09-29T17:50:11.256-03:00
UFPR04,27,livre,0.9139763116836548,0.47847721313057223,2026-09-29T17:50:11.256-03:00
UFPR04,28,livre,0.9361669421195984,0.5175480941937628,2026-09-29T17:50:11.256-03:00
UFPR04,3,ocupada,0.9449502825737,0.4039326738318273,2026-09-29T17:50:11.256-03:00
UFPR04,4,ocupada,0.9265996813774109,0.43533944173355427,2026-09-29T17:50:11.256-03:00
UFPR04,5,livre,0.9481467604637146,0.449063980935645,2026-09-29T17:50:11.256-03:00
UFPR04,6,livre,0.9164673686027527,0.4580612744478472,2026-09-29T17:50:11.256-03:00
UFPR04,7,livre,0.9390780925750732,0.4235971693176097,2026-09-29T17:50:11.256-03:00
UFPR04,8,livre,0.9099626541137695,0.4346267953073341,2026-09-29T17:50:11.256-03:00
UFPR04,9,livre,0.8791451454162598,0.49821858473112496,2026-09-29T17:50:11.256-03:00
UFPR04,1,ocupada,0.9496901035308838,0.47351007573351267,2026-09-29T17:50:11.316-03:00
UFPR04,10,ocupada,0.9505916237831116,0.6020406155457624,2026-09-29T17:50:11.316-03:00
UFPR04,11,ocupada,0.9029171466827393,0.4960065338273941,2026-09-29T17:50:11.316-03:00
UFPR04,12,livre,0.9110870361328125,0.5868935212520989,2026-09-29T17:50:11.316-03:00
UFPR04,13,livre,0.9227383732795715,0.6076626153960784,2026-09-29T17:50:11.316-03:00
UFPR04,14,livre,0.9172034859657288,0.5743180662751564,2026-09-29T17:50:11.316-03:00
UFPR04,15,livre,0.8970517516136169,0.5792037796626548,2026-09-29T17:50:11.316-03:00
UFPR04,16,ocupada,0.9398507475852966,0.5286179437669772,2026-09-29T17:50:11.316-03:00
UFPR04,17,livre,0.9399663805961609,0.48611317387595226,2026-09-29T17:50:11.316-03:00
UFPR04,18,ocupada,0.9458998441696167,0.4997161126339506,2026-09-29T17:50:11.316-03:00
UFPR04,19,livre,0.9163435101509094,0.4897879461991289,2026-09-29T17:50:11.316-03:00
UFPR04,2,ocupada,0.9568673372268677,0.48632543169671333,2026-09-29T17:50:11.316-03:00
UFPR04,20,livre,0.9345372319221497,0.4636925515365436,2026-09-29T17:50:11.316-03:00
UFPR04,21,livre,0.9360390901565552,0.4305776108273363,2026-09-29T17:50:11.316-03:00
UFPR04,22,livre,0.9343942999839783,0.5896133512422647,2026-09-29T17:50:11.316-03:00
UFPR04,23,ocupada,0.9300533533096313,0.5762030363208371,2026-09-29T17:50:11.316-03:00
UFPR04,24,livre,0.9325639009475708,0.5295765331787439,2026-09-29T17:50:11.316-03:00
UFPR04,25,ocupada,0.9106504917144775,0.5414770444131297,2026-09-29T17:50:11.316-03:00
UFPR04,26,ocupada,0.9190650582313538,0.5269364580779078,2026-09-29T17:50:11.316-03:00
UFPR04,27,livre,0.9057836532592773,0.48559774985169246,2026-09-29T17:50:11.316-03:00
UFPR04,28,livre,0.926838219165802,0.4963941494905613,2026-09-29T17:50:11.316-03:00
UFPR04,3,ocupada,0.9418513178825378,0.43622350687644357,2026-09-29T17:50:11.316-03:00
UFPR04,4,ocupada,0.9281162619590759,0.43837205186401423,2026-09-29T17:50:11.316-03:00
UFPR04,5,livre,0.9448341727256775,0.4491766839849456,2026-09-29T17:50:11.316-03:00
UFPR04,6,livre,0.9156182408332825,0.4616159915859709,2026-09-29T17:50:11.316-03:00
UFPR04,7,livre,0.9398269653320312,0.42227875149953853,2026-09-29T17:50:11.316-03:00
UFPR04,8,livre,0.9120267629623413,0.438034359329396,2026-09-29T17:50:11.316-03:00
UFPR04,9,livre,0.8738159537315369,0.5055958106635409,2026-09-29T17:50:11.316-03:00
UFPR04,1,ocupada,0.9590665698051453,0.4783819155292527,2026-09-29T17:50:11.377-03:00
UFPR04,10,ocupada,0.9394538402557373,0.5693383272721348,2026-09-29T17:50:11.377-03:00
UFPR04,11,ocupada,0.9162160158157349,0.4857698707565282,2026-09-29T17:50:11.377-03:00
UFPR04,12,livre,0.8909344673156738,0.5751878818800237,2026-09-29T17:50:11.377-03:00
UFPR04,13,livre,0.9162963628768921,0.6000381768019861,2026-09-29T17:50:11.377-03:00
UFPR04,14,livre,0.9223489761352539,0.5675772416365191,2026-09-29T17:50:11.377-03:00
UFPR04,15,livre,0.8995810747146606,0.5616182143183445,2026-09-29T17:50:11.377-03:00
UFPR04,16,ocupada,0.9415696859359741,0.5228025158561771,2026-09-29T17:50:11.377-03:00
UFPR04,17,ocupada,0.9377104043960571,0.48003691584944663,2026-09-29T17:50:11.377-03:00
UFPR04,18,ocupada,0.9389824271202087,0.4936815402825624,2026-09-29T17:50:11.377-03:00
UFPR04,19,livre,0.9226280450820923,0.4934798454028126,2026-09-29T17:50:11.377-03:00
UFPR04,2,ocupada,0.9531316757202148,0.47266273867962216,2026-09-29T17:50:11.377-03:00
UFPR04,20,livre,0.9325657486915588,0.46344360245034905,2026-09-29T17:50:11.377-03:00
UFPR04,21,livre,0.9368943572044373,0.43705014968027905,2026-09-29T17:50:11.377-03:00
UFPR04,22,livre,0.9390969276428223,0.5727043648974961,2026-09-29T17:50:11.377-03:00
UFPR04,23,livre,0.931629478931427,0.5579639252401587,2026-09-29T17:50:11.377-03:00
UFPR04,24,livre,0.9338043332099915,0.5135818961041506,2026-09-29T17:50:11.377-03:00
UFPR04,25,ocupada,0.9167766571044922,0.5290779433754523,2026-09-29T17:50:11.377-03:00
UFPR04,26,ocupada,0.9113257527351379,0.5402618289947961,2026-09-29T17:50:11.377-03:00
UFPR04,27,livre,0.9100592136383057,0.4752914260501221,2026-09-29T17:50:11.377-03:00
UFPR04,28,livre,0.9352232217788696,0.5197463440484686,2026-09-29T17:50:11.377-03:00
UFPR04,3,ocupada,0.9402891397476196,0.4268566363915611,2026-09-29T17:50:11.377-03:00
UFPR04,4,ocupada,0.932220458984375,0.42727267309822137,2026-09-29T17:50:11.377-03:00
UFPR04,5,livre,0.9426887035369873,0.45113696123830627,2026-09-29T17:50:11.377-03:00
UFPR04,6,livre,0.9197008609771729,0.44480277384902556,2026-09-29T17:50:11.377-03:00
UFPR04,7,livre,0.9354159235954285,0.4217509706120445,2026-09-29T17:50:11.377-03:00
UFPR04,8,livre,0.9098769426345825,0.4391733404347958,2026-09-29T17:50:11.377-03:00
UFPR04,9,livre,0.8659707903862,0.4807685166885503,2026-09-29T17:50:11.377-03:00
UFPR04,1,ocupada,0.9575245976448059,0.48035332997013963,2026-09-29T17:50:11.439-03:00
UFPR04,10,ocupada,0.9396095871925354,0.591811784349804,2026-09-29T17:50:11.439-03:00
UFPR04,11,ocupada,0.906019389629364,0.5034524953552394,2026-09-29T17:50:11.439-03:00
UFPR04,12,livre,0.9225140810012817,0.5714512071875003,2026-09-29T17:50:11.439-03:00
UFPR04,13,livre,0.9076931476593018,0.6257595593779467,2026-09-29T17:50:11.439-03:00
UFPR04,14,livre,0.9216403961181641,0.5759958612072936,2026-09-29T17:50:11.439-03:00
UFPR04,15,livre,0.8968713283538818,0.5771159054247802,2026-09-29T17:50:11.439-03:00
UFPR04,16,ocupada,0.9491207003593445,0.5343308919334694,2026-09-29T17:50:11.439-03:00
UFPR04,17,ocupada,0.9353528022766113,0.5185707376274534,2026-09-29T17:50:11.439-03:00
UFPR04,18,ocupada,0.9473716020584106,0.4835205145160394,2026-09-29T17:50:11.439-03:00
UFPR04,19,livre,0.9189856648445129,0.4757481909902495,2026-09-29T17:50:11.439-03:00
UFPR04,2,ocupada,0.959642231464386,0.465641969898897,2026-09-29T17:50:11.439-03:00
UFPR04,20,livre,0.9310500025749207,0.4662595417893136,2026-09-29T17:50:11.439-03:00
UFPR04,21,livre,0.9340014457702637,0.43756373245525715,2026-09-29T17:50:11.439-03:00
UFPR04,22,ocupada,0.9450252056121826,0.5668538337865258,2026-09-29T17:50:11.439-03:00
UFPR04,23,livre,0.9260980486869812,0.5536440708937934,2026-09-29T17:50:11.439-03:00
UFPR04,24,livre,0.9302332401275635,0.5089581253879661,2026-09-29T17:50:11.439-03:00
UFPR04,25,ocupada,0.93748939037323,0.5530199415345463,2026-09-29T17:50:11.439-03:00
UFPR04,26,ocupada,0.9051177501678467,0.5271931056598607,2026-09-29T17:50:11.439-03:00
UFPR04,27,livre,0.9090337753295898,0.47223667037468714,2026-09-29T17:50:11.439-03:00
UFPR04,28,livre,0.9371546506881714,0.5214292081046603,2026-09-29T17:50:11.439-03:00
UFPR04,3,ocupada,0.9432411789894104,0.4073719801204534,2026-09-29T17:50:11.439-03:00
UFPR04,4,ocupada,0.9254822134971619,0.42656330351778343,2026-09-29T17:50:11.439-03:00
UFPR04,5,livre,0.9419953227043152,0.44341854720524143,2026-09-29T17:50:11.439-03:00
UFPR04,6,livre,0.9214913845062256,0.45702540975813655,2026-09-29T17:50:11.439-03:00
UFPR04,7,livre,0.932913064956665,0.4232389624633174,2026-09-29T17:50:11.439-03:00
UFPR04,8,livre,0.913626492023468,0.4273545174639083,2026-09-29T17:50:11.439-03:00
UFPR04,9,livre,0.8706496357917786,0.49607826390936544,2026-09-29T17:50:11.439-03:00
UFPR04,1,ocupada,0.9601393342018127,0.4716522845097484,2026-09-29T17:50:11.497-03:00
UFPR04,10,ocupada,0.9509890675544739,0.5781385921718633,2026-09-29T17:50:11.497-03:00
UFPR04,11,ocupada,0.918306827545166,0.482751321027837,2026-09-29T17:50:11.497-03:00
UFPR04,12,livre,0.9142391085624695,0.5422458668118884,2026-09-29T17:50:11.497-03:00
UFPR04,13,livre,0.8981474041938782,0.6292742753446,2026-09-29T17:50:11.497-03:00
UFPR04,14,livre,0.8868110179901123,0.6019840140034236,2026-09-29T17:50:11.497-03:00
UFPR04,15,livre,0.8838116526603699,0.5714505449749243,2026-09-29T17:50:11.497-03:00
UFPR04,16,ocupada,0.9376427531242371,0.5357063992532219,2026-09-29T17:50:11.497-03:00
UFPR04,17,ocupada,0.9475024938583374,0.48923944620053367,2026-09-29T17:50:11.497-03:00
UFPR04,18,ocupada,0.915092408657074,0.47947616588754893,2026-09-29T17:50:11.497-03:00
UFPR04,19,livre,0.9241809844970703,0.49052481870733255,2026-09-29T17:50:11.497-03:00
UFPR04,2,ocupada,0.9544644951820374,0.47195914928536425,2026-09-29T17:50:11.497-03:00
UFPR04,20,livre,0.9363616108894348,0.4714202369237677,2026-09-29T17:50:11.497-03:00
UFPR04,21,livre,0.9349166750907898,0.4358049192051346,2026-09-29T17:50:11.497-03:00
UFPR04,22,ocupada,0.9318839907646179,0.5727499787886496,2026-09-29T17:50:11.497-03:00
UFPR04,23,livre,0.9289898872375488,0.5656420459075415,2026-09-29T17:50:11.497-03:00
UFPR04,24,livre,0.933342695236206,0.5062598622825416,2026-09-29T17:50:11.497-03:00
UFPR04,25,ocupada,0.9049720168113708,0.5212484043660572,2026-09-29T17:50:11.497-03:00
UFPR04,26,ocupada,0.9236592650413513,0.5581947756790578,2026-09-29T17:50:11.497-03:00
UFPR04,27,livre,0.9071263074874878,0.4680286382216649,2026-09-29T17:50:11.497-03:00
UFPR04,28,livre,0.9283416271209717,0.5079412073722243,2026-09-29T17:50:11.497-03:00
UFPR04,3,ocupada,0.9347271919250488,0.42552888917713666,2026-09-29T17:50:11.497-03:00
UFPR04,4,ocupada,0.9281203746795654,0.4288238400060164,2026-09-29T17:50:11.497-03:00
UFPR04,5,livre,0.9435885548591614,0.45210278640491114,2026-09-29T17:50:11.497-03:00
UFPR04,6,livre,0.9237067699432373,0.45801120275973206,2026-09-29T17:50:11.497-03:00
UFPR04,7,livre,0.9283795356750488,0.42287651555283556,2026-09-29T17:50:11.497-03:00
UFPR04,8,livre,0.9141464233398438,0.4385653677706463,2026-09-29T17:50:11.497-03:00
UFPR04,9,livre,0.8687349557876587,0.5039782140339644,2026-09-29T17:50:11.497-03:00
UFPR04,1,ocupada,0.9667128324508667,0.47861988438989356,2026-09-29T17:50:11.555-03:00
UFPR04,10,ocupada,0.9491526484489441,0.5687243636594299,2026-09-29T17:50:11.555-03:00
UFPR04,11,ocupada,0.9156327843666077,0.4852224805881877,2026-09-29T17:50:11.555-03:00
UFPR04,12,livre,0.9009467363357544,0.5358149036904853,2026-09-29T17:50:11.555-03:00
UFPR04,13,livre,0.9053768515586853,0.6281176493748603,2026-09-29T17:50:11.555-03:00
UFPR04,14,livre,0.9027033448219299,0.5865373455061498,2026-09-29T17:50:11.555-03:00
UFPR04,15,livre,0.8382361531257629,0.5562717456077572,2026-09-29T17:50:11.555-03:00
UFPR04,16,ocupada,0.9401195645332336,0.5432953349354729,2026-09-29T17:50:11.555-03:00
UFPR04,17,ocupada,0.9471178650856018,0.49815033426922545,2026-09-29T17:50:11.555-03:00
UFPR04,18,ocupada,0.9132708311080933,0.4800433391234566,2026-09-29T17:50:11.555-03:00
UFPR04,19,livre,0.9219728708267212,0.48906383542569964,2026-09-29T17:50:11.555-03:00
UFPR04,2,ocupada,0.9280638098716736,0.46747582808452026,2026-09-29T17:50:11.555-03:00
UFPR04,20,livre,0.931821882724762,0.46626141780606356,2026-09-29T17:50:11.555-03:00
UFPR04,21,livre,0.9386214017868042,0.4309278106511205,2026-09-29T17:50:11.555-03:00
UFPR04,22,ocupada,0.9298058748245239,0.5727901127303593,2026-09-29T17:50:11.555-03:00
UFPR04,23,livre,0.9305292963981628,0.566364384326246,2026-09-29T17:50:11.555-03:00
UFPR04,24,livre,0.9334642291069031,0.5120534352451022,2026-09-29T17:50:11.555-03:00
UFPR04,25,livre,0.9076895117759705,0.5297206320221521,2026-09-29T17:50:11.555-03:00
UFPR04,26,ocupada,0.9100759029388428,0.5565015509958604,2026-09-29T17:50:11.555-03:00
UFPR04,27,livre,0.9119086265563965,0.4742208146369524,2026-09-29T17:50:11.555-03:00
UFPR04,28,livre,0.9295584559440613,0.5157989518685409,2026-09-29T17:50:11.555-03:00
UFPR04,3,ocupada,0.9287018179893494,0.4359705764202728,2026-09-29T17:50:11.555-03:00
UFPR04,4,ocupada,0.9286578297615051,0.4314607981287558,2026-09-29T17:50:11.555-03:00
UFPR04,5,livre,0.9412525296211243,0.4567620229749011,2026-09-29T17:50:11.555-03:00
UFPR04,6,livre,0.9234493374824524,0.4500454188745596,2026-09-29T17:50:11.555-03:00
UFPR04,7,livre,0.9249050617218018,0.42267239177295485,2026-09-29T17:50:11.555-03:00
UFPR04,8,livre,0.9089943766593933,0.4383922384702445,2026-09-29T17:50:11.555-03:00
UFPR04,9,livre,0.872019350528717,0.4721091183274793,2026-09-29T17:50:11.555-03:00
UFPR04,1,ocupada,0.9609591364860535,0.48062688190783726,2026-09-29T17:50:11.614-03:00
UFPR04,10,ocupada,0.9535800814628601,0.5764987231740308,2026-09-29T17:50:11.614-03:00
UFPR04,11,ocupada,0.919175922870636,0.4810263355680384,2026-09-29T17:50:11.614-03:00
UFPR04,12,ocupada,0.9092084169387817,0.5407311789868953,2026-09-29T17:50:11.614-03:00
UFPR04,13,ocupada,0.9041157960891724,0.6173064415533891,2026-09-29T17:50:11.614-03:00
UFPR04,14,livre,0.9044336080551147,0.5823450888790472,2026-09-29T17:50:11.614-03:00
UFPR04,15,livre,0.8338642120361328,0.5879445163839477,2026-09-29T17:50:11.614-03:00
UFPR04,16,ocupada,0.9441133737564087,0.5340791651671801,2026-09-29T17:50:11.614-03:00
UFPR04,17,livre,0.9474773406982422,0.49840847030603497,2026-09-29T17:50:11.614-03:00
UFPR04,18,ocupada,0.9158318638801575,0.478282442580468,2026-09-29T17:50:11.614-03:00
UFPR04,19,livre,0.9247631430625916,0.49892952808343977,2026-09-29T17:50:11.614-03:00
UFPR04,2,ocupada,0.9311544299125671,0.4729255418750852,2026-09-29T17:50:11.614-03:00
UFPR04,20,livre,0.9313572645187378,0.470219165263204,2026-09-29T17:50:11.614-03:00
UFPR04,21,livre,0.936391294002533,0.43903043482447535,2026-09-29T17:50:11.614-03:00
UFPR04,22,ocupada,0.9370811581611633,0.5797152122771374,2026-09-29T17:50:11.614-03:00
UFPR04,23,livre,0.9519913792610168,0.5665900103242903,2026-09-29T17:50:11.614-03:00
UFPR04,24,livre,0.9412837624549866,0.5192848955493367,2026-09-29T17:50:11.614-03:00
UFPR04,25,livre,0.908348560333252,0.524751158156305,2026-09-29T17:50:11.614-03:00
UFPR04,26,ocupada,0.9275520443916321,0.5601772098928215,2026-09-29T17:50:11.614-03:00
UFPR04,27,livre,0.9100529551506042,0.4684646430938598,2026-09-29T17:50:11.614-03:00
UFPR04,28,livre,0.9324842691421509,0.5157305080258091,2026-09-29T17:50:11.614-03:00
UFPR04,3,ocupada,0.9254790544509888,0.4431339037282772,2026-09-29T17:50:11.614-03:00
UFPR04,4,ocupada,0.9323737621307373,0.43427022998362114,2026-09-29T17:50:11.614-03:00
UFPR04,5,livre,0.9342443346977234,0.46289539956616776,2026-09-29T17:50:11.614-03:00
UFPR04,6,livre,0.9217661023139954,0.4618773238786052,2026-09-29T17:50:11.614-03:00
UFPR04,7,livre,0.92207270860672,0.4224056080461122,2026-09-29T17:50:11.614-03:00
UFPR04,8,livre,0.9126827120780945,0.43567505165966464,2026-09-29T17:50:11.614-03:00
UFPR04,9,livre,0.8775672316551208,0.4846714258078926,2026-09-29T17:50:11.614-03:00
UFPR04,1,ocupada,0.964526891708374,0.4780291914685981,2026-09-29T17:50:11.671-03:00
UFPR04,10,ocupada,0.9584702253341675,0.5843644528475703,2026-09-29T17:50:11.671-03:00
UFPR04,11,ocupada,0.9008814692497253,0.4920116571713293,2026-09-29T17:50:11.671-03:00
UFPR04,12,ocupada,0.8974517583847046,0.534439076629576,2026-09-29T17:50:11.671-03:00
UFPR04,13,ocupada,0.8962404727935791,0.6332794984882895,2026-09-29T17:50:11.671-03:00
UFPR04,14,livre,0.9063697457313538,0.5852859303096015,2026-09-29T17:50:11.671-03:00
UFPR04,15,livre,0.8283224105834961,0.5956366941410695,2026-09-29T17:50:11.671-03:00
UFPR04,16,ocupada,0.9481474161148071,0.5279114774707285,2026-09-29T17:50:11.671-03:00
UFPR04,17,livre,0.9435125589370728,0.4662123217181276,2026-09-29T17:50:11.671-03:00
UFPR04,18,ocupada,0.9090728759765625,0.4928388138585439,2026-09-29T17:50:11.671-03:00
UFPR04,19,livre,0.9220196008682251,0.48309596668413235,2026-09-29T17:50:11.671-03:00
UFPR04,2,livre,0.9304203987121582,0.48029971843605723,2026-09-29T17:50:11.671-03:00
UFPR04,20,livre,0.929020345211029,0.4664490460372548,2026-09-29T17:50:11.671-03:00
UFPR04,21,livre,0.9367567300796509,0.43817763144470084,2026-09-29T17:50:11.671-03:00
UFPR04,22,ocupada,0.9411345720291138,0.5745211206972578,2026-09-29T17:50:11.671-03:00
UFPR04,23,livre,0.9549307227134705,0.5651074597202422,2026-09-29T17:50:11.671-03:00
UFPR04,24,livre,0.9424585700035095,0.5180065927564619,2026-09-29T17:50:11.671-03:00
UFPR04,25,livre,0.908004105091095,0.5458033900396875,2026-09-29T17:50:11.671-03:00
UFPR04,26,ocupada,0.9214871525764465,0.5570277398841912,2026-09-29T17:50:11.671-03:00
UFPR04,27,livre,0.9074129462242126,0.4676113922021629,2026-09-29T17:50:11.671-03:00
UFPR04,28,livre,0.9290884733200073,0.5117201159085973,2026-09-29T17:50:11.671-03:00
UFPR04,3,ocupada,0.9283202290534973,0.4339913143242915,2026-09-29T17:50:11.671-03:00
UFPR04,4,ocupada,0.932234525680542,0.43728875624474906,2026-09-29T17:50:11.671-03:00
UFPR04,5,livre,0.9394367933273315,0.4581098524296708,2026-09-29T17:50:11.671-03:00
UFPR04,6,livre,0.9213113188743591,0.4479197263307948,2026-09-29T17:50:11.671-03:00
UFPR04,7,livre,0.9226579070091248,0.423651439776887,2026-09-29T17:50:11.671-03:00
UFPR04,8,livre,0.9139901399612427,0.4389249005434453,2026-09-29T17:50:11.671-03:00
UFPR04,9,livre,0.873917818069458,0.47932464862963675,2026-09-29T17:50:11.671-03:00
UFPR04,1,ocupada,0.9684725403785706,0.47417869587815814,2026-09-29T17:50:11.731-03:00
UFPR04,10,ocupada,0.9571579694747925,0.5764087368234706,2026-09-29T17:50:11.731-03:00
UFPR04,11,ocupada,0.8919620513916016,0.49757039795680924,2026-09-29T17:50:11.731-03:00
UFPR04,12,ocupada,0.9051793813705444,0.5389524439350933,2026-09-29T17:50:11.731-03:00
UFPR04,13,ocupada,0.9000892043113708,0.62994451508914,2026-09-29T17:50:11.731-03:00
UFPR04,14,livre,0.9123009443283081,0.5723540906953363,2026-09-29T17:50:11.731-03:00
UFPR04,15,livre,0.8474739193916321,0.5794118258800057,2026-09-29T17:50:11.731-03:00
UFPR04,16,ocupada,0.9427003860473633,0.5179474300594086,2026-09-29T17:50:11.731-03:00
UFPR04,17,livre,0.9303976893424988,0.4503599076230272,2026-09-29T17:50:11.731-03:00
UFPR04,18,ocupada,0.9018031358718872,0.4883937590714098,2026-09-29T17:50:11.731-03:00
UFPR04,19,livre,0.9191553592681885,0.47983605870844415,2026-09-29T17:50:11.731-03:00
UFPR04,2,livre,0.930360734462738,0.4723415708437745,2026-09-29T17:50:11.731-03:00
UFPR04,20,livre,0.9298423528671265,0.4665522263191142,2026-09-29T17:50:11.731-03:00
UFPR04,21,livre,0.9375658631324768,0.43328073732674854,2026-09-29T17:50:11.731-03:00
UFPR04,22,ocupada,0.9357585906982422,0.5816466167862997,2026-09-29T17:50:11.731-03:00
UFPR04,23,ocupada,0.9480551481246948,0.5637493259628342,2026-09-29T17:50:11.731-03:00
UFPR04,24,livre,0.9385288953781128,0.518421829951566,2026-09-29T17:50:11.731-03:00
UFPR04,25,livre,0.9142593145370483,0.5604959834343921,2026-09-29T17:50:11.731-03:00
UFPR04,26,ocupada,0.9236228466033936,0.5432252247280204,2026-09-29T17:50:11.731-03:00
UFPR04,27,livre,0.9111423492431641,0.4762119083185053,2026-09-29T17:50:11.731-03:00
UFPR04,28,livre,0.9265732765197754,0.5100188558609569,2026-09-29T17:50:11.731-03:00
UFPR04,3,ocupada,0.9304859638214111,0.4388904152802858,2026-09-29T17:50:11.731-03:00
UFPR04,4,ocupada,0.9279754161834717,0.4317243144086788,2026-09-29T17:50:11.731-03:00
UFPR04,5,livre,0.9442890882492065,0.44578054178907955,2026-09-29T17:50:11.731-03:00
UFPR04,6,livre,0.9257370829582214,0.44425882371815634,2026-09-29T17:50:11.731-03:00
UFPR04,7,livre,0.9177256226539612,0.423842591865993,2026-09-29T17:50:11.731-03:00
UFPR04,8,livre,0.9148229360580444,0.4299782490440223,2026-09-29T17:50:11.731-03:00
UFPR04,9,livre,0.8749717473983765,0.4681247187032033,2026-09-29T17:50:11.731-03:00
UFPR04,1,ocupada,0.9687021374702454,0.4767300619538506,2026-09-29T17:50:11.790-03:00
UFPR04,10,ocupada,0.9522253274917603,0.5720902025884542,2026-09-29T17:50:11.790-03:00
UFPR04,11,ocupada,0.898461103439331,0.4856858597877276,2026-09-29T17:50:11.790-03:00
UFPR04,12,ocupada,0.8910629153251648,0.547545410106961,2026-09-29T17:50:11.790-03:00
UFPR04,13,ocupada,0.8861043453216553,0.6136004112131791,2026-09-29T17:50:11.790-03:00
UFPR04,14,livre,0.9102187752723694,0.5598374817764925,2026-09-29T17:50:11.790-03:00
UFPR04,15,livre,0.8858073353767395,0.5654799750057796,2026-09-29T17:50:11.790-03:00
UFPR04,16,ocupada,0.9454869627952576,0.532801131122367,2026-09-29T17:50:11.790-03:00
UFPR04,17,livre,0.9482015371322632,0.4935262600692839,2026-09-29T17:50:11.790-03:00
UFPR04,18,ocupada,0.9196323752403259,0.47670943050235315,2026-09-29T17:50:11.790-03:00
UFPR04,19,livre,0.9190830588340759,0.48141473222583975,2026-09-29T17:50:11.790-03:00
UFPR04,2,livre,0.9301971197128296,0.4762185441779416,2026-09-29T17:50:11.790-03:00
UFPR04,20,livre,0.926338255405426,0.46518198503928376,2026-09-29T17:50:11.790-03:00
UFPR04,21,livre,0.935772716999054,0.4474053125318997,2026-09-29T17:50:11.790-03:00
UFPR04,22,ocupada,0.9360321760177612,0.5920337614836607,2026-09-29T17:50:11.790-03:00
UFPR04,23,ocupada,0.9499511122703552,0.5515781919898586,2026-09-29T17:50:11.790-03:00
UFPR04,24,livre,0.937109649181366,0.5085960148734262,2026-09-29T17:50:11.790-03:00
UFPR04,25,livre,0.9096792340278625,0.5339899819130689,2026-09-29T17:50:11.790-03:00
UFPR04,26,ocupada,0.9080838561058044,0.5137081747767599,2026-09-29T17:50:11.790-03:00
UFPR04,27,livre,0.9138703942298889,0.4670135064699201,2026-09-29T17:50:11.790-03:00
UFPR04,28,livre,0.9276106953620911,0.5035901786901392,2026-09-29T17:50:11.790-03:00
UFPR04,3,ocupada,0.9269065260887146,0.44231170918558005,2026-09-29T17:50:11.790-03:00
UFPR04,4,ocupada,0.929976761341095,0.43144355460413825,2026-09-29T17:50:11.790-03:00
UFPR04,5,livre,0.9408975839614868,0.4484705875702329,2026-09-29T17:50:11.790-03:00
UFPR04,6,livre,0.920677125453949,0.45638802309161486,2026-09-29T17:50:11.790-03:00
UFPR04,7,livre,0.9183826446533203,0.4251751555964412,2026-09-29T17:50:11.790-03:00
UFPR04,8,livre,0.9101938605308533,0.442146705550851,2026-09-29T17:50:11.790-03:00
UFPR04,9,livre,0.8801808953285217,0.46402456607146125,2026-09-29T17:50:11.790-03:00
UFPR04,1,ocupada,0.9689031839370728,0.47450993534784264,2026-09-29T17:50:11.847-03:00
UFPR04,10,ocupada,0.9528777599334717,0.566220451668897,2026-09-29T17:50:11.847-03:00
UFPR04,11,ocupada,0.8843027949333191,0.4933664554384176,2026-09-29T17:50:11.847-03:00
UFPR04,12,ocupada,0.8925895094871521,0.5213944607769383,2026-09-29T17:50:11.847-03:00
UFPR04,13,ocupada,0.8832829594612122,0.6151546744401702,2026-09-29T17:50:11.847-03:00
UFPR04,14,livre,0.9067445993423462,0.5672300582230148,2026-09-29T17:50:11.847-03:00
UFPR04,15,livre,0.8923441767692566,0.5606354427649389,2026-09-29T17:50:11.847-03:00
UFPR04,16,ocupada,0.9475803971290588,0.5322961876983662,2026-09-29T17:50:11.847-03:00
UFPR04,17,ocupada,0.9316869378089905,0.48469729457614863,2026-09-29T17:50:11.847-03:00
UFPR04,18,ocupada,0.9279201626777649,0.4792233835812971,2026-09-29T17:50:11.847-03:00
UFPR04,19,livre,0.9255829453468323,0.4883181318088051,2026-09-29T17:50:11.847-03:00
UFPR04,2,livre,0.9286474585533142,0.4731663331124861,2026-09-29T17:50:11.847-03:00
UFPR04,20,livre,0.9271214604377747,0.47161339016989745,2026-09-29T17:50:11.847-03:00
UFPR04,21,livre,0.9382010698318481,0.44253861353644613,2026-09-29T17:50:11.847-03:00
UFPR04,22,ocupada,0.9403382539749146,0.581491719564786,2026-09-29T17:50:11.847-03:00
UFPR04,23,ocupada,0.953150749206543,0.5545661213704314,2026-09-29T17:50:11.847-03:00
UFPR04,24,livre,0.9381664991378784,0.5053711171751333,2026-09-29T17:50:11.847-03:00
UFPR04,25,livre,0.9093421101570129,0.5364977811638295,2026-09-29T17:50:11.847-03:00
UFPR04,26,ocupada,0.9149422645568848,0.5152433781168207,2026-09-29T17:50:11.847-03:00
UFPR04,27,livre,0.9153550267219543,0.4661463603299157,2026-09-29T17:50:11.847-03:00
UFPR04,28,livre,0.9304277300834656,0.5157952986990689,2026-09-29T17:50:11.847-03:00
UFPR04,3,ocupada,0.932253360748291,0.4330624136830213,2026-09-29T17:50:11.847-03:00
UFPR04,4,ocupada,0.9291177988052368,0.42965122767312475,2026-09-29T17:50:11.847-03:00
UFPR04,5,livre,0.9435235857963562,0.44980573878383784,2026-09-29T17:50:11.847-03:00
UFPR04,6,livre,0.9194490313529968,0.4392671225700506,2026-09-29T17:50:11.847-03:00
UFPR04,7,livre,0.9271459579467773,0.4237291854140781,2026-09-29T17:50:11.847-03:00
UFPR04,8,livre,0.9076486825942993,0.4390920927291119,2026-09-29T17:50:11.847-03:00
UFPR04,9,livre,0.8796998858451843,0.46644202234495735,2026-09-29T17:50:11.847-03:00
UFPR04,1,ocupada,0.9625899195671082,0.47889617522316025,2026-09-29T17:50:11.906-03:00
UFPR04,10,ocupada,0.9538154006004333,0.5834023715188337,2026-09-29T17:50:11.906-03:00
UFPR04,11,ocupada,0.8879870772361755,0.4952575742428248,2026-09-29T17:50:11.906-03:00
UFPR04,12,ocupada,0.8914021849632263,0.5620162275021063,2026-09-29T17:50:11.906-03:00
UFPR04,13,livre,0.8753498196601868,0.6181563354649418,2026-09-29T17:50:11.906-03:00
UFPR04,14,livre,0.9187159538269043,0.5815952720313856,2026-09-29T17:50:11.906-03:00
UFPR04,15,livre,0.8820940852165222,0.5611147844800155,2026-09-29T17:50:11.906-03:00
UFPR04,16,ocupada,0.9474934935569763,0.5285577221218726,2026-09-29T17:50:11.906-03:00
UFPR04,17,ocupada,0.9344407320022583,0.4918195688595576,2026-09-29T17:50:11.906-03:00
UFPR04,18,ocupada,0.9177120923995972,0.4772327232314708,2026-09-29T17:50:11.906-03:00
UFPR04,19,livre,0.9310968518257141,0.4850584470995581,2026-09-29T17:50:11.906-03:00
UFPR04,2,livre,0.9590542912483215,0.46089287783637944,2026-09-29T17:50:11.906-03:00
UFPR04,20,livre,0.9312639832496643,0.4654266617771641,2026-09-29T17:50:11.906-03:00
UFPR04,21,livre,0.9405701160430908,0.44202077221363834,2026-09-29T17:50:11.906-03:00
UFPR04,22,ocupada,0.9384647607803345,0.5824554508559447,2026-09-29T17:50:11.906-03:00
UFPR04,23,ocupada,0.951160192489624,0.5444697351682499,2026-09-29T17:50:11.906-03:00
UFPR04,24,livre,0.9425923228263855,0.5084417482167782,2026-09-29T17:50:11.906-03:00
UFPR04,25,livre,0.923359751701355,0.546318867085277,2026-09-29T17:50:11.906-03:00
UFPR04,26,livre,0.9148867726325989,0.513014814584907,2026-09-29T17:50:11.906-03:00
UFPR04,27,livre,0.9181199073791504,0.46291313165486814,2026-09-29T17:50:11.906-03:00
UFPR04,28,livre,0.9321943521499634,0.5286563402543304,2026-09-29T17:50:11.906-03:00
UFPR04,3,ocupada,0.9474716782569885,0.42543111033087805,2026-09-29T17:50:11.906-03:00
UFPR04,4,ocupada,0.927222490310669,0.4335265380123561,2026-09-29T17:50:11.906-03:00
UFPR04,5,livre,0.9423321485519409,0.45186419105485015,2026-09-29T17:50:11.906-03:00
UFPR04,6,livre,0.9215137362480164,0.44370924224647856,2026-09-29T17:50:11.906-03:00
UFPR04,7,livre,0.9286575317382812,0.4257784850657226,2026-09-29T17:50:11.906-03:00
UFPR04,8,livre,0.9114171862602234,0.4358680780695911,2026-09-29T17:50:11.906-03:00
UFPR04,9,livre,0.8687105774879456,0.5103890868723384,2026-09-29T17:50:11.906-03:00
UFPR04,1,ocupada,0.9562561511993408,0.47445985627096365,2026-09-29T17:50:11.963-03:00
UFPR04,10,ocupada,0.9563138484954834,0.5753974949187628,2026-09-29T17:50:11.963-03:00
UFPR04,11,ocupada,0.8977314233779907,0.4896677362654734,2026-09-29T17:50:11.963-03:00
UFPR04,12,ocupada,0.8961596488952637,0.5458884429057513,2026-09-29T17:50:11.963-03:00
UFPR04,13,livre,0.8792915940284729,0.617351480950742,2026-09-29T17:50:11.963-03:00
UFPR04,14,livre,0.9143890738487244,0.5701439506915391,2026-09-29T17:50:11.963-03:00
UFPR04,15,livre,0.8288798332214355,0.5423983565903053,2026-09-29T17:50:11.963-03:00
UFPR04,16,ocupada,0.9491320848464966,0.5340225194610613,2026-09-29T17:50:11.963-03:00
UFPR04,17,ocupada,0.9373465776443481,0.4852917650575335,2026-09-29T17:50:11.963-03:00
UFPR04,18,ocupada,0.9087410569190979,0.4699345306408099,2026-09-29T17:50:11.963-03:00
UFPR04,19,livre,0.9306886792182922,0.4904278082742279,2026-09-29T17:50:11.963-03:00
UFPR04,2,livre,0.9514576196670532,0.46767097806023294,2026-09-29T17:50:11.963-03:00
UFPR04,20,livre,0.9307753443717957,0.46896135284496365,2026-09-29T17:50:11.963-03:00
UFPR04,21,livre,0.9410985708236694,0.42863430746457265,2026-09-29T17:50:11.963-03:00
UFPR04,22,ocupada,0.9431637525558472,0.5715361033568364,2026-09-29T17:50:11.963-03:00
UFPR04,23,ocupada,0.9299538731575012,0.5588808929537341,2026-09-29T17:50:11.963-03:00
UFPR04,24,livre,0.9319638013839722,0.5125716863830951,2026-09-29T17:50:11.963-03:00
UFPR04,25,livre,0.9193170070648193,0.5564966797008475,2026-09-29T17:50:11.963-03:00
UFPR04,26,livre,0.9148845076560974,0.5114105562695335,2026-09-29T17:50:11.963-03:00
UFPR04,27,livre,0.9218687415122986,0.45450024198843453,2026-09-29T17:50:11.963-03:00
UFPR04,28,livre,0.9279076457023621,0.5192271727397045,2026-09-29T17:50:11.963-03:00
UFPR04,3,ocupada,0.9374322891235352,0.4281033048477015,2026-09-29T17:50:11.963-03:00
UFPR04,4,ocupada,0.9281718134880066,0.42633690126664514,2026-09-29T17:50:11.963-03:00
UFPR04,5,livre,0.9344040751457214,0.4489982024106623,2026-09-29T17:50:11.963-03:00
UFPR04,6,livre,0.9174583554267883,0.46832492473267145,2026-09-29T17:50:11.963-03:00
UFPR04,7,livre,0.9257979393005371,0.4209943237749985,2026-09-29T17:50:11.963-03:00
UFPR04,8,livre,0.9152559041976929,0.4233215492458056,2026-09-29T17:50:11.963-03:00
UFPR04,9,livre,0.875433623790741,0.4685282815122639,2026-09-29T17:50:11.963-03:00
UFPR04,1,ocupada,0.9646499752998352,0.47436940582400955,2026-09-29T17:50:12.021-03:00
UFPR04,10,ocupada,0.9468812942504883,0.5773244406104698,2026-09-29T17:50:12.021-03:00
UFPR04,11,ocupada,0.916955292224884,0.5063068082592567,2026-09-29T17:50:12.021-03:00
UFPR04,12,ocupada,0.9221977591514587,0.5798441394982105,2026-09-29T17:50:12.021-03:00
UFPR04,13,livre,0.9009173512458801,0.6197832508997594,2026-09-29T17:50:12.021-03:00
UFPR04,14,livre,0.9158260822296143,0.5726242236817457,2026-09-29T17:50:12.021-03:00
UFPR04,15,livre,0.8556764721870422,0.5717545129981761,2026-09-29T17:50:12.021-03:00
UFPR04,16,ocupada,0.9437518119812012,0.5390596831066811,2026-09-29T17:50:12.021-03:00
UFPR04,17,ocupada,0.9363133311271667,0.482628638829175,2026-09-29T17:50:12.021-03:00
UFPR04,18,ocupada,0.9226245880126953,0.4918234414996038,2026-09-29T17:50:12.021-03:00
UFPR04,19,livre,0.9217133522033691,0.4803365300317165,2026-09-29T17:50:12.021-03:00
UFPR04,2,livre,0.9347448945045471,0.4725506943238104,2026-09-29T17:50:12.021-03:00
UFPR04,20,livre,0.9315553903579712,0.47065976074383953,2026-09-29T17:50:12.021-03:00
UFPR04,21,livre,0.9347932934761047,0.4427063763715236,2026-09-29T17:50:12.021-03:00
UFPR04,22,ocupada,0.9350240230560303,0.579323859642547,2026-09-29T17:50:12.021-03:00
UFPR04,23,ocupada,0.9295378923416138,0.5739807251951043,2026-09-29T17:50:12.021-03:00
UFPR04,24,livre,0.9325023889541626,0.5134174783107744,2026-09-29T17:50:12.021-03:00
UFPR04,25,livre,0.9425845146179199,0.5556741669977436,2026-09-29T17:50:12.021-03:00
UFPR04,26,livre,0.9090875387191772,0.5161214536738506,2026-09-29T17:50:12.021-03:00
UFPR04,27,livre,0.9155378341674805,0.4612090721663421,2026-09-29T17:50:12.021-03:00
UFPR04,28,livre,0.9349544048309326,0.527239362740326,2026-09-29T17:50:12.021-03:00
UFPR04,3,ocupada,0.9162439107894897,0.4239556718373194,2026-09-29T17:50:12.021-03:00
UFPR04,4,ocupada,0.9257742166519165,0.4222540359525069,2026-09-29T17:50:12.021-03:00
UFPR04,5,livre,0.9349378347396851,0.4468792044868107,2026-09-29T17:50:12.021-03:00
UFPR04,6,livre,0.922347366809845,0.45615743747325,2026-09-29T17:50:12.021-03:00
UFPR04,7,livre,0.923721194267273,0.4233462445477052,2026-09-29T17:50:12.021-03:00
UFPR04,8,livre,0.9113770723342896,0.43896209732775765,2026-09-29T17:50:12.021-03:00
UFPR04,9,livre,0.8681381344795227,0.46679953790239226,2026-09-29T17:50:12.021-03:00
UFPR04,1,ocupada,0.9678024649620056,0.4674351561914438,2026-09-29T17:50:12.080-03:00
UFPR04,10,ocupada,0.9419904947280884,0.5846391275019784,2026-09-29T17:50:12.080-03:00
UFPR04,11,ocupada,0.913411021232605,0.5054248631104649,2026-09-29T17:50:12.080-03:00
UFPR04,12,ocupada,0.9354436993598938,0.5823570595702793,2026-09-29T17:50:12.080-03:00
UFPR04,13,livre,0.9111026525497437,0.623084303836879,2026-09-29T17:50:12.080-03:00
UFPR04,14,livre,0.907749354839325,0.5668767371749308,2026-09-29T17:50:12.080-03:00
UFPR04,15,livre,0.8816983699798584,0.5680053403068116,2026-09-29T17:50:12.080-03:00
UFPR04,16,ocupada,0.9463350176811218,0.5323623707712424,2026-09-29T17:50:12.080-03:00
UFPR04,17,ocupada,0.937228262424469,0.4844596035685428,2026-09-29T17:50:12.080-03:00
UFPR04,18,ocupada,0.9319576025009155,0.5000247890243913,2026-09-29T17:50:12.080-03:00
UFPR04,19,livre,0.9223651885986328,0.4709524723256549,2026-09-29T17:50:12.080-03:00
UFPR04,2,livre,0.9323400259017944,0.47267909478461984,2026-09-29T17:50:12.080-03:00
UFPR04,20,livre,0.935254693031311,0.4696444330628336,2026-09-29T17:50:12.080-03:00
UFPR04,21,livre,0.9378787279129028,0.42808909595749645,2026-09-29T17:50:12.080-03:00
UFPR04,22,ocupada,0.9321457743644714,0.5851802039654189,2026-09-29T17:50:12.080-03:00
UFPR04,23,livre,0.9265220165252686,0.5695106554464778,2026-09-29T17:50:12.080-03:00
UFPR04,24,livre,0.9306986927986145,0.5127474704213113,2026-09-29T17:50:12.080-03:00
UFPR04,25,livre,0.9398016929626465,0.5555096426222449,2026-09-29T17:50:12.080-03:00
UFPR04,26,livre,0.9127810001373291,0.5104367214245628,2026-09-29T17:50:12.080-03:00
UFPR04,27,livre,0.9161896109580994,0.47348414167668357,2026-09-29T17:50:12.080-03:00
UFPR04,28,livre,0.9364752173423767,0.5212191541891499,2026-09-29T17:50:12.080-03:00
UFPR04,3,ocupada,0.923321008682251,0.41146017570798454,2026-09-29T17:50:12.080-03:00
UFPR04,4,ocupada,0.9232690334320068,0.4314927418867432,2026-09-29T17:50:12.080-03:00
UFPR04,5,livre,0.9388967752456665,0.43786164557059293,2026-09-29T17:50:12.080-03:00
UFPR04,6,livre,0.9179229736328125,0.4523400384147906,2026-09-29T17:50:12.080-03:00
UFPR04,7,livre,0.930755615234375,0.4238642010819424,2026-09-29T17:50:12.080-03:00
UFPR04,8,livre,0.9156866073608398,0.4388578927763341,2026-09-29T17:50:12.080-03:00
UFPR04,9,livre,0.8721020221710205,0.4644445139999793,2026-09-29T17:50:12.080-03:00
UFPR04,1,ocupada,0.9665930867195129,0.46265063273335855,2026-09-29T17:50:12.146-03:00
UFPR04,10,ocupada,0.9399925470352173,0.5839585629409307,2026-09-29T17:50:12.146-03:00
UFPR04,11,ocupada,0.915092408657074,0.4925453591054792,2026-09-29T17:50:12.146-03:00
UFPR04,12,livre,0.9399718046188354,0.5787710490365064,2026-09-29T17:50:12.146-03:00
UFPR04,13,livre,0.9041144251823425,0.6108799084034173,2026-09-29T17:50:12.146-03:00
UFPR04,14,livre,0.9074249267578125,0.5610949545081444,2026-09-29T17:50:12.146-03:00
UFPR04,15,livre,0.8978055119514465,0.5555231605087965,2026-09-29T17:50:12.146-03:00
UFPR04,16,ocupada,0.9471967220306396,0.5275469418432363,2026-09-29T17:50:12.146-03:00
UFPR04,17,ocupada,0.9333544373512268,0.47166323448556463,2026-09-29T17:50:12.146-03:00
UFPR04,18,ocupada,0.9403036832809448,0.4839293529367209,2026-09-29T17:50:12.146-03:00
UFPR04,19,livre,0.9244799613952637,0.4541262431218672,2026-09-29T17:50:12.146-03:00
UFPR04,2,livre,0.9276067018508911,0.4578182841329878,2026-09-29T17:50:12.146-03:00
UFPR04,20,livre,0.935123860836029,0.4704913563356466,2026-09-29T17:50:12.146-03:00
UFPR04,21,livre,0.9311591386795044,0.4293205839761422,2026-09-29T17:50:12.146-03:00
UFPR04,22,ocupada,0.9405572414398193,0.5731330464220019,2026-09-29T17:50:12.146-03:00
UFPR04,23,livre,0.933917224407196,0.5809121407738319,2026-09-29T17:50:12.146-03:00
UFPR04,24,livre,0.9295856356620789,0.5090402971898639,2026-09-29T17:50:12.146-03:00
UFPR04,25,livre,0.9359531402587891,0.5584238362271039,2026-09-29T17:50:12.146-03:00
UFPR04,26,livre,0.9154093265533447,0.5261721058106252,2026-09-29T17:50:12.146-03:00
UFPR04,27,livre,0.9139939546585083,0.47914882816992477,2026-09-29T17:50:12.146-03:00
UFPR04,28,livre,0.9181108474731445,0.5091623038936468,2026-09-29T17:50:12.146-03:00
UFPR04,3,ocupada,0.9224075675010681,0.4171395231806754,2026-09-29T17:50:12.146-03:00
UFPR04,4,ocupada,0.9278115034103394,0.4282356688905512,2026-09-29T17:50:12.146-03:00
UFPR04,5,livre,0.943223237991333,0.44125474638054274,2026-09-29T17:50:12.146-03:00
UFPR04,6,livre,0.9276727437973022,0.44897189096935775,2026-09-29T17:50:12.146-03:00
UFPR04,7,livre,0.9251747727394104,0.4267774717232312,2026-09-29T17:50:12.146-03:00
UFPR04,8,livre,0.9116458892822266,0.43200347047415805,2026-09-29T17:50:12.146-03:00
UFPR04,9,livre,0.886793315410614,0.46318802487353,2026-09-29T17:50:12.146-03:00
UFPR04,1,ocupada,0.9654402732849121,0.46374973303019423,2026-09-29T17:50:12.206-03:00
UFPR04,10,ocupada,0.925319492816925,0.5801807695456626,2026-09-29T17:50:12.206-03:00
UFPR04,11,ocupada,0.9186319708824158,0.49168517814243756,2026-09-29T17:50:12.206-03:00
UFPR04,12,livre,0.9322254061698914,0.5737789188508841,2026-09-29T17:50:12.206-03:00
UFPR04,13,livre,0.9070272445678711,0.6030654203189093,2026-09-29T17:50:12.206-03:00
UFPR04,14,livre,0.9030200839042664,0.5595464745154601,2026-09-29T17:50:12.206-03:00
UFPR04,15,livre,0.8912732601165771,0.5640621667696577,2026-09-29T17:50:12.206-03:00
UFPR04,16,ocupada,0.9466496706008911,0.5278429601096271,2026-09-29T17:50:12.206-03:00
UFPR04,17,ocupada,0.9438226819038391,0.46576845057916305,2026-09-29T17:50:12.206-03:00
UFPR04,18,ocupada,0.9218770265579224,0.46583820704318646,2026-09-29T17:50:12.206-03:00
UFPR04,19,livre,0.9218343496322632,0.4660854130315984,2026-09-29T17:50:12.206-03:00
UFPR04,2,livre,0.9235560894012451,0.45906736722505415,2026-09-29T17:50:12.206-03:00
UFPR04,20,livre,0.9339030981063843,0.4759537591380778,2026-09-29T17:50:12.206-03:00
UFPR04,21,livre,0.930112361907959,0.44054234198000986,2026-09-29T17:50:12.206-03:00
UFPR04,22,ocupada,0.9423485994338989,0.5649047567941449,2026-09-29T17:50:12.206-03:00
UFPR04,23,livre,0.9258511066436768,0.5713501349617138,2026-09-29T17:50:12.206-03:00
UFPR04,24,livre,0.9340128898620605,0.50861727944985,2026-09-29T17:50:12.206-03:00
UFPR04,25,livre,0.9252052903175354,0.5678717716521263,2026-09-29T17:50:12.206-03:00
UFPR04,26,livre,0.9170581698417664,0.49638802127519666,2026-09-29T17:50:12.206-03:00
UFPR04,27,livre,0.913177490234375,0.48004334002695837,2026-09-29T17:50:12.206-03:00
UFPR04,28,livre,0.9241888523101807,0.5069199697818785,2026-09-29T17:50:12.206-03:00
UFPR04,3,ocupada,0.9225513339042664,0.40568470120316913,2026-09-29T17:50:12.206-03:00
UFPR04,4,ocupada,0.9231486320495605,0.4258390328501162,2026-09-29T17:50:12.206-03:00
UFPR04,5,livre,0.9412057995796204,0.43666526793086813,2026-09-29T17:50:12.206-03:00
UFPR04,6,livre,0.9160022735595703,0.4522477854350581,2026-09-29T17:50:12.206-03:00
UFPR04,7,livre,0.9229122400283813,0.42710616022919007,2026-09-29T17:50:12.206-03:00
UFPR04,8,livre,0.9118110537528992,0.43836573431605613,2026-09-29T17:50:12.206-03:00
UFPR04,9,livre,0.8765544891357422,0.48274689179458025,2026-09-29T17:50:12.206-03:00
UFPR04,1,ocupada,0.9650668501853943,0.4591237366852116,2026-09-29T17:50:12.264-03:00
UFPR04,10,ocupada,0.9362975358963013,0.578044645397604,2026-09-29T17:50:12.264-03:00
UFPR04,11,ocupada,0.9086724519729614,0.5017390794476928,2026-09-29T17:50:12.264-03:00
UFPR04,12,livre,0.942493200302124,0.568338836706187,2026-09-29T17:50:12.264-03:00
UFPR04,13,livre,0.8949443697929382,0.6138197061039302,2026-09-29T17:50:12.264-03:00
UFPR04,14,livre,0.8993545174598694,0.5662656558940046,2026-09-29T17:50:12.264-03:00
UFPR04,15,livre,0.8209974765777588,0.5673178631847456,2026-09-29T17:50:12.264-03:00
UFPR04,16,ocupada,0.9488061666488647,0.5226354152905929,2026-09-29T17:50:12.264-03:00
UFPR04,17,ocupada,0.9363025426864624,0.4677400267198428,2026-09-29T17:50:12.264-03:00
UFPR04,18,ocupada,0.9215673208236694,0.45782466948735046,2026-09-29T17:50:12.264-03:00
UFPR04,19,livre,0.9251379370689392,0.4681868414040312,2026-09-29T17:50:12.264-03:00
UFPR04,2,livre,0.9291452765464783,0.45936251179359533,2026-09-29T17:50:12.264-03:00
UFPR04,20,livre,0.9345303773880005,0.4760522691357176,2026-09-29T17:50:12.264-03:00
UFPR04,21,livre,0.9317301511764526,0.4386510594346795,2026-09-29T17:50:12.264-03:00
UFPR04,22,ocupada,0.941416323184967,0.5719145828649934,2026-09-29T17:50:12.264-03:00
UFPR04,23,livre,0.9261038303375244,0.572453746153762,2026-09-29T17:50:12.264-03:00
UFPR04,24,livre,0.9339614510536194,0.5109349518155784,2026-09-29T17:50:12.264-03:00
UFPR04,25,livre,0.9161535501480103,0.5783995406606065,2026-09-29T17:50:12.264-03:00
UFPR04,26,livre,0.9269083738327026,0.495062752905114,2026-09-29T17:50:12.264-03:00
UFPR04,27,livre,0.9257522821426392,0.47548031366293847,2026-09-29T17:50:12.264-03:00
UFPR04,28,livre,0.9297312498092651,0.5181550593282195,2026-09-29T17:50:12.264-03:00
UFPR04,3,ocupada,0.9204506278038025,0.40440700492384674,2026-09-29T17:50:12.264-03:00
UFPR04,4,ocupada,0.9090556502342224,0.4273342200042475,2026-09-29T17:50:12.264-03:00
UFPR04,5,livre,0.934801459312439,0.4339621634988543,2026-09-29T17:50:12.264-03:00
UFPR04,6,livre,0.9078428745269775,0.4422816530341097,2026-09-29T17:50:12.264-03:00
UFPR04,7,livre,0.925482451915741,0.4229720821630025,2026-09-29T17:50:12.264-03:00
UFPR04,8,livre,0.9173212051391602,0.43434121671705406,2026-09-29T17:50:12.264-03:00
UFPR04,9,livre,0.8770557641983032,0.49268371984383524,2026-09-29T17:50:12.264-03:00
UFPR04,1,ocupada,0.9668300151824951,0.4663386036266906,2026-09-29T17:50:12.325-03:00
UFPR04,10,ocupada,0.9346519708633423,0.5813794555209448,2026-09-29T17:50:12.325-03:00
UFPR04,11,ocupada,0.9187726974487305,0.504029175738348,2026-09-29T17:50:12.325-03:00
UFPR04,12,livre,0.9434167742729187,0.5676583448433246,2026-09-29T17:50:12.325-03:00
UFPR04,13,livre,0.9076814651489258,0.616643173752023,2026-09-29T17:50:12.325-03:00
UFPR04,14,livre,0.8980415463447571,0.5629625811559247,2026-09-29T17:50:12.325-03:00
UFPR04,15,livre,0.8592061400413513,0.5541316479129011,2026-09-29T17:50:12.325-03:00
UFPR04,16,ocupada,0.9497240781784058,0.5268808308732204,2026-09-29T17:50:12.325-03:00
UFPR04,17,ocupada,0.9432536959648132,0.4782677833887288,2026-09-29T17:50:12.325-03:00
UFPR04,18,livre,0.9193241000175476,0.4637127804242597,2026-09-29T17:50:12.325-03:00
UFPR04,19,livre,0.9269591569900513,0.47938737157785516,2026-09-29T17:50:12.325-03:00
UFPR04,2,livre,0.9348320364952087,0.46195805473136875,2026-09-29T17:50:12.325-03:00
UFPR04,20,livre,0.9343783855438232,0.4739421826533943,2026-09-29T17:50:12.325-03:00
UFPR04,21,livre,0.9339780807495117,0.4323616678292541,2026-09-29T17:50:12.325-03:00
UFPR04,22,ocupada,0.9289329051971436,0.5765292400444427,2026-09-29T17:50:12.325-03:00
UFPR04,23,livre,0.9299712181091309,0.5787829430237871,2026-09-29T17:50:12.325-03:00
UFPR04,24,livre,0.9347019791603088,0.5105105716733274,2026-09-29T17:50:12.325-03:00
UFPR04,25,livre,0.9168486595153809,0.572580521963431,2026-09-29T17:50:12.325-03:00
UFPR04,26,livre,0.9173091650009155,0.49992239303813,2026-09-29T17:50:12.325-03:00
UFPR04,27,livre,0.9265037178993225,0.4795162487580596,2026-09-29T17:50:12.325-03:00
UFPR04,28,livre,0.9335067272186279,0.5198431448746043,2026-09-29T17:50:12.325-03:00
UFPR04,3,ocupada,0.9160124063491821,0.42108246890005013,2026-09-29T17:50:12.325-03:00
UFPR04,4,ocupada,0.9173586368560791,0.43111496445709613,2026-09-29T17:50:12.325-03:00
UFPR04,5,livre,0.9388009309768677,0.43816149369276947,2026-09-29T17:50:12.325-03:00
UFPR04,6,livre,0.9185423254966736,0.4616120398481641,2026-09-29T17:50:12.325-03:00
UFPR04,7,livre,0.9244409203529358,0.4263631864337518,2026-09-29T17:50:12.325-03:00
UFPR04,8,livre,0.917298436164856,0.43633210918250653,2026-09-29T17:50:12.325-03:00
UFPR04,9,livre,0.8779645562171936,0.48522892252248245,2026-09-29T17:50:12.325-03:00
UFPR04,1,ocupada,0.9620201587677002,0.46939234033944555,2026-09-29T17:50:12.385-03:00
UFPR04,10,ocupada,0.9527185559272766,0.5683781106858338,2026-09-29T17:50:12.385-03:00
UFPR04,11,ocupada,0.9064035415649414,0.4923846482883223,2026-09-29T17:50:12.385-03:00
UFPR04,12,livre,0.9325022101402283,0.567340151882806,2026-09-29T17:50:12.385-03:00
UFPR04,13,livre,0.9120981097221375,0.618667379250843,2026-09-29T17:50:12.385-03:00
UFPR04,14,livre,0.9037358164787292,0.553483168483743,2026-09-29T17:50:12.385-03:00
UFPR04,15,livre,0.8621858358383179,0.5489024178219551,2026-09-29T17:50:12.385-03:00
UFPR04,16,ocupada,0.9437978267669678,0.5373107958168127,2026-09-29T17:50:12.385-03:00
UFPR04,17,ocupada,0.9394683837890625,0.4869363671778206,2026-09-29T17:50:12.385-03:00
UFPR04,18,livre,0.924204409122467,0.48358003587192455,2026-09-29T17:50:12.385-03:00
UFPR04,19,livre,0.9287857413291931,0.47354219106955603,2026-09-29T17:50:12.385-03:00
UFPR04,2,livre,0.9318439960479736,0.4764945453219587,2026-09-29T17:50:12.385-03:00
UFPR04,20,livre,0.9279970526695251,0.47528371070576547,2026-09-29T17:50:12.385-03:00
UFPR04,21,livre,0.9310545921325684,0.44410489610502557,2026-09-29T17:50:12.385-03:00
UFPR04,22,ocupada,0.9347028136253357,0.5816028821898792,2026-09-29T17:50:12.385-03:00
UFPR04,23,livre,0.9259018898010254,0.5615073258494317,2026-09-29T17:50:12.385-03:00
UFPR04,24,livre,0.9280428290367126,0.5197147221542527,2026-09-29T17:50:12.385-03:00
UFPR04,25,livre,0.933501124382019,0.5646987370212565,2026-09-29T17:50:12.385-03:00
UFPR04,26,livre,0.9216163158416748,0.4974581739854131,2026-09-29T17:50:12.385-03:00
UFPR04,27,livre,0.9274773597717285,0.47019630679556373,2026-09-29T17:50:12.385-03:00
UFPR04,28,livre,0.9362198710441589,0.5088996614953796,2026-09-29T17:50:12.385-03:00
UFPR04,3,ocupada,0.9205350875854492,0.4161096216783339,2026-09-29T17:50:12.385-03:00
UFPR04,4,ocupada,0.9274841547012329,0.42884956254883755,2026-09-29T17:50:12.385-03:00
UFPR04,5,livre,0.9399172067642212,0.4423798250074745,2026-09-29T17:50:12.385-03:00
UFPR04,6,livre,0.9268250465393066,0.44217263407084473,2026-09-29T17:50:12.385-03:00
UFPR04,7,livre,0.923032820224762,0.4237535554936533,2026-09-29T17:50:12.385-03:00
UFPR04,8,livre,0.9135727882385254,0.4414417816652911,2026-09-29T17:50:12.385-03:00
UFPR04,9,livre,0.8743320107460022,0.4578711925870268,2026-09-29T17:50:12.385-03:00
UFPR04,1,ocupada,0.9653965830802917,0.4771126303099313,2026-09-29T17:50:12.445-03:00
UFPR04,10,ocupada,0.9480327367782593,0.5548910012638832,2026-09-29T17:50:12.445-03:00
UFPR04,11,ocupada,0.9106903076171875,0.48241487573169634,2026-09-29T17:50:12.445-03:00
UFPR04,12,livre,0.9232902526855469,0.5573383696758475,2026-09-29T17:50:12.445-03:00
UFPR04,13,livre,0.9082852005958557,0.6157153681107542,2026-09-29T17:50:12.445-03:00
UFPR04,14,livre,0.9113409519195557,0.5437601839847982,2026-09-29T17:50:12.445-03:00
UFPR04,15,livre,0.859066367149353,0.5563309997242966,2026-09-29T17:50:12.445-03:00
UFPR04,16,ocupada,0.9464002847671509,0.5176106720985676,2026-09-29T17:50:12.445-03:00
UFPR04,17,ocupada,0.9277877807617188,0.48312011383653364,2026-09-29T17:50:12.445-03:00
UFPR04,18,livre,0.9201162457466125,0.47548266697705016,2026-09-29T17:50:12.445-03:00
UFPR04,19,livre,0.9280845522880554,0.47504248196252913,2026-09-29T17:50:12.445-03:00
UFPR04,2,livre,0.9441694021224976,0.4805453162950746,2026-09-29T17:50:12.445-03:00
UFPR04,20,livre,0.9298428297042847,0.4707678065330167,2026-09-29T17:50:12.445-03:00
UFPR04,21,livre,0.9289979338645935,0.43859389036370444,2026-09-29T17:50:12.445-03:00
UFPR04,22,ocupada,0.9344690442085266,0.5706901139132567,2026-09-29T17:50:12.445-03:00
UFPR04,23,livre,0.922633707523346,0.5609530339336316,2026-09-29T17:50:12.445-03:00
UFPR04,24,livre,0.9319251775741577,0.5121974591113823,2026-09-29T17:50:12.445-03:00
UFPR04,25,livre,0.9118425846099854,0.5533208887447344,2026-09-29T17:50:12.445-03:00
UFPR04,26,livre,0.9175797700881958,0.4970693608000146,2026-09-29T17:50:12.445-03:00
UFPR04,27,livre,0.9150050282478333,0.4593207246250081,2026-09-29T17:50:12.445-03:00
UFPR04,28,livre,0.9244755506515503,0.49151500516476915,2026-09-29T17:50:12.445-03:00
UFPR04,3,ocupada,0.9246406555175781,0.4332713093353528,2026-09-29T17:50:12.445-03:00
UFPR04,4,ocupada,0.907086968421936,0.4462245451691746,2026-09-29T17:50:12.445-03:00
UFPR04,5,livre,0.9416866898536682,0.4426573872106891,2026-09-29T17:50:12.445-03:00
UFPR04,6,livre,0.9275846481323242,0.45520788219942093,2026-09-29T17:50:12.445-03:00
UFPR04,7,livre,0.9217190146446228,0.419197622451538,2026-09-29T17:50:12.445-03:00
UFPR04,8,livre,0.9122478365898132,0.43072260573464644,2026-09-29T17:50:12.445-03:00
UFPR04,9,livre,0.8734959363937378,0.4495288189575699,2026-09-29T17:50:12.445-03:00
UFPR04,1,ocupada,0.9546892642974854,0.458550099970264,2026-09-29T17:50:12.505-03:00
UFPR04,10,ocupada,0.9203338027000427,0.5522049236547505,2026-09-29T17:50:12.505-03:00
UFPR04,11,ocupada,0.9019211530685425,0.4940653023650108,2026-09-29T17:50:12.505-03:00
UFPR04,12,livre,0.9418796300888062,0.5663506990426885,2026-09-29T17:50:12.505-03:00
UFPR04,13,livre,0.8991904258728027,0.62000005879334,2026-09-29T17:50:12.505-03:00
UFPR04,14,livre,0.9066200256347656,0.5586272316776737,2026-09-29T17:50:12.505-03:00
UFPR04,15,livre,0.8507068753242493,0.5487513303645797,2026-09-29T17:50:12.505-03:00
UFPR04,16,ocupada,0.9429103136062622,0.5366547905373837,2026-09-29T17:50:12.505-03:00
UFPR04,17,ocupada,0.9350067973136902,0.5082030263480973,2026-09-29T17:50:12.505-03:00
UFPR04,18,livre,0.9278774857521057,0.4732604845843653,2026-09-29T17:50:12.505-03:00
UFPR04,19,livre,0.9223970174789429,0.4608621720442981,2026-09-29T17:50:12.505-03:00
UFPR04,2,livre,0.9292283654212952,0.4346234211950604,2026-09-29T17:50:12.505-03:00
UFPR04,20,livre,0.9294310808181763,0.475965562106042,2026-09-29T17:50:12.505-03:00
UFPR04,21,livre,0.9303828477859497,0.4307682645056651,2026-09-29T17:50:12.505-03:00
UFPR04,22,ocupada,0.9230327010154724,0.5848177917217852,2026-09-29T17:50:12.505-03:00
UFPR04,23,livre,0.9265158772468567,0.5718471492998018,2026-09-29T17:50:12.505-03:00
UFPR04,24,livre,0.9309825301170349,0.517393407624416,2026-09-29T17:50:12.505-03:00
UFPR04,25,livre,0.9258023500442505,0.5640939322549369,2026-09-29T17:50:12.505-03:00
UFPR04,26,livre,0.9165580868721008,0.4881634543420576,2026-09-29T17:50:12.505-03:00
UFPR04,27,livre,0.9053606986999512,0.45534806541805384,2026-09-29T17:50:12.505-03:00
UFPR04,28,livre,0.9191727638244629,0.48645227154234827,2026-09-29T17:50:12.505-03:00
UFPR04,3,ocupada,0.9282376766204834,0.4414864788937398,2026-09-29T17:50:12.505-03:00
UFPR04,4,ocupada,0.9071968793869019,0.43719321352105417,2026-09-29T17:50:12.505-03:00
UFPR04,5,livre,0.9411777257919312,0.43527607356896575,2026-09-29T17:50:12.505-03:00
UFPR04,6,livre,0.9138699769973755,0.45935109184722783,2026-09-29T17:50:12.505-03:00
UFPR04,7,livre,0.9271083474159241,0.4185386751816531,2026-09-29T17:50:12.505-03:00
UFPR04,8,livre,0.9128568172454834,0.4260272838437972,2026-09-29T17:50:12.505-03:00
UFPR04,9,livre,0.879460871219635,0.45979831389964015,2026-09-29T17:50:12.505-03:00
UFPR04,1,ocupada,0.9475505352020264,0.4775143604597943,2026-09-29T17:50:12.565-03:00
UFPR04,10,ocupada,0.9497914910316467,0.5618736696283282,2026-09-29T17:50:12.565-03:00
UFPR04,11,ocupada,0.9112409353256226,0.4904731455074871,2026-09-29T17:50:12.565-03:00
UFPR04,12,livre,0.9243067502975464,0.5778356924023643,2026-09-29T17:50:12.565-03:00
UFPR04,13,livre,0.9059563875198364,0.604611708739025,2026-09-29T17:50:12.565-03:00
UFPR04,14,livre,0.9100779294967651,0.5538015780386285,2026-09-29T17:50:12.565-03:00
UFPR04,15,livre,0.8658115267753601,0.5225925604360496,2026-09-29T17:50:12.565-03:00
UFPR04,16,ocupada,0.9475186467170715,0.5206293241272305,2026-09-29T17:50:12.565-03:00
UFPR04,17,ocupada,0.9334947466850281,0.47584012068337295,2026-09-29T17:50:12.565-03:00
UFPR04,18,livre,0.9222296476364136,0.4847953772119613,2026-09-29T17:50:12.565-03:00
UFPR04,19,livre,0.9276583194732666,0.4791509930897616,2026-09-29T17:50:12.565-03:00
UFPR04,2,livre,0.9291966557502747,0.473358522037965,2026-09-29T17:50:12.565-03:00
UFPR04,20,livre,0.9347953796386719,0.47013481753112785,2026-09-29T17:50:12.565-03:00
UFPR04,21,livre,0.9349387288093567,0.43716596459759766,2026-09-29T17:50:12.565-03:00
UFPR04,22,ocupada,0.9374287128448486,0.5842873404213661,2026-09-29T17:50:12.565-03:00
UFPR04,23,livre,0.9302831888198853,0.566166174290858,2026-09-29T17:50:12.565-03:00
UFPR04,24,livre,0.9333757162094116,0.5023743890437989,2026-09-29T17:50:12.565-03:00
UFPR04,25,livre,0.9162060022354126,0.5598906033378973,2026-09-29T17:50:12.565-03:00
UFPR04,26,livre,0.9163598418235779,0.48972477195585035,2026-09-29T17:50:12.565-03:00
UFPR04,27,livre,0.9041062593460083,0.4606336969398822,2026-09-29T17:50:12.565-03:00
UFPR04,28,ocupada,0.9232884049415588,0.4741506078901633,2026-09-29T17:50:12.565-03:00
UFPR04,3,livre,0.9184113144874573,0.4228347735294721,2026-09-29T17:50:12.565-03:00
UFPR04,4,ocupada,0.8993510603904724,0.4439110731299269,2026-09-29T17:50:12.565-03:00
UFPR04,5,livre,0.9434860348701477,0.42804416175315907,2026-09-29T17:50:12.565-03:00
UFPR04,6,livre,0.9214490652084351,0.440846744291762,2026-09-29T17:50:12.565-03:00
UFPR04,7,livre,0.930279552936554,0.41984891098028787,2026-09-29T17:50:12.565-03:00
UFPR04,8,livre,0.9195996522903442,0.42588469862339134,2026-09-29T17:50:12.565-03:00
UFPR04,9,livre,0.8666337132453918,0.4766556048722061,2026-09-29T17:50:12.565-03:00
UFPR04,1,ocupada,0.9577641487121582,0.4664490079785386,2026-09-29T17:50:12.627-03:00
UFPR04,10,ocupada,0.9292330741882324,0.5625934647194201,2026-09-29T17:50:12.627-03:00
UFPR04,11,ocupada,0.9106179475784302,0.4981974410087919,2026-09-29T17:50:12.627-03:00
UFPR04,12,livre,0.9346792697906494,0.5618758294624124,2026-09-29T17:50:12.627-03:00
UFPR04,13,livre,0.8955914974212646,0.6063112935319483,2026-09-29T17:50:12.627-03:00
UFPR04,14,livre,0.8967600464820862,0.5559086649163275,2026-09-29T17:50:12.627-03:00
UFPR04,15,livre,0.8528848886489868,0.5415789839236562,2026-09-29T17:50:12.627-03:00
UFPR04,16,ocupada,0.946083664894104,0.5272856007608333,2026-09-29T17:50:12.627-03:00
UFPR04,17,ocupada,0.939302921295166,0.49310824285650223,2026-09-29T17:50:12.627-03:00
UFPR04,18,livre,0.9217253923416138,0.46495374345244833,2026-09-29T17:50:12.627-03:00
UFPR04,19,livre,0.9229186773300171,0.4625231112551192,2026-09-29T17:50:12.627-03:00
UFPR04,2,ocupada,0.922377347946167,0.42905752429056093,2026-09-29T17:50:12.627-03:00
UFPR04,20,livre,0.9358680248260498,0.47197751809793814,2026-09-29T17:50:12.627-03:00
UFPR04,21,livre,0.9305486083030701,0.4266165544109336,2026-09-29T17:50:12.627-03:00
UFPR04,22,ocupada,0.9316657781600952,0.589590681975635,2026-09-29T17:50:12.627-03:00
UFPR04,23,livre,0.9336308836936951,0.5685908186279145,2026-09-29T17:50:12.627-03:00
UFPR04,24,livre,0.932007908821106,0.5144541393634761,2026-09-29T17:50:12.627-03:00
UFPR04,25,livre,0.9278891682624817,0.5586848429477769,2026-09-29T17:50:12.627-03:00
UFPR04,26,livre,0.9134843349456787,0.49066550027443423,2026-09-29T17:50:12.627-03:00
UFPR04,27,livre,0.911298930644989,0.46632088590905163,2026-09-29T17:50:12.627-03:00
UFPR04,28,ocupada,0.9255309700965881,0.5067438338964466,2026-09-29T17:50:12.627-03:00
UFPR04,3,livre,0.9189085960388184,0.42946514851821127,2026-09-29T17:50:12.627-03:00
UFPR04,4,ocupada,0.9089663624763489,0.4363890526662481,2026-09-29T17:50:12.627-03:00
UFPR04,5,livre,0.941936731338501,0.4283428697324418,2026-09-29T17:50:12.627-03:00
UFPR04,6,livre,0.9178826212882996,0.46380079473211416,2026-09-29T17:50:12.627-03:00
UFPR04,7,livre,0.9224703907966614,0.4220899456141693,2026-09-29T17:50:12.627-03:00
UFPR04,8,livre,0.9160513877868652,0.4286311834942244,2026-09-29T17:50:12.627-03:00
UFPR04,9,livre,0.8669469952583313,0.46764390518451127,2026-09-29T17:50:12.627-03:00
UFPR04,1,ocupada,0.9556227922439575,0.4631097606895367,2026-09-29T17:50:12.686-03:00
UFPR04,10,ocupada,0.936821699142456,0.5727100269428502,2026-09-29T17:50:12.686-03:00
UFPR04,11,ocupada,0.9158957004547119,0.4979372723254793,2026-09-29T17:50:12.686-03:00
UFPR04,12,livre,0.9212107062339783,0.569027199440821,2026-09-29T17:50:12.686-03:00
UFPR04,13,livre,0.8976454734802246,0.6109149557790502,2026-09-29T17:50:12.686-03:00
UFPR04,14,livre,0.9040230512619019,0.5509506103350483,2026-09-29T17:50:12.686-03:00
UFPR04,15,livre,0.8496007919311523,0.5404916454013569,2026-09-29T17:50:12.686-03:00
UFPR04,16,ocupada,0.9447046518325806,0.5258973784125772,2026-09-29T17:50:12.686-03:00
UFPR04,17,ocupada,0.9393984079360962,0.487052608920611,2026-09-29T17:50:12.686-03:00
UFPR04,18,livre,0.9108394384384155,0.4742915003689207,2026-09-29T17:50:12.686-03:00
UFPR04,19,livre,0.9195983409881592,0.4703997827466335,2026-09-29T17:50:12.686-03:00
UFPR04,2,ocupada,0.921428918838501,0.4289079350085706,2026-09-29T17:50:12.686-03:00
UFPR04,20,livre,0.9326472282409668,0.46869780533028044,2026-09-29T17:50:12.686-03:00
UFPR04,21,livre,0.9393503665924072,0.4363496507535805,2026-09-29T17:50:12.686-03:00
UFPR04,22,ocupada,0.9223758578300476,0.5990623322572746,2026-09-29T17:50:12.686-03:00
UFPR04,23,livre,0.9315511584281921,0.5600401423399891,2026-09-29T17:50:12.686-03:00
UFPR04,24,livre,0.9329329133033752,0.5095055597760761,2026-09-29T17:50:12.686-03:00
UFPR04,25,livre,0.9153445959091187,0.5625184509198043,2026-09-29T17:50:12.686-03:00
UFPR04,26,livre,0.9151060581207275,0.5060250153504043,2026-09-29T17:50:12.686-03:00
UFPR04,27,livre,0.916044294834137,0.45813322442404447,2026-09-29T17:50:12.686-03:00
UFPR04,28,ocupada,0.9424273371696472,0.5151517867481433,2026-09-29T17:50:12.686-03:00
UFPR04,3,livre,0.9201952219009399,0.4323863648198469,2026-09-29T17:50:12.686-03:00
UFPR04,4,ocupada,0.9096777439117432,0.43000642024330565,2026-09-29T17:50:12.686-03:00
UFPR04,5,livre,0.9398351907730103,0.4235203314800357,2026-09-29T17:50:12.686-03:00
UFPR04,6,livre,0.9128552079200745,0.466618274614699,2026-09-29T17:50:12.686-03:00
UFPR04,7,livre,0.9150177240371704,0.42523128338164645,2026-09-29T17:50:12.686-03:00
UFPR04,8,livre,0.9137387871742249,0.4284615951329056,2026-09-29T17:50:12.686-03:00
UFPR04,9,livre,0.8733603954315186,0.47163323179217964,2026-09-29T17:50:12.686-03:00
UFPR04,1,ocupada,0.955031156539917,0.46720851455006945,2026-09-29T17:50:12.744-03:00
UFPR04,10,ocupada,0.9484058618545532,0.5655026906301911,2026-09-29T17:50:12.744-03:00
UFPR04,11,ocupada,0.9230065941810608,0.5030937914481076,2026-09-29T17:50:12.744-03:00
UFPR04,12,livre,0.9339592456817627,0.58635955670104,2026-09-29T17:50:12.744-03:00
UFPR04,13,livre,0.9086095094680786,0.6298772033272744,2026-09-29T17:50:12.744-03:00
UFPR04,14,livre,0.9048354029655457,0.5600259268706292,2026-09-29T17:50:12.744-03:00
UFPR04,15,livre,0.8681105971336365,0.5500402009024926,2026-09-29T17:50:12.744-03:00
UFPR04,16,ocupada,0.9497448205947876,0.5406554600721999,2026-09-29T17:50:12.744-03:00
UFPR04,17,ocupada,0.9378183484077454,0.4816290597385159,2026-09-29T17:50:12.744-03:00
UFPR04,18,livre,0.9170002341270447,0.48781088384032323,2026-09-29T17:50:12.744-03:00
UFPR04,19,livre,0.9183613061904907,0.47813161031297885,2026-09-29T17:50:12.744-03:00
UFPR04,2,ocupada,0.8925409913063049,0.45858489552606085,2026-09-29T17:50:12.744-03:00
UFPR04,20,livre,0.9354259371757507,0.475953894307165,2026-09-29T17:50:12.744-03:00
UFPR04,21,livre,0.9390950202941895,0.4350092453539991,2026-09-29T17:50:12.744-03:00
UFPR04,22,ocupada,0.9322862029075623,0.6009492495166703,2026-09-29T17:50:12.744-03:00
UFPR04,23,livre,0.9342518448829651,0.5715610901904993,2026-09-29T17:50:12.744-03:00
UFPR04,24,livre,0.9357258081436157,0.5118251855318711,2026-09-29T17:50:12.744-03:00
UFPR04,25,livre,0.9190558791160583,0.5474334122222825,2026-09-29T17:50:12.744-03:00
UFPR04,26,livre,0.9153445363044739,0.5130720523930122,2026-09-29T17:50:12.744-03:00
UFPR04,27,livre,0.9167294502258301,0.4682446403669904,2026-09-29T17:50:12.744-03:00
UFPR04,28,livre,0.9215108156204224,0.5105580006214829,2026-09-29T17:50:12.744-03:00
UFPR04,3,livre,0.9222933053970337,0.43312833433103237,2026-09-29T17:50:12.744-03:00
UFPR04,4,ocupada,0.9142299294471741,0.44211844628218533,2026-09-29T17:50:12.744-03:00
UFPR04,5,livre,0.9415737986564636,0.42881016066895244,2026-09-29T17:50:12.744-03:00
UFPR04,6,livre,0.9220302104949951,0.4564402937425415,2026-09-29T17:50:12.744-03:00
UFPR04,7,livre,0.9212108850479126,0.4218992179747346,2026-09-29T17:50:12.744-03:00
UFPR04,8,livre,0.9114173650741577,0.43505730211462323,2026-09-29T17:50:12.744-03:00
UFPR04,9,livre,0.8686923980712891,0.4876015144009432,2026-09-29T17:50:12.744-03:00
UFPR04,1,livre,0.9615631699562073,0.466664363731282,2026-09-29T17:50:12.806-03:00
UFPR04,10,ocupada,0.9389597177505493,0.5511605436545454,2026-09-29T17:50:12.806-03:00
UFPR04,11,ocupada,0.9181925654411316,0.4894082747648086,2026-09-29T17:50:12.806-03:00
UFPR04,12,livre,0.9284602999687195,0.5565581906159496,2026-09-29T17:50:12.806-03:00
UFPR04,13,livre,0.8961770534515381,0.6109266584179983,2026-09-29T17:50:12.806-03:00
UFPR04,14,livre,0.9036455154418945,0.5468679108744149,2026-09-29T17:50:12.806-03:00
UFPR04,15,livre,0.8505715727806091,0.5779075119502942,2026-09-29T17:50:12.806-03:00
UFPR04,16,ocupada,0.937717616558075,0.5292492907125264,2026-09-29T17:50:12.806-03:00
UFPR04,17,ocupada,0.9390194416046143,0.5022273605925079,2026-09-29T17:50:12.806-03:00
UFPR04,18,livre,0.9308138489723206,0.47628608796801863,2026-09-29T17:50:12.806-03:00
UFPR04,19,livre,0.9200566411018372,0.475058511327146,2026-09-29T17:50:12.806-03:00
UFPR04,2,ocupada,0.9414587020874023,0.4457526602777947,2026-09-29T17:50:12.806-03:00
UFPR04,20,livre,0.9261033535003662,0.47538051300213013,2026-09-29T17:50:12.806-03:00
UFPR04,21,livre,0.9395267963409424,0.4340721482873253,2026-09-29T17:50:12.806-03:00
UFPR04,22,ocupada,0.9253427982330322,0.6051224156887949,2026-09-29T17:50:12.806-03:00
UFPR04,23,livre,0.9257516860961914,0.5817645281071713,2026-09-29T17:50:12.806-03:00
UFPR04,24,livre,0.9322691559791565,0.5240878760850816,2026-09-29T17:50:12.806-03:00
UFPR04,25,livre,0.9075911045074463,0.5466479504942523,2026-09-29T17:50:12.806-03:00
UFPR04,26,livre,0.918049156665802,0.48684455657700837,2026-09-29T17:50:12.806-03:00
UFPR04,27,livre,0.9177219271659851,0.46380372973660683,2026-09-29T17:50:12.806-03:00
UFPR04,28,livre,0.9203034043312073,0.5203754853773311,2026-09-29T17:50:12.806-03:00
UFPR04,3,livre,0.9272215962409973,0.4268006459696281,2026-09-29T17:50:12.806-03:00
UFPR04,4,ocupada,0.9121524095535278,0.43940081372779644,2026-09-29T17:50:12.806-03:00
UFPR04,5,livre,0.9346845746040344,0.418316013192077,2026-09-29T17:50:12.806-03:00
UFPR04,6,livre,0.9062970876693726,0.46652587887331787,2026-09-29T17:50:12.806-03:00
UFPR04,7,livre,0.9160600304603577,0.4290946773497255,2026-09-29T17:50:12.806-03:00
UFPR04,8,livre,0.914916455745697,0.43106959585999505,2026-09-29T17:50:12.806-03:00
UFPR04,9,livre,0.8646179437637329,0.48633030479414485,2026-09-29T17:50:12.806-03:00
UFPR04,1,livre,0.9591407775878906,0.4707351810922923,2026-09-29T17:50:12.871-03:00
UFPR04,10,ocupada,0.9391142725944519,0.5746496476449415,2026-09-29T17:50:12.871-03:00
UFPR04,11,ocupada,0.9218994975090027,0.4935425300815691,2026-09-29T17:50:12.871-03:00
UFPR04,12,livre,0.9391295909881592,0.5586342088079305,2026-09-29T17:50:12.871-03:00
UFPR04,13,livre,0.8981757760047913,0.6204477663474346,2026-09-29T17:50:12.871-03:00
UFPR04,14,livre,0.9072142243385315,0.5500619251350061,2026-09-29T17:50:12.871-03:00
UFPR04,15,livre,0.8384625911712646,0.5864909903739374,2026-09-29T17:50:12.871-03:00
UFPR04,16,ocupada,0.9422343969345093,0.5269772612765911,2026-09-29T17:50:12.871-03:00
UFPR04,17,ocupada,0.9415984153747559,0.5086275670216704,2026-09-29T17:50:12.871-03:00
UFPR04,18,livre,0.9289692640304565,0.476369580248469,2026-09-29T17:50:12.871-03:00
UFPR04,19,livre,0.923246443271637,0.46780413277182664,2026-09-29T17:50:12.871-03:00
UFPR04,2,ocupada,0.9389067888259888,0.44939339214572943,2026-09-29T17:50:12.871-03:00
UFPR04,20,livre,0.9283961653709412,0.4758510271420687,2026-09-29T17:50:12.871-03:00
UFPR04,21,livre,0.9392536878585815,0.4327002334080379,2026-09-29T17:50:12.871-03:00
UFPR04,22,ocupada,0.9262099862098694,0.593078174398761,2026-09-29T17:50:12.871-03:00
UFPR04,23,livre,0.9310176968574524,0.571137031179031,2026-09-29T17:50:12.871-03:00
UFPR04,24,livre,0.9369547367095947,0.5109368790362393,2026-09-29T17:50:12.871-03:00
UFPR04,25,livre,0.9065991640090942,0.5483502163402155,2026-09-29T17:50:12.871-03:00
UFPR04,26,livre,0.915045976638794,0.48718796224460326,2026-09-29T17:50:12.871-03:00
UFPR04,27,livre,0.9089505076408386,0.4617584874418015,2026-09-29T17:50:12.871-03:00
UFPR04,28,livre,0.9041245579719543,0.5101720485173042,2026-09-29T17:50:12.871-03:00
UFPR04,3,livre,0.9235481023788452,0.42182019823873274,2026-09-29T17:50:12.871-03:00
UFPR04,4,ocupada,0.9148667454719543,0.43930338970675015,2026-09-29T17:50:12.871-03:00
UFPR04,5,livre,0.9390038847923279,0.4239538130101807,2026-09-29T17:50:12.871-03:00
UFPR04,6,livre,0.9088183641433716,0.47094552007073276,2026-09-29T17:50:12.871-03:00
UFPR04,7,livre,0.9183481335639954,0.43131457468320705,2026-09-29T17:50:12.871-03:00
UFPR04,8,livre,0.9111465215682983,0.4373531856142635,2026-09-29T17:50:12.871-03:00
UFPR04,9,livre,0.863068163394928,0.489770875730037,2026-09-29T17:50:12.871-03:00
UFPR04,1,livre,0.9623907804489136,0.4652311853948483,2026-09-29T17:50:12.929-03:00
UFPR04,10,ocupada,0.9335101246833801,0.5487296607969046,2026-09-29T17:50:12.929-03:00
UFPR04,11,ocupada,0.9185672998428345,0.4848416069854237,2026-09-29T17:50:12.929-03:00
UFPR04,12,livre,0.9361745715141296,0.5500766267170919,2026-09-29T17:50:12.929-03:00
UFPR04,13,livre,0.9087579250335693,0.6133044424869772,2026-09-29T17:50:12.929-03:00
UFPR04,14,livre,0.894874095916748,0.5387726583783844,2026-09-29T17:50:12.929-03:00
UFPR04,15,livre,0.8549764156341553,0.5782980680482085,2026-09-29T17:50:12.929-03:00
UFPR04,16,ocupada,0.9438763856887817,0.5399767367944306,2026-09-29T17:50:12.929-03:00
UFPR04,17,ocupada,0.9406228065490723,0.5106467335592164,2026-09-29T17:50:12.929-03:00
UFPR04,18,livre,0.9313604235649109,0.4682104370856546,2026-09-29T17:50:12.929-03:00
UFPR04,19,livre,0.9206231832504272,0.46919127635041136,2026-09-29T17:50:12.929-03:00
UFPR04,2,livre,0.9378126859664917,0.4320030556706624,2026-09-29T17:50:12.929-03:00
UFPR04,20,livre,0.930546760559082,0.461230587336542,2026-09-29T17:50:12.929-03:00
UFPR04,21,livre,0.9327384233474731,0.4264956224513091,2026-09-29T17:50:12.929-03:00
UFPR04,22,ocupada,0.9161723852157593,0.6161095448618662,2026-09-29T17:50:12.929-03:00
UFPR04,23,livre,0.9250299334526062,0.5791778327964439,2026-09-29T17:50:12.929-03:00
UFPR04,24,livre,0.9328758120536804,0.526573478659317,2026-09-29T17:50:12.929-03:00
UFPR04,25,livre,0.9081175923347473,0.5457257066573641,2026-09-29T17:50:12.929-03:00
UFPR04,26,livre,0.9119364619255066,0.4913808815511773,2026-09-29T17:50:12.929-03:00
UFPR04,27,livre,0.9112897515296936,0.4665081185931364,2026-09-29T17:50:12.929-03:00
UFPR04,28,livre,0.9196093082427979,0.5149885510133982,2026-09-29T17:50:12.929-03:00
UFPR04,3,livre,0.9193832278251648,0.4178511204763057,2026-09-29T17:50:12.929-03:00
UFPR04,4,ocupada,0.9222381114959717,0.42937218833295765,2026-09-29T17:50:12.929-03:00
UFPR04,5,livre,0.9358747005462646,0.4296795098410764,2026-09-29T17:50:12.929-03:00
UFPR04,6,livre,0.9249805808067322,0.4682224445370749,2026-09-29T17:50:12.929-03:00
UFPR04,7,livre,0.9242119789123535,0.41899122691566293,2026-09-29T17:50:12.929-03:00
UFPR04,8,livre,0.9130080938339233,0.44338025096314804,2026-09-29T17:50:12.929-03:00
UFPR04,9,livre,0.8807193636894226,0.4763536082307116,2026-09-29T17:50:12.929-03:00
UFPR04,1,livre,0.9557676315307617,0.48345781473563915,2026-09-29T17:50:12.987-03:00
UFPR04,10,ocupada,0.9528188705444336,0.5488263473552744,2026-09-29T17:50:12.987-03:00
UFPR04,11,ocupada,0.9127854704856873,0.49632099281056574,2026-09-29T17:50:12.987-03:00
UFPR04,12,livre,0.9343746304512024,0.5794988179396078,2026-09-29T17:50:12.987-03:00
UFPR04,13,livre,0.9003326296806335,0.6265718847606611,2026-09-29T17:50:12.987-03:00
UFPR04,14,livre,0.9070957899093628,0.5511626179427804,2026-09-29T17:50:12.987-03:00
UFPR04,15,livre,0.8807719945907593,0.540371629992302,2026-09-29T17:50:12.987-03:00
UFPR04,16,ocupada,0.9456081390380859,0.5373106138065664,2026-09-29T17:50:12.987-03:00
UFPR04,17,ocupada,0.9420232772827148,0.5076529012522608,2026-09-29T17:50:12.987-03:00
UFPR04,18,livre,0.9294241666793823,0.48905699135852815,2026-09-29T17:50:12.987-03:00
UFPR04,19,livre,0.9179189801216125,0.4710067138241324,2026-09-29T17:50:12.987-03:00
UFPR04,2,livre,0.9274231195449829,0.4592464875191277,2026-09-29T17:50:12.987-03:00
UFPR04,20,livre,0.9305413365364075,0.4698370061241993,2026-09-29T17:50:12.987-03:00
UFPR04,21,livre,0.9205752015113831,0.45135174459571936,2026-09-29T17:50:12.987-03:00
UFPR04,22,ocupada,0.9395223259925842,0.5928511173121751,2026-09-29T17:50:12.987-03:00
UFPR04,23,livre,0.9307557344436646,0.5864104867453869,2026-09-29T17:50:12.987-03:00
UFPR04,24,livre,0.9281792044639587,0.5272390586266034,2026-09-29T17:50:12.987-03:00
UFPR04,25,livre,0.9221333265304565,0.5660610362729237,2026-09-29T17:50:12.987-03:00
UFPR04,26,livre,0.9095764756202698,0.49386078137417444,2026-09-29T17:50:12.987-03:00
UFPR04,27,livre,0.9241144061088562,0.47827983405364594,2026-09-29T17:50:12.987-03:00
UFPR04,28,livre,0.9038740992546082,0.4956159273465494,2026-09-29T17:50:12.987-03:00
UFPR04,3,livre,0.9246867299079895,0.4365784569598719,2026-09-29T17:50:12.987-03:00
UFPR04,4,ocupada,0.9151212573051453,0.44631289242831645,2026-09-29T17:50:12.987-03:00
UFPR04,5,livre,0.9427824020385742,0.4391746798202692,2026-09-29T17:50:12.987-03:00
UFPR04,6,livre,0.9259324073791504,0.44655347682314406,2026-09-29T17:50:12.987-03:00
UFPR04,7,livre,0.9200623631477356,0.43454931536294006,2026-09-29T17:50:12.987-03:00
UFPR04,8,livre,0.9163080453872681,0.44835121255540716,2026-09-29T17:50:12.987-03:00
UFPR04,9,livre,0.872769296169281,0.45667078415884604,2026-09-29T17:50:12.987-03:00
UFPR04,1,livre,0.9587404727935791,0.46517646103997173,2026-09-29T17:50:13.047-03:00
UFPR04,10,ocupada,0.9507253170013428,0.5384145092587848,2026-09-29T17:50:13.047-03:00
UFPR04,11,ocupada,0.9236139059066772,0.5102182312602702,2026-09-29T17:50:13.047-03:00
UFPR04,12,livre,0.9353797435760498,0.5608903686251948,2026-09-29T17:50:13.047-03:00
UFPR04,13,livre,0.9118823409080505,0.6023106556095413,2026-09-29T17:50:13.047-03:00
UFPR04,14,livre,0.9023242592811584,0.5421385277373644,2026-09-29T17:50:13.047-03:00
UFPR04,15,livre,0.8816519379615784,0.5363858034433464,2026-09-29T17:50:13.047-03:00
UFPR04,16,ocupada,0.9494512677192688,0.5276595035891264,2026-09-29T17:50:13.047-03:00
UFPR04,17,ocupada,0.944036066532135,0.48585792852910026,2026-09-29T17:50:13.047-03:00
UFPR04,18,livre,0.9174270629882812,0.48339676959767086,2026-09-29T17:50:13.047-03:00
UFPR04,19,livre,0.9150798916816711,0.46943377835440575,2026-09-29T17:50:13.047-03:00
UFPR04,2,livre,0.9329556226730347,0.46071164758097494,2026-09-29T17:50:13.047-03:00
UFPR04,20,livre,0.9250298142433167,0.46102953028744825,2026-09-29T17:50:13.047-03:00
UFPR04,21,livre,0.9202166795730591,0.4445938555403317,2026-09-29T17:50:13.047-03:00
UFPR04,22,ocupada,0.9334216117858887,0.5768656422540748,2026-09-29T17:50:13.047-03:00
UFPR04,23,livre,0.9226998686790466,0.5669532423727464,2026-09-29T17:50:13.047-03:00
UFPR04,24,livre,0.9332411289215088,0.5048584968729348,2026-09-29T17:50:13.047-03:00
UFPR04,25,livre,0.9152858853340149,0.5334275186811834,2026-09-29T17:50:13.047-03:00
UFPR04,26,livre,0.9121343493461609,0.48054135347094845,2026-09-29T17:50:13.047-03:00
UFPR04,27,livre,0.9268389344215393,0.4581447606685121,2026-09-29T17:50:13.047-03:00
UFPR04,28,livre,0.9241766333580017,0.4975807673846454,2026-09-29T17:50:13.047-03:00
UFPR04,3,livre,0.9227717518806458,0.4303219252509825,2026-09-29T17:50:13.047-03:00
UFPR04,4,ocupada,0.9146565794944763,0.4416010817097608,2026-09-29T17:50:13.047-03:00
UFPR04,5,livre,0.9478956460952759,0.4355537679278012,2026-09-29T17:50:13.047-03:00
UFPR04,6,livre,0.9325403571128845,0.4345409487697015,2026-09-29T17:50:13.047-03:00
UFPR04,7,livre,0.9201868176460266,0.42407579296656883,2026-09-29T17:50:13.047-03:00
UFPR04,8,livre,0.9162664413452148,0.45083461910681,2026-09-29T17:50:13.047-03:00
UFPR04,9,livre,0.8823947310447693,0.45590497825789206,2026-09-29T17:50:13.047-03:00
UFPR04,1,livre,0.964552640914917,0.47444166835719004,2026-09-29T17:50:13.105-03:00
UFPR04,10,ocupada,0.9434508085250854,0.5524377293654358,2026-09-29T17:50:13.105-03:00
UFPR04,11,ocupada,0.9231589436531067,0.5185932683690764,2026-09-29T17:50:13.105-03:00
UFPR04,12,livre,0.9220184683799744,0.5607742936070989,2026-09-29T17:50:13.105-03:00
UFPR04,13,livre,0.8929392695426941,0.6067351971115201,2026-09-29T17:50:13.105-03:00
UFPR04,14,livre,0.8987871408462524,0.5604111881002269,2026-09-29T17:50:13.105-03:00
UFPR04,15,livre,0.8411223888397217,0.6063580933450544,2026-09-29T17:50:13.105-03:00
UFPR04,16,ocupada,0.9363418817520142,0.5150530935967143,2026-09-29T17:50:13.105-03:00
UFPR04,17,ocupada,0.94159334897995,0.4996609391960339,2026-09-29T17:50:13.105-03:00
UFPR04,18,livre,0.9344796538352966,0.4800982063190683,2026-09-29T17:50:13.105-03:00
UFPR04,19,livre,0.9182425737380981,0.4758873546611087,2026-09-29T17:50:13.105-03:00
UFPR04,2,livre,0.9404138326644897,0.4467755432846411,2026-09-29T17:50:13.105-03:00
UFPR04,20,livre,0.9212969541549683,0.4650607034006879,2026-09-29T17:50:13.105-03:00
UFPR04,21,livre,0.9308001399040222,0.4542595014393415,2026-09-29T17:50:13.105-03:00
UFPR04,22,ocupada,0.9202378988265991,0.6222182886623393,2026-09-29T17:50:13.105-03:00
UFPR04,23,livre,0.9298651218414307,0.5771391235021087,2026-09-29T17:50:13.105-03:00
UFPR04,24,livre,0.93210369348526,0.5321747228446287,2026-09-29T17:50:13.105-03:00
UFPR04,25,livre,0.9112175107002258,0.5611344506060602,2026-09-29T17:50:13.105-03:00
UFPR04,26,livre,0.9140113592147827,0.5005140199194921,2026-09-29T17:50:13.105-03:00
UFPR04,27,livre,0.892693042755127,0.48511467609484266,2026-09-29T17:50:13.105-03:00
UFPR04,28,livre,0.9050902128219604,0.5078491594722366,2026-09-29T17:50:13.105-03:00
UFPR04,3,livre,0.9224894642829895,0.4270413988864867,2026-09-29T17:50:13.105-03:00
UFPR04,4,ocupada,0.9259586930274963,0.44475991653480795,2026-09-29T17:50:13.105-03:00
UFPR04,5,livre,0.9348640441894531,0.41702767675169866,2026-09-29T17:50:13.105-03:00
UFPR04,6,livre,0.913637638092041,0.4554541625909502,2026-09-29T17:50:13.105-03:00
UFPR04,7,livre,0.9084160327911377,0.4364665238350398,2026-09-29T17:50:13.105-03:00
UFPR04,8,livre,0.9070296287536621,0.4447668737249374,2026-09-29T17:50:13.105-03:00
UFPR04,9,livre,0.879611611366272,0.4805095048390413,2026-09-29T17:50:13.105-03:00
UFPR04,1,livre,0.9577020406723022,0.4642695130282407,2026-09-29T17:50:13.165-03:00
UFPR04,10,ocupada,0.9557756781578064,0.5340931812254209,2026-09-29T17:50:13.165-03:00
UFPR04,11,livre,0.9240434765815735,0.5087833934849483,2026-09-29T17:50:13.165-03:00
UFPR04,12,livre,0.9333728551864624,0.5617138420256962,2026-09-29T17:50:13.165-03:00
UFPR04,13,livre,0.9081606268882751,0.6057538397526362,2026-09-29T17:50:13.165-03:00
UFPR04,14,livre,0.9030092358589172,0.5397171812315448,2026-09-29T17:50:13.165-03:00
UFPR04,15,livre,0.8496814966201782,0.563596158987685,2026-09-29T17:50:13.165-03:00
UFPR04,16,ocupada,0.9459981322288513,0.5107355012725464,2026-09-29T17:50:13.165-03:00
UFPR04,17,ocupada,0.9385050535202026,0.47349128395251794,2026-09-29T17:50:13.165-03:00
UFPR04,18,livre,0.9197728633880615,0.47722136118918923,2026-09-29T17:50:13.165-03:00
UFPR04,19,livre,0.9194974303245544,0.468881593264685,2026-09-29T17:50:13.165-03:00
UFPR04,2,livre,0.9363251328468323,0.46503658527894115,2026-09-29T17:50:13.165-03:00
UFPR04,20,livre,0.9243630170822144,0.45828288600629263,2026-09-29T17:50:13.165-03:00
UFPR04,21,livre,0.9308698177337646,0.44013544257912246,2026-09-29T17:50:13.165-03:00
UFPR04,22,ocupada,0.9397486448287964,0.5923223037633198,2026-09-29T17:50:13.165-03:00
UFPR04,23,livre,0.9242323040962219,0.5633248994742502,2026-09-29T17:50:13.165-03:00
UFPR04,24,livre,0.9356754422187805,0.5177974574414834,2026-09-29T17:50:13.165-03:00
UFPR04,25,livre,0.9231923818588257,0.5366629235417988,2026-09-29T17:50:13.165-03:00
UFPR04,26,livre,0.9114178419113159,0.4822345362176027,2026-09-29T17:50:13.165-03:00
UFPR04,27,ocupada,0.9184918403625488,0.46727487591804867,2026-09-29T17:50:13.165-03:00
UFPR04,28,livre,0.9091286063194275,0.5093503173217045,2026-09-29T17:50:13.165-03:00
UFPR04,3,livre,0.9192816615104675,0.42892737286695554,2026-09-29T17:50:13.165-03:00
UFPR04,4,ocupada,0.9158222675323486,0.4451206446747209,2026-09-29T17:50:13.165-03:00
UFPR04,5,livre,0.9464215040206909,0.43429985380982816,2026-09-29T17:50:13.165-03:00
UFPR04,6,livre,0.9256614446640015,0.4419877972876462,2026-09-29T17:50:13.165-03:00
UFPR04,7,livre,0.9183561205863953,0.4271515116702678,2026-09-29T17:50:13.165-03:00
UFPR04,8,livre,0.9199621677398682,0.448079421916784,2026-09-29T17:50:13.165-03:00
UFPR04,9,livre,0.8696050047874451,0.468837097564438,2026-09-29T17:50:13.165-03:00
UFPR04,1,livre,0.9590266346931458,0.47293186711819635,2026-09-29T17:50:13.267-03:00
UFPR04,10,ocupada,0.9367392659187317,0.5453821540304186,2026-09-29T17:50:13.267-03:00
UFPR04,11,livre,0.9241336584091187,0.5179339770214817,2026-09-29T17:50:13.267-03:00
UFPR04,12,livre,0.9201652407646179,0.5652490873060049,2026-09-29T17:50:13.267-03:00
UFPR04,13,livre,0.8853529691696167,0.612116229446669,2026-09-29T17:50:13.267-03:00
UFPR04,14,livre,0.8967641592025757,0.5560744246032389,2026-09-29T17:50:13.267-03:00
UFPR04,15,livre,0.8312690854072571,0.6125813438562823,2026-09-29T17:50:13.267-03:00
UFPR04,16,ocupada,0.9447104930877686,0.5178738306956928,2026-09-29T17:50:13.267-03:00
UFPR04,17,ocupada,0.9411871433258057,0.4856834138789675,2026-09-29T17:50:13.267-03:00
UFPR04,18,livre,0.9132218956947327,0.4861892908912879,2026-09-29T17:50:13.267-03:00
UFPR04,19,livre,0.9146060943603516,0.4608056122784296,2026-09-29T17:50:13.267-03:00
UFPR04,2,livre,0.9315087795257568,0.46882376593705616,2026-09-29T17:50:13.267-03:00
UFPR04,20,livre,0.9279630780220032,0.4642706254119853,2026-09-29T17:50:13.267-03:00
UFPR04,21,livre,0.9283173680305481,0.4433102972908095,2026-09-29T17:50:13.267-03:00
UFPR04,22,ocupada,0.9175552129745483,0.5975404707139964,2026-09-29T17:50:13.267-03:00
UFPR04,23,livre,0.9322561025619507,0.5717603888046111,2026-09-29T17:50:13.267-03:00
UFPR04,24,livre,0.9280372858047485,0.5335417126843786,2026-09-29T17:50:13.267-03:00
UFPR04,25,livre,0.9210390448570251,0.561823392663779,2026-09-29T17:50:13.267-03:00
UFPR04,26,livre,0.9156385660171509,0.47557816012118354,2026-09-29T17:50:13.267-03:00
UFPR04,27,ocupada,0.9014290571212769,0.49286969806065134,2026-09-29T17:50:13.267-03:00
UFPR04,28,livre,0.9045810699462891,0.5031231268875911,2026-09-29T17:50:13.267-03:00
UFPR04,3,livre,0.9126660823822021,0.4195906256096683,2026-09-29T17:50:13.267-03:00
UFPR04,4,ocupada,0.9242682456970215,0.44587906695069635,2026-09-29T17:50:13.267-03:00
UFPR04,5,livre,0.9359704256057739,0.43496599676449343,2026-09-29T17:50:13.267-03:00
UFPR04,6,livre,0.9148550629615784,0.4485931411533537,2026-09-29T17:50:13.267-03:00
UFPR04,7,livre,0.9079152941703796,0.4250039391683087,2026-09-29T17:50:13.267-03:00
UFPR04,8,livre,0.9011701345443726,0.43540872824813454,2026-09-29T17:50:13.267-03:00
UFPR04,9,livre,0.8690138459205627,0.4755648054318031,2026-09-29T17:50:13.267-03:00
UFPR04,1,livre,0.9608936309814453,0.4673107861700834,2026-09-29T17:50:13.330-03:00
UFPR04,10,ocupada,0.9456607103347778,0.5464871811260278,2026-09-29T17:50:13.330-03:00
UFPR04,11,livre,0.9218295216560364,0.5202117130255987,2026-09-29T17:50:13.330-03:00
UFPR04,12,livre,0.9244599938392639,0.560966541081407,2026-09-29T17:50:13.330-03:00
UFPR04,13,livre,0.8937833309173584,0.6038311351142608,2026-09-29T17:50:13.330-03:00
UFPR04,14,livre,0.9000707268714905,0.5646579807296084,2026-09-29T17:50:13.330-03:00
UFPR04,15,livre,0.8382218480110168,0.6031720201028612,2026-09-29T17:50:13.330-03:00
UFPR04,16,ocupada,0.9449169635772705,0.5176217933244892,2026-09-29T17:50:13.330-03:00
UFPR04,17,ocupada,0.9413773417472839,0.4958574505798595,2026-09-29T17:50:13.330-03:00
UFPR04,18,livre,0.9100518822669983,0.47762951144205423,2026-09-29T17:50:13.330-03:00
UFPR04,19,livre,0.9298877716064453,0.45208759325527387,2026-09-29T17:50:13.330-03:00
UFPR04,2,livre,0.9388450980186462,0.46014571503892365,2026-09-29T17:50:13.330-03:00
UFPR04,20,livre,0.9241102337837219,0.464028067517024,2026-09-29T17:50:13.330-03:00
UFPR04,21,livre,0.9264525175094604,0.4502332439670857,2026-09-29T17:50:13.330-03:00
UFPR04,22,ocupada,0.9214188456535339,0.5948057846896712,2026-09-29T17:50:13.330-03:00
UFPR04,23,livre,0.9336889386177063,0.578494718882795,2026-09-29T17:50:13.330-03:00
UFPR04,24,livre,0.9276061654090881,0.5274185744624481,2026-09-29T17:50:13.330-03:00
UFPR04,25,livre,0.9212102890014648,0.5692192488192079,2026-09-29T17:50:13.330-03:00
UFPR04,26,livre,0.9154085516929626,0.47593144754987166,2026-09-29T17:50:13.330-03:00
UFPR04,27,ocupada,0.8984814286231995,0.4971470756393131,2026-09-29T17:50:13.330-03:00
UFPR04,28,livre,0.9100480079650879,0.5023043459047516,2026-09-29T17:50:13.330-03:00
UFPR04,3,livre,0.9194897413253784,0.4308226462702774,2026-09-29T17:50:13.330-03:00
UFPR04,4,ocupada,0.9209962487220764,0.44294418682073067,2026-09-29T17:50:13.330-03:00
UFPR04,5,livre,0.9358884692192078,0.4280641674998669,2026-09-29T17:50:13.330-03:00
UFPR04,6,livre,0.9149952530860901,0.4575353668450839,2026-09-29T17:50:13.330-03:00
UFPR04,7,livre,0.9109825491905212,0.4231280557261593,2026-09-29T17:50:13.330-03:00
UFPR04,8,livre,0.9069316387176514,0.4446578241614782,2026-09-29T17:50:13.330-03:00
UFPR04,9,livre,0.8711463809013367,0.48268895025760683,2026-09-29T17:50:13.330-03:00
UFPR04,1,livre,0.9574816823005676,0.4754475992052323,2026-09-29T17:50:13.437-03:00
UFPR04,10,ocupada,0.9384005069732666,0.5445948190579234,2026-09-29T17:50:13.437-03:00
UFPR04,11,livre,0.9218171238899231,0.5168528004218039,2026-09-29T17:50:13.437-03:00
UFPR04,12,livre,0.9177565574645996,0.5849850083928853,2026-09-29T17:50:13.437-03:00
UFPR04,13,livre,0.8938624858856201,0.6144149931100228,2026-09-29T17:50:13.437-03:00
UFPR04,14,livre,0.9093542098999023,0.5664371813818595,2026-09-29T17:50:13.437-03:00
UFPR04,15,livre,0.8604893088340759,0.5735692342629498,2026-09-29T17:50:13.437-03:00
UFPR04,16,ocupada,0.9485907554626465,0.5344096649102393,2026-09-29T17:50:13.437-03:00
UFPR04,17,ocupada,0.9449149370193481,0.5281926243415118,2026-09-29T17:50:13.437-03:00
UFPR04,18,livre,0.945166289806366,0.4771444284331086,2026-09-29T17:50:13.437-03:00
UFPR04,19,livre,0.9319167733192444,0.4480278557886229,2026-09-29T17:50:13.437-03:00
UFPR04,2,livre,0.9278632998466492,0.461976437631588,2026-09-29T17:50:13.437-03:00
UFPR04,20,livre,0.9154808521270752,0.4620771930719953,2026-09-29T17:50:13.437-03:00
UFPR04,21,livre,0.9276983141899109,0.4631779547690793,2026-09-29T17:50:13.437-03:00
UFPR04,22,ocupada,0.9310886859893799,0.5830490203720375,2026-09-29T17:50:13.437-03:00
UFPR04,23,livre,0.9347063302993774,0.5729522143519717,2026-09-29T17:50:13.437-03:00
UFPR04,24,livre,0.9258722066879272,0.5310854575782252,2026-09-29T17:50:13.437-03:00
UFPR04,25,livre,0.9089732766151428,0.5164416530900947,2026-09-29T17:50:13.437-03:00
UFPR04,26,livre,0.9082419276237488,0.4847459760340605,2026-09-29T17:50:13.437-03:00
UFPR04,27,ocupada,0.8908336162567139,0.4930371043257511,2026-09-29T17:50:13.437-03:00
UFPR04,28,livre,0.9178072810173035,0.5158093278961402,2026-09-29T17:50:13.437-03:00
UFPR04,3,livre,0.9228717684745789,0.4490033650031439,2026-09-29T17:50:13.437-03:00
UFPR04,4,ocupada,0.9161757826805115,0.44184732711246816,2026-09-29T17:50:13.437-03:00
UFPR04,5,livre,0.9356524348258972,0.44653118184493273,2026-09-29T17:50:13.437-03:00
UFPR04,6,livre,0.9185892939567566,0.4486219979526399,2026-09-29T17:50:13.437-03:00
UFPR04,7,livre,0.9036664366722107,0.4299476553692385,2026-09-29T17:50:13.437-03:00
UFPR04,8,livre,0.896989107131958,0.4654610867646852,2026-09-29T17:50:13.437-03:00
UFPR04,9,livre,0.8662593960762024,0.474001743014648,2026-09-29T17:50:13.437-03:00
UFPR04,1,livre,0.9630049467086792,0.4680431737647652,2026-09-29T17:50:13.519-03:00
UFPR04,10,ocupada,0.9375986456871033,0.5421815743348352,2026-09-29T17:50:13.519-03:00
UFPR04,11,livre,0.9197129607200623,0.5187922445534157,2026-09-29T17:50:13.519-03:00
UFPR04,12,livre,0.922134518623352,0.5794283816421837,2026-09-29T17:50:13.519-03:00
UFPR04,13,livre,0.8889307975769043,0.6029698540547618,2026-09-29T17:50:13.519-03:00
UFPR04,14,livre,0.9088417887687683,0.552807102691542,2026-09-29T17:50:13.519-03:00
UFPR04,15,livre,0.8416290283203125,0.6012432159641956,2026-09-29T17:50:13.519-03:00
UFPR04,16,ocupada,0.9456945061683655,0.5307088958223898,2026-09-29T17:50:13.519-03:00
UFPR04,17,ocupada,0.9444153904914856,0.53250928456118,2026-09-29T17:50:13.519-03:00
UFPR04,18,livre,0.945152759552002,0.46976520673336447,2026-09-29T17:50:13.519-03:00
UFPR04,19,livre,0.9164702296257019,0.45695824938740653,2026-09-29T17:50:13.519-03:00
UFPR04,2,livre,0.9316236972808838,0.4503394928929029,2026-09-29T17:50:13.519-03:00
UFPR04,20,livre,0.9191446900367737,0.4683106544847501,2026-09-29T17:50:13.519-03:00
UFPR04,21,livre,0.9221479296684265,0.4500556346718699,2026-09-29T17:50:13.519-03:00
UFPR04,22,ocupada,0.9291591644287109,0.5937398565586527,2026-09-29T17:50:13.519-03:00
UFPR04,23,livre,0.9326686263084412,0.5796449895573245,2026-09-29T17:50:13.519-03:00
UFPR04,24,livre,0.9238107204437256,0.5395969255132933,2026-09-29T17:50:13.519-03:00
UFPR04,25,livre,0.9123563170433044,0.51798154810393,2026-09-29T17:50:13.519-03:00
UFPR04,26,livre,0.9056472182273865,0.5087235593826929,2026-09-29T17:50:13.519-03:00
UFPR04,27,ocupada,0.8929772973060608,0.4820508485984635,2026-09-29T17:50:13.519-03:00
UFPR04,28,livre,0.9177591800689697,0.522580850138296,2026-09-29T17:50:13.519-03:00
UFPR04,3,livre,0.9141132831573486,0.4287830396951259,2026-09-29T17:50:13.519-03:00
UFPR04,4,ocupada,0.9276465177536011,0.45446369054339714,2026-09-29T17:50:13.519-03:00
UFPR04,5,livre,0.9313998222351074,0.44191540433666016,2026-09-29T17:50:13.519-03:00
UFPR04,6,livre,0.916118860244751,0.4573024267664821,2026-09-29T17:50:13.519-03:00
UFPR04,7,livre,0.9096718430519104,0.41912895287779683,2026-09-29T17:50:13.519-03:00
UFPR04,8,livre,0.9022116661071777,0.4526434385692357,2026-09-29T17:50:13.519-03:00
UFPR04,9,livre,0.8694570660591125,0.475467149995419,2026-09-29T17:50:13.519-03:00
UFPR04,1,livre,0.9633796215057373,0.461954768980503,2026-09-29T17:50:13.602-03:00
UFPR04,10,ocupada,0.9422400593757629,0.5350613647958319,2026-09-29T17:50:13.602-03:00
UFPR04,11,livre,0.9186030030250549,0.5176883788681915,2026-09-29T17:50:13.602-03:00
UFPR04,12,livre,0.9185505509376526,0.5742208479965324,2026-09-29T17:50:13.602-03:00
UFPR04,13,livre,0.8942574262619019,0.6148079010257748,2026-09-29T17:50:13.602-03:00
UFPR04,14,livre,0.9112647771835327,0.5581989776231526,2026-09-29T17:50:13.602-03:00
UFPR04,15,livre,0.837784469127655,0.5949752687354799,2026-09-29T17:50:13.602-03:00
UFPR04,16,ocupada,0.9428504109382629,0.5336214910571105,2026-09-29T17:50:13.602-03:00
UFPR04,17,livre,0.9451179504394531,0.5316525613284941,2026-09-29T17:50:13.602-03:00
UFPR04,18,livre,0.9446214437484741,0.47188747785449164,2026-09-29T17:50:13.602-03:00
UFPR04,19,livre,0.9130256175994873,0.4606053037654889,2026-09-29T17:50:13.602-03:00
UFPR04,2,livre,0.9323400855064392,0.4519918633030406,2026-09-29T17:50:13.602-03:00
UFPR04,20,livre,0.9130061268806458,0.4684797541217615,2026-09-29T17:50:13.602-03:00
UFPR04,21,livre,0.9219261407852173,0.4530190922969069,2026-09-29T17:50:13.602-03:00
UFPR04,22,ocupada,0.9269047975540161,0.5925039814161163,2026-09-29T17:50:13.602-03:00
UFPR04,23,livre,0.9230316877365112,0.578654487546242,2026-09-29T17:50:13.602-03:00
UFPR04,24,livre,0.929138720035553,0.535564274628036,2026-09-29T17:50:13.602-03:00
UFPR04,25,livre,0.90541672706604,0.5188223410173267,2026-09-29T17:50:13.602-03:00
UFPR04,26,livre,0.9114952087402344,0.48701871282331743,2026-09-29T17:50:13.602-03:00
UFPR04,27,ocupada,0.8892270922660828,0.47448355314028395,2026-09-29T17:50:13.602-03:00
UFPR04,28,livre,0.916851818561554,0.513773506866721,2026-09-29T17:50:13.602-03:00
UFPR04,3,livre,0.9137230515480042,0.44099102120721145,2026-09-29T17:50:13.602-03:00
UFPR04,4,ocupada,0.9256104826927185,0.44741083463690967,2026-09-29T17:50:13.602-03:00
UFPR04,5,livre,0.9313740730285645,0.4389348093680762,2026-09-29T17:50:13.602-03:00
UFPR04,6,livre,0.9220406413078308,0.4454207993522065,2026-09-29T17:50:13.602-03:00
UFPR04,7,livre,0.9079342484474182,0.40608874690462493,2026-09-29T17:50:13.602-03:00
UFPR04,8,livre,0.9043758511543274,0.4475963886826795,2026-09-29T17:50:13.602-03:00
UFPR04,9,livre,0.873242974281311,0.47388314559868705,2026-09-29T17:50:13.602-03:00
UFPR04,1,livre,0.9606518745422363,0.4628640264151136,2026-09-29T17:50:13.661-03:00
UFPR04,10,ocupada,0.9564436674118042,0.5358999276697981,2026-09-29T17:50:13.661-03:00
UFPR04,11,livre,0.928662896156311,0.5223849055775239,2026-09-29T17:50:13.661-03:00
UFPR04,12,livre,0.9318325519561768,0.5671200673119028,2026-09-29T17:50:13.661-03:00
UFPR04,13,livre,0.9036838412284851,0.5973836302887823,2026-09-29T17:50:13.661-03:00
UFPR04,14,livre,0.9037821888923645,0.5449947466220364,2026-09-29T17:50:13.661-03:00
UFPR04,15,livre,0.8355986475944519,0.5827379227035935,2026-09-29T17:50:13.661-03:00
UFPR04,16,ocupada,0.9468555450439453,0.5195694424354668,2026-09-29T17:50:13.661-03:00
UFPR04,17,livre,0.95020592212677,0.5049248257359571,2026-09-29T17:50:13.661-03:00
UFPR04,18,livre,0.9493503570556641,0.47558465860426546,2026-09-29T17:50:13.661-03:00
UFPR04,19,livre,0.9173011183738708,0.4681080503425042,2026-09-29T17:50:13.661-03:00
UFPR04,2,livre,0.9365749955177307,0.4587056199640827,2026-09-29T17:50:13.661-03:00
UFPR04,20,livre,0.9253883361816406,0.4606125761070614,2026-09-29T17:50:13.661-03:00
UFPR04,21,livre,0.9238751530647278,0.44568182321470656,2026-09-29T17:50:13.661-03:00
UFPR04,22,ocupada,0.9349836707115173,0.5965172993496405,2026-09-29T17:50:13.661-03:00
UFPR04,23,livre,0.9177735447883606,0.5806674154057835,2026-09-29T17:50:13.661-03:00
UFPR04,24,livre,0.9317768216133118,0.5177068166504187,2026-09-29T17:50:13.661-03:00
UFPR04,25,livre,0.916680634021759,0.5138441811100734,2026-09-29T17:50:13.661-03:00
UFPR04,26,livre,0.9073641896247864,0.4952630209655877,2026-09-29T17:50:13.661-03:00
UFPR04,27,ocupada,0.9291858673095703,0.48028238475649726,2026-09-29T17:50:13.661-03:00
UFPR04,28,livre,0.8985480070114136,0.5227400810048151,2026-09-29T17:50:13.661-03:00
UFPR04,3,livre,0.9198550581932068,0.43373437776290613,2026-09-29T17:50:13.661-03:00
UFPR04,4,ocupada,0.9315161108970642,0.44616904819397557,2026-09-29T17:50:13.661-03:00
UFPR04,5,livre,0.9476587772369385,0.43704333830635456,2026-09-29T17:50:13.661-03:00
UFPR04,6,livre,0.9307700395584106,0.4396891269336508,2026-09-29T17:50:13.661-03:00
UFPR04,7,livre,0.9208607077598572,0.4292160929282845,2026-09-29T17:50:13.661-03:00
UFPR04,8,livre,0.9142636656761169,0.4531614853494719,2026-09-29T17:50:13.661-03:00
UFPR04,9,livre,0.8600273728370667,0.49584025624520467,2026-09-29T17:50:13.661-03:00
UFPR04,1,livre,0.9577271938323975,0.4643414054578781,2026-09-29T17:50:13.725-03:00
UFPR04,10,ocupada,0.9453243613243103,0.5427607019786518,2026-09-29T17:50:13.725-03:00
UFPR04,11,livre,0.921421468257904,0.4968719432075346,2026-09-29T17:50:13.725-03:00
UFPR04,12,livre,0.9063578248023987,0.5752000584125051,2026-09-29T17:50:13.725-03:00
UFPR04,13,livre,0.877665638923645,0.6082225451366228,2026-09-29T17:50:13.725-03:00
UFPR04,14,livre,0.910279393196106,0.5458098491794295,2026-09-29T17:50:13.725-03:00
UFPR04,15,livre,0.8689542412757874,0.557330984818021,2026-09-29T17:50:13.725-03:00
UFPR04,16,ocupada,0.9425812363624573,0.5335131106746057,2026-09-29T17:50:13.725-03:00
UFPR04,17,livre,0.945266604423523,0.5208754170596425,2026-09-29T17:50:13.725-03:00
UFPR04,18,livre,0.9484422206878662,0.46634387197724,2026-09-29T17:50:13.725-03:00
UFPR04,19,livre,0.9149712324142456,0.45161684333667973,2026-09-29T17:50:13.725-03:00
UFPR04,2,livre,0.9374657869338989,0.44483170614757156,2026-09-29T17:50:13.725-03:00
UFPR04,20,livre,0.9176430106163025,0.45145876312054256,2026-09-29T17:50:13.725-03:00
UFPR04,21,livre,0.9252314567565918,0.4671823213545668,2026-09-29T17:50:13.725-03:00
UFPR04,22,ocupada,0.9168316721916199,0.5736788428899734,2026-09-29T17:50:13.725-03:00
UFPR04,23,livre,0.9151221513748169,0.5799135270560506,2026-09-29T17:50:13.725-03:00
UFPR04,24,livre,0.9306407570838928,0.5367907185856597,2026-09-29T17:50:13.725-03:00
UFPR04,25,livre,0.9022941589355469,0.5247946217858029,2026-09-29T17:50:13.725-03:00
UFPR04,26,livre,0.9143198728561401,0.4878347625561994,2026-09-29T17:50:13.725-03:00
UFPR04,27,ocupada,0.8885413408279419,0.478875534633482,2026-09-29T17:50:13.725-03:00
UFPR04,28,livre,0.9134497046470642,0.48351346824213076,2026-09-29T17:50:13.725-03:00
UFPR04,3,livre,0.9173110723495483,0.4394133713155227,2026-09-29T17:50:13.725-03:00
UFPR04,4,ocupada,0.9206191301345825,0.431092717057289,2026-09-29T17:50:13.725-03:00
UFPR04,5,livre,0.9329725503921509,0.43467019621442965,2026-09-29T17:50:13.725-03:00
UFPR04,6,livre,0.9168436527252197,0.43597621711146467,2026-09-29T17:50:13.725-03:00
UFPR04,7,livre,0.9138261675834656,0.416039530124025,2026-09-29T17:50:13.725-03:00
UFPR04,8,livre,0.9009779095649719,0.4474452552056038,2026-09-29T17:50:13.725-03:00
UFPR04,9,livre,0.8477814793586731,0.4724490565703388,2026-09-29T17:50:13.725-03:00
UFPR04,1,livre,0.9561884999275208,0.45519950540744625,2026-09-29T17:50:13.789-03:00
UFPR04,10,ocupada,0.9575990438461304,0.5378701133262141,2026-09-29T17:50:13.789-03:00
UFPR04,11,livre,0.9240742325782776,0.5124935618315928,2026-09-29T17:50:13.789-03:00
UFPR04,12,livre,0.9316959381103516,0.5566928275993507,2026-09-29T17:50:13.789-03:00
UFPR04,13,livre,0.9048659801483154,0.5974914760564053,2026-09-29T17:50:13.789-03:00
UFPR04,14,livre,0.9062382578849792,0.5470483679690039,2026-09-29T17:50:13.789-03:00
UFPR04,15,livre,0.852253258228302,0.5779904835252948,2026-09-29T17:50:13.789-03:00
UFPR04,16,ocupada,0.945321798324585,0.5335857394250835,2026-09-29T17:50:13.789-03:00
UFPR04,17,livre,0.9472041130065918,0.5028118167707029,2026-09-29T17:50:13.789-03:00
UFPR04,18,livre,0.9511219263076782,0.46817117006646985,2026-09-29T17:50:13.789-03:00
UFPR04,19,livre,0.9175466895103455,0.4796606204290978,2026-09-29T17:50:13.789-03:00
UFPR04,2,livre,0.9371410012245178,0.4604551650266628,2026-09-29T17:50:13.789-03:00
UFPR04,20,livre,0.915675163269043,0.46351179964694394,2026-09-29T17:50:13.789-03:00
UFPR04,21,livre,0.9180853962898254,0.44894387708419364,2026-09-29T17:50:13.789-03:00
UFPR04,22,ocupada,0.9422337412834167,0.5694981325432712,2026-09-29T17:50:13.789-03:00
UFPR04,23,livre,0.9316210746765137,0.5640117665871991,2026-09-29T17:50:13.789-03:00
UFPR04,24,livre,0.9407281875610352,0.5033430300025783,2026-09-29T17:50:13.789-03:00
UFPR04,25,livre,0.923352062702179,0.5075480740145168,2026-09-29T17:50:13.789-03:00
UFPR04,26,livre,0.9081636667251587,0.4897946186420338,2026-09-29T17:50:13.789-03:00
UFPR04,27,ocupada,0.942798376083374,0.4732194723331994,2026-09-29T17:50:13.789-03:00
UFPR04,28,livre,0.9235201478004456,0.4700316999253068,2026-09-29T17:50:13.789-03:00
UFPR04,3,livre,0.9170076251029968,0.42759888581420014,2026-09-29T17:50:13.789-03:00
UFPR04,4,ocupada,0.9181090593338013,0.44149543049692175,2026-09-29T17:50:13.789-03:00
UFPR04,5,livre,0.9443941116333008,0.4373903804161175,2026-09-29T17:50:13.789-03:00
UFPR04,6,livre,0.9284729361534119,0.442535179475032,2026-09-29T17:50:13.789-03:00
UFPR04,7,livre,0.9239583015441895,0.42353004712778974,2026-09-29T17:50:13.789-03:00
UFPR04,8,livre,0.9173780679702759,0.4477921546345797,2026-09-29T17:50:13.789-03:00
UFPR04,9,livre,0.8593811988830566,0.486109666432164,2026-09-29T17:50:13.789-03:00
UFPR04,1,livre,0.9527502655982971,0.4587422036450777,2026-09-29T17:50:13.853-03:00
UFPR04,10,ocupada,0.9471737146377563,0.54441015201913,2026-09-29T17:50:13.853-03:00
UFPR04,11,livre,0.9143168330192566,0.5010198657357066,2026-09-29T17:50:13.853-03:00
UFPR04,12,livre,0.8879610300064087,0.5634308121181472,2026-09-29T17:50:13.853-03:00
UFPR04,13,livre,0.8629381656646729,0.6097902403000127,2026-09-29T17:50:13.853-03:00
UFPR04,14,livre,0.8923221230506897,0.5179500499157307,2026-09-29T17:50:13.853-03:00
UFPR04,15,livre,0.8610954880714417,0.5472811365675437,2026-09-29T17:50:13.853-03:00
UFPR04,16,ocupada,0.9423679709434509,0.5313041440340686,2026-09-29T17:50:13.853-03:00
UFPR04,17,livre,0.9473676681518555,0.5159892070427112,2026-09-29T17:50:13.853-03:00
UFPR04,18,livre,0.9497457146644592,0.4803511142302505,2026-09-29T17:50:13.853-03:00
UFPR04,19,livre,0.9101682901382446,0.45116149965190555,2026-09-29T17:50:13.853-03:00
UFPR04,2,livre,0.934851348400116,0.47172906638425316,2026-09-29T17:50:13.853-03:00
UFPR04,20,livre,0.9151864051818848,0.4552532021809779,2026-09-29T17:50:13.853-03:00
UFPR04,21,livre,0.9256318211555481,0.45305216935435605,2026-09-29T17:50:13.853-03:00
UFPR04,22,ocupada,0.9171109199523926,0.5615004856015547,2026-09-29T17:50:13.853-03:00
UFPR04,23,livre,0.9240312576293945,0.5646620576550646,2026-09-29T17:50:13.853-03:00
UFPR04,24,livre,0.9286864995956421,0.5055498483161509,2026-09-29T17:50:13.853-03:00
UFPR04,25,livre,0.9038503766059875,0.5196783313583451,2026-09-29T17:50:13.853-03:00
UFPR04,26,livre,0.9080544710159302,0.4977180830639185,2026-09-29T17:50:13.853-03:00
UFPR04,27,ocupada,0.8919854164123535,0.4610545804435552,2026-09-29T17:50:13.853-03:00
UFPR04,28,livre,0.923431932926178,0.5025652849439762,2026-09-29T17:50:13.853-03:00
UFPR04,3,livre,0.921722948551178,0.44350753965622863,2026-09-29T17:50:13.853-03:00
UFPR04,4,ocupada,0.9238829016685486,0.4361034016187332,2026-09-29T17:50:13.853-03:00
UFPR04,5,livre,0.9232003092765808,0.43825801456047964,2026-09-29T17:50:13.853-03:00
UFPR04,6,livre,0.901620626449585,0.4748921409672465,2026-09-29T17:50:13.853-03:00
UFPR04,7,livre,0.9097096920013428,0.4155959515614768,2026-09-29T17:50:13.853-03:00
UFPR04,8,livre,0.877089262008667,0.455698642486913,2026-09-29T17:50:13.853-03:00
UFPR04,9,livre,0.8524957299232483,0.4584763919473939,2026-09-29T17:50:13.853-03:00
UFPR04,1,livre,0.959991991519928,0.4549479070758414,2026-09-29T17:50:13.916-03:00
UFPR04,10,ocupada,0.9499781131744385,0.5225119258578781,2026-09-29T17:50:13.916-03:00
UFPR04,11,livre,0.9159026145935059,0.49869425184181143,2026-09-29T17:50:13.916-03:00
UFPR04,12,livre,0.93131422996521,0.5314915243357177,2026-09-29T17:50:13.916-03:00
UFPR04,13,livre,0.8949835300445557,0.6029905285497389,2026-09-29T17:50:13.916-03:00
UFPR04,14,livre,0.9092043042182922,0.5480023110922432,2026-09-29T17:50:13.916-03:00
UFPR04,15,livre,0.8486135601997375,0.5405443596697824,2026-09-29T17:50:13.916-03:00
UFPR04,16,ocupada,0.9476004242897034,0.5231608824242334,2026-09-29T17:50:13.916-03:00
UFPR04,17,livre,0.9484230875968933,0.5034806423436454,2026-09-29T17:50:13.916-03:00
UFPR04,18,livre,0.9510583877563477,0.4584069470050973,2026-09-29T17:50:13.916-03:00
UFPR04,19,livre,0.9170945882797241,0.46801100242727284,2026-09-29T17:50:13.916-03:00
UFPR04,2,livre,0.943244457244873,0.4532569013315339,2026-09-29T17:50:13.916-03:00
UFPR04,20,livre,0.9089235067367554,0.4547539227578607,2026-09-29T17:50:13.916-03:00
UFPR04,21,livre,0.9198184609413147,0.43890549624606257,2026-09-29T17:50:13.916-03:00
UFPR04,22,ocupada,0.9370216131210327,0.5743379599707381,2026-09-29T17:50:13.916-03:00
UFPR04,23,livre,0.9325119256973267,0.5640143714405216,2026-09-29T17:50:13.916-03:00
UFPR04,24,livre,0.9371472001075745,0.5024395468615989,2026-09-29T17:50:13.916-03:00
UFPR04,25,livre,0.9231619238853455,0.49386786731207594,2026-09-29T17:50:13.916-03:00
UFPR04,26,livre,0.9048057794570923,0.4879144369721154,2026-09-29T17:50:13.916-03:00
UFPR04,27,ocupada,0.9298698306083679,0.47377844376380834,2026-09-29T17:50:13.916-03:00
UFPR04,28,livre,0.91386878490448,0.48630045059437577,2026-09-29T17:50:13.916-03:00
UFPR04,3,livre,0.9337792992591858,0.42685748715073357,2026-09-29T17:50:13.916-03:00
UFPR04,4,ocupada,0.9172438979148865,0.4341569624613181,2026-09-29T17:50:13.916-03:00
UFPR04,5,livre,0.9395753741264343,0.4328454175719705,2026-09-29T17:50:13.916-03:00
UFPR04,6,livre,0.9254640340805054,0.44668418747629396,2026-09-29T17:50:13.916-03:00
UFPR04,7,livre,0.9171814918518066,0.4206455437228438,2026-09-29T17:50:13.916-03:00
UFPR04,8,livre,0.9172064661979675,0.4507150339979696,2026-09-29T17:50:13.916-03:00
UFPR04,9,livre,0.8648982048034668,0.48822910584697266,2026-09-29T17:50:13.916-03:00
UFPR04,1,livre,0.9603481888771057,0.4498451193911735,2026-09-29T17:50:13.976-03:00
UFPR04,10,ocupada,0.9468144178390503,0.5175295287496711,2026-09-29T17:50:13.976-03:00
UFPR04,11,livre,0.9149823188781738,0.4974706429013136,2026-09-29T17:50:13.976-03:00
UFPR04,12,livre,0.9354761242866516,0.5370535294743024,2026-09-29T17:50:13.976-03:00
UFPR04,13,livre,0.8944563865661621,0.6056207570864947,2026-09-29T17:50:13.976-03:00
UFPR04,14,livre,0.9060591459274292,0.5341155654101347,2026-09-29T17:50:13.976-03:00
UFPR04,15,livre,0.8462031483650208,0.5814861563070942,2026-09-29T17:50:13.976-03:00
UFPR04,16,ocupada,0.9442660808563232,0.5347753974861548,2026-09-29T17:50:13.976-03:00
UFPR04,17,livre,0.9487401843070984,0.49656073905884024,2026-09-29T17:50:13.976-03:00
UFPR04,18,livre,0.952590823173523,0.46096408063011846,2026-09-29T17:50:13.976-03:00
UFPR04,19,livre,0.9162241816520691,0.46430846576124996,2026-09-29T17:50:13.976-03:00
UFPR04,2,livre,0.9404893517494202,0.4501547562140696,2026-09-29T17:50:13.976-03:00
UFPR04,20,livre,0.9103370904922485,0.4521217358626393,2026-09-29T17:50:13.976-03:00
UFPR04,21,livre,0.9182511568069458,0.44506357474429825,2026-09-29T17:50:13.976-03:00
UFPR04,22,ocupada,0.9271067380905151,0.588701923229009,2026-09-29T17:50:13.976-03:00
UFPR04,23,livre,0.9251323342323303,0.5748326251681483,2026-09-29T17:50:13.976-03:00
UFPR04,24,livre,0.9366246461868286,0.5001463627765356,2026-09-29T17:50:13.976-03:00
UFPR04,25,livre,0.9304159879684448,0.4954506489156355,2026-09-29T17:50:13.976-03:00
UFPR04,26,livre,0.905563235282898,0.4813455543242278,2026-09-29T17:50:13.976-03:00
UFPR04,27,ocupada,0.9363490343093872,0.47297179425564795,2026-09-29T17:50:13.976-03:00
UFPR04,28,livre,0.9176827669143677,0.4927788892053791,2026-09-29T17:50:13.976-03:00
UFPR04,3,livre,0.9317377209663391,0.42878067945881404,2026-09-29T17:50:13.976-03:00
UFPR04,4,livre,0.9288880825042725,0.43611227122132623,2026-09-29T17:50:13.976-03:00
UFPR04,5,livre,0.9380638599395752,0.431153662635148,2026-09-29T17:50:13.976-03:00
UFPR04,6,livre,0.9233114719390869,0.44099802985591313,2026-09-29T17:50:13.976-03:00
UFPR04,7,livre,0.9212945699691772,0.4235388564339413,2026-09-29T17:50:13.976-03:00
UFPR04,8,livre,0.9082604646682739,0.45985639233463527,2026-09-29T17:50:13.976-03:00
UFPR04,9,livre,0.8653792142868042,0.47679264456893583,2026-09-29T17:50:13.976-03:00
UFPR04,1,livre,0.9560985565185547,0.46527563693338436,2026-09-29T17:50:14.036-03:00
UFPR04,10,ocupada,0.9265048503875732,0.5252412038556636,2026-09-29T17:50:14.036-03:00
UFPR04,11,livre,0.9062760472297668,0.48727979829097356,2026-09-29T17:50:14.036-03:00
UFPR04,12,livre,0.8761139512062073,0.5759123338982584,2026-09-29T17:50:14.036-03:00
UFPR04,13,livre,0.8806442618370056,0.5903474275669216,2026-09-29T17:50:14.036-03:00
UFPR04,14,livre,0.8908616304397583,0.48573195022701743,2026-09-29T17:50:14.036-03:00
UFPR04,15,livre,0.8662710189819336,0.5216951435621431,2026-09-29T17:50:14.036-03:00
UFPR04,16,ocupada,0.9339243173599243,0.5132051265353776,2026-09-29T17:50:14.036-03:00
UFPR04,17,livre,0.9452147483825684,0.4840426494079112,2026-09-29T17:50:14.036-03:00
UFPR04,18,livre,0.9339873194694519,0.44266788678692637,2026-09-29T17:50:14.036-03:00
UFPR04,19,livre,0.9163859486579895,0.42950427973946914,2026-09-29T17:50:14.036-03:00
UFPR04,2,livre,0.9282709360122681,0.4452058359756186,2026-09-29T17:50:14.036-03:00
UFPR04,20,livre,0.9162306189537048,0.4492037270570527,2026-09-29T17:50:14.036-03:00
UFPR04,21,livre,0.9223456978797913,0.45511517681841296,2026-09-29T17:50:14.036-03:00
UFPR04,22,ocupada,0.9314232468605042,0.6026496615991288,2026-09-29T17:50:14.036-03:00
UFPR04,23,livre,0.916175365447998,0.5107553132539452,2026-09-29T17:50:14.036-03:00
UFPR04,24,livre,0.930667519569397,0.5104277352631943,2026-09-29T17:50:14.036-03:00
UFPR04,25,livre,0.9089648127555847,0.5133519537481945,2026-09-29T17:50:14.036-03:00
UFPR04,26,livre,0.9146960377693176,0.492820865266549,2026-09-29T17:50:14.036-03:00
UFPR04,27,ocupada,0.9325557947158813,0.43844928742356687,2026-09-29T17:50:14.036-03:00
UFPR04,28,livre,0.9227535128593445,0.5662693030651172,2026-09-29T17:50:14.036-03:00
UFPR04,3,livre,0.9256547093391418,0.4422017510963811,2026-09-29T17:50:14.036-03:00
UFPR04,4,livre,0.9215279221534729,0.43224898358240976,2026-09-29T17:50:14.036-03:00
UFPR04,5,livre,0.9334455132484436,0.427989408072719,2026-09-29T17:50:14.036-03:00
UFPR04,6,livre,0.919268786907196,0.48563034020463863,2026-09-29T17:50:14.036-03:00
UFPR04,7,livre,0.8843711614608765,0.42620244908925703,2026-09-29T17:50:14.036-03:00
UFPR04,8,livre,0.8716332316398621,0.45839890299877917,2026-09-29T17:50:14.036-03:00
UFPR04,9,livre,0.8148297667503357,0.44795801180409084,2026-09-29T17:50:14.036-03:00
UFPR04,1,livre,0.95470130443573,0.4540415985254316,2026-09-29T17:50:14.098-03:00
UFPR04,10,ocupada,0.9222451448440552,0.5421670570734792,2026-09-29T17:50:14.098-03:00
UFPR04,11,livre,0.8982094526290894,0.4811534184127404,2026-09-29T17:50:14.098-03:00
UFPR04,12,livre,0.8816195130348206,0.5697802716764512,2026-09-29T17:50:14.098-03:00
UFPR04,13,livre,0.8539853096008301,0.5855038588927579,2026-09-29T17:50:14.098-03:00
UFPR04,14,livre,0.8750662207603455,0.4465198641692527,2026-09-29T17:50:14.098-03:00
UFPR04,15,livre,0.8776265978813171,0.4635870247692427,2026-09-29T17:50:14.098-03:00
UFPR04,16,ocupada,0.9350218176841736,0.5014030872447975,2026-09-29T17:50:14.098-03:00
UFPR04,17,livre,0.9426089525222778,0.5255004115328352,2026-09-29T17:50:14.098-03:00
UFPR04,18,livre,0.9428176879882812,0.455334821456236,2026-09-29T17:50:14.098-03:00
UFPR04,19,livre,0.9183763861656189,0.4264277488779044,2026-09-29T17:50:14.098-03:00
UFPR04,2,livre,0.9329302310943604,0.4503728960298712,2026-09-29T17:50:14.098-03:00
UFPR04,20,livre,0.9045807719230652,0.45697235902995736,2026-09-29T17:50:14.098-03:00
UFPR04,21,livre,0.8663824796676636,0.46388725667284453,2026-09-29T17:50:14.098-03:00
UFPR04,22,livre,0.9286624789237976,0.5882051863646098,2026-09-29T17:50:14.098-03:00
UFPR04,23,livre,0.9208171367645264,0.5697329779759543,2026-09-29T17:50:14.098-03:00
UFPR04,24,livre,0.9374094605445862,0.5230821494085545,2026-09-29T17:50:14.098-03:00
UFPR04,25,livre,0.9070551991462708,0.49964238728738136,2026-09-29T17:50:14.098-03:00
UFPR04,26,livre,0.9185588359832764,0.4983266491134001,2026-09-29T17:50:14.098-03:00
UFPR04,27,ocupada,0.9198598861694336,0.4615151314795942,2026-09-29T17:50:14.098-03:00
UFPR04,28,livre,0.922244131565094,0.5497356343488267,2026-09-29T17:50:14.098-03:00
UFPR04,3,livre,0.9222118854522705,0.43280609640244005,2026-09-29T17:50:14.098-03:00
UFPR04,4,livre,0.9165596961975098,0.4397953160683997,2026-09-29T17:50:14.098-03:00
UFPR04,5,livre,0.9296926856040955,0.43500063317763826,2026-09-29T17:50:14.098-03:00
UFPR04,6,livre,0.9198167324066162,0.4765701248066608,2026-09-29T17:50:14.098-03:00
UFPR04,7,livre,0.8856620788574219,0.42440850215564724,2026-09-29T17:50:14.098-03:00
UFPR04,8,livre,0.8747172951698303,0.4795692666463217,2026-09-29T17:50:14.098-03:00
UFPR04,9,livre,0.8421313166618347,0.45521227315487983,2026-09-29T17:50:14.098-03:00
UFPR04,1,livre,0.9624056816101074,0.4599184731545041,2026-09-29T17:50:14.159-03:00
UFPR04,10,ocupada,0.9429381489753723,0.5350612988503675,2026-09-29T17:50:14.159-03:00
UFPR04,11,livre,0.9102447628974915,0.5039015663117895,2026-09-29T17:50:14.159-03:00
UFPR04,12,livre,0.931320309638977,0.5505700101076512,2026-09-29T17:50:14.159-03:00
UFPR04,13,livre,0.8950340151786804,0.6103165423952887,2026-09-29T17:50:14.159-03:00
UFPR04,14,livre,0.9120765328407288,0.5378020740522005,2026-09-29T17:50:14.159-03:00
UFPR04,15,livre,0.840238630771637,0.5825210428004798,2026-09-29T17:50:14.159-03:00
UFPR04,16,livre,0.9316322803497314,0.49542603991403056,2026-09-29T17:50:14.159-03:00
UFPR04,17,livre,0.9479928612709045,0.4899245174158278,2026-09-29T17:50:14.159-03:00
UFPR04,18,livre,0.9496394991874695,0.4666042678920518,2026-09-29T17:50:14.159-03:00
UFPR04,19,livre,0.9148096442222595,0.4545858005155322,2026-09-29T17:50:14.159-03:00
UFPR04,2,livre,0.9321067929267883,0.46140453365090817,2026-09-29T17:50:14.159-03:00
UFPR04,20,livre,0.9061184525489807,0.4430534009671234,2026-09-29T17:50:14.159-03:00
UFPR04,21,livre,0.9189221858978271,0.4391416480756371,2026-09-29T17:50:14.159-03:00
UFPR04,22,livre,0.9273204207420349,0.5817955627141169,2026-09-29T17:50:14.159-03:00
UFPR04,23,livre,0.9142141938209534,0.5585684517883838,2026-09-29T17:50:14.159-03:00
UFPR04,24,livre,0.9369527101516724,0.5100912012837927,2026-09-29T17:50:14.159-03:00
UFPR04,25,livre,0.9228559136390686,0.5175521128833631,2026-09-29T17:50:14.159-03:00
UFPR04,26,livre,0.9091262817382812,0.4825267252024231,2026-09-29T17:50:14.159-03:00
UFPR04,27,livre,0.9117356538772583,0.46191017974340665,2026-09-29T17:50:14.159-03:00
UFPR04,28,livre,0.9026570916175842,0.4871184375906994,2026-09-29T17:50:14.159-03:00
UFPR04,3,livre,0.9320529699325562,0.43009442030109857,2026-09-29T17:50:14.159-03:00
UFPR04,4,livre,0.9178963303565979,0.4261183794473993,2026-09-29T17:50:14.159-03:00
UFPR04,5,livre,0.9405642151832581,0.4256615585619863,2026-09-29T17:50:14.159-03:00
UFPR04,6,livre,0.9211481809616089,0.450852976074028,2026-09-29T17:50:14.159-03:00
UFPR04,7,livre,0.9173377752304077,0.42674300174925855,2026-09-29T17:50:14.159-03:00
UFPR04,8,livre,0.9046751260757446,0.43060640489864954,2026-09-29T17:50:14.159-03:00
UFPR04,9,livre,0.853398859500885,0.48116765080282553,2026-09-29T17:50:14.159-03:00
UFPR04,1,livre,0.9578293561935425,0.46026080825280874,2026-09-29T17:50:14.223-03:00
UFPR04,10,ocupada,0.9435098171234131,0.5268440821642252,2026-09-29T17:50:14.223-03:00
UFPR04,11,livre,0.9023851752281189,0.49803752007136853,2026-09-29T17:50:14.223-03:00
UFPR04,12,livre,0.9308155179023743,0.5615666719943943,2026-09-29T17:50:14.223-03:00
UFPR04,13,livre,0.8909702897071838,0.6087634163722686,2026-09-29T17:50:14.223-03:00
UFPR04,14,livre,0.9083890914916992,0.5376816366201194,2026-09-29T17:50:14.223-03:00
UFPR04,15,livre,0.8224478363990784,0.5837310564220792,2026-09-29T17:50:14.223-03:00
UFPR04,16,livre,0.9331197142601013,0.49710872492351793,2026-09-29T17:50:14.223-03:00
UFPR04,17,livre,0.9475099444389343,0.5056362560642375,2026-09-29T17:50:14.223-03:00
UFPR04,18,livre,0.9489636421203613,0.47469949732577865,2026-09-29T17:50:14.223-03:00
UFPR04,19,livre,0.9175862073898315,0.4608295696499413,2026-09-29T17:50:14.223-03:00
UFPR04,2,livre,0.9378666877746582,0.44975662590124643,2026-09-29T17:50:14.223-03:00
UFPR04,20,livre,0.907803475856781,0.45879668123318024,2026-09-29T17:50:14.223-03:00
UFPR04,21,livre,0.9198424220085144,0.4515340072512513,2026-09-29T17:50:14.223-03:00
UFPR04,22,livre,0.927531898021698,0.5912766448752252,2026-09-29T17:50:14.223-03:00
UFPR04,23,livre,0.920178234577179,0.5645131990658603,2026-09-29T17:50:14.223-03:00
UFPR04,24,livre,0.9390008449554443,0.516291705126703,2026-09-29T17:50:14.223-03:00
UFPR04,25,livre,0.917361319065094,0.5244734767543027,2026-09-29T17:50:14.223-03:00
UFPR04,26,livre,0.9100503921508789,0.4814633554927496,2026-09-29T17:50:14.223-03:00
UFPR04,27,livre,0.9097797870635986,0.4674101331133416,2026-09-29T17:50:14.223-03:00
UFPR04,28,livre,0.908680260181427,0.48519628571079176,2026-09-29T17:50:14.223-03:00
UFPR04,3,livre,0.9297072291374207,0.4293185558994617,2026-09-29T17:50:14.223-03:00
UFPR04,4,livre,0.9278379678726196,0.4385619662617173,2026-09-29T17:50:14.223-03:00
UFPR04,5,livre,0.9393615126609802,0.43015741854837586,2026-09-29T17:50:14.223-03:00
UFPR04,6,livre,0.9186528921127319,0.45564437880253655,2026-09-29T17:50:14.223-03:00
UFPR04,7,livre,0.9156732559204102,0.4319745488742415,2026-09-29T17:50:14.223-03:00
UFPR04,8,livre,0.9124600887298584,0.4315180209711076,2026-09-29T17:50:14.223-03:00
UFPR04,9,livre,0.8463928699493408,0.4880794290388215,2026-09-29T17:50:14.223-03:00
UFPR04,1,livre,0.9613520503044128,0.46489957061130455,2026-09-29T17:50:14.285-03:00
UFPR04,10,ocupada,0.9185259342193604,0.5416227298004226,2026-09-29T17:50:14.285-03:00
UFPR04,11,livre,0.9024049043655396,0.5003530324839367,2026-09-29T17:50:14.285-03:00
UFPR04,12,livre,0.8997097015380859,0.566503725377954,2026-09-29T17:50:14.285-03:00
UFPR04,13,livre,0.873941957950592,0.6315499309202205,2026-09-29T17:50:14.285-03:00
UFPR04,14,livre,0.8229804635047913,0.4318606693033935,2026-09-29T17:50:14.285-03:00
UFPR04,15,livre,0.8243697285652161,0.49274288841015557,2026-09-29T17:50:14.285-03:00
UFPR04,16,livre,0.9454995393753052,0.5047849777623885,2026-09-29T17:50:14.285-03:00
UFPR04,17,livre,0.9514437317848206,0.49400854383256343,2026-09-29T17:50:14.285-03:00
UFPR04,18,livre,0.9311372637748718,0.4661639777677097,2026-09-29T17:50:14.285-03:00
UFPR04,19,livre,0.9239137172698975,0.4493090503466486,2026-09-29T17:50:14.285-03:00
UFPR04,2,livre,0.9346132278442383,0.44464598085168056,2026-09-29T17:50:14.285-03:00
UFPR04,20,livre,0.9241024255752563,0.46225535904911225,2026-09-29T17:50:14.285-03:00
UFPR04,21,livre,0.8890883326530457,0.4599400863555744,2026-09-29T17:50:14.285-03:00
UFPR04,22,livre,0.9351986050605774,0.6013259039743354,2026-09-29T17:50:14.285-03:00
UFPR04,23,livre,0.9255278706550598,0.6226817959351038,2026-09-29T17:50:14.285-03:00
UFPR04,24,livre,0.9420411586761475,0.5673579156123848,2026-09-29T17:50:14.285-03:00
UFPR04,25,livre,0.9293579459190369,0.5391292387568577,2026-09-29T17:50:14.285-03:00
UFPR04,26,livre,0.9278674125671387,0.49708682647289176,2026-09-29T17:50:14.285-03:00
UFPR04,27,livre,0.9104635715484619,0.45113799146283257,2026-09-29T17:50:14.285-03:00
UFPR04,28,livre,0.9268361926078796,0.5101516211309775,2026-09-29T17:50:14.285-03:00
UFPR04,3,livre,0.9283517599105835,0.43292811236810286,2026-09-29T17:50:14.285-03:00
UFPR04,4,livre,0.9322436451911926,0.439422159947666,2026-09-29T17:50:14.285-03:00
UFPR04,5,livre,0.9333363771438599,0.4265745258162833,2026-09-29T17:50:14.285-03:00
UFPR04,6,livre,0.9130498170852661,0.4631011279907158,2026-09-29T17:50:14.285-03:00
UFPR04,7,livre,0.8943902850151062,0.41712663834192426,2026-09-29T17:50:14.285-03:00
UFPR04,8,livre,0.8658119440078735,0.42377269345911067,2026-09-29T17:50:14.285-03:00
UFPR04,9,livre,0.8334779739379883,0.44863050134889837,2026-09-29T17:50:14.285-03:00
UFPR04,1,livre,0.9604542255401611,0.4590447163668935,2026-09-29T17:50:14.347-03:00
UFPR04,10,ocupada,0.9168949723243713,0.538852736239482,2026-09-29T17:50:14.347-03:00
UFPR04,11,livre,0.9052873253822327,0.4856269118729932,2026-09-29T17:50:14.347-03:00
UFPR04,12,livre,0.9225689172744751,0.5580979498214403,2026-09-29T17:50:14.347-03:00
UFPR04,13,livre,0.8958766460418701,0.5886804827316324,2026-09-29T17:50:14.347-03:00
UFPR04,14,livre,0.8879597187042236,0.5252846548694976,2026-09-29T17:50:14.347-03:00
UFPR04,15,livre,0.7973032593727112,0.549876788420981,2026-09-29T17:50:14.347-03:00
UFPR04,16,livre,0.9393239617347717,0.5048296637700181,2026-09-29T17:50:14.347-03:00
UFPR04,17,livre,0.9531226754188538,0.5011954474026851,2026-09-29T17:50:14.347-03:00
UFPR04,18,livre,0.9473181366920471,0.4511032443208744,2026-09-29T17:50:14.347-03:00
UFPR04,19,livre,0.9234381318092346,0.4626152987698765,2026-09-29T17:50:14.347-03:00
UFPR04,2,livre,0.9319607019424438,0.44190620693849797,2026-09-29T17:50:14.347-03:00
UFPR04,20,livre,0.9199120402336121,0.45006569529265333,2026-09-29T17:50:14.347-03:00
UFPR04,21,livre,0.9261929988861084,0.44696461956760947,2026-09-29T17:50:14.347-03:00
UFPR04,22,livre,0.9310106635093689,0.6230610433862646,2026-09-29T17:50:14.347-03:00
UFPR04,23,livre,0.9214498996734619,0.5981642637010501,2026-09-29T17:50:14.347-03:00
UFPR04,24,livre,0.938279390335083,0.5309040004856797,2026-09-29T17:50:14.347-03:00
UFPR04,25,livre,0.9244558811187744,0.5246247120798957,2026-09-29T17:50:14.347-03:00
UFPR04,26,livre,0.9262465238571167,0.49129790750017716,2026-09-29T17:50:14.347-03:00
UFPR04,27,livre,0.9145208597183228,0.4301890223884833,2026-09-29T17:50:14.347-03:00
UFPR04,28,livre,0.9287161231040955,0.5398482278376142,2026-09-29T17:50:14.347-03:00
UFPR04,3,livre,0.9252028465270996,0.43141885965902016,2026-09-29T17:50:14.347-03:00
UFPR04,4,livre,0.9261091947555542,0.4389032728084741,2026-09-29T17:50:14.347-03:00
UFPR04,5,livre,0.9376804232597351,0.42618266466736054,2026-09-29T17:50:14.347-03:00
UFPR04,6,livre,0.918980062007904,0.46317356014078437,2026-09-29T17:50:14.347-03:00
UFPR04,7,livre,0.915174126625061,0.4238176357950198,2026-09-29T17:50:14.347-03:00
UFPR04,8,livre,0.884928286075592,0.43340009540092905,2026-09-29T17:50:14.347-03:00
UFPR04,9,livre,0.8440244793891907,0.4604772077753267,2026-09-29T17:50:14.347-03:00
UFPR04,1,livre,0.9592573046684265,0.45631295945009664,2026-09-29T17:50:14.406-03:00
UFPR04,10,ocupada,0.9307548999786377,0.5292630755599328,2026-09-29T17:50:14.406-03:00
UFPR04,11,livre,0.9046003818511963,0.488025572876155,2026-09-29T17:50:14.406-03:00
UFPR04,12,livre,0.9326194524765015,0.5513166120487453,2026-09-29T17:50:14.406-03:00
UFPR04,13,livre,0.8937328457832336,0.5984898708250461,2026-09-29T17:50:14.406-03:00
UFPR04,14,livre,0.9277471303939819,0.5402964942052222,2026-09-29T17:50:14.406-03:00
UFPR04,15,livre,0.814141571521759,0.5348543906281868,2026-09-29T17:50:14.406-03:00
UFPR04,16,livre,0.932620108127594,0.4948015533048202,2026-09-29T17:50:14.406-03:00
UFPR04,17,livre,0.950713574886322,0.5084646231992518,2026-09-29T17:50:14.406-03:00
UFPR04,18,livre,0.9536381363868713,0.4587595824355294,2026-09-29T17:50:14.406-03:00
UFPR04,19,livre,0.9166517853736877,0.45925816751238624,2026-09-29T17:50:14.406-03:00
UFPR04,2,livre,0.9387046098709106,0.4611663016680751,2026-09-29T17:50:14.406-03:00
UFPR04,20,livre,0.9136796593666077,0.4525998383139345,2026-09-29T17:50:14.406-03:00
UFPR04,21,livre,0.9255304336547852,0.4384777270700928,2026-09-29T17:50:14.406-03:00
UFPR04,22,livre,0.9394095540046692,0.5951256112415119,2026-09-29T17:50:14.406-03:00
UFPR04,23,livre,0.923497200012207,0.5823756626785704,2026-09-29T17:50:14.406-03:00
UFPR04,24,livre,0.9433000683784485,0.5221053977857358,2026-09-29T17:50:14.406-03:00
UFPR04,25,livre,0.9254518151283264,0.5334598077012696,2026-09-29T17:50:14.406-03:00
UFPR04,26,livre,0.9219132661819458,0.49293163472047447,2026-09-29T17:50:14.406-03:00
UFPR04,27,livre,0.9128854274749756,0.45376377739251167,2026-09-29T17:50:14.406-03:00
UFPR04,28,livre,0.9356060028076172,0.5301098359112729,2026-09-29T17:50:14.406-03:00
UFPR04,3,livre,0.926773726940155,0.4236461040411,2026-09-29T17:50:14.406-03:00
UFPR04,4,livre,0.9229129552841187,0.42952409498347804,2026-09-29T17:50:14.406-03:00
UFPR04,5,livre,0.9376350045204163,0.4240841148431244,2026-09-29T17:50:14.406-03:00
UFPR04,6,livre,0.9202134609222412,0.4521807809039444,2026-09-29T17:50:14.406-03:00
UFPR04,7,livre,0.9133071899414062,0.4188563196144331,2026-09-29T17:50:14.406-03:00
UFPR04,8,livre,0.9059621691703796,0.42719707364823256,2026-09-29T17:50:14.406-03:00
UFPR04,9,livre,0.8435161709785461,0.4698223308382607,2026-09-29T17:50:14.406-03:00
UFPR04,1,livre,0.9590434432029724,0.4596166508485812,2026-09-29T17:50:14.467-03:00
UFPR04,10,ocupada,0.9313359260559082,0.5459585620919624,2026-09-29T17:50:14.467-03:00
UFPR04,11,livre,0.9195369482040405,0.503720443044257,2026-09-29T17:50:14.467-03:00
UFPR04,12,livre,0.9347653985023499,0.5377363499087905,2026-09-29T17:50:14.467-03:00
UFPR04,13,livre,0.8969160318374634,0.6020555427889769,2026-09-29T17:50:14.467-03:00
UFPR04,14,livre,0.9230126738548279,0.5490080239433028,2026-09-29T17:50:14.467-03:00
UFPR04,15,livre,0.8580124378204346,0.5665781257399692,2026-09-29T17:50:14.467-03:00
UFPR04,16,livre,0.9346126317977905,0.4978016569934905,2026-09-29T17:50:14.467-03:00
UFPR04,17,livre,0.9487534761428833,0.512021555345101,2026-09-29T17:50:14.467-03:00
UFPR04,18,livre,0.954914391040802,0.46255261559178795,2026-09-29T17:50:14.467-03:00
UFPR04,19,livre,0.9190754890441895,0.4763269856598761,2026-09-29T17:50:14.467-03:00
UFPR04,2,livre,0.9361788630485535,0.44792280136786866,2026-09-29T17:50:14.467-03:00
UFPR04,20,livre,0.9141205549240112,0.4451295986498322,2026-09-29T17:50:14.467-03:00
UFPR04,21,livre,0.9096126556396484,0.4504617220178005,2026-09-29T17:50:14.467-03:00
UFPR04,22,livre,0.9290792346000671,0.5981508479310685,2026-09-29T17:50:14.467-03:00
UFPR04,23,livre,0.9196822047233582,0.5796038797530555,2026-09-29T17:50:14.467-03:00
UFPR04,24,livre,0.9393279552459717,0.517446269932284,2026-09-29T17:50:14.467-03:00
UFPR04,25,livre,0.9265077114105225,0.5241963597799503,2026-09-29T17:50:14.467-03:00
UFPR04,26,livre,0.9212369918823242,0.5000106125916137,2026-09-29T17:50:14.467-03:00
UFPR04,27,livre,0.9152940511703491,0.4634015541803724,2026-09-29T17:50:14.467-03:00
UFPR04,28,livre,0.9130058288574219,0.4969086993895187,2026-09-29T17:50:14.467-03:00
UFPR04,3,livre,0.9301601052284241,0.4237104836159686,2026-09-29T17:50:14.467-03:00
UFPR04,4,livre,0.9275538921356201,0.42761881725147266,2026-09-29T17:50:14.467-03:00
UFPR04,5,livre,0.9407249689102173,0.428223095778882,2026-09-29T17:50:14.467-03:00
UFPR04,6,livre,0.9264019131660461,0.4544572268082412,2026-09-29T17:50:14.467-03:00
UFPR04,7,livre,0.9200937747955322,0.4231965138027427,2026-09-29T17:50:14.467-03:00
UFPR04,8,livre,0.9161805510520935,0.45137658597222635,2026-09-29T17:50:14.467-03:00
UFPR04,9,livre,0.8676532506942749,0.5001320799753649,2026-09-29T17:50:14.467-03:00
UFPR04,1,livre,0.9622913002967834,0.46055332240651753,2026-09-29T17:50:14.528-03:00
UFPR04,10,ocupada,0.9498687386512756,0.5428814860372092,2026-09-29T17:50:14.528-03:00
UFPR04,11,livre,0.9099658131599426,0.5017989396561792,2026-09-29T17:50:14.528-03:00
UFPR04,12,livre,0.9330589771270752,0.5306900298040863,2026-09-29T17:50:14.528-03:00
UFPR04,13,livre,0.9016672372817993,0.6140614066310924,2026-09-29T17:50:14.528-03:00
UFPR04,14,livre,0.9153053760528564,0.5532148252094132,2026-09-29T17:50:14.528-03:00
UFPR04,15,livre,0.8599438071250916,0.5827585716981253,2026-09-29T17:50:14.528-03:00
UFPR04,16,livre,0.9396619200706482,0.4895889303520175,2026-09-29T17:50:14.528-03:00
UFPR04,17,livre,0.9490973353385925,0.49678746444252125,2026-09-29T17:50:14.528-03:00
UFPR04,18,livre,0.951254665851593,0.4653559447777089,2026-09-29T17:50:14.528-03:00
UFPR04,19,livre,0.9160001873970032,0.4630101027579889,2026-09-29T17:50:14.528-03:00
UFPR04,2,livre,0.9369038343429565,0.45749412117807037,2026-09-29T17:50:14.528-03:00
UFPR04,20,livre,0.9071455597877502,0.44455787780011924,2026-09-29T17:50:14.528-03:00
UFPR04,21,livre,0.9274858832359314,0.44012230147356685,2026-09-29T17:50:14.528-03:00
UFPR04,22,livre,0.9239705204963684,0.5924405593074835,2026-09-29T17:50:14.528-03:00
UFPR04,23,livre,0.9191325306892395,0.5727084394398092,2026-09-29T17:50:14.528-03:00
UFPR04,24,livre,0.9350494146347046,0.5118415606790644,2026-09-29T17:50:14.528-03:00
UFPR04,25,livre,0.9240058064460754,0.5023944146955684,2026-09-29T17:50:14.528-03:00
UFPR04,26,livre,0.9085447192192078,0.48820839181789893,2026-09-29T17:50:14.528-03:00
UFPR04,27,livre,0.9059034585952759,0.4732917561602285,2026-09-29T17:50:14.528-03:00
UFPR04,28,livre,0.9149363040924072,0.49133752413479387,2026-09-29T17:50:14.528-03:00
UFPR04,3,livre,0.9360424280166626,0.4328680319281491,2026-09-29T17:50:14.528-03:00
UFPR04,4,livre,0.9223511219024658,0.43524620690707666,2026-09-29T17:50:14.528-03:00
UFPR04,5,livre,0.9429221749305725,0.42910170627071936,2026-09-29T17:50:14.528-03:00
UFPR04,6,livre,0.9256626963615417,0.442291591930499,2026-09-29T17:50:14.528-03:00
UFPR04,7,livre,0.918333888053894,0.41898965747707606,2026-09-29T17:50:14.528-03:00
UFPR04,8,livre,0.9156587719917297,0.43845794111490444,2026-09-29T17:50:14.528-03:00
UFPR04,9,livre,0.8550474643707275,0.5012137345706147,2026-09-29T17:50:14.528-03:00
UFPR04,1,livre,0.9587587714195251,0.4643982802390482,2026-09-29T17:50:14.588-03:00
UFPR04,10,ocupada,0.953292191028595,0.5508698765076018,2026-09-29T17:50:14.588-03:00
UFPR04,11,livre,0.9074484705924988,0.5112017989701366,2026-09-29T17:50:14.588-03:00
UFPR04,12,livre,0.9227731823921204,0.54382612310246,2026-09-29T17:50:14.588-03:00
UFPR04,13,livre,0.8955442905426025,0.6174635424519195,2026-09-29T17:50:14.588-03:00
UFPR04,14,livre,0.9109255075454712,0.5580728286841851,2026-09-29T17:50:14.588-03:00
UFPR04,15,livre,0.856081485748291,0.59744833977286,2026-09-29T17:50:14.588-03:00
UFPR04,16,livre,0.9433445334434509,0.5110205720408798,2026-09-29T17:50:14.588-03:00
UFPR04,17,livre,0.9463199973106384,0.5072554619754964,2026-09-29T17:50:14.588-03:00
UFPR04,18,livre,0.9511211514472961,0.4534629316794428,2026-09-29T17:50:14.588-03:00
UFPR04,19,livre,0.9296920895576477,0.4681818052198465,2026-09-29T17:50:14.588-03:00
UFPR04,2,livre,0.9331827163696289,0.4646035284747923,2026-09-29T17:50:14.588-03:00
UFPR04,20,livre,0.9217662811279297,0.4528045056614138,2026-09-29T17:50:14.588-03:00
UFPR04,21,livre,0.9144192934036255,0.4426644935635617,2026-09-29T17:50:14.588-03:00
UFPR04,22,livre,0.9441162347793579,0.6183458325679647,2026-09-29T17:50:14.588-03:00
UFPR04,23,livre,0.9386923313140869,0.6666084898958948,2026-09-29T17:50:14.588-03:00
UFPR04,24,livre,0.9421588182449341,0.5674068468863576,2026-09-29T17:50:14.588-03:00
UFPR04,25,livre,0.9345918893814087,0.5159032694095954,2026-09-29T17:50:14.588-03:00
UFPR04,26,livre,0.929378867149353,0.5018712980712097,2026-09-29T17:50:14.588-03:00
UFPR04,27,livre,0.913243293762207,0.447547914859779,2026-09-29T17:50:14.588-03:00
UFPR04,28,livre,0.9157026410102844,0.4989845910949808,2026-09-29T17:50:14.588-03:00
UFPR04,3,livre,0.9306133985519409,0.4300594936777951,2026-09-29T17:50:14.588-03:00
UFPR04,4,livre,0.926061749458313,0.43916221526291543,2026-09-29T17:50:14.588-03:00
UFPR04,5,livre,0.932219386100769,0.4281748488427697,2026-09-29T17:50:14.588-03:00
UFPR04,6,livre,0.9194579124450684,0.45705107184399546,2026-09-29T17:50:14.588-03:00
UFPR04,7,livre,0.9219202995300293,0.42004813614150954,2026-09-29T17:50:14.588-03:00
UFPR04,8,livre,0.9070936441421509,0.43178078820775545,2026-09-29T17:50:14.588-03:00
UFPR04,9,livre,0.8817934989929199,0.46296932403807833,2026-09-29T17:50:14.588-03:00
UFPR04,1,livre,0.9532124400138855,0.46358189923656185,2026-09-29T17:50:14.648-03:00
UFPR04,10,ocupada,0.9392837882041931,0.5534889051435871,2026-09-29T17:50:14.648-03:00
UFPR04,11,livre,0.9018009901046753,0.5277456093557468,2026-09-29T17:50:14.648-03:00
UFPR04,12,livre,0.9196842312812805,0.5586908241923567,2026-09-29T17:50:14.648-03:00
UFPR04,13,livre,0.8971894979476929,0.6108180583768299,2026-09-29T17:50:14.648-03:00
UFPR04,14,livre,0.9202118515968323,0.5470767755603579,2026-09-29T17:50:14.648-03:00
UFPR04,15,livre,0.8484197854995728,0.6235100223516049,2026-09-29T17:50:14.648-03:00
UFPR04,16,livre,0.9360334277153015,0.5052538650656463,2026-09-29T17:50:14.648-03:00
UFPR04,17,livre,0.9454140663146973,0.5079606772756535,2026-09-29T17:50:14.648-03:00
UFPR04,18,livre,0.9527157545089722,0.4590202319885752,2026-09-29T17:50:14.648-03:00
UFPR04,19,livre,0.9255900979042053,0.46862712514783833,2026-09-29T17:50:14.648-03:00
UFPR04,2,livre,0.9436904788017273,0.47787425574403214,2026-09-29T17:50:14.648-03:00
UFPR04,20,livre,0.9156028032302856,0.4555465750716994,2026-09-29T17:50:14.648-03:00
UFPR04,21,livre,0.9273844957351685,0.4552074283919704,2026-09-29T17:50:14.648-03:00
UFPR04,22,livre,0.9366752505302429,0.6046871188669948,2026-09-29T17:50:14.648-03:00
UFPR04,23,livre,0.9300609230995178,0.5977009947471286,2026-09-29T17:50:14.648-03:00
UFPR04,24,livre,0.9389072060585022,0.5336083714065015,2026-09-29T17:50:14.648-03:00
UFPR04,25,livre,0.9308992028236389,0.5226664413735886,2026-09-29T17:50:14.648-03:00
UFPR04,26,livre,0.9301199913024902,0.5073681424397425,2026-09-29T17:50:14.648-03:00
UFPR04,27,livre,0.9222551584243774,0.45919406268525176,2026-09-29T17:50:14.648-03:00
UFPR04,28,livre,0.9229039549827576,0.49431993034343885,2026-09-29T17:50:14.648-03:00
UFPR04,3,livre,0.9182901382446289,0.4408415860721828,2026-09-29T17:50:14.648-03:00
UFPR04,4,livre,0.9258266687393188,0.4340787216951585,2026-09-29T17:50:14.648-03:00
UFPR04,5,livre,0.9307507276535034,0.42821413448870066,2026-09-29T17:50:14.648-03:00
UFPR04,6,livre,0.9124072790145874,0.4691997767479035,2026-09-29T17:50:14.648-03:00
UFPR04,7,livre,0.9200467467308044,0.42293297753839976,2026-09-29T17:50:14.648-03:00
UFPR04,8,livre,0.9179637432098389,0.4375799778019038,2026-09-29T17:50:14.648-03:00
UFPR04,9,livre,0.8789529204368591,0.4833617953166208,2026-09-29T17:50:14.648-03:00
